/* Script Generated by Python Faker (Full 27 Tables) */
BEGIN;
CREATE EXTENSION IF NOT EXISTS pgcrypto;
TRUNCATE TABLE 
        USERS, ARTISTS, GENRES, COLLECTIONS, SONGS, PLAYLISTS, 
        RELEASES, COLLECTIONS_SONGS, CREATE_SONGS, SONGS_GENRES, 
        FOLLOW_ARTISTS, FOLLOW_USERS, LISTENS, LIKE_SONGS, REVIEWS, 
        RATE_SONGS, TOURS, ARTISTS_TOURS, SOCIALS, COLLECTION_LIBRARY, 
        PL_LIBRARY, BLOCK_USERS, BLOCKLIST_ARTISTS, LIKE_REVIEWS, 
        ADD_SONGS_PLAYLISTS, COLLECTION_TOP_3_GENRES, ARTIST_PROMOTION 
        RESTART IDENTITY CASCADE;
INSERT INTO USERS (USER_ID, USERNAME, USER_EMAIL, PW_HASH, USER_PFP, REGION, COUNTRY) VALUES (1, 'prakasamalik', 'prakasamalik_1@example.com', crypt('r2HMXafQ!9a5', gen_salt('bf')), 'https://ui-avatars.com/api/?name=prakasamalik&background=random', 'Kalimantan Timur', 'Indonesia');
INSERT INTO USERS (USER_ID, USERNAME, USER_EMAIL, PW_HASH, USER_PFP, REGION, COUNTRY) VALUES (2, 'jagajanuar', 'jagajanuar_2@example.com', crypt('!2_6_mNh!428', gen_salt('bf')), 'https://ui-avatars.com/api/?name=jagajanuar&background=random', 'Jawa Timur', 'Indonesia');
INSERT INTO USERS (USER_ID, USERNAME, USER_EMAIL, PW_HASH, USER_PFP, REGION, COUNTRY) VALUES (3, 'afirgantoro', 'afirgantoro_3@example.com', crypt('*T^S5ujPA2(f', gen_salt('bf')), 'https://ui-avatars.com/api/?name=afirgantoro&background=random', 'Sulawesi Tengah', 'Indonesia');
INSERT INTO USERS (USER_ID, USERNAME, USER_EMAIL, PW_HASH, USER_PFP, REGION, COUNTRY) VALUES (4, 'olivamaulana', 'olivamaulana_4@example.com', crypt('kx9@eJjZp(K@', gen_salt('bf')), 'https://ui-avatars.com/api/?name=olivamaulana&background=random', 'Lampung', 'Indonesia');
INSERT INTO USERS (USER_ID, USERNAME, USER_EMAIL, PW_HASH, USER_PFP, REGION, COUNTRY) VALUES (5, 'ranggraini', 'ranggraini_5@example.com', crypt('c4XnOvMz$Vqk', gen_salt('bf')), 'https://ui-avatars.com/api/?name=ranggraini&background=random', 'Kepulauan Bangka Belitung', 'Indonesia');
INSERT INTO USERS (USER_ID, USERNAME, USER_EMAIL, PW_HASH, USER_PFP, REGION, COUNTRY) VALUES (6, 'shardiansyah', 'shardiansyah_6@example.com', crypt('GOQARUvm*1@L', gen_salt('bf')), 'https://ui-avatars.com/api/?name=shardiansyah&background=random', 'Kalimantan Barat', 'Indonesia');
INSERT INTO USERS (USER_ID, USERNAME, USER_EMAIL, PW_HASH, USER_PFP, REGION, COUNTRY) VALUES (7, 'purnawatikasiyah', 'purnawatikasiyah_7@example.com', crypt('(IiVGrm1Jn15', gen_salt('bf')), 'https://ui-avatars.com/api/?name=purnawatikasiyah&background=random', 'Sulawesi Barat', 'Indonesia');
INSERT INTO USERS (USER_ID, USERNAME, USER_EMAIL, PW_HASH, USER_PFP, REGION, COUNTRY) VALUES (8, 'daryani54', 'daryani54_8@example.com', crypt('v$5^8Bmp9118', gen_salt('bf')), 'https://ui-avatars.com/api/?name=daryani54&background=random', 'Jawa Barat', 'Indonesia');
INSERT INTO USERS (USER_ID, USERNAME, USER_EMAIL, PW_HASH, USER_PFP, REGION, COUNTRY) VALUES (9, 'liman58', 'liman58_9@example.com', crypt('bhTR(I)P7%8m', gen_salt('bf')), 'https://ui-avatars.com/api/?name=liman58&background=random', 'Papua Barat', 'Indonesia');
INSERT INTO USERS (USER_ID, USERNAME, USER_EMAIL, PW_HASH, USER_PFP, REGION, COUNTRY) VALUES (10, 'najmudingilda', 'najmudingilda_10@example.com', crypt('^Y8Pav*^O_qR', gen_salt('bf')), 'https://ui-avatars.com/api/?name=najmudingilda&background=random', 'Sulawesi Selatan', 'Indonesia');
INSERT INTO USERS (USER_ID, USERNAME, USER_EMAIL, PW_HASH, USER_PFP, REGION, COUNTRY) VALUES (11, 'vicky76', 'vicky76_11@example.com', crypt('K+7k+p47GiE!', gen_salt('bf')), 'https://ui-avatars.com/api/?name=vicky76&background=random', 'Nusa Tenggara Barat', 'Indonesia');
INSERT INTO USERS (USER_ID, USERNAME, USER_EMAIL, PW_HASH, USER_PFP, REGION, COUNTRY) VALUES (12, 'rnamaga', 'rnamaga_12@example.com', crypt('Pwp%nslQ)3Py', gen_salt('bf')), 'https://ui-avatars.com/api/?name=rnamaga&background=random', 'Sulawesi Tenggara', 'Indonesia');
INSERT INTO USERS (USER_ID, USERNAME, USER_EMAIL, PW_HASH, USER_PFP, REGION, COUNTRY) VALUES (13, 'atmaja89', 'atmaja89_13@example.com', crypt('dFPX6GvH^&%8', gen_salt('bf')), 'https://ui-avatars.com/api/?name=atmaja89&background=random', 'Kalimantan Timur', 'Indonesia');
INSERT INTO USERS (USER_ID, USERNAME, USER_EMAIL, PW_HASH, USER_PFP, REGION, COUNTRY) VALUES (14, 'anggrainiasirwanda', 'anggrainiasirwanda_14@example.com', crypt('2OfHb#nc#YGS', gen_salt('bf')), 'https://ui-avatars.com/api/?name=anggrainiasirwanda&background=random', 'Nusa Tenggara Timur', 'Indonesia');
INSERT INTO USERS (USER_ID, USERNAME, USER_EMAIL, PW_HASH, USER_PFP, REGION, COUNTRY) VALUES (15, 'bakimanwahyudin', 'bakimanwahyudin_15@example.com', crypt('IwT_Sry&$#j7', gen_salt('bf')), 'https://ui-avatars.com/api/?name=bakimanwahyudin&background=random', 'Bengkulu', 'Indonesia');
INSERT INTO USERS (USER_ID, USERNAME, USER_EMAIL, PW_HASH, USER_PFP, REGION, COUNTRY) VALUES (16, 'zelda80', 'zelda80_16@example.com', crypt('+ur3pPgNohIJ', gen_salt('bf')), 'https://ui-avatars.com/api/?name=zelda80&background=random', 'Kepulauan Bangka Belitung', 'Indonesia');
INSERT INTO USERS (USER_ID, USERNAME, USER_EMAIL, PW_HASH, USER_PFP, REGION, COUNTRY) VALUES (17, 'paramita02', 'paramita02_17@example.com', crypt('oLZ&lAqyA(6L', gen_salt('bf')), 'https://ui-avatars.com/api/?name=paramita02&background=random', 'Lampung', 'Indonesia');
INSERT INTO USERS (USER_ID, USERNAME, USER_EMAIL, PW_HASH, USER_PFP, REGION, COUNTRY) VALUES (18, 'vegamaulana', 'vegamaulana_18@example.com', crypt('zgXL@e+VC32@', gen_salt('bf')), 'https://ui-avatars.com/api/?name=vegamaulana&background=random', 'Maluku', 'Indonesia');
INSERT INTO USERS (USER_ID, USERNAME, USER_EMAIL, PW_HASH, USER_PFP, REGION, COUNTRY) VALUES (19, 'wahyudindarimin', 'wahyudindarimin_19@example.com', crypt('$t4SD_4xP0jl', gen_salt('bf')), 'https://ui-avatars.com/api/?name=wahyudindarimin&background=random', 'Aceh', 'Indonesia');
INSERT INTO USERS (USER_ID, USERNAME, USER_EMAIL, PW_HASH, USER_PFP, REGION, COUNTRY) VALUES (20, 'zulaikamariadi', 'zulaikamariadi_20@example.com', crypt('7iOTK(cq^!Y(', gen_salt('bf')), 'https://ui-avatars.com/api/?name=zulaikamariadi&background=random', 'Kalimantan Barat', 'Indonesia');
INSERT INTO USERS (USER_ID, USERNAME, USER_EMAIL, PW_HASH, USER_PFP, REGION, COUNTRY) VALUES (21, 'icha83', 'icha83_21@example.com', crypt('#CPI5^c26c%w', gen_salt('bf')), 'https://ui-avatars.com/api/?name=icha83&background=random', 'Kalimantan Timur', 'Indonesia');
INSERT INTO USERS (USER_ID, USERNAME, USER_EMAIL, PW_HASH, USER_PFP, REGION, COUNTRY) VALUES (22, 'nwastuti', 'nwastuti_22@example.com', crypt('+D4B0_!e^5Ls', gen_salt('bf')), 'https://ui-avatars.com/api/?name=nwastuti&background=random', 'Lampung', 'Indonesia');
INSERT INTO USERS (USER_ID, USERNAME, USER_EMAIL, PW_HASH, USER_PFP, REGION, COUNTRY) VALUES (23, 'luis82', 'luis82_23@example.com', crypt('JNI^QOak+2$N', gen_salt('bf')), 'https://ui-avatars.com/api/?name=luis82&background=random', 'Jambi', 'Indonesia');
INSERT INTO USERS (USER_ID, USERNAME, USER_EMAIL, PW_HASH, USER_PFP, REGION, COUNTRY) VALUES (24, 'alatupono', 'alatupono_24@example.com', crypt('1+7$qvMDSMZW', gen_salt('bf')), 'https://ui-avatars.com/api/?name=alatupono&background=random', 'Sulawesi Barat', 'Indonesia');
INSERT INTO USERS (USER_ID, USERNAME, USER_EMAIL, PW_HASH, USER_PFP, REGION, COUNTRY) VALUES (25, 'nalarsimanjuntak', 'nalarsimanjuntak_25@example.com', crypt('U9NVFlyO@8FJ', gen_salt('bf')), 'https://ui-avatars.com/api/?name=nalarsimanjuntak&background=random', 'Riau', 'Indonesia');
INSERT INTO ARTISTS (ARTIST_ID, ARTIST_NAME, ARTIST_PFP, MONTHLY_LISTENER_COUNT, ARTIST_EMAIL) VALUES (1, 'Kenshi Yonezu', 'https://i.scdn.co/image/ab6761610000e5eb551104d6bfdfc4de65b057a2', 7560737, 'contact.1@label.com') ON CONFLICT DO NOTHING;
INSERT INTO GENRES (GENRE_ID, GENRE_NAME) VALUES (1, 'j-pop') ON CONFLICT DO NOTHING;
INSERT INTO GENRES (GENRE_ID, GENRE_NAME) VALUES (2, 'anime') ON CONFLICT DO NOTHING;
INSERT INTO GENRES (GENRE_ID, GENRE_NAME) VALUES (3, 'j-rock') ON CONFLICT DO NOTHING;
INSERT INTO COLLECTIONS (COLLECTION_ID, COLLECTION_TITLE, COLLECTION_TYPE, COLLECTION_RELEASE_DATE, COLLECTION_COVER, ISPRERELEASE) VALUES (1, 'IRIS OUT', 'Single', '2025-09-15', 'https://i.scdn.co/image/ab67616d0000b2736d1d4e875e2424cdd07f3232', FALSE) ON CONFLICT DO NOTHING;
INSERT INTO RELEASES (ARTIST_ID, COLLECTION_ID) VALUES (1, 1) ON CONFLICT DO NOTHING;
INSERT INTO SONGS (SONG_ID, SONG_TITLE, SONG_DURATION, SONG_FILE, POPULARITY, VALENCE, ACCOUSTICNESS, DANCEABILITY, ENERGY, SONG_RELEASE_DATE) 
                  VALUES (1, 'IRIS OUT', 151, '/stream/audio_default.mp3', 89, 0.292, 0.494, 0.199, 0.945, '2025-09-15') ON CONFLICT DO NOTHING;
INSERT INTO SONGS_GENRES (SONG_ID, GENRE_ID) VALUES (1, 1) ON CONFLICT DO NOTHING;
INSERT INTO SONGS_GENRES (SONG_ID, GENRE_ID) VALUES (1, 3) ON CONFLICT DO NOTHING;
INSERT INTO COLLECTIONS_SONGS (COLLECTION_ID, SONG_ID, NOMOR_DISC, NOMOR_TRACK) VALUES (1, 1, 1, 1) ON CONFLICT DO NOTHING;
INSERT INTO CREATE_SONGS (ARTIST_ID, SONG_ID) VALUES (1, 1) ON CONFLICT DO NOTHING;
INSERT INTO ARTISTS (ARTIST_ID, ARTIST_NAME, ARTIST_PFP, MONTHLY_LISTENER_COUNT, ARTIST_EMAIL) VALUES (2, 'Ariana Grande', 'https://i.scdn.co/image/ab6761610000e5eb6725802588d7dc1aba076ca5', 107890555, 'contact.2@label.com') ON CONFLICT DO NOTHING;
INSERT INTO GENRES (GENRE_ID, GENRE_NAME) VALUES (4, 'pop') ON CONFLICT DO NOTHING;
INSERT INTO COLLECTIONS (COLLECTION_ID, COLLECTION_TITLE, COLLECTION_TYPE, COLLECTION_RELEASE_DATE, COLLECTION_COVER, ISPRERELEASE) VALUES (2, 'eternal sunshine deluxe: brighter days ahead', 'Album', '2025-03-28', 'https://i.scdn.co/image/ab67616d0000b2735ab3c842fde848df7a4ee6d9', FALSE) ON CONFLICT DO NOTHING;
INSERT INTO RELEASES (ARTIST_ID, COLLECTION_ID) VALUES (2, 2) ON CONFLICT DO NOTHING;
INSERT INTO SONGS (SONG_ID, SONG_TITLE, SONG_DURATION, SONG_FILE, POPULARITY, VALENCE, ACCOUSTICNESS, DANCEABILITY, ENERGY, SONG_RELEASE_DATE) 
                  VALUES (2, 'intro (end of the world) - extended', 161, '/stream/audio_default.mp3', 70, 0.849, 0.073, 0.668, 0.254, '2025-03-28') ON CONFLICT DO NOTHING;
INSERT INTO SONGS_GENRES (SONG_ID, GENRE_ID) VALUES (2, 4) ON CONFLICT DO NOTHING;
INSERT INTO COLLECTIONS_SONGS (COLLECTION_ID, SONG_ID, NOMOR_DISC, NOMOR_TRACK) VALUES (2, 2, 1, 14) ON CONFLICT DO NOTHING;
INSERT INTO CREATE_SONGS (ARTIST_ID, SONG_ID) VALUES (2, 2) ON CONFLICT DO NOTHING;
INSERT INTO ARTISTS (ARTIST_ID, ARTIST_NAME, ARTIST_PFP, MONTHLY_LISTENER_COUNT, ARTIST_EMAIL) VALUES (3, 'Jung Seung Hwan', 'https://i.scdn.co/image/ab6761610000e5eb70e421846bdd71847716d87d', 281315, 'contact.3@label.com') ON CONFLICT DO NOTHING;
INSERT INTO GENRES (GENRE_ID, GENRE_NAME) VALUES (5, 'k-ballad') ON CONFLICT DO NOTHING;
INSERT INTO GENRES (GENRE_ID, GENRE_NAME) VALUES (6, 'soundtrack') ON CONFLICT DO NOTHING;
INSERT INTO COLLECTIONS (COLLECTION_ID, COLLECTION_TITLE, COLLECTION_TYPE, COLLECTION_RELEASE_DATE, COLLECTION_COVER, ISPRERELEASE) VALUES (3, 'Another Miss Oh, Pt. 5 (Original Television Soundtrack)', 'Single', '2016-05-31', 'https://i.scdn.co/image/ab67616d0000b273d302508be9a23d452069eaa2', FALSE) ON CONFLICT DO NOTHING;
INSERT INTO RELEASES (ARTIST_ID, COLLECTION_ID) VALUES (3, 3) ON CONFLICT DO NOTHING;
INSERT INTO SONGS (SONG_ID, SONG_TITLE, SONG_DURATION, SONG_FILE, POPULARITY, VALENCE, ACCOUSTICNESS, DANCEABILITY, ENERGY, SONG_RELEASE_DATE) 
                  VALUES (3, 'If It Is You', 272, '/stream/audio_default.mp3', 62, 0.84, 0.491, 0.901, 0.997, '2016-05-31') ON CONFLICT DO NOTHING;
INSERT INTO SONGS_GENRES (SONG_ID, GENRE_ID) VALUES (3, 6) ON CONFLICT DO NOTHING;
INSERT INTO SONGS_GENRES (SONG_ID, GENRE_ID) VALUES (3, 5) ON CONFLICT DO NOTHING;
INSERT INTO COLLECTIONS_SONGS (COLLECTION_ID, SONG_ID, NOMOR_DISC, NOMOR_TRACK) VALUES (3, 3, 1, 1) ON CONFLICT DO NOTHING;
INSERT INTO CREATE_SONGS (ARTIST_ID, SONG_ID) VALUES (3, 3) ON CONFLICT DO NOTHING;
INSERT INTO ARTISTS (ARTIST_ID, ARTIST_NAME, ARTIST_PFP, MONTHLY_LISTENER_COUNT, ARTIST_EMAIL) VALUES (4, 'Idgitaf', 'https://i.scdn.co/image/ab6761610000e5ebc9938371e3f63554f5f66b44', 2353372, 'contact.4@label.com') ON CONFLICT DO NOTHING;
INSERT INTO GENRES (GENRE_ID, GENRE_NAME) VALUES (7, 'indonesian pop') ON CONFLICT DO NOTHING;
INSERT INTO GENRES (GENRE_ID, GENRE_NAME) VALUES (8, 'indonesian indie') ON CONFLICT DO NOTHING;
INSERT INTO COLLECTIONS (COLLECTION_ID, COLLECTION_TITLE, COLLECTION_TYPE, COLLECTION_RELEASE_DATE, COLLECTION_COVER, ISPRERELEASE) VALUES (4, 'Sedia Aku Sebelum Hujan', 'Single', '2025-10-08', 'https://i.scdn.co/image/ab67616d0000b2738dc8c573565969d55f9f3477', FALSE) ON CONFLICT DO NOTHING;
INSERT INTO RELEASES (ARTIST_ID, COLLECTION_ID) VALUES (4, 4) ON CONFLICT DO NOTHING;
INSERT INTO SONGS (SONG_ID, SONG_TITLE, SONG_DURATION, SONG_FILE, POPULARITY, VALENCE, ACCOUSTICNESS, DANCEABILITY, ENERGY, SONG_RELEASE_DATE) 
                  VALUES (4, 'Sedia Aku Sebelum Hujan', 230, '/stream/audio_default.mp3', 74, 0.948, 0.171, 0.701, 0.091, '2025-10-08') ON CONFLICT DO NOTHING;
INSERT INTO SONGS_GENRES (SONG_ID, GENRE_ID) VALUES (4, 7) ON CONFLICT DO NOTHING;
INSERT INTO SONGS_GENRES (SONG_ID, GENRE_ID) VALUES (4, 8) ON CONFLICT DO NOTHING;
INSERT INTO COLLECTIONS_SONGS (COLLECTION_ID, SONG_ID, NOMOR_DISC, NOMOR_TRACK) VALUES (4, 4, 1, 1) ON CONFLICT DO NOTHING;
INSERT INTO CREATE_SONGS (ARTIST_ID, SONG_ID) VALUES (4, 4) ON CONFLICT DO NOTHING;
INSERT INTO ARTISTS (ARTIST_ID, ARTIST_NAME, ARTIST_PFP, MONTHLY_LISTENER_COUNT, ARTIST_EMAIL) VALUES (5, 'Demi Lovato', 'https://i.scdn.co/image/ab6761610000e5eb42d7061876b87861d7c8f3fb', 27283316, 'contact.5@label.com') ON CONFLICT DO NOTHING;
INSERT INTO COLLECTIONS (COLLECTION_ID, COLLECTION_TITLE, COLLECTION_TYPE, COLLECTION_RELEASE_DATE, COLLECTION_COVER, ISPRERELEASE) VALUES (5, 'The Angry Birds Movie (Original Motion Picture Soundtrack)', 'Compilation', '2016-05-06', 'https://i.scdn.co/image/ab67616d0000b273acd2af2b113e8b2ad2369af9', FALSE) ON CONFLICT DO NOTHING;
INSERT INTO RELEASES (ARTIST_ID, COLLECTION_ID) VALUES (5, 5) ON CONFLICT DO NOTHING;
INSERT INTO SONGS (SONG_ID, SONG_TITLE, SONG_DURATION, SONG_FILE, POPULARITY, VALENCE, ACCOUSTICNESS, DANCEABILITY, ENERGY, SONG_RELEASE_DATE) 
                  VALUES (5, 'I Will Survive', 245, '/stream/audio_default.mp3', 68, 0.019, 0.954, 0.859, 0.048, '2016-05-06') ON CONFLICT DO NOTHING;
INSERT INTO SONGS_GENRES (SONG_ID, GENRE_ID) VALUES (5, 6) ON CONFLICT DO NOTHING;
INSERT INTO SONGS_GENRES (SONG_ID, GENRE_ID) VALUES (5, 8) ON CONFLICT DO NOTHING;
INSERT INTO COLLECTIONS_SONGS (COLLECTION_ID, SONG_ID, NOMOR_DISC, NOMOR_TRACK) VALUES (5, 5, 1, 2) ON CONFLICT DO NOTHING;
INSERT INTO CREATE_SONGS (ARTIST_ID, SONG_ID) VALUES (5, 5) ON CONFLICT DO NOTHING;
INSERT INTO ARTISTS (ARTIST_ID, ARTIST_NAME, ARTIST_PFP, MONTHLY_LISTENER_COUNT, ARTIST_EMAIL) VALUES (6, 'Pidi Baiq', 'https://i.scdn.co/image/ab6761610000e5eb83ce7f2d97e0a443192c97cd', 91605, 'contact.6@label.com') ON CONFLICT DO NOTHING;
INSERT INTO COLLECTIONS (COLLECTION_ID, COLLECTION_TITLE, COLLECTION_TYPE, COLLECTION_RELEASE_DATE, COLLECTION_COVER, ISPRERELEASE) VALUES (6, 'Ibu Ibu Ibu', 'Single', '2021-12-22', 'https://i.scdn.co/image/ab67616d0000b27347f68ac0295e0613506150bf', FALSE) ON CONFLICT DO NOTHING;
INSERT INTO RELEASES (ARTIST_ID, COLLECTION_ID) VALUES (6, 6) ON CONFLICT DO NOTHING;
INSERT INTO SONGS (SONG_ID, SONG_TITLE, SONG_DURATION, SONG_FILE, POPULARITY, VALENCE, ACCOUSTICNESS, DANCEABILITY, ENERGY, SONG_RELEASE_DATE) 
                  VALUES (6, 'Ibu Ibu Ibu', 199, '/stream/audio_default.mp3', 51, 0.541, 0.638, 0.736, 0.434, '2021-12-22') ON CONFLICT DO NOTHING;
INSERT INTO SONGS_GENRES (SONG_ID, GENRE_ID) VALUES (6, 8) ON CONFLICT DO NOTHING;
INSERT INTO COLLECTIONS_SONGS (COLLECTION_ID, SONG_ID, NOMOR_DISC, NOMOR_TRACK) VALUES (6, 6, 1, 1) ON CONFLICT DO NOTHING;
INSERT INTO CREATE_SONGS (ARTIST_ID, SONG_ID) VALUES (6, 6) ON CONFLICT DO NOTHING;
INSERT INTO ARTISTS (ARTIST_ID, ARTIST_NAME, ARTIST_PFP, MONTHLY_LISTENER_COUNT, ARTIST_EMAIL) VALUES (7, 'Stephanie Poetri', 'https://i.scdn.co/image/ab6761610000e5eb16db0b637f09f2706c40d6da', 530654, 'contact.7@label.com') ON CONFLICT DO NOTHING;
INSERT INTO COLLECTIONS (COLLECTION_ID, COLLECTION_TITLE, COLLECTION_TYPE, COLLECTION_RELEASE_DATE, COLLECTION_COVER, ISPRERELEASE) VALUES (7, 'I Love You 3000', 'Single', '2019-06-03', 'https://i.scdn.co/image/ab67616d0000b2737ccc25a40a7a2f230fca5a36', FALSE) ON CONFLICT DO NOTHING;
INSERT INTO RELEASES (ARTIST_ID, COLLECTION_ID) VALUES (7, 7) ON CONFLICT DO NOTHING;
INSERT INTO SONGS (SONG_ID, SONG_TITLE, SONG_DURATION, SONG_FILE, POPULARITY, VALENCE, ACCOUSTICNESS, DANCEABILITY, ENERGY, SONG_RELEASE_DATE) 
                  VALUES (7, 'I Love You 3000', 209, '/stream/audio_default.mp3', 70, 0.94, 0.836, 0.559, 0.196, '2019-06-03') ON CONFLICT DO NOTHING;
INSERT INTO SONGS_GENRES (SONG_ID, GENRE_ID) VALUES (7, 6) ON CONFLICT DO NOTHING;
INSERT INTO SONGS_GENRES (SONG_ID, GENRE_ID) VALUES (7, 1) ON CONFLICT DO NOTHING;
INSERT INTO COLLECTIONS_SONGS (COLLECTION_ID, SONG_ID, NOMOR_DISC, NOMOR_TRACK) VALUES (7, 7, 1, 1) ON CONFLICT DO NOTHING;
INSERT INTO CREATE_SONGS (ARTIST_ID, SONG_ID) VALUES (7, 7) ON CONFLICT DO NOTHING;
INSERT INTO ARTISTS (ARTIST_ID, ARTIST_NAME, ARTIST_PFP, MONTHLY_LISTENER_COUNT, ARTIST_EMAIL) VALUES (8, 'Sam Smith', 'https://i.scdn.co/image/ab6761610000e5eb3262e01b79152c4f8007f3ac', 26400603, 'contact.8@label.com') ON CONFLICT DO NOTHING;
INSERT INTO GENRES (GENRE_ID, GENRE_NAME) VALUES (9, 'soft pop') ON CONFLICT DO NOTHING;
INSERT INTO COLLECTIONS (COLLECTION_ID, COLLECTION_TITLE, COLLECTION_TYPE, COLLECTION_RELEASE_DATE, COLLECTION_COVER, ISPRERELEASE) VALUES (8, 'In The Lonely Hour', 'Album', '2014-05-26', 'https://i.scdn.co/image/ab67616d0000b273b11bdc91cb9ac6b14f5c1dae', FALSE) ON CONFLICT DO NOTHING;
INSERT INTO RELEASES (ARTIST_ID, COLLECTION_ID) VALUES (8, 8) ON CONFLICT DO NOTHING;
INSERT INTO SONGS (SONG_ID, SONG_TITLE, SONG_DURATION, SONG_FILE, POPULARITY, VALENCE, ACCOUSTICNESS, DANCEABILITY, ENERGY, SONG_RELEASE_DATE) 
                  VALUES (8, 'I''m Not The Only One', 239, '/stream/audio_default.mp3', 86, 0.285, 0.781, 0.974, 0.377, '2014-05-26') ON CONFLICT DO NOTHING;
INSERT INTO SONGS_GENRES (SONG_ID, GENRE_ID) VALUES (8, 9) ON CONFLICT DO NOTHING;
INSERT INTO COLLECTIONS_SONGS (COLLECTION_ID, SONG_ID, NOMOR_DISC, NOMOR_TRACK) VALUES (8, 8, 1, 5) ON CONFLICT DO NOTHING;
INSERT INTO CREATE_SONGS (ARTIST_ID, SONG_ID) VALUES (8, 8) ON CONFLICT DO NOTHING;
INSERT INTO ARTISTS (ARTIST_ID, ARTIST_NAME, ARTIST_PFP, MONTHLY_LISTENER_COUNT, ARTIST_EMAIL) VALUES (9, 'Iyeth Bustami', 'https://i.scdn.co/image/ab67616d0000b2733273a94db1a09fb1ed556c66', 59829, 'contact.9@label.com') ON CONFLICT DO NOTHING;
INSERT INTO GENRES (GENRE_ID, GENRE_NAME) VALUES (10, 'dangdut') ON CONFLICT DO NOTHING;
INSERT INTO GENRES (GENRE_ID, GENRE_NAME) VALUES (11, 'malay') ON CONFLICT DO NOTHING;
INSERT INTO GENRES (GENRE_ID, GENRE_NAME) VALUES (12, 'malay pop') ON CONFLICT DO NOTHING;
INSERT INTO GENRES (GENRE_ID, GENRE_NAME) VALUES (13, 'koplo') ON CONFLICT DO NOTHING;
INSERT INTO GENRES (GENRE_ID, GENRE_NAME) VALUES (14, 'malaysian pop') ON CONFLICT DO NOTHING;
INSERT INTO COLLECTIONS (COLLECTION_ID, COLLECTION_TITLE, COLLECTION_TYPE, COLLECTION_RELEASE_DATE, COLLECTION_COVER, ISPRERELEASE) VALUES (9, 'Album Zapin Dut Iyeth Bustami', 'Album', '2003-08-24', 'https://i.scdn.co/image/ab67616d0000b2733273a94db1a09fb1ed556c66', FALSE) ON CONFLICT DO NOTHING;
INSERT INTO RELEASES (ARTIST_ID, COLLECTION_ID) VALUES (9, 9) ON CONFLICT DO NOTHING;
INSERT INTO SONGS (SONG_ID, SONG_TITLE, SONG_DURATION, SONG_FILE, POPULARITY, VALENCE, ACCOUSTICNESS, DANCEABILITY, ENERGY, SONG_RELEASE_DATE) 
                  VALUES (9, 'Ijuk', 346, '/stream/audio_default.mp3', 47, 0.463, 0.092, 0.087, 0.863, '2003-08-24') ON CONFLICT DO NOTHING;
INSERT INTO SONGS_GENRES (SONG_ID, GENRE_ID) VALUES (9, 14) ON CONFLICT DO NOTHING;
INSERT INTO SONGS_GENRES (SONG_ID, GENRE_ID) VALUES (9, 10) ON CONFLICT DO NOTHING;
INSERT INTO COLLECTIONS_SONGS (COLLECTION_ID, SONG_ID, NOMOR_DISC, NOMOR_TRACK) VALUES (9, 9, 1, 2) ON CONFLICT DO NOTHING;
INSERT INTO CREATE_SONGS (ARTIST_ID, SONG_ID) VALUES (9, 9) ON CONFLICT DO NOTHING;
INSERT INTO ARTISTS (ARTIST_ID, ARTIST_NAME, ARTIST_PFP, MONTHLY_LISTENER_COUNT, ARTIST_EMAIL) VALUES (10, 'Iwan Fals', 'https://i.scdn.co/image/ab6761610000e5eb579f65f66f96339a30aa4ddc', 7162525, 'contact.10@label.com') ON CONFLICT DO NOTHING;
INSERT INTO GENRES (GENRE_ID, GENRE_NAME) VALUES (15, 'indonesian rock') ON CONFLICT DO NOTHING;
INSERT INTO GENRES (GENRE_ID, GENRE_NAME) VALUES (16, 'indorock') ON CONFLICT DO NOTHING;
INSERT INTO GENRES (GENRE_ID, GENRE_NAME) VALUES (17, 'pop kreatif') ON CONFLICT DO NOTHING;
INSERT INTO COLLECTIONS (COLLECTION_ID, COLLECTION_TITLE, COLLECTION_TYPE, COLLECTION_RELEASE_DATE, COLLECTION_COVER, ISPRERELEASE) VALUES (10, 'Sugali', 'Album', '1984-01-01', 'https://i.scdn.co/image/ab67616d0000b2734c3c17b4babd8a1e0a98ea5f', FALSE) ON CONFLICT DO NOTHING;
INSERT INTO RELEASES (ARTIST_ID, COLLECTION_ID) VALUES (10, 10) ON CONFLICT DO NOTHING;
INSERT INTO SONGS (SONG_ID, SONG_TITLE, SONG_DURATION, SONG_FILE, POPULARITY, VALENCE, ACCOUSTICNESS, DANCEABILITY, ENERGY, SONG_RELEASE_DATE) 
                  VALUES (10, 'Rindu Tebal', 220, '/stream/audio_default.mp3', 55, 0.046, 0.735, 0.81, 0.179, '1984-01-01') ON CONFLICT DO NOTHING;
INSERT INTO SONGS_GENRES (SONG_ID, GENRE_ID) VALUES (10, 17) ON CONFLICT DO NOTHING;
INSERT INTO SONGS_GENRES (SONG_ID, GENRE_ID) VALUES (10, 16) ON CONFLICT DO NOTHING;
INSERT INTO COLLECTIONS_SONGS (COLLECTION_ID, SONG_ID, NOMOR_DISC, NOMOR_TRACK) VALUES (10, 10, 1, 2) ON CONFLICT DO NOTHING;
INSERT INTO CREATE_SONGS (ARTIST_ID, SONG_ID) VALUES (10, 10) ON CONFLICT DO NOTHING;
INSERT INTO ARTISTS (ARTIST_ID, ARTIST_NAME, ARTIST_PFP, MONTHLY_LISTENER_COUNT, ARTIST_EMAIL) VALUES (11, 'Westlife', 'https://i.scdn.co/image/ab6761610000e5eb7299fecc45211132432d7d8c', 4816821, 'contact.11@label.com') ON CONFLICT DO NOTHING;
INSERT INTO COLLECTIONS (COLLECTION_ID, COLLECTION_TITLE, COLLECTION_TYPE, COLLECTION_RELEASE_DATE, COLLECTION_COVER, ISPRERELEASE) VALUES (11, 'Westlife', 'Album', '1999-11-01', 'https://i.scdn.co/image/ab67616d0000b27344ead2b3b8073d06a23c8580', FALSE) ON CONFLICT DO NOTHING;
INSERT INTO RELEASES (ARTIST_ID, COLLECTION_ID) VALUES (11, 11) ON CONFLICT DO NOTHING;
INSERT INTO SONGS (SONG_ID, SONG_TITLE, SONG_DURATION, SONG_FILE, POPULARITY, VALENCE, ACCOUSTICNESS, DANCEABILITY, ENERGY, SONG_RELEASE_DATE) 
                  VALUES (11, 'If I Let You Go - Radio Edit', 221, '/stream/audio_default.mp3', 70, 0.837, 0.416, 0.085, 0.12, '1999-11-01') ON CONFLICT DO NOTHING;
INSERT INTO SONGS_GENRES (SONG_ID, GENRE_ID) VALUES (11, 13) ON CONFLICT DO NOTHING;
INSERT INTO SONGS_GENRES (SONG_ID, GENRE_ID) VALUES (11, 1) ON CONFLICT DO NOTHING;
INSERT INTO COLLECTIONS_SONGS (COLLECTION_ID, SONG_ID, NOMOR_DISC, NOMOR_TRACK) VALUES (11, 11, 1, 2) ON CONFLICT DO NOTHING;
INSERT INTO CREATE_SONGS (ARTIST_ID, SONG_ID) VALUES (11, 11) ON CONFLICT DO NOTHING;
INSERT INTO COLLECTIONS (COLLECTION_ID, COLLECTION_TITLE, COLLECTION_TYPE, COLLECTION_RELEASE_DATE, COLLECTION_COVER, ISPRERELEASE) VALUES (12, '1910', 'Album', '1993-10-03', 'https://i.scdn.co/image/ab67616d0000b273fdf505b06cccfb9e9a0b835b', FALSE) ON CONFLICT DO NOTHING;
INSERT INTO RELEASES (ARTIST_ID, COLLECTION_ID) VALUES (10, 12) ON CONFLICT DO NOTHING;
INSERT INTO SONGS (SONG_ID, SONG_TITLE, SONG_DURATION, SONG_FILE, POPULARITY, VALENCE, ACCOUSTICNESS, DANCEABILITY, ENERGY, SONG_RELEASE_DATE) 
                  VALUES (12, 'Buku Ini Aku Pinjam', 287, '/stream/audio_default.mp3', 48, 0.031, 0.495, 0.143, 0.629, '1993-10-03') ON CONFLICT DO NOTHING;
INSERT INTO SONGS_GENRES (SONG_ID, GENRE_ID) VALUES (12, 16) ON CONFLICT DO NOTHING;
INSERT INTO SONGS_GENRES (SONG_ID, GENRE_ID) VALUES (12, 17) ON CONFLICT DO NOTHING;
INSERT INTO COLLECTIONS_SONGS (COLLECTION_ID, SONG_ID, NOMOR_DISC, NOMOR_TRACK) VALUES (12, 12, 1, 1) ON CONFLICT DO NOTHING;
INSERT INTO CREATE_SONGS (ARTIST_ID, SONG_ID) VALUES (10, 12) ON CONFLICT DO NOTHING;
INSERT INTO ARTISTS (ARTIST_ID, ARTIST_NAME, ARTIST_PFP, MONTHLY_LISTENER_COUNT, ARTIST_EMAIL) VALUES (12, 'Stand Here Alone', 'https://i.scdn.co/image/ab6761610000e5ebffcfc1bde8c99fdeed11a640', 1427514, 'contact.12@label.com') ON CONFLICT DO NOTHING;
INSERT INTO GENRES (GENRE_ID, GENRE_NAME) VALUES (18, 'pop punk') ON CONFLICT DO NOTHING;
INSERT INTO GENRES (GENRE_ID, GENRE_NAME) VALUES (19, 'skate punk') ON CONFLICT DO NOTHING;
INSERT INTO GENRES (GENRE_ID, GENRE_NAME) VALUES (20, 'punk') ON CONFLICT DO NOTHING;
INSERT INTO COLLECTIONS (COLLECTION_ID, COLLECTION_TITLE, COLLECTION_TYPE, COLLECTION_RELEASE_DATE, COLLECTION_COVER, ISPRERELEASE) VALUES (13, 'Introvert', 'Single', '2023-05-05', 'https://i.scdn.co/image/ab67616d0000b2730d592810a7fedad52626a796', FALSE) ON CONFLICT DO NOTHING;
INSERT INTO RELEASES (ARTIST_ID, COLLECTION_ID) VALUES (12, 13) ON CONFLICT DO NOTHING;
INSERT INTO SONGS (SONG_ID, SONG_TITLE, SONG_DURATION, SONG_FILE, POPULARITY, VALENCE, ACCOUSTICNESS, DANCEABILITY, ENERGY, SONG_RELEASE_DATE) 
                  VALUES (13, 'Introvert', 192, '/stream/audio_default.mp3', 66, 0.01, 0.565, 0.029, 0.215, '2023-05-05') ON CONFLICT DO NOTHING;
INSERT INTO SONGS_GENRES (SONG_ID, GENRE_ID) VALUES (13, 8) ON CONFLICT DO NOTHING;
INSERT INTO SONGS_GENRES (SONG_ID, GENRE_ID) VALUES (13, 7) ON CONFLICT DO NOTHING;
INSERT INTO COLLECTIONS_SONGS (COLLECTION_ID, SONG_ID, NOMOR_DISC, NOMOR_TRACK) VALUES (13, 13, 1, 1) ON CONFLICT DO NOTHING;
INSERT INTO CREATE_SONGS (ARTIST_ID, SONG_ID) VALUES (12, 13) ON CONFLICT DO NOTHING;
INSERT INTO ARTISTS (ARTIST_ID, ARTIST_NAME, ARTIST_PFP, MONTHLY_LISTENER_COUNT, ARTIST_EMAIL) VALUES (13, 'Gloria Gaynor', 'https://i.scdn.co/image/ab6761610000e5ebb75ca1c0223fc450dfe3c1ec', 1197632, 'contact.13@label.com') ON CONFLICT DO NOTHING;
INSERT INTO GENRES (GENRE_ID, GENRE_NAME) VALUES (21, 'disco') ON CONFLICT DO NOTHING;
INSERT INTO COLLECTIONS (COLLECTION_ID, COLLECTION_TITLE, COLLECTION_TYPE, COLLECTION_RELEASE_DATE, COLLECTION_COVER, ISPRERELEASE) VALUES (14, 'Love Tracks', 'Album', '1978-11-27', 'https://i.scdn.co/image/ab67616d0000b2732a1049b6d0d2b4c3c0abe7a8', FALSE) ON CONFLICT DO NOTHING;
INSERT INTO RELEASES (ARTIST_ID, COLLECTION_ID) VALUES (13, 14) ON CONFLICT DO NOTHING;
INSERT INTO SONGS (SONG_ID, SONG_TITLE, SONG_DURATION, SONG_FILE, POPULARITY, VALENCE, ACCOUSTICNESS, DANCEABILITY, ENERGY, SONG_RELEASE_DATE) 
                  VALUES (14, 'I Will Survive', 296, '/stream/audio_default.mp3', 76, 0.473, 0.445, 0.316, 0.741, '1978-11-27') ON CONFLICT DO NOTHING;
INSERT INTO SONGS_GENRES (SONG_ID, GENRE_ID) VALUES (14, 21) ON CONFLICT DO NOTHING;
INSERT INTO COLLECTIONS_SONGS (COLLECTION_ID, SONG_ID, NOMOR_DISC, NOMOR_TRACK) VALUES (14, 14, 1, 5) ON CONFLICT DO NOTHING;
INSERT INTO CREATE_SONGS (ARTIST_ID, SONG_ID) VALUES (13, 14) ON CONFLICT DO NOTHING;
INSERT INTO ARTISTS (ARTIST_ID, ARTIST_NAME, ARTIST_PFP, MONTHLY_LISTENER_COUNT, ARTIST_EMAIL) VALUES (14, 'Alicia Keys', 'https://i.scdn.co/image/ab6761610000e5eb4518cf16a45e35fc0cc82862', 12977611, 'contact.14@label.com') ON CONFLICT DO NOTHING;
INSERT INTO GENRES (GENRE_ID, GENRE_NAME) VALUES (22, 'r&b') ON CONFLICT DO NOTHING;
INSERT INTO GENRES (GENRE_ID, GENRE_NAME) VALUES (23, 'neo soul') ON CONFLICT DO NOTHING;
INSERT INTO COLLECTIONS (COLLECTION_ID, COLLECTION_TITLE, COLLECTION_TYPE, COLLECTION_RELEASE_DATE, COLLECTION_COVER, ISPRERELEASE) VALUES (15, 'The Diary Of Alicia Keys', 'Album', '2003-12-02', 'https://i.scdn.co/image/ab67616d0000b27356ff19308ebeb48e2ba6094b', FALSE) ON CONFLICT DO NOTHING;
INSERT INTO RELEASES (ARTIST_ID, COLLECTION_ID) VALUES (14, 15) ON CONFLICT DO NOTHING;
INSERT INTO SONGS (SONG_ID, SONG_TITLE, SONG_DURATION, SONG_FILE, POPULARITY, VALENCE, ACCOUSTICNESS, DANCEABILITY, ENERGY, SONG_RELEASE_DATE) 
                  VALUES (15, 'If I Ain''t Got You', 228, '/stream/audio_default.mp3', 84, 0.376, 0.567, 0.231, 0.679, '2003-12-02') ON CONFLICT DO NOTHING;
INSERT INTO SONGS_GENRES (SONG_ID, GENRE_ID) VALUES (15, 22) ON CONFLICT DO NOTHING;
INSERT INTO SONGS_GENRES (SONG_ID, GENRE_ID) VALUES (15, 23) ON CONFLICT DO NOTHING;
INSERT INTO COLLECTIONS_SONGS (COLLECTION_ID, SONG_ID, NOMOR_DISC, NOMOR_TRACK) VALUES (15, 15, 1, 6) ON CONFLICT DO NOTHING;
INSERT INTO CREATE_SONGS (ARTIST_ID, SONG_ID) VALUES (14, 15) ON CONFLICT DO NOTHING;
INSERT INTO ARTISTS (ARTIST_ID, ARTIST_NAME, ARTIST_PFP, MONTHLY_LISTENER_COUNT, ARTIST_EMAIL) VALUES (15, 'Pamungkas', 'https://i.scdn.co/image/ab6761610000e5eb372a08067f92c816b121ac26', 6986956, 'contact.15@label.com') ON CONFLICT DO NOTHING;
INSERT INTO COLLECTIONS (COLLECTION_ID, COLLECTION_TITLE, COLLECTION_TYPE, COLLECTION_RELEASE_DATE, COLLECTION_COVER, ISPRERELEASE) VALUES (16, 'Walk the Talk', 'Album', '2018-07-20', 'https://i.scdn.co/image/ab67616d0000b2733e2cf96ce4558b8f2376b79a', FALSE) ON CONFLICT DO NOTHING;
INSERT INTO RELEASES (ARTIST_ID, COLLECTION_ID) VALUES (15, 16) ON CONFLICT DO NOTHING;
INSERT INTO SONGS (SONG_ID, SONG_TITLE, SONG_DURATION, SONG_FILE, POPULARITY, VALENCE, ACCOUSTICNESS, DANCEABILITY, ENERGY, SONG_RELEASE_DATE) 
                  VALUES (16, 'I Love You but I''m Letting Go', 220, '/stream/audio_default.mp3', 67, 0.898, 0.663, 0.971, 0.96, '2018-07-20') ON CONFLICT DO NOTHING;
INSERT INTO SONGS_GENRES (SONG_ID, GENRE_ID) VALUES (16, 7) ON CONFLICT DO NOTHING;
INSERT INTO SONGS_GENRES (SONG_ID, GENRE_ID) VALUES (16, 8) ON CONFLICT DO NOTHING;
INSERT INTO COLLECTIONS_SONGS (COLLECTION_ID, SONG_ID, NOMOR_DISC, NOMOR_TRACK) VALUES (16, 16, 1, 14) ON CONFLICT DO NOTHING;
INSERT INTO CREATE_SONGS (ARTIST_ID, SONG_ID) VALUES (15, 16) ON CONFLICT DO NOTHING;
INSERT INTO COLLECTIONS (COLLECTION_ID, COLLECTION_TITLE, COLLECTION_TYPE, COLLECTION_RELEASE_DATE, COLLECTION_COVER, ISPRERELEASE) VALUES (17, 'Celoteh - Celoteh', 'Album', '1990-01-08', 'https://i.scdn.co/image/ab67616d0000b27301949ea9fbae344c072e449c', FALSE) ON CONFLICT DO NOTHING;
INSERT INTO RELEASES (ARTIST_ID, COLLECTION_ID) VALUES (10, 17) ON CONFLICT DO NOTHING;
INSERT INTO SONGS (SONG_ID, SONG_TITLE, SONG_DURATION, SONG_FILE, POPULARITY, VALENCE, ACCOUSTICNESS, DANCEABILITY, ENERGY, SONG_RELEASE_DATE) 
                  VALUES (17, 'Pesawat Tempurku', 287, '/stream/audio_default.mp3', 64, 0.946, 0.087, 0.231, 0.464, '1990-01-08') ON CONFLICT DO NOTHING;
INSERT INTO SONGS_GENRES (SONG_ID, GENRE_ID) VALUES (17, 17) ON CONFLICT DO NOTHING;
INSERT INTO SONGS_GENRES (SONG_ID, GENRE_ID) VALUES (17, 7) ON CONFLICT DO NOTHING;
INSERT INTO COLLECTIONS_SONGS (COLLECTION_ID, SONG_ID, NOMOR_DISC, NOMOR_TRACK) VALUES (17, 17, 1, 20) ON CONFLICT DO NOTHING;
INSERT INTO CREATE_SONGS (ARTIST_ID, SONG_ID) VALUES (10, 17) ON CONFLICT DO NOTHING;
INSERT INTO ARTISTS (ARTIST_ID, ARTIST_NAME, ARTIST_PFP, MONTHLY_LISTENER_COUNT, ARTIST_EMAIL) VALUES (16, 'John Lennon', 'https://i.scdn.co/image/ab6761610000e5ebe336079626f2a1be7456486c', 6663973, 'contact.16@label.com') ON CONFLICT DO NOTHING;
INSERT INTO GENRES (GENRE_ID, GENRE_NAME) VALUES (24, 'christmas') ON CONFLICT DO NOTHING;
INSERT INTO COLLECTIONS (COLLECTION_ID, COLLECTION_TITLE, COLLECTION_TYPE, COLLECTION_RELEASE_DATE, COLLECTION_COVER, ISPRERELEASE) VALUES (18, 'Imagine', 'Album', '1971-09-09', 'https://i.scdn.co/image/ab67616d0000b27399581550ef9746ca582bb3cc', FALSE) ON CONFLICT DO NOTHING;
INSERT INTO RELEASES (ARTIST_ID, COLLECTION_ID) VALUES (16, 18) ON CONFLICT DO NOTHING;
INSERT INTO SONGS (SONG_ID, SONG_TITLE, SONG_DURATION, SONG_FILE, POPULARITY, VALENCE, ACCOUSTICNESS, DANCEABILITY, ENERGY, SONG_RELEASE_DATE) 
                  VALUES (18, 'Imagine - Remastered 2010', 187, '/stream/audio_default.mp3', 78, 0.379, 0.917, 0.665, 0.825, '1971-09-09') ON CONFLICT DO NOTHING;
INSERT INTO SONGS_GENRES (SONG_ID, GENRE_ID) VALUES (18, 24) ON CONFLICT DO NOTHING;
INSERT INTO COLLECTIONS_SONGS (COLLECTION_ID, SONG_ID, NOMOR_DISC, NOMOR_TRACK) VALUES (18, 18, 1, 1) ON CONFLICT DO NOTHING;
INSERT INTO CREATE_SONGS (ARTIST_ID, SONG_ID) VALUES (16, 18) ON CONFLICT DO NOTHING;
INSERT INTO COLLECTIONS (COLLECTION_ID, COLLECTION_TITLE, COLLECTION_TYPE, COLLECTION_RELEASE_DATE, COLLECTION_COVER, ISPRERELEASE) VALUES (19, 'Opini', 'Album', '1982-01-01', 'https://i.scdn.co/image/ab67616d0000b273de17860779f16973b9145b08', FALSE) ON CONFLICT DO NOTHING;
INSERT INTO RELEASES (ARTIST_ID, COLLECTION_ID) VALUES (10, 19) ON CONFLICT DO NOTHING;
INSERT INTO SONGS (SONG_ID, SONG_TITLE, SONG_DURATION, SONG_FILE, POPULARITY, VALENCE, ACCOUSTICNESS, DANCEABILITY, ENERGY, SONG_RELEASE_DATE) 
                  VALUES (19, 'Galang Rambu Anarki', 232, '/stream/audio_default.mp3', 64, 0.887, 0.729, 0.556, 0.228, '1982-01-01') ON CONFLICT DO NOTHING;
INSERT INTO SONGS_GENRES (SONG_ID, GENRE_ID) VALUES (19, 15) ON CONFLICT DO NOTHING;
INSERT INTO SONGS_GENRES (SONG_ID, GENRE_ID) VALUES (19, 16) ON CONFLICT DO NOTHING;
INSERT INTO COLLECTIONS_SONGS (COLLECTION_ID, SONG_ID, NOMOR_DISC, NOMOR_TRACK) VALUES (19, 19, 1, 1) ON CONFLICT DO NOTHING;
INSERT INTO CREATE_SONGS (ARTIST_ID, SONG_ID) VALUES (10, 19) ON CONFLICT DO NOTHING;
INSERT INTO ARTISTS (ARTIST_ID, ARTIST_NAME, ARTIST_PFP, MONTHLY_LISTENER_COUNT, ARTIST_EMAIL) VALUES (17, 'Sezairi', 'https://i.scdn.co/image/ab6761610000e5eb7670680908e0b90a99e5df6e', 134171, 'contact.17@label.com') ON CONFLICT DO NOTHING;
INSERT INTO COLLECTIONS (COLLECTION_ID, COLLECTION_TITLE, COLLECTION_TYPE, COLLECTION_RELEASE_DATE, COLLECTION_COVER, ISPRERELEASE) VALUES (20, 'It''s You', 'Single', '2018-04-13', 'https://i.scdn.co/image/ab67616d0000b273bfce1a810186eb68c3b87d74', FALSE) ON CONFLICT DO NOTHING;
INSERT INTO RELEASES (ARTIST_ID, COLLECTION_ID) VALUES (17, 20) ON CONFLICT DO NOTHING;
INSERT INTO SONGS (SONG_ID, SONG_TITLE, SONG_DURATION, SONG_FILE, POPULARITY, VALENCE, ACCOUSTICNESS, DANCEABILITY, ENERGY, SONG_RELEASE_DATE) 
                  VALUES (20, 'It''s You', 251, '/stream/audio_default.mp3', 63, 0.256, 0.987, 0.836, 0.072, '2018-04-13') ON CONFLICT DO NOTHING;
INSERT INTO SONGS_GENRES (SONG_ID, GENRE_ID) VALUES (20, 21) ON CONFLICT DO NOTHING;
INSERT INTO SONGS_GENRES (SONG_ID, GENRE_ID) VALUES (20, 13) ON CONFLICT DO NOTHING;
INSERT INTO COLLECTIONS_SONGS (COLLECTION_ID, SONG_ID, NOMOR_DISC, NOMOR_TRACK) VALUES (20, 20, 1, 1) ON CONFLICT DO NOTHING;
INSERT INTO CREATE_SONGS (ARTIST_ID, SONG_ID) VALUES (17, 20) ON CONFLICT DO NOTHING;
INSERT INTO ARTISTS (ARTIST_ID, ARTIST_NAME, ARTIST_PFP, MONTHLY_LISTENER_COUNT, ARTIST_EMAIL) VALUES (18, 'Search', 'https://i.scdn.co/image/ab6761610000e5eb6d2a8385532c31078360e5b9', 200806, 'contact.18@label.com') ON CONFLICT DO NOTHING;
INSERT INTO COLLECTIONS (COLLECTION_ID, COLLECTION_TITLE, COLLECTION_TYPE, COLLECTION_RELEASE_DATE, COLLECTION_COVER, ISPRERELEASE) VALUES (21, 'Fenomena', 'Album', '1989-01-31', 'https://i.scdn.co/image/ab67616d0000b2733b8d21e42c504b32b40d943f', FALSE) ON CONFLICT DO NOTHING;
INSERT INTO RELEASES (ARTIST_ID, COLLECTION_ID) VALUES (18, 21) ON CONFLICT DO NOTHING;
INSERT INTO SONGS (SONG_ID, SONG_TITLE, SONG_DURATION, SONG_FILE, POPULARITY, VALENCE, ACCOUSTICNESS, DANCEABILITY, ENERGY, SONG_RELEASE_DATE) 
                  VALUES (21, 'Isabella', 308, '/stream/audio_default.mp3', 58, 0.269, 0.8, 0.169, 0.289, '1989-01-31') ON CONFLICT DO NOTHING;
INSERT INTO SONGS_GENRES (SONG_ID, GENRE_ID) VALUES (21, 12) ON CONFLICT DO NOTHING;
INSERT INTO SONGS_GENRES (SONG_ID, GENRE_ID) VALUES (21, 11) ON CONFLICT DO NOTHING;
INSERT INTO COLLECTIONS_SONGS (COLLECTION_ID, SONG_ID, NOMOR_DISC, NOMOR_TRACK) VALUES (21, 21, 1, 3) ON CONFLICT DO NOTHING;
INSERT INTO CREATE_SONGS (ARTIST_ID, SONG_ID) VALUES (18, 21) ON CONFLICT DO NOTHING;
INSERT INTO COLLECTIONS (COLLECTION_ID, COLLECTION_TITLE, COLLECTION_TYPE, COLLECTION_RELEASE_DATE, COLLECTION_COVER, ISPRERELEASE) VALUES (22, 'Sumbang', 'Album', '1983-01-01', 'https://i.scdn.co/image/ab67616d0000b273f4f237a7601f409775cccbb6', FALSE) ON CONFLICT DO NOTHING;
INSERT INTO RELEASES (ARTIST_ID, COLLECTION_ID) VALUES (10, 22) ON CONFLICT DO NOTHING;
INSERT INTO SONGS (SONG_ID, SONG_TITLE, SONG_DURATION, SONG_FILE, POPULARITY, VALENCE, ACCOUSTICNESS, DANCEABILITY, ENERGY, SONG_RELEASE_DATE) 
                  VALUES (22, 'Kereta Tiba Pukul Berapa', 258, '/stream/audio_default.mp3', 58, 0.084, 0.068, 0.188, 0.153, '1983-01-01') ON CONFLICT DO NOTHING;
INSERT INTO SONGS_GENRES (SONG_ID, GENRE_ID) VALUES (22, 16) ON CONFLICT DO NOTHING;
INSERT INTO SONGS_GENRES (SONG_ID, GENRE_ID) VALUES (22, 17) ON CONFLICT DO NOTHING;
INSERT INTO COLLECTIONS_SONGS (COLLECTION_ID, SONG_ID, NOMOR_DISC, NOMOR_TRACK) VALUES (22, 22, 1, 2) ON CONFLICT DO NOTHING;
INSERT INTO CREATE_SONGS (ARTIST_ID, SONG_ID) VALUES (10, 22) ON CONFLICT DO NOTHING;
INSERT INTO ARTISTS (ARTIST_ID, ARTIST_NAME, ARTIST_PFP, MONTHLY_LISTENER_COUNT, ARTIST_EMAIL) VALUES (19, 'Sheila On 7', 'https://i.scdn.co/image/ab6761610000e5eb2017fda314b1745c3e96e0d5', 12784941, 'contact.19@label.com') ON CONFLICT DO NOTHING;
INSERT INTO COLLECTIONS (COLLECTION_ID, COLLECTION_TITLE, COLLECTION_TYPE, COLLECTION_RELEASE_DATE, COLLECTION_COVER, ISPRERELEASE) VALUES (23, 'Pejantan Tangguh', 'Album', '2004-05-25', 'https://i.scdn.co/image/ab67616d0000b273f0a7efc94687cc049b821529', FALSE) ON CONFLICT DO NOTHING;
INSERT INTO RELEASES (ARTIST_ID, COLLECTION_ID) VALUES (19, 23) ON CONFLICT DO NOTHING;
INSERT INTO SONGS (SONG_ID, SONG_TITLE, SONG_DURATION, SONG_FILE, POPULARITY, VALENCE, ACCOUSTICNESS, DANCEABILITY, ENERGY, SONG_RELEASE_DATE) 
                  VALUES (23, 'Itu Aku', 278, '/stream/audio_default.mp3', 65, 0.468, 0.624, 0.952, 0.898, '2004-05-25') ON CONFLICT DO NOTHING;
INSERT INTO SONGS_GENRES (SONG_ID, GENRE_ID) VALUES (23, 11) ON CONFLICT DO NOTHING;
INSERT INTO SONGS_GENRES (SONG_ID, GENRE_ID) VALUES (23, 7) ON CONFLICT DO NOTHING;
INSERT INTO COLLECTIONS_SONGS (COLLECTION_ID, SONG_ID, NOMOR_DISC, NOMOR_TRACK) VALUES (23, 23, 1, 2) ON CONFLICT DO NOTHING;
INSERT INTO CREATE_SONGS (ARTIST_ID, SONG_ID) VALUES (19, 23) ON CONFLICT DO NOTHING;
INSERT INTO ARTISTS (ARTIST_ID, ARTIST_NAME, ARTIST_PFP, MONTHLY_LISTENER_COUNT, ARTIST_EMAIL) VALUES (20, 'Dethron', 'https://i.scdn.co/image/ab6761610000e5eb2a36d3355cc6b7dfb52e6bbc', 8148, 'contact.20@label.com') ON CONFLICT DO NOTHING;
INSERT INTO GENRES (GENRE_ID, GENRE_NAME) VALUES (25, 'hipdut') ON CONFLICT DO NOTHING;
INSERT INTO GENRES (GENRE_ID, GENRE_NAME) VALUES (26, 'funkot') ON CONFLICT DO NOTHING;
INSERT INTO COLLECTIONS (COLLECTION_ID, COLLECTION_TITLE, COLLECTION_TYPE, COLLECTION_RELEASE_DATE, COLLECTION_COVER, ISPRERELEASE) VALUES (24, 'Intel Inside', 'Single', '2025-03-24', 'https://i.scdn.co/image/ab67616d0000b27305e43df8baaa4899b610a2b3', FALSE) ON CONFLICT DO NOTHING;
INSERT INTO RELEASES (ARTIST_ID, COLLECTION_ID) VALUES (20, 24) ON CONFLICT DO NOTHING;
INSERT INTO SONGS (SONG_ID, SONG_TITLE, SONG_DURATION, SONG_FILE, POPULARITY, VALENCE, ACCOUSTICNESS, DANCEABILITY, ENERGY, SONG_RELEASE_DATE) 
                  VALUES (24, 'Intel Inside', 222, '/stream/audio_default.mp3', 63, 0.577, 0.72, 0.897, 0.845, '2025-03-24') ON CONFLICT DO NOTHING;
INSERT INTO SONGS_GENRES (SONG_ID, GENRE_ID) VALUES (24, 25) ON CONFLICT DO NOTHING;
INSERT INTO SONGS_GENRES (SONG_ID, GENRE_ID) VALUES (24, 26) ON CONFLICT DO NOTHING;
INSERT INTO COLLECTIONS_SONGS (COLLECTION_ID, SONG_ID, NOMOR_DISC, NOMOR_TRACK) VALUES (24, 24, 1, 1) ON CONFLICT DO NOTHING;
INSERT INTO CREATE_SONGS (ARTIST_ID, SONG_ID) VALUES (20, 24) ON CONFLICT DO NOTHING;
INSERT INTO ARTISTS (ARTIST_ID, ARTIST_NAME, ARTIST_PFP, MONTHLY_LISTENER_COUNT, ARTIST_EMAIL) VALUES (21, 'The Goo Goo Dolls', 'https://i.scdn.co/image/ab6761610000e5ebe7b66b8c4ba729848574df7a', 3559950, 'contact.21@label.com') ON CONFLICT DO NOTHING;
INSERT INTO COLLECTIONS (COLLECTION_ID, COLLECTION_TITLE, COLLECTION_TYPE, COLLECTION_RELEASE_DATE, COLLECTION_COVER, ISPRERELEASE) VALUES (25, 'Greatest Hits Volume One - The Singles', 'Compilation', '2007-11-06', 'https://i.scdn.co/image/ab67616d0000b273d54c4b12c9242bda37f4bb25', FALSE) ON CONFLICT DO NOTHING;
INSERT INTO RELEASES (ARTIST_ID, COLLECTION_ID) VALUES (21, 25) ON CONFLICT DO NOTHING;
INSERT INTO SONGS (SONG_ID, SONG_TITLE, SONG_DURATION, SONG_FILE, POPULARITY, VALENCE, ACCOUSTICNESS, DANCEABILITY, ENERGY, SONG_RELEASE_DATE) 
                  VALUES (25, 'Iris', 289, '/stream/audio_default.mp3', 74, 0.774, 0.312, 0.076, 0.845, '2007-11-06') ON CONFLICT DO NOTHING;
INSERT INTO SONGS_GENRES (SONG_ID, GENRE_ID) VALUES (25, 5) ON CONFLICT DO NOTHING;
INSERT INTO SONGS_GENRES (SONG_ID, GENRE_ID) VALUES (25, 10) ON CONFLICT DO NOTHING;
INSERT INTO COLLECTIONS_SONGS (COLLECTION_ID, SONG_ID, NOMOR_DISC, NOMOR_TRACK) VALUES (25, 25, 1, 14) ON CONFLICT DO NOTHING;
INSERT INTO CREATE_SONGS (ARTIST_ID, SONG_ID) VALUES (21, 25) ON CONFLICT DO NOTHING;
INSERT INTO ARTISTS (ARTIST_ID, ARTIST_NAME, ARTIST_PFP, MONTHLY_LISTENER_COUNT, ARTIST_EMAIL) VALUES (22, 'Benson Boone', 'https://i.scdn.co/image/ab6761610000e5ebb68234e1a673acc3d873d3e6', 7209859, 'contact.22@label.com') ON CONFLICT DO NOTHING;
INSERT INTO COLLECTIONS (COLLECTION_ID, COLLECTION_TITLE, COLLECTION_TYPE, COLLECTION_RELEASE_DATE, COLLECTION_COVER, ISPRERELEASE) VALUES (26, 'Fireworks & Rollerblades', 'Album', '2024-04-05', 'https://i.scdn.co/image/ab67616d0000b273cc04ff3e70e146ba9abacf40', FALSE) ON CONFLICT DO NOTHING;
INSERT INTO RELEASES (ARTIST_ID, COLLECTION_ID) VALUES (22, 26) ON CONFLICT DO NOTHING;
INSERT INTO SONGS (SONG_ID, SONG_TITLE, SONG_DURATION, SONG_FILE, POPULARITY, VALENCE, ACCOUSTICNESS, DANCEABILITY, ENERGY, SONG_RELEASE_DATE) 
                  VALUES (26, 'In The Stars', 216, '/stream/audio_default.mp3', 84, 0.159, 0.608, 0.419, 0.673, '2024-04-05') ON CONFLICT DO NOTHING;
INSERT INTO SONGS_GENRES (SONG_ID, GENRE_ID) VALUES (26, 24) ON CONFLICT DO NOTHING;
INSERT INTO SONGS_GENRES (SONG_ID, GENRE_ID) VALUES (26, 10) ON CONFLICT DO NOTHING;
INSERT INTO COLLECTIONS_SONGS (COLLECTION_ID, SONG_ID, NOMOR_DISC, NOMOR_TRACK) VALUES (26, 26, 1, 7) ON CONFLICT DO NOTHING;
INSERT INTO CREATE_SONGS (ARTIST_ID, SONG_ID) VALUES (22, 26) ON CONFLICT DO NOTHING;
INSERT INTO ARTISTS (ARTIST_ID, ARTIST_NAME, ARTIST_PFP, MONTHLY_LISTENER_COUNT, ARTIST_EMAIL) VALUES (23, 'Billie Eilish', 'https://i.scdn.co/image/ab6761610000e5eb4a21b4760d2ecb7b0dcdc8da', 119716727, 'contact.23@label.com') ON CONFLICT DO NOTHING;
INSERT INTO COLLECTIONS (COLLECTION_ID, COLLECTION_TITLE, COLLECTION_TYPE, COLLECTION_RELEASE_DATE, COLLECTION_COVER, ISPRERELEASE) VALUES (27, 'i love you (Live At The Greek Theatre)', 'Single', '2019-08-12', 'https://i.scdn.co/image/ab6742d3000053b7f064b912a76966d3c064da6e', FALSE) ON CONFLICT DO NOTHING;
INSERT INTO RELEASES (ARTIST_ID, COLLECTION_ID) VALUES (23, 27) ON CONFLICT DO NOTHING;
INSERT INTO SONGS (SONG_ID, SONG_TITLE, SONG_DURATION, SONG_FILE, POPULARITY, VALENCE, ACCOUSTICNESS, DANCEABILITY, ENERGY, SONG_RELEASE_DATE) 
                  VALUES (27, 'i love you - Live At The Greek Theatre', 299, '/stream/audio_default.mp3', 31, 0.387, 0.141, 0.344, 0.786, '2019-08-12') ON CONFLICT DO NOTHING;
INSERT INTO SONGS_GENRES (SONG_ID, GENRE_ID) VALUES (27, 14) ON CONFLICT DO NOTHING;
INSERT INTO SONGS_GENRES (SONG_ID, GENRE_ID) VALUES (27, 1) ON CONFLICT DO NOTHING;
INSERT INTO COLLECTIONS_SONGS (COLLECTION_ID, SONG_ID, NOMOR_DISC, NOMOR_TRACK) VALUES (27, 27, 1, 1) ON CONFLICT DO NOTHING;
INSERT INTO CREATE_SONGS (ARTIST_ID, SONG_ID) VALUES (23, 27) ON CONFLICT DO NOTHING;
INSERT INTO COLLECTIONS (COLLECTION_ID, COLLECTION_TITLE, COLLECTION_TYPE, COLLECTION_RELEASE_DATE, COLLECTION_COVER, ISPRERELEASE) VALUES (28, 'I’m Not The Only One (Live From Jungle City Studios, NY)', 'Single', '2024-08-06', 'https://i.scdn.co/image/ab6742d3000053b7d31866480a5144bee315d888', FALSE) ON CONFLICT DO NOTHING;
INSERT INTO RELEASES (ARTIST_ID, COLLECTION_ID) VALUES (8, 28) ON CONFLICT DO NOTHING;
INSERT INTO SONGS (SONG_ID, SONG_TITLE, SONG_DURATION, SONG_FILE, POPULARITY, VALENCE, ACCOUSTICNESS, DANCEABILITY, ENERGY, SONG_RELEASE_DATE) 
                  VALUES (28, 'I’m Not The Only One - Live From Jungle City Studios, NY', 231, '/stream/audio_default.mp3', 23, 0.411, 0.466, 0.117, 0.897, '2024-08-06') ON CONFLICT DO NOTHING;
INSERT INTO SONGS_GENRES (SONG_ID, GENRE_ID) VALUES (28, 9) ON CONFLICT DO NOTHING;
INSERT INTO COLLECTIONS_SONGS (COLLECTION_ID, SONG_ID, NOMOR_DISC, NOMOR_TRACK) VALUES (28, 28, 1, 1) ON CONFLICT DO NOTHING;
INSERT INTO CREATE_SONGS (ARTIST_ID, SONG_ID) VALUES (8, 28) ON CONFLICT DO NOTHING;
INSERT INTO ARTISTS (ARTIST_ID, ARTIST_NAME, ARTIST_PFP, MONTHLY_LISTENER_COUNT, ARTIST_EMAIL) VALUES (24, 'BTS', 'https://i.scdn.co/image/ab6761610000e5ebd642648235ebf3460d2d1f6a', 81487075, 'contact.24@label.com') ON CONFLICT DO NOTHING;
INSERT INTO GENRES (GENRE_ID, GENRE_NAME) VALUES (27, 'k-pop') ON CONFLICT DO NOTHING;
INSERT INTO COLLECTIONS (COLLECTION_ID, COLLECTION_TITLE, COLLECTION_TYPE, COLLECTION_RELEASE_DATE, COLLECTION_COVER, ISPRERELEASE) VALUES (29, 'IDOL (feat. Nicki Minaj)', 'Single', '2018-09-07', 'https://i.scdn.co/image/ab6742d3000053b79dbc80140da729e739e98acf', FALSE) ON CONFLICT DO NOTHING;
INSERT INTO RELEASES (ARTIST_ID, COLLECTION_ID) VALUES (24, 29) ON CONFLICT DO NOTHING;
INSERT INTO SONGS (SONG_ID, SONG_TITLE, SONG_DURATION, SONG_FILE, POPULARITY, VALENCE, ACCOUSTICNESS, DANCEABILITY, ENERGY, SONG_RELEASE_DATE) 
                  VALUES (29, 'IDOL (feat. Nicki Minaj)', 286, '/stream/audio_default.mp3', 23, 0.373, 0.83, 0.316, 0.195, '2018-09-07') ON CONFLICT DO NOTHING;
INSERT INTO SONGS_GENRES (SONG_ID, GENRE_ID) VALUES (29, 27) ON CONFLICT DO NOTHING;
INSERT INTO COLLECTIONS_SONGS (COLLECTION_ID, SONG_ID, NOMOR_DISC, NOMOR_TRACK) VALUES (29, 29, 1, 1) ON CONFLICT DO NOTHING;
INSERT INTO CREATE_SONGS (ARTIST_ID, SONG_ID) VALUES (24, 29) ON CONFLICT DO NOTHING;
INSERT INTO ARTISTS (ARTIST_ID, ARTIST_NAME, ARTIST_PFP, MONTHLY_LISTENER_COUNT, ARTIST_EMAIL) VALUES (25, 'Post Malone', 'https://i.scdn.co/image/ab6761610000e5ebe17c0aa1714a03d62b5ce4e0', 47836688, 'contact.25@label.com') ON CONFLICT DO NOTHING;
INSERT INTO COLLECTIONS (COLLECTION_ID, COLLECTION_TITLE, COLLECTION_TYPE, COLLECTION_RELEASE_DATE, COLLECTION_COVER, ISPRERELEASE) VALUES (30, 'I Had Some Help', 'Single', '2024-10-04', 'https://i.scdn.co/image/ab6742d3000053b73b6d355eb8ba8a84d938634e', FALSE) ON CONFLICT DO NOTHING;
INSERT INTO RELEASES (ARTIST_ID, COLLECTION_ID) VALUES (25, 30) ON CONFLICT DO NOTHING;
INSERT INTO SONGS (SONG_ID, SONG_TITLE, SONG_DURATION, SONG_FILE, POPULARITY, VALENCE, ACCOUSTICNESS, DANCEABILITY, ENERGY, SONG_RELEASE_DATE) 
                  VALUES (30, 'I Had Some Help - F-1Trillion Album Livestream', 220, '/stream/audio_default.mp3', 24, 0.681, 0.626, 0.235, 0.753, '2024-10-04') ON CONFLICT DO NOTHING;
INSERT INTO SONGS_GENRES (SONG_ID, GENRE_ID) VALUES (30, 19) ON CONFLICT DO NOTHING;
INSERT INTO SONGS_GENRES (SONG_ID, GENRE_ID) VALUES (30, 23) ON CONFLICT DO NOTHING;
INSERT INTO COLLECTIONS_SONGS (COLLECTION_ID, SONG_ID, NOMOR_DISC, NOMOR_TRACK) VALUES (30, 30, 1, 1) ON CONFLICT DO NOTHING;
INSERT INTO CREATE_SONGS (ARTIST_ID, SONG_ID) VALUES (25, 30) ON CONFLICT DO NOTHING;
INSERT INTO COLLECTIONS (COLLECTION_ID, COLLECTION_TITLE, COLLECTION_TYPE, COLLECTION_RELEASE_DATE, COLLECTION_COVER, ISPRERELEASE) VALUES (31, 'idontwannabeyouanymore/lovely (Live from Electric Ballroom)', 'Single', '2023-11-07', 'https://i.scdn.co/image/ab6742d3000053b738cf657d273e81469c86f79f', FALSE) ON CONFLICT DO NOTHING;
INSERT INTO RELEASES (ARTIST_ID, COLLECTION_ID) VALUES (23, 31) ON CONFLICT DO NOTHING;
INSERT INTO SONGS (SONG_ID, SONG_TITLE, SONG_DURATION, SONG_FILE, POPULARITY, VALENCE, ACCOUSTICNESS, DANCEABILITY, ENERGY, SONG_RELEASE_DATE) 
                  VALUES (31, 'idontwannabeyouanymore/lovely - Live from Electric Ballroom', 194, '/stream/audio_default.mp3', 30, 0.429, 0.691, 0.204, 0.509, '2023-11-07') ON CONFLICT DO NOTHING;
INSERT INTO SONGS_GENRES (SONG_ID, GENRE_ID) VALUES (31, 7) ON CONFLICT DO NOTHING;
INSERT INTO SONGS_GENRES (SONG_ID, GENRE_ID) VALUES (31, 9) ON CONFLICT DO NOTHING;
INSERT INTO COLLECTIONS_SONGS (COLLECTION_ID, SONG_ID, NOMOR_DISC, NOMOR_TRACK) VALUES (31, 31, 1, 1) ON CONFLICT DO NOTHING;
INSERT INTO CREATE_SONGS (ARTIST_ID, SONG_ID) VALUES (23, 31) ON CONFLICT DO NOTHING;
INSERT INTO COLLECTIONS (COLLECTION_ID, COLLECTION_TITLE, COLLECTION_TYPE, COLLECTION_RELEASE_DATE, COLLECTION_COVER, ISPRERELEASE) VALUES (32, 'I''m Not The Only One (1 Mic 1 Take At Capitol Studios / In The Lonely Hour 10th Anniversary Edit)', 'Single', '2014-01-01', 'https://i.scdn.co/image/ab6742d3000053b7647cbbe8e6d251d75a3d22b5', FALSE) ON CONFLICT DO NOTHING;
INSERT INTO RELEASES (ARTIST_ID, COLLECTION_ID) VALUES (8, 32) ON CONFLICT DO NOTHING;
INSERT INTO SONGS (SONG_ID, SONG_TITLE, SONG_DURATION, SONG_FILE, POPULARITY, VALENCE, ACCOUSTICNESS, DANCEABILITY, ENERGY, SONG_RELEASE_DATE) 
                  VALUES (32, 'I''m Not The Only One - 1 Mic 1 Take At Capitol Studios / In The Lonely Hour 10th Anniversary Edit', 239, '/stream/audio_default.mp3', 14, 0.202, 0.577, 0.844, 0.05, '2014-01-01') ON CONFLICT DO NOTHING;
INSERT INTO SONGS_GENRES (SONG_ID, GENRE_ID) VALUES (32, 9) ON CONFLICT DO NOTHING;
INSERT INTO COLLECTIONS_SONGS (COLLECTION_ID, SONG_ID, NOMOR_DISC, NOMOR_TRACK) VALUES (32, 32, 1, 1) ON CONFLICT DO NOTHING;
INSERT INTO CREATE_SONGS (ARTIST_ID, SONG_ID) VALUES (8, 32) ON CONFLICT DO NOTHING;
INSERT INTO ARTISTS (ARTIST_ID, ARTIST_NAME, ARTIST_PFP, MONTHLY_LISTENER_COUNT, ARTIST_EMAIL) VALUES (26, 'Sade', 'https://i.scdn.co/image/ab6761610000e5eb92883b0e094a36d2f43ad284', 5200097, 'contact.26@label.com') ON CONFLICT DO NOTHING;
INSERT INTO COLLECTIONS (COLLECTION_ID, COLLECTION_TITLE, COLLECTION_TYPE, COLLECTION_RELEASE_DATE, COLLECTION_COVER, ISPRERELEASE) VALUES (33, 'Is It a Crime (Live 2011)', 'Single', '2012-01-01', 'https://i.scdn.co/image/ab6742d3000053b77cbe913340ad15262008c360', FALSE) ON CONFLICT DO NOTHING;
INSERT INTO RELEASES (ARTIST_ID, COLLECTION_ID) VALUES (26, 33) ON CONFLICT DO NOTHING;
INSERT INTO SONGS (SONG_ID, SONG_TITLE, SONG_DURATION, SONG_FILE, POPULARITY, VALENCE, ACCOUSTICNESS, DANCEABILITY, ENERGY, SONG_RELEASE_DATE) 
                  VALUES (33, 'Is It a Crime - Live 2011', 494, '/stream/audio_default.mp3', 20, 0.141, 0.297, 0.122, 0.052, '2012-01-01') ON CONFLICT DO NOTHING;
INSERT INTO SONGS_GENRES (SONG_ID, GENRE_ID) VALUES (33, 16) ON CONFLICT DO NOTHING;
INSERT INTO SONGS_GENRES (SONG_ID, GENRE_ID) VALUES (33, 7) ON CONFLICT DO NOTHING;
INSERT INTO COLLECTIONS_SONGS (COLLECTION_ID, SONG_ID, NOMOR_DISC, NOMOR_TRACK) VALUES (33, 33, 1, 1) ON CONFLICT DO NOTHING;
INSERT INTO CREATE_SONGS (ARTIST_ID, SONG_ID) VALUES (26, 33) ON CONFLICT DO NOTHING;
INSERT INTO ARTISTS (ARTIST_ID, ARTIST_NAME, ARTIST_PFP, MONTHLY_LISTENER_COUNT, ARTIST_EMAIL) VALUES (27, 'Kygo', 'https://i.scdn.co/image/ab6761610000e5ebe5ea1aa1404629c12ad86658', 8675999, 'contact.27@label.com') ON CONFLICT DO NOTHING;
INSERT INTO GENRES (GENRE_ID, GENRE_NAME) VALUES (28, 'tropical house') ON CONFLICT DO NOTHING;
INSERT INTO COLLECTIONS (COLLECTION_ID, COLLECTION_TITLE, COLLECTION_TYPE, COLLECTION_RELEASE_DATE, COLLECTION_COVER, ISPRERELEASE) VALUES (34, 'It Ain''t Me (Official Audio)', 'Single', '2017-04-24', 'https://i.scdn.co/image/ab6742d3000053b755b0d862c58a56272a2c3f4c', FALSE) ON CONFLICT DO NOTHING;
INSERT INTO RELEASES (ARTIST_ID, COLLECTION_ID) VALUES (27, 34) ON CONFLICT DO NOTHING;
INSERT INTO SONGS (SONG_ID, SONG_TITLE, SONG_DURATION, SONG_FILE, POPULARITY, VALENCE, ACCOUSTICNESS, DANCEABILITY, ENERGY, SONG_RELEASE_DATE) 
                  VALUES (34, 'It Ain''t Me - Official Audio', 240, '/stream/audio_default.mp3', 19, 0.549, 0.401, 0.683, 0.063, '2017-04-24') ON CONFLICT DO NOTHING;
INSERT INTO SONGS_GENRES (SONG_ID, GENRE_ID) VALUES (34, 28) ON CONFLICT DO NOTHING;
INSERT INTO COLLECTIONS_SONGS (COLLECTION_ID, SONG_ID, NOMOR_DISC, NOMOR_TRACK) VALUES (34, 34, 1, 1) ON CONFLICT DO NOTHING;
INSERT INTO CREATE_SONGS (ARTIST_ID, SONG_ID) VALUES (27, 34) ON CONFLICT DO NOTHING;
INSERT INTO ARTISTS (ARTIST_ID, ARTIST_NAME, ARTIST_PFP, MONTHLY_LISTENER_COUNT, ARTIST_EMAIL) VALUES (28, 'Audioslave', 'https://i.scdn.co/image/ab6761610000e5eb5a865295befda9e060a72cb0', 5190700, 'contact.28@label.com') ON CONFLICT DO NOTHING;
INSERT INTO GENRES (GENRE_ID, GENRE_NAME) VALUES (29, 'grunge') ON CONFLICT DO NOTHING;
INSERT INTO GENRES (GENRE_ID, GENRE_NAME) VALUES (30, 'post-grunge') ON CONFLICT DO NOTHING;
INSERT INTO GENRES (GENRE_ID, GENRE_NAME) VALUES (31, 'alternative metal') ON CONFLICT DO NOTHING;
INSERT INTO COLLECTIONS (COLLECTION_ID, COLLECTION_TITLE, COLLECTION_TYPE, COLLECTION_RELEASE_DATE, COLLECTION_COVER, ISPRERELEASE) VALUES (35, 'I Am The Highway (Sessions @ AOL 2003)', 'Single', '2003-01-01', 'https://i.scdn.co/image/ab6742d3000053b700951b19a0c651e996c73d50', FALSE) ON CONFLICT DO NOTHING;
INSERT INTO RELEASES (ARTIST_ID, COLLECTION_ID) VALUES (28, 35) ON CONFLICT DO NOTHING;
INSERT INTO SONGS (SONG_ID, SONG_TITLE, SONG_DURATION, SONG_FILE, POPULARITY, VALENCE, ACCOUSTICNESS, DANCEABILITY, ENERGY, SONG_RELEASE_DATE) 
                  VALUES (35, 'I Am The Highway - Sessions @ AOL 2003', 331, '/stream/audio_default.mp3', 24, 0.761, 0.186, 0.477, 0.121, '2003-01-01') ON CONFLICT DO NOTHING;
INSERT INTO SONGS_GENRES (SONG_ID, GENRE_ID) VALUES (35, 29) ON CONFLICT DO NOTHING;
INSERT INTO SONGS_GENRES (SONG_ID, GENRE_ID) VALUES (35, 30) ON CONFLICT DO NOTHING;
INSERT INTO COLLECTIONS_SONGS (COLLECTION_ID, SONG_ID, NOMOR_DISC, NOMOR_TRACK) VALUES (35, 35, 1, 1) ON CONFLICT DO NOTHING;
INSERT INTO CREATE_SONGS (ARTIST_ID, SONG_ID) VALUES (28, 35) ON CONFLICT DO NOTHING;
INSERT INTO ARTISTS (ARTIST_ID, ARTIST_NAME, ARTIST_PFP, MONTHLY_LISTENER_COUNT, ARTIST_EMAIL) VALUES (29, 'The Chainsmokers', 'https://i.scdn.co/image/ab6761610000e5eb4567279fac84a0375c3d819b', 21410398, 'contact.29@label.com') ON CONFLICT DO NOTHING;
INSERT INTO COLLECTIONS (COLLECTION_ID, COLLECTION_TITLE, COLLECTION_TYPE, COLLECTION_RELEASE_DATE, COLLECTION_COVER, ISPRERELEASE) VALUES (36, 'iPad (Live at SUMMIT at One Vanderbilt)', 'Single', '2022-03-24', 'https://i.scdn.co/image/ab6742d3000053b7920fc469ddb8e2ebecae8732', FALSE) ON CONFLICT DO NOTHING;
INSERT INTO RELEASES (ARTIST_ID, COLLECTION_ID) VALUES (29, 36) ON CONFLICT DO NOTHING;
INSERT INTO SONGS (SONG_ID, SONG_TITLE, SONG_DURATION, SONG_FILE, POPULARITY, VALENCE, ACCOUSTICNESS, DANCEABILITY, ENERGY, SONG_RELEASE_DATE) 
                  VALUES (36, 'iPad - Live at SUMMIT at One Vanderbilt', 221, '/stream/audio_default.mp3', 10, 0.206, 0.913, 0.965, 0.901, '2022-03-24') ON CONFLICT DO NOTHING;
INSERT INTO SONGS_GENRES (SONG_ID, GENRE_ID) VALUES (36, 12) ON CONFLICT DO NOTHING;
INSERT INTO SONGS_GENRES (SONG_ID, GENRE_ID) VALUES (36, 22) ON CONFLICT DO NOTHING;
INSERT INTO COLLECTIONS_SONGS (COLLECTION_ID, SONG_ID, NOMOR_DISC, NOMOR_TRACK) VALUES (36, 36, 1, 1) ON CONFLICT DO NOTHING;
INSERT INTO CREATE_SONGS (ARTIST_ID, SONG_ID) VALUES (29, 36) ON CONFLICT DO NOTHING;
INSERT INTO COLLECTIONS (COLLECTION_ID, COLLECTION_TITLE, COLLECTION_TYPE, COLLECTION_RELEASE_DATE, COLLECTION_COVER, ISPRERELEASE) VALUES (37, 'I NEED U', 'Single', '2015-04-29', 'https://i.scdn.co/image/ab6742d3000053b7400ae3d645773b92cc46c6c4', FALSE) ON CONFLICT DO NOTHING;
INSERT INTO RELEASES (ARTIST_ID, COLLECTION_ID) VALUES (24, 37) ON CONFLICT DO NOTHING;
INSERT INTO SONGS (SONG_ID, SONG_TITLE, SONG_DURATION, SONG_FILE, POPULARITY, VALENCE, ACCOUSTICNESS, DANCEABILITY, ENERGY, SONG_RELEASE_DATE) 
                  VALUES (37, 'I NEED U', 211, '/stream/audio_default.mp3', 21, 0.492, 0.21, 0.981, 0.076, '2015-04-29') ON CONFLICT DO NOTHING;
INSERT INTO SONGS_GENRES (SONG_ID, GENRE_ID) VALUES (37, 27) ON CONFLICT DO NOTHING;
INSERT INTO COLLECTIONS_SONGS (COLLECTION_ID, SONG_ID, NOMOR_DISC, NOMOR_TRACK) VALUES (37, 37, 1, 1) ON CONFLICT DO NOTHING;
INSERT INTO CREATE_SONGS (ARTIST_ID, SONG_ID) VALUES (24, 37) ON CONFLICT DO NOTHING;
INSERT INTO ARTISTS (ARTIST_ID, ARTIST_NAME, ARTIST_PFP, MONTHLY_LISTENER_COUNT, ARTIST_EMAIL) VALUES (30, 'Bruno Mars', 'https://i.scdn.co/image/ab6761610000e5ebc36dd9eb55fb0db4911f25dd', 76205934, 'contact.30@label.com') ON CONFLICT DO NOTHING;
INSERT INTO COLLECTIONS (COLLECTION_ID, COLLECTION_TITLE, COLLECTION_TYPE, COLLECTION_RELEASE_DATE, COLLECTION_COVER, ISPRERELEASE) VALUES (38, 'Unorthodox Jukebox', 'Album', '2012-12-07', 'https://i.scdn.co/image/ab67616d0000b273926f43e7cce571e62720fd46', FALSE) ON CONFLICT DO NOTHING;
INSERT INTO RELEASES (ARTIST_ID, COLLECTION_ID) VALUES (30, 38) ON CONFLICT DO NOTHING;
INSERT INTO SONGS (SONG_ID, SONG_TITLE, SONG_DURATION, SONG_FILE, POPULARITY, VALENCE, ACCOUSTICNESS, DANCEABILITY, ENERGY, SONG_RELEASE_DATE) 
                  VALUES (38, 'When I Was Your Man', 213, '/stream/audio_default.mp3', 88, 0.987, 0.323, 0.949, 0.566, '2012-12-07') ON CONFLICT DO NOTHING;
INSERT INTO SONGS_GENRES (SONG_ID, GENRE_ID) VALUES (38, 16) ON CONFLICT DO NOTHING;
INSERT INTO SONGS_GENRES (SONG_ID, GENRE_ID) VALUES (38, 13) ON CONFLICT DO NOTHING;
INSERT INTO COLLECTIONS_SONGS (COLLECTION_ID, SONG_ID, NOMOR_DISC, NOMOR_TRACK) VALUES (38, 38, 1, 6) ON CONFLICT DO NOTHING;
INSERT INTO CREATE_SONGS (ARTIST_ID, SONG_ID) VALUES (30, 38) ON CONFLICT DO NOTHING;
INSERT INTO ARTISTS (ARTIST_ID, ARTIST_NAME, ARTIST_PFP, MONTHLY_LISTENER_COUNT, ARTIST_EMAIL) VALUES (31, 'Ed Sheeran', 'https://i.scdn.co/image/ab6761610000e5ebd55c95ad400aed87da52daec', 123263017, 'contact.31@label.com') ON CONFLICT DO NOTHING;
INSERT INTO COLLECTIONS (COLLECTION_ID, COLLECTION_TITLE, COLLECTION_TYPE, COLLECTION_RELEASE_DATE, COLLECTION_COVER, ISPRERELEASE) VALUES (39, 'x (Deluxe Edition)', 'Album', '2014-06-21', 'https://i.scdn.co/image/ab67616d0000b27313b3e37318a0c247b550bccd', FALSE) ON CONFLICT DO NOTHING;
INSERT INTO RELEASES (ARTIST_ID, COLLECTION_ID) VALUES (31, 39) ON CONFLICT DO NOTHING;
INSERT INTO SONGS (SONG_ID, SONG_TITLE, SONG_DURATION, SONG_FILE, POPULARITY, VALENCE, ACCOUSTICNESS, DANCEABILITY, ENERGY, SONG_RELEASE_DATE) 
                  VALUES (39, 'Photograph', 258, '/stream/audio_default.mp3', 87, 0.788, 0.326, 0.591, 0.598, '2014-06-21') ON CONFLICT DO NOTHING;
INSERT INTO SONGS_GENRES (SONG_ID, GENRE_ID) VALUES (39, 9) ON CONFLICT DO NOTHING;
INSERT INTO COLLECTIONS_SONGS (COLLECTION_ID, SONG_ID, NOMOR_DISC, NOMOR_TRACK) VALUES (39, 39, 1, 6) ON CONFLICT DO NOTHING;
INSERT INTO CREATE_SONGS (ARTIST_ID, SONG_ID) VALUES (31, 39) ON CONFLICT DO NOTHING;
INSERT INTO ARTISTS (ARTIST_ID, ARTIST_NAME, ARTIST_PFP, MONTHLY_LISTENER_COUNT, ARTIST_EMAIL) VALUES (32, 'Vierra', 'https://i.scdn.co/image/ab6761610000e5ebce05aec92bc5b3e81205ff73', 2488673, 'contact.32@label.com') ON CONFLICT DO NOTHING;
INSERT INTO COLLECTIONS (COLLECTION_ID, COLLECTION_TITLE, COLLECTION_TYPE, COLLECTION_RELEASE_DATE, COLLECTION_COVER, ISPRERELEASE) VALUES (40, 'My First Love', 'Album', '2011-06-01', 'https://i.scdn.co/image/ab67616d0000b273bdc17798be456d9e4ad28dc0', FALSE) ON CONFLICT DO NOTHING;
INSERT INTO RELEASES (ARTIST_ID, COLLECTION_ID) VALUES (32, 40) ON CONFLICT DO NOTHING;
INSERT INTO SONGS (SONG_ID, SONG_TITLE, SONG_DURATION, SONG_FILE, POPULARITY, VALENCE, ACCOUSTICNESS, DANCEABILITY, ENERGY, SONG_RELEASE_DATE) 
                  VALUES (40, 'Rasa ini', 240, '/stream/audio_default.mp3', 75, 0.891, 0.027, 0.046, 0.385, '2011-06-01') ON CONFLICT DO NOTHING;
INSERT INTO SONGS_GENRES (SONG_ID, GENRE_ID) VALUES (40, 7) ON CONFLICT DO NOTHING;
INSERT INTO COLLECTIONS_SONGS (COLLECTION_ID, SONG_ID, NOMOR_DISC, NOMOR_TRACK) VALUES (40, 40, 1, 7) ON CONFLICT DO NOTHING;
INSERT INTO CREATE_SONGS (ARTIST_ID, SONG_ID) VALUES (32, 40) ON CONFLICT DO NOTHING;
INSERT INTO ARTISTS (ARTIST_ID, ARTIST_NAME, ARTIST_PFP, MONTHLY_LISTENER_COUNT, ARTIST_EMAIL) VALUES (33, 'Hindia', 'https://i.scdn.co/image/ab6761610000e5eb8022c4a018990cd93a9ddfe0', 11551080, 'contact.33@label.com') ON CONFLICT DO NOTHING;
INSERT INTO COLLECTIONS (COLLECTION_ID, COLLECTION_TITLE, COLLECTION_TYPE, COLLECTION_RELEASE_DATE, COLLECTION_COVER, ISPRERELEASE) VALUES (41, 'Lagipula Hidup Akan Berakhir', 'Album', '2023-07-21', 'https://i.scdn.co/image/ab67616d0000b27349bdf0e981cbba25d48b44e0', FALSE) ON CONFLICT DO NOTHING;
INSERT INTO RELEASES (ARTIST_ID, COLLECTION_ID) VALUES (33, 41) ON CONFLICT DO NOTHING;
INSERT INTO SONGS (SONG_ID, SONG_TITLE, SONG_DURATION, SONG_FILE, POPULARITY, VALENCE, ACCOUSTICNESS, DANCEABILITY, ENERGY, SONG_RELEASE_DATE) 
                  VALUES (41, 'Berdansalah, Karir Ini Tak Ada Artinya', 224, '/stream/audio_default.mp3', 75, 0.476, 0.476, 0.841, 0.687, '2023-07-21') ON CONFLICT DO NOTHING;
INSERT INTO SONGS_GENRES (SONG_ID, GENRE_ID) VALUES (41, 7) ON CONFLICT DO NOTHING;
INSERT INTO SONGS_GENRES (SONG_ID, GENRE_ID) VALUES (41, 8) ON CONFLICT DO NOTHING;
INSERT INTO COLLECTIONS_SONGS (COLLECTION_ID, SONG_ID, NOMOR_DISC, NOMOR_TRACK) VALUES (41, 41, 2, 12) ON CONFLICT DO NOTHING;
INSERT INTO CREATE_SONGS (ARTIST_ID, SONG_ID) VALUES (33, 41) ON CONFLICT DO NOTHING;
INSERT INTO COLLECTIONS (COLLECTION_ID, COLLECTION_TITLE, COLLECTION_TYPE, COLLECTION_RELEASE_DATE, COLLECTION_COVER, ISPRERELEASE) VALUES (42, 'Menari Dengan Bayangan', 'Album', '2019-11-29', 'https://i.scdn.co/image/ab67616d0000b273d623688488865906052ef96b', FALSE) ON CONFLICT DO NOTHING;
INSERT INTO RELEASES (ARTIST_ID, COLLECTION_ID) VALUES (33, 42) ON CONFLICT DO NOTHING;
INSERT INTO SONGS (SONG_ID, SONG_TITLE, SONG_DURATION, SONG_FILE, POPULARITY, VALENCE, ACCOUSTICNESS, DANCEABILITY, ENERGY, SONG_RELEASE_DATE) 
                  VALUES (42, 'Rumah Ke Rumah', 277, '/stream/audio_default.mp3', 82, 0.48, 0.079, 0.992, 0.048, '2019-11-29') ON CONFLICT DO NOTHING;
INSERT INTO SONGS_GENRES (SONG_ID, GENRE_ID) VALUES (42, 7) ON CONFLICT DO NOTHING;
INSERT INTO SONGS_GENRES (SONG_ID, GENRE_ID) VALUES (42, 8) ON CONFLICT DO NOTHING;
INSERT INTO COLLECTIONS_SONGS (COLLECTION_ID, SONG_ID, NOMOR_DISC, NOMOR_TRACK) VALUES (42, 42, 1, 12) ON CONFLICT DO NOTHING;
INSERT INTO CREATE_SONGS (ARTIST_ID, SONG_ID) VALUES (33, 42) ON CONFLICT DO NOTHING;
INSERT INTO ARTISTS (ARTIST_ID, ARTIST_NAME, ARTIST_PFP, MONTHLY_LISTENER_COUNT, ARTIST_EMAIL) VALUES (34, 'Batas Senja', 'https://i.scdn.co/image/ab6761610000e5eb4c259c9bc85186c2c3b89f84', 1035118, 'contact.34@label.com') ON CONFLICT DO NOTHING;
INSERT INTO COLLECTIONS (COLLECTION_ID, COLLECTION_TITLE, COLLECTION_TYPE, COLLECTION_RELEASE_DATE, COLLECTION_COVER, ISPRERELEASE) VALUES (43, 'Nanti Kita Seperti Ini', 'Single', '2022-09-27', 'https://i.scdn.co/image/ab67616d0000b273c6092bd9b2579479e5fa9891', FALSE) ON CONFLICT DO NOTHING;
INSERT INTO RELEASES (ARTIST_ID, COLLECTION_ID) VALUES (34, 43) ON CONFLICT DO NOTHING;
INSERT INTO SONGS (SONG_ID, SONG_TITLE, SONG_DURATION, SONG_FILE, POPULARITY, VALENCE, ACCOUSTICNESS, DANCEABILITY, ENERGY, SONG_RELEASE_DATE) 
                  VALUES (43, 'Nanti Kita Seperti Ini', 209, '/stream/audio_default.mp3', 80, 0.43, 0.132, 0.106, 0.271, '2022-09-27') ON CONFLICT DO NOTHING;
INSERT INTO SONGS_GENRES (SONG_ID, GENRE_ID) VALUES (43, 7) ON CONFLICT DO NOTHING;
INSERT INTO SONGS_GENRES (SONG_ID, GENRE_ID) VALUES (43, 8) ON CONFLICT DO NOTHING;
INSERT INTO COLLECTIONS_SONGS (COLLECTION_ID, SONG_ID, NOMOR_DISC, NOMOR_TRACK) VALUES (43, 43, 1, 1) ON CONFLICT DO NOTHING;
INSERT INTO CREATE_SONGS (ARTIST_ID, SONG_ID) VALUES (34, 43) ON CONFLICT DO NOTHING;
INSERT INTO ARTISTS (ARTIST_ID, ARTIST_NAME, ARTIST_PFP, MONTHLY_LISTENER_COUNT, ARTIST_EMAIL) VALUES (35, 'NIKI', 'https://i.scdn.co/image/ab6761610000e5eb0654e511623cba4e0e9e2f0c', 8919706, 'contact.35@label.com') ON CONFLICT DO NOTHING;
INSERT INTO GENRES (GENRE_ID, GENRE_NAME) VALUES (32, 'indonesian r&b') ON CONFLICT DO NOTHING;
INSERT INTO COLLECTIONS (COLLECTION_ID, COLLECTION_TITLE, COLLECTION_TYPE, COLLECTION_RELEASE_DATE, COLLECTION_COVER, ISPRERELEASE) VALUES (44, 'You''ll Be In My Heart', 'Single', '2022-09-14', 'https://i.scdn.co/image/ab67616d0000b2737cd329ea4a204a8a47caf3d5', FALSE) ON CONFLICT DO NOTHING;
INSERT INTO RELEASES (ARTIST_ID, COLLECTION_ID) VALUES (35, 44) ON CONFLICT DO NOTHING;
INSERT INTO SONGS (SONG_ID, SONG_TITLE, SONG_DURATION, SONG_FILE, POPULARITY, VALENCE, ACCOUSTICNESS, DANCEABILITY, ENERGY, SONG_RELEASE_DATE) 
                  VALUES (44, 'You''ll Be in My Heart', 241, '/stream/audio_default.mp3', 83, 0.633, 0.627, 0.38, 0.179, '2022-09-14') ON CONFLICT DO NOTHING;
INSERT INTO SONGS_GENRES (SONG_ID, GENRE_ID) VALUES (44, 32) ON CONFLICT DO NOTHING;
INSERT INTO COLLECTIONS_SONGS (COLLECTION_ID, SONG_ID, NOMOR_DISC, NOMOR_TRACK) VALUES (44, 44, 1, 2) ON CONFLICT DO NOTHING;
INSERT INTO CREATE_SONGS (ARTIST_ID, SONG_ID) VALUES (35, 44) ON CONFLICT DO NOTHING;
INSERT INTO ARTISTS (ARTIST_ID, ARTIST_NAME, ARTIST_PFP, MONTHLY_LISTENER_COUNT, ARTIST_EMAIL) VALUES (36, '.Feast', 'https://i.scdn.co/image/ab6761610000e5eb16f030ca05d4d917cdc2eb5e', 5100085, 'contact.36@label.com') ON CONFLICT DO NOTHING;
INSERT INTO COLLECTIONS (COLLECTION_ID, COLLECTION_TITLE, COLLECTION_TYPE, COLLECTION_RELEASE_DATE, COLLECTION_COVER, ISPRERELEASE) VALUES (45, 'Membangun & Menghancurkan', 'Album', '2024-08-30', 'https://i.scdn.co/image/ab67616d0000b273c800b90e2092a5328f699117', FALSE) ON CONFLICT DO NOTHING;
INSERT INTO RELEASES (ARTIST_ID, COLLECTION_ID) VALUES (36, 45) ON CONFLICT DO NOTHING;
INSERT INTO SONGS (SONG_ID, SONG_TITLE, SONG_DURATION, SONG_FILE, POPULARITY, VALENCE, ACCOUSTICNESS, DANCEABILITY, ENERGY, SONG_RELEASE_DATE) 
                  VALUES (45, 'Tarot', 288, '/stream/audio_default.mp3', 84, 0.191, 0.121, 0.213, 0.524, '2024-08-30') ON CONFLICT DO NOTHING;
INSERT INTO SONGS_GENRES (SONG_ID, GENRE_ID) VALUES (45, 15) ON CONFLICT DO NOTHING;
INSERT INTO SONGS_GENRES (SONG_ID, GENRE_ID) VALUES (45, 8) ON CONFLICT DO NOTHING;
INSERT INTO COLLECTIONS_SONGS (COLLECTION_ID, SONG_ID, NOMOR_DISC, NOMOR_TRACK) VALUES (45, 45, 1, 12) ON CONFLICT DO NOTHING;
INSERT INTO CREATE_SONGS (ARTIST_ID, SONG_ID) VALUES (36, 45) ON CONFLICT DO NOTHING;
INSERT INTO ARTISTS (ARTIST_ID, ARTIST_NAME, ARTIST_PFP, MONTHLY_LISTENER_COUNT, ARTIST_EMAIL) VALUES (37, 'Anggi Marito', 'https://i.scdn.co/image/ab6761610000e5eb203050d0cabe72e57c99ce44', 1534425, 'contact.37@label.com') ON CONFLICT DO NOTHING;
INSERT INTO COLLECTIONS (COLLECTION_ID, COLLECTION_TITLE, COLLECTION_TYPE, COLLECTION_RELEASE_DATE, COLLECTION_COVER, ISPRERELEASE) VALUES (46, 'Tak Segampang Itu', 'Single', '2022-12-02', 'https://i.scdn.co/image/ab67616d0000b2732844c4e4e984ea408ab7fd6f', FALSE) ON CONFLICT DO NOTHING;
INSERT INTO RELEASES (ARTIST_ID, COLLECTION_ID) VALUES (37, 46) ON CONFLICT DO NOTHING;
INSERT INTO SONGS (SONG_ID, SONG_TITLE, SONG_DURATION, SONG_FILE, POPULARITY, VALENCE, ACCOUSTICNESS, DANCEABILITY, ENERGY, SONG_RELEASE_DATE) 
                  VALUES (46, 'Tak Segampang Itu', 231, '/stream/audio_default.mp3', 79, 0.553, 0.439, 0.163, 0.253, '2022-12-02') ON CONFLICT DO NOTHING;
INSERT INTO SONGS_GENRES (SONG_ID, GENRE_ID) VALUES (46, 11) ON CONFLICT DO NOTHING;
INSERT INTO SONGS_GENRES (SONG_ID, GENRE_ID) VALUES (46, 7) ON CONFLICT DO NOTHING;
INSERT INTO COLLECTIONS_SONGS (COLLECTION_ID, SONG_ID, NOMOR_DISC, NOMOR_TRACK) VALUES (46, 46, 1, 1) ON CONFLICT DO NOTHING;
INSERT INTO CREATE_SONGS (ARTIST_ID, SONG_ID) VALUES (37, 46) ON CONFLICT DO NOTHING;
INSERT INTO ARTISTS (ARTIST_ID, ARTIST_NAME, ARTIST_PFP, MONTHLY_LISTENER_COUNT, ARTIST_EMAIL) VALUES (38, 'Rizky Febian', 'https://i.scdn.co/image/ab6761610000e5eb6efe5841c8d0cf104c793d90', 7189928, 'contact.38@label.com') ON CONFLICT DO NOTHING;
INSERT INTO GENRES (GENRE_ID, GENRE_NAME) VALUES (33, 'indonesian jazz') ON CONFLICT DO NOTHING;
INSERT INTO COLLECTIONS (COLLECTION_ID, COLLECTION_TITLE, COLLECTION_TYPE, COLLECTION_RELEASE_DATE, COLLECTION_COVER, ISPRERELEASE) VALUES (47, 'Alamak', 'Single', '2025-10-03', 'https://i.scdn.co/image/ab67616d0000b27301b9750a33d771645d7f043a', FALSE) ON CONFLICT DO NOTHING;
INSERT INTO RELEASES (ARTIST_ID, COLLECTION_ID) VALUES (38, 47) ON CONFLICT DO NOTHING;
INSERT INTO SONGS (SONG_ID, SONG_TITLE, SONG_DURATION, SONG_FILE, POPULARITY, VALENCE, ACCOUSTICNESS, DANCEABILITY, ENERGY, SONG_RELEASE_DATE) 
                  VALUES (47, 'Alamak', 209, '/stream/audio_default.mp3', 83, 0.093, 0.904, 0.158, 0.04, '2025-10-03') ON CONFLICT DO NOTHING;
INSERT INTO SONGS_GENRES (SONG_ID, GENRE_ID) VALUES (47, 7) ON CONFLICT DO NOTHING;
INSERT INTO SONGS_GENRES (SONG_ID, GENRE_ID) VALUES (47, 11) ON CONFLICT DO NOTHING;
INSERT INTO COLLECTIONS_SONGS (COLLECTION_ID, SONG_ID, NOMOR_DISC, NOMOR_TRACK) VALUES (47, 47, 1, 1) ON CONFLICT DO NOTHING;
INSERT INTO CREATE_SONGS (ARTIST_ID, SONG_ID) VALUES (38, 47) ON CONFLICT DO NOTHING;
INSERT INTO COLLECTIONS (COLLECTION_ID, COLLECTION_TITLE, COLLECTION_TYPE, COLLECTION_RELEASE_DATE, COLLECTION_COVER, ISPRERELEASE) VALUES (48, 'Lagipula Hidup Akan Berakhir', 'Album', '2023-07-07', 'https://i.scdn.co/image/ab67616d0000b273d58121433ea3e6c4822ac494', FALSE) ON CONFLICT DO NOTHING;
INSERT INTO RELEASES (ARTIST_ID, COLLECTION_ID) VALUES (33, 48) ON CONFLICT DO NOTHING;
INSERT INTO SONGS (SONG_ID, SONG_TITLE, SONG_DURATION, SONG_FILE, POPULARITY, VALENCE, ACCOUSTICNESS, DANCEABILITY, ENERGY, SONG_RELEASE_DATE) 
                  VALUES (48, 'Cincin', 266, '/stream/audio_default.mp3', 83, 0.899, 0.764, 0.124, 0.182, '2023-07-07') ON CONFLICT DO NOTHING;
INSERT INTO SONGS_GENRES (SONG_ID, GENRE_ID) VALUES (48, 8) ON CONFLICT DO NOTHING;
INSERT INTO SONGS_GENRES (SONG_ID, GENRE_ID) VALUES (48, 7) ON CONFLICT DO NOTHING;
INSERT INTO COLLECTIONS_SONGS (COLLECTION_ID, SONG_ID, NOMOR_DISC, NOMOR_TRACK) VALUES (48, 48, 1, 9) ON CONFLICT DO NOTHING;
INSERT INTO CREATE_SONGS (ARTIST_ID, SONG_ID) VALUES (33, 48) ON CONFLICT DO NOTHING;
INSERT INTO ARTISTS (ARTIST_ID, ARTIST_NAME, ARTIST_PFP, MONTHLY_LISTENER_COUNT, ARTIST_EMAIL) VALUES (39, 'Raim Laode', 'https://i.scdn.co/image/ab6761610000e5eb36773c2a7ae7faaedc3daac3', 1772163, 'contact.39@label.com') ON CONFLICT DO NOTHING;
INSERT INTO COLLECTIONS (COLLECTION_ID, COLLECTION_TITLE, COLLECTION_TYPE, COLLECTION_RELEASE_DATE, COLLECTION_COVER, ISPRERELEASE) VALUES (49, 'Lesung Pipi', 'Single', '2023-08-31', 'https://i.scdn.co/image/ab67616d0000b2732605ea6f02168bf5a74c012e', FALSE) ON CONFLICT DO NOTHING;
INSERT INTO RELEASES (ARTIST_ID, COLLECTION_ID) VALUES (39, 49) ON CONFLICT DO NOTHING;
INSERT INTO SONGS (SONG_ID, SONG_TITLE, SONG_DURATION, SONG_FILE, POPULARITY, VALENCE, ACCOUSTICNESS, DANCEABILITY, ENERGY, SONG_RELEASE_DATE) 
                  VALUES (49, 'Lesung Pipi', 225, '/stream/audio_default.mp3', 83, 0.551, 0.422, 0.023, 0.989, '2023-08-31') ON CONFLICT DO NOTHING;
INSERT INTO SONGS_GENRES (SONG_ID, GENRE_ID) VALUES (49, 8) ON CONFLICT DO NOTHING;
INSERT INTO SONGS_GENRES (SONG_ID, GENRE_ID) VALUES (49, 7) ON CONFLICT DO NOTHING;
INSERT INTO COLLECTIONS_SONGS (COLLECTION_ID, SONG_ID, NOMOR_DISC, NOMOR_TRACK) VALUES (49, 49, 1, 1) ON CONFLICT DO NOTHING;
INSERT INTO CREATE_SONGS (ARTIST_ID, SONG_ID) VALUES (39, 49) ON CONFLICT DO NOTHING;
INSERT INTO ARTISTS (ARTIST_ID, ARTIST_NAME, ARTIST_PFP, MONTHLY_LISTENER_COUNT, ARTIST_EMAIL) VALUES (40, 'For Revenge', 'https://i.scdn.co/image/ab6761610000e5eb966755ed50b3f4487621b030', 4566030, 'contact.40@label.com') ON CONFLICT DO NOTHING;
INSERT INTO COLLECTIONS (COLLECTION_ID, COLLECTION_TITLE, COLLECTION_TYPE, COLLECTION_RELEASE_DATE, COLLECTION_COVER, ISPRERELEASE) VALUES (50, 'Perayaan Patah Hati - Babak 1', 'Album', '2022-09-06', 'https://i.scdn.co/image/ab67616d0000b2731e2bf47fcf24c1b5fdfd0d69', FALSE) ON CONFLICT DO NOTHING;
INSERT INTO RELEASES (ARTIST_ID, COLLECTION_ID) VALUES (40, 50) ON CONFLICT DO NOTHING;
INSERT INTO SONGS (SONG_ID, SONG_TITLE, SONG_DURATION, SONG_FILE, POPULARITY, VALENCE, ACCOUSTICNESS, DANCEABILITY, ENERGY, SONG_RELEASE_DATE) 
                  VALUES (50, 'Jakarta Hari Ini', 221, '/stream/audio_default.mp3', 77, 0.93, 0.047, 0.124, 0.19, '2022-09-06') ON CONFLICT DO NOTHING;
INSERT INTO SONGS_GENRES (SONG_ID, GENRE_ID) VALUES (50, 18) ON CONFLICT DO NOTHING;
INSERT INTO SONGS_GENRES (SONG_ID, GENRE_ID) VALUES (50, 8) ON CONFLICT DO NOTHING;
INSERT INTO COLLECTIONS_SONGS (COLLECTION_ID, SONG_ID, NOMOR_DISC, NOMOR_TRACK) VALUES (50, 50, 1, 7) ON CONFLICT DO NOTHING;
INSERT INTO CREATE_SONGS (ARTIST_ID, SONG_ID) VALUES (40, 50) ON CONFLICT DO NOTHING;
INSERT INTO ARTISTS (ARTIST_ID, ARTIST_NAME, ARTIST_PFP, MONTHLY_LISTENER_COUNT, ARTIST_EMAIL) VALUES (41, 'Guns N'' Roses', 'https://i.scdn.co/image/ab6761610000e5eb50defaf9fc059a1efc541f4c', 35487701, 'contact.41@label.com') ON CONFLICT DO NOTHING;
INSERT INTO GENRES (GENRE_ID, GENRE_NAME) VALUES (34, 'rock') ON CONFLICT DO NOTHING;
INSERT INTO GENRES (GENRE_ID, GENRE_NAME) VALUES (35, 'glam metal') ON CONFLICT DO NOTHING;
INSERT INTO GENRES (GENRE_ID, GENRE_NAME) VALUES (36, 'hard rock') ON CONFLICT DO NOTHING;
INSERT INTO GENRES (GENRE_ID, GENRE_NAME) VALUES (37, 'classic rock') ON CONFLICT DO NOTHING;
INSERT INTO COLLECTIONS (COLLECTION_ID, COLLECTION_TITLE, COLLECTION_TYPE, COLLECTION_RELEASE_DATE, COLLECTION_COVER, ISPRERELEASE) VALUES (51, 'Appetite For Destruction', 'Album', '1987-07-21', 'https://i.scdn.co/image/ab67616d0000b27321ebf49b3292c3f0f575f0f5', FALSE) ON CONFLICT DO NOTHING;
INSERT INTO RELEASES (ARTIST_ID, COLLECTION_ID) VALUES (41, 51) ON CONFLICT DO NOTHING;
INSERT INTO SONGS (SONG_ID, SONG_TITLE, SONG_DURATION, SONG_FILE, POPULARITY, VALENCE, ACCOUSTICNESS, DANCEABILITY, ENERGY, SONG_RELEASE_DATE) 
                  VALUES (51, 'Nightrain', 268, '/stream/audio_default.mp3', 68, 0.931, 0.563, 0.734, 0.649, '1987-07-21') ON CONFLICT DO NOTHING;
INSERT INTO SONGS_GENRES (SONG_ID, GENRE_ID) VALUES (51, 35) ON CONFLICT DO NOTHING;
INSERT INTO SONGS_GENRES (SONG_ID, GENRE_ID) VALUES (51, 36) ON CONFLICT DO NOTHING;
INSERT INTO COLLECTIONS_SONGS (COLLECTION_ID, SONG_ID, NOMOR_DISC, NOMOR_TRACK) VALUES (51, 51, 1, 3) ON CONFLICT DO NOTHING;
INSERT INTO CREATE_SONGS (ARTIST_ID, SONG_ID) VALUES (41, 51) ON CONFLICT DO NOTHING;
INSERT INTO ARTISTS (ARTIST_ID, ARTIST_NAME, ARTIST_PFP, MONTHLY_LISTENER_COUNT, ARTIST_EMAIL) VALUES (42, 'keshi', 'https://i.scdn.co/image/ab6761610000e5eb3a0f8f319aeef1aa4115f5e8', 4246381, 'contact.42@label.com') ON CONFLICT DO NOTHING;
INSERT INTO COLLECTIONS (COLLECTION_ID, COLLECTION_TITLE, COLLECTION_TYPE, COLLECTION_RELEASE_DATE, COLLECTION_COVER, ISPRERELEASE) VALUES (52, 'Requiem', 'Album', '2024-09-13', 'https://i.scdn.co/image/ab67616d0000b273617997bc09bb7fa23624eff5', FALSE) ON CONFLICT DO NOTHING;
INSERT INTO RELEASES (ARTIST_ID, COLLECTION_ID) VALUES (42, 52) ON CONFLICT DO NOTHING;
INSERT INTO SONGS (SONG_ID, SONG_TITLE, SONG_DURATION, SONG_FILE, POPULARITY, VALENCE, ACCOUSTICNESS, DANCEABILITY, ENERGY, SONG_RELEASE_DATE) 
                  VALUES (52, 'Night', 179, '/stream/audio_default.mp3', 61, 0.432, 0.34, 0.222, 0.856, '2024-09-13') ON CONFLICT DO NOTHING;
INSERT INTO SONGS_GENRES (SONG_ID, GENRE_ID) VALUES (52, 7) ON CONFLICT DO NOTHING;
INSERT INTO SONGS_GENRES (SONG_ID, GENRE_ID) VALUES (52, 10) ON CONFLICT DO NOTHING;
INSERT INTO COLLECTIONS_SONGS (COLLECTION_ID, SONG_ID, NOMOR_DISC, NOMOR_TRACK) VALUES (52, 52, 1, 3) ON CONFLICT DO NOTHING;
INSERT INTO CREATE_SONGS (ARTIST_ID, SONG_ID) VALUES (42, 52) ON CONFLICT DO NOTHING;
INSERT INTO ARTISTS (ARTIST_ID, ARTIST_NAME, ARTIST_PFP, MONTHLY_LISTENER_COUNT, ARTIST_EMAIL) VALUES (43, 'Lucy Dacus', 'https://i.scdn.co/image/ab6761610000e5eba5a55fb2f2c129da51b7676e', 624884, 'contact.43@label.com') ON CONFLICT DO NOTHING;
INSERT INTO COLLECTIONS (COLLECTION_ID, COLLECTION_TITLE, COLLECTION_TYPE, COLLECTION_RELEASE_DATE, COLLECTION_COVER, ISPRERELEASE) VALUES (53, 'Historian', 'Album', '2018-03-02', 'https://i.scdn.co/image/ab67616d0000b2736c3ce277efb2276dd13991a0', FALSE) ON CONFLICT DO NOTHING;
INSERT INTO RELEASES (ARTIST_ID, COLLECTION_ID) VALUES (43, 53) ON CONFLICT DO NOTHING;
INSERT INTO SONGS (SONG_ID, SONG_TITLE, SONG_DURATION, SONG_FILE, POPULARITY, VALENCE, ACCOUSTICNESS, DANCEABILITY, ENERGY, SONG_RELEASE_DATE) 
                  VALUES (53, 'Night Shift', 391, '/stream/audio_default.mp3', 66, 0.021, 0.022, 0.953, 0.462, '2018-03-02') ON CONFLICT DO NOTHING;
INSERT INTO SONGS_GENRES (SONG_ID, GENRE_ID) VALUES (53, 3) ON CONFLICT DO NOTHING;
INSERT INTO SONGS_GENRES (SONG_ID, GENRE_ID) VALUES (53, 15) ON CONFLICT DO NOTHING;
INSERT INTO COLLECTIONS_SONGS (COLLECTION_ID, SONG_ID, NOMOR_DISC, NOMOR_TRACK) VALUES (53, 53, 1, 1) ON CONFLICT DO NOTHING;
INSERT INTO CREATE_SONGS (ARTIST_ID, SONG_ID) VALUES (43, 53) ON CONFLICT DO NOTHING;
INSERT INTO ARTISTS (ARTIST_ID, ARTIST_NAME, ARTIST_PFP, MONTHLY_LISTENER_COUNT, ARTIST_EMAIL) VALUES (44, 'Jesus Molina', 'https://i.scdn.co/image/ab6761610000e5eb4b60b548af59a1447ea6d8a5', 52534, 'contact.44@label.com') ON CONFLICT DO NOTHING;
INSERT INTO GENRES (GENRE_ID, GENRE_NAME) VALUES (38, 'jazz fusion') ON CONFLICT DO NOTHING;
INSERT INTO GENRES (GENRE_ID, GENRE_NAME) VALUES (39, 'jazz') ON CONFLICT DO NOTHING;
INSERT INTO GENRES (GENRE_ID, GENRE_NAME) VALUES (40, 'bebop') ON CONFLICT DO NOTHING;
INSERT INTO COLLECTIONS (COLLECTION_ID, COLLECTION_TITLE, COLLECTION_TYPE, COLLECTION_RELEASE_DATE, COLLECTION_COVER, ISPRERELEASE) VALUES (54, 'Departing', 'Album', '2020-06-05', 'https://i.scdn.co/image/ab67616d0000b27390ee068042e6372064a1f4c5', FALSE) ON CONFLICT DO NOTHING;
INSERT INTO RELEASES (ARTIST_ID, COLLECTION_ID) VALUES (44, 54) ON CONFLICT DO NOTHING;
INSERT INTO SONGS (SONG_ID, SONG_TITLE, SONG_DURATION, SONG_FILE, POPULARITY, VALENCE, ACCOUSTICNESS, DANCEABILITY, ENERGY, SONG_RELEASE_DATE) 
                  VALUES (54, 'Night in Tunisia', 216, '/stream/audio_default.mp3', 53, 0.395, 0.235, 0.508, 0.237, '2020-06-05') ON CONFLICT DO NOTHING;
INSERT INTO SONGS_GENRES (SONG_ID, GENRE_ID) VALUES (54, 40) ON CONFLICT DO NOTHING;
INSERT INTO SONGS_GENRES (SONG_ID, GENRE_ID) VALUES (54, 39) ON CONFLICT DO NOTHING;
INSERT INTO COLLECTIONS_SONGS (COLLECTION_ID, SONG_ID, NOMOR_DISC, NOMOR_TRACK) VALUES (54, 54, 1, 5) ON CONFLICT DO NOTHING;
INSERT INTO CREATE_SONGS (ARTIST_ID, SONG_ID) VALUES (44, 54) ON CONFLICT DO NOTHING;
INSERT INTO COLLECTIONS (COLLECTION_ID, COLLECTION_TITLE, COLLECTION_TYPE, COLLECTION_RELEASE_DATE, COLLECTION_COVER, ISPRERELEASE) VALUES (55, 'Walk Me Home...', 'Single', '2022-07-29', 'https://i.scdn.co/image/ab67616d0000b2731c7ccf67090592cd6f9f2d16', FALSE) ON CONFLICT DO NOTHING;
INSERT INTO RELEASES (ARTIST_ID, COLLECTION_ID) VALUES (22, 55) ON CONFLICT DO NOTHING;
INSERT INTO SONGS (SONG_ID, SONG_TITLE, SONG_DURATION, SONG_FILE, POPULARITY, VALENCE, ACCOUSTICNESS, DANCEABILITY, ENERGY, SONG_RELEASE_DATE) 
                  VALUES (55, 'NIGHTS LIKE THESE', 172, '/stream/audio_default.mp3', 80, 0.057, 0.225, 0.349, 0.889, '2022-07-29') ON CONFLICT DO NOTHING;
INSERT INTO SONGS_GENRES (SONG_ID, GENRE_ID) VALUES (55, 37) ON CONFLICT DO NOTHING;
INSERT INTO SONGS_GENRES (SONG_ID, GENRE_ID) VALUES (55, 5) ON CONFLICT DO NOTHING;
INSERT INTO COLLECTIONS_SONGS (COLLECTION_ID, SONG_ID, NOMOR_DISC, NOMOR_TRACK) VALUES (55, 55, 1, 5) ON CONFLICT DO NOTHING;
INSERT INTO CREATE_SONGS (ARTIST_ID, SONG_ID) VALUES (22, 55) ON CONFLICT DO NOTHING;
INSERT INTO ARTISTS (ARTIST_ID, ARTIST_NAME, ARTIST_PFP, MONTHLY_LISTENER_COUNT, ARTIST_EMAIL) VALUES (45, 'Kye Thompson', 'https://i.scdn.co/image/ab6761610000e5ebee9ebda3bcd9d4d2a4fe8a94', 6862, 'contact.45@label.com') ON CONFLICT DO NOTHING;
INSERT INTO COLLECTIONS (COLLECTION_ID, COLLECTION_TITLE, COLLECTION_TYPE, COLLECTION_RELEASE_DATE, COLLECTION_COVER, ISPRERELEASE) VALUES (56, 'Night Time', 'Single', '2019-05-15', 'https://i.scdn.co/image/ab67616d0000b27393240e58b1f2fdd96b05b61c', FALSE) ON CONFLICT DO NOTHING;
INSERT INTO RELEASES (ARTIST_ID, COLLECTION_ID) VALUES (45, 56) ON CONFLICT DO NOTHING;
INSERT INTO SONGS (SONG_ID, SONG_TITLE, SONG_DURATION, SONG_FILE, POPULARITY, VALENCE, ACCOUSTICNESS, DANCEABILITY, ENERGY, SONG_RELEASE_DATE) 
                  VALUES (56, 'Night Time', 212, '/stream/audio_default.mp3', 34, 0.655, 0.649, 0.492, 0.3, '2019-05-15') ON CONFLICT DO NOTHING;
INSERT INTO SONGS_GENRES (SONG_ID, GENRE_ID) VALUES (56, 35) ON CONFLICT DO NOTHING;
INSERT INTO SONGS_GENRES (SONG_ID, GENRE_ID) VALUES (56, 19) ON CONFLICT DO NOTHING;
INSERT INTO COLLECTIONS_SONGS (COLLECTION_ID, SONG_ID, NOMOR_DISC, NOMOR_TRACK) VALUES (56, 56, 1, 1) ON CONFLICT DO NOTHING;
INSERT INTO CREATE_SONGS (ARTIST_ID, SONG_ID) VALUES (45, 56) ON CONFLICT DO NOTHING;
INSERT INTO ARTISTS (ARTIST_ID, ARTIST_NAME, ARTIST_PFP, MONTHLY_LISTENER_COUNT, ARTIST_EMAIL) VALUES (46, 'Kavinsky', 'https://i.scdn.co/image/ab6761610000e5eb2dc7b3180bad1885c6ee1320', 1040118, 'contact.46@label.com') ON CONFLICT DO NOTHING;
INSERT INTO GENRES (GENRE_ID, GENRE_NAME) VALUES (41, 'synthwave') ON CONFLICT DO NOTHING;
INSERT INTO GENRES (GENRE_ID, GENRE_NAME) VALUES (42, 'french house') ON CONFLICT DO NOTHING;
INSERT INTO COLLECTIONS (COLLECTION_ID, COLLECTION_TITLE, COLLECTION_TYPE, COLLECTION_RELEASE_DATE, COLLECTION_COVER, ISPRERELEASE) VALUES (57, 'Nightcall', 'Album', '2010-01-01', 'https://i.scdn.co/image/ab67616d0000b273d6d8c2eaa1f9031b62f7a3f7', FALSE) ON CONFLICT DO NOTHING;
INSERT INTO RELEASES (ARTIST_ID, COLLECTION_ID) VALUES (46, 57) ON CONFLICT DO NOTHING;
INSERT INTO SONGS (SONG_ID, SONG_TITLE, SONG_DURATION, SONG_FILE, POPULARITY, VALENCE, ACCOUSTICNESS, DANCEABILITY, ENERGY, SONG_RELEASE_DATE) 
                  VALUES (57, 'Nightcall', 258, '/stream/audio_default.mp3', 75, 0.278, 0.122, 0.912, 0.083, '2010-01-01') ON CONFLICT DO NOTHING;
INSERT INTO SONGS_GENRES (SONG_ID, GENRE_ID) VALUES (57, 41) ON CONFLICT DO NOTHING;
INSERT INTO SONGS_GENRES (SONG_ID, GENRE_ID) VALUES (57, 42) ON CONFLICT DO NOTHING;
INSERT INTO COLLECTIONS_SONGS (COLLECTION_ID, SONG_ID, NOMOR_DISC, NOMOR_TRACK) VALUES (57, 57, 1, 1) ON CONFLICT DO NOTHING;
INSERT INTO CREATE_SONGS (ARTIST_ID, SONG_ID) VALUES (46, 57) ON CONFLICT DO NOTHING;
INSERT INTO ARTISTS (ARTIST_ID, ARTIST_NAME, ARTIST_PFP, MONTHLY_LISTENER_COUNT, ARTIST_EMAIL) VALUES (47, 'fam0uz', 'https://i.scdn.co/image/ab6761610000e5ebf19a3d7d67007fe64b913e9b', 100778, 'contact.47@label.com') ON CONFLICT DO NOTHING;
INSERT INTO GENRES (GENRE_ID, GENRE_NAME) VALUES (43, 'phonk') ON CONFLICT DO NOTHING;
INSERT INTO COLLECTIONS (COLLECTION_ID, COLLECTION_TITLE, COLLECTION_TYPE, COLLECTION_RELEASE_DATE, COLLECTION_COVER, ISPRERELEASE) VALUES (58, 'Nightcrawler', 'Single', '2024-01-24', 'https://i.scdn.co/image/ab67616d0000b27327bf240597f9ee4135af7660', FALSE) ON CONFLICT DO NOTHING;
INSERT INTO RELEASES (ARTIST_ID, COLLECTION_ID) VALUES (47, 58) ON CONFLICT DO NOTHING;
INSERT INTO SONGS (SONG_ID, SONG_TITLE, SONG_DURATION, SONG_FILE, POPULARITY, VALENCE, ACCOUSTICNESS, DANCEABILITY, ENERGY, SONG_RELEASE_DATE) 
                  VALUES (58, 'Nightcrawler - Instrumental Slowed', 75, '/stream/audio_default.mp3', 56, 0.959, 0.234, 0.202, 0.211, '2024-01-24') ON CONFLICT DO NOTHING;
INSERT INTO SONGS_GENRES (SONG_ID, GENRE_ID) VALUES (58, 43) ON CONFLICT DO NOTHING;
INSERT INTO COLLECTIONS_SONGS (COLLECTION_ID, SONG_ID, NOMOR_DISC, NOMOR_TRACK) VALUES (58, 58, 1, 2) ON CONFLICT DO NOTHING;
INSERT INTO CREATE_SONGS (ARTIST_ID, SONG_ID) VALUES (47, 58) ON CONFLICT DO NOTHING;
INSERT INTO ARTISTS (ARTIST_ID, ARTIST_NAME, ARTIST_PFP, MONTHLY_LISTENER_COUNT, ARTIST_EMAIL) VALUES (48, 'Skyline', 'https://i.scdn.co/image/ab6761610000e5ebdfc9d539a6d48fa82c5b7cbf', 44660, 'contact.48@label.com') ON CONFLICT DO NOTHING;
INSERT INTO COLLECTIONS (COLLECTION_ID, COLLECTION_TITLE, COLLECTION_TYPE, COLLECTION_RELEASE_DATE, COLLECTION_COVER, ISPRERELEASE) VALUES (59, 'night shift', 'Single', '2024-01-31', 'https://i.scdn.co/image/ab67616d0000b27388ff5112da4c4150d3bb9ab8', FALSE) ON CONFLICT DO NOTHING;
INSERT INTO RELEASES (ARTIST_ID, COLLECTION_ID) VALUES (48, 59) ON CONFLICT DO NOTHING;
INSERT INTO SONGS (SONG_ID, SONG_TITLE, SONG_DURATION, SONG_FILE, POPULARITY, VALENCE, ACCOUSTICNESS, DANCEABILITY, ENERGY, SONG_RELEASE_DATE) 
                  VALUES (59, 'night shift', 213, '/stream/audio_default.mp3', 43, 0.597, 0.232, 0.211, 0.404, '2024-01-31') ON CONFLICT DO NOTHING;
INSERT INTO SONGS_GENRES (SONG_ID, GENRE_ID) VALUES (59, 15) ON CONFLICT DO NOTHING;
INSERT INTO SONGS_GENRES (SONG_ID, GENRE_ID) VALUES (59, 38) ON CONFLICT DO NOTHING;
INSERT INTO COLLECTIONS_SONGS (COLLECTION_ID, SONG_ID, NOMOR_DISC, NOMOR_TRACK) VALUES (59, 59, 1, 1) ON CONFLICT DO NOTHING;
INSERT INTO CREATE_SONGS (ARTIST_ID, SONG_ID) VALUES (48, 59) ON CONFLICT DO NOTHING;
INSERT INTO ARTISTS (ARTIST_ID, ARTIST_NAME, ARTIST_PFP, MONTHLY_LISTENER_COUNT, ARTIST_EMAIL) VALUES (49, 'Bee Gees', 'https://i.scdn.co/image/1d5a05673975ba0c378cd280344e000b0b865620', 9421696, 'contact.49@label.com') ON CONFLICT DO NOTHING;
INSERT INTO COLLECTIONS (COLLECTION_ID, COLLECTION_TITLE, COLLECTION_TYPE, COLLECTION_RELEASE_DATE, COLLECTION_COVER, ISPRERELEASE) VALUES (60, 'Greatest', 'Compilation', '1979-01-01', 'https://i.scdn.co/image/ab67616d0000b27352038992fc6d7868f31d23b7', FALSE) ON CONFLICT DO NOTHING;
INSERT INTO RELEASES (ARTIST_ID, COLLECTION_ID) VALUES (49, 60) ON CONFLICT DO NOTHING;
INSERT INTO SONGS (SONG_ID, SONG_TITLE, SONG_DURATION, SONG_FILE, POPULARITY, VALENCE, ACCOUSTICNESS, DANCEABILITY, ENERGY, SONG_RELEASE_DATE) 
                  VALUES (60, 'Night Fever - From "Saturday Night Fever" Soundtrack', 212, '/stream/audio_default.mp3', 76, 0.115, 0.983, 0.345, 0.794, '1979-01-01') ON CONFLICT DO NOTHING;
INSERT INTO SONGS_GENRES (SONG_ID, GENRE_ID) VALUES (60, 21) ON CONFLICT DO NOTHING;
INSERT INTO COLLECTIONS_SONGS (COLLECTION_ID, SONG_ID, NOMOR_DISC, NOMOR_TRACK) VALUES (60, 60, 1, 2) ON CONFLICT DO NOTHING;
INSERT INTO CREATE_SONGS (ARTIST_ID, SONG_ID) VALUES (49, 60) ON CONFLICT DO NOTHING;
INSERT INTO ARTISTS (ARTIST_ID, ARTIST_NAME, ARTIST_PFP, MONTHLY_LISTENER_COUNT, ARTIST_EMAIL) VALUES (50, 'Columbia Sur', 'https://i.scdn.co/image/ab6761610000e5ebee3986a29819e958da800ed7', 249, 'contact.50@label.com') ON CONFLICT DO NOTHING;
INSERT INTO COLLECTIONS (COLLECTION_ID, COLLECTION_TITLE, COLLECTION_TYPE, COLLECTION_RELEASE_DATE, COLLECTION_COVER, ISPRERELEASE) VALUES (61, 'Tu Jaane Na x Night Changes', 'Single', '2024-05-01', 'https://i.scdn.co/image/ab67616d0000b2735a9758b1e6c10314a9f94cb8', FALSE) ON CONFLICT DO NOTHING;
INSERT INTO RELEASES (ARTIST_ID, COLLECTION_ID) VALUES (50, 61) ON CONFLICT DO NOTHING;
INSERT INTO SONGS (SONG_ID, SONG_TITLE, SONG_DURATION, SONG_FILE, POPULARITY, VALENCE, ACCOUSTICNESS, DANCEABILITY, ENERGY, SONG_RELEASE_DATE) 
                  VALUES (61, 'Tu Jaane Na x Night Changes', 256, '/stream/audio_default.mp3', 28, 0.792, 0.227, 0.026, 0.17, '2024-05-01') ON CONFLICT DO NOTHING;
INSERT INTO SONGS_GENRES (SONG_ID, GENRE_ID) VALUES (61, 5) ON CONFLICT DO NOTHING;
INSERT INTO SONGS_GENRES (SONG_ID, GENRE_ID) VALUES (61, 10) ON CONFLICT DO NOTHING;
INSERT INTO COLLECTIONS_SONGS (COLLECTION_ID, SONG_ID, NOMOR_DISC, NOMOR_TRACK) VALUES (61, 61, 1, 1) ON CONFLICT DO NOTHING;
INSERT INTO CREATE_SONGS (ARTIST_ID, SONG_ID) VALUES (50, 61) ON CONFLICT DO NOTHING;
INSERT INTO ARTISTS (ARTIST_ID, ARTIST_NAME, ARTIST_PFP, MONTHLY_LISTENER_COUNT, ARTIST_EMAIL) VALUES (51, 'DJ GreyttBlack', 'https://i.scdn.co/image/ab6761610000e5eb337fb334d91ab8a83b6491c3', 21421, 'contact.51@label.com') ON CONFLICT DO NOTHING;
INSERT INTO COLLECTIONS (COLLECTION_ID, COLLECTION_TITLE, COLLECTION_TYPE, COLLECTION_RELEASE_DATE, COLLECTION_COVER, ISPRERELEASE) VALUES (62, 'Night Changes (Sped Up)', 'Single', '2020-06-26', 'https://i.scdn.co/image/ab67616d0000b27301d20f60a9a6691721c08aa6', FALSE) ON CONFLICT DO NOTHING;
INSERT INTO RELEASES (ARTIST_ID, COLLECTION_ID) VALUES (51, 62) ON CONFLICT DO NOTHING;
INSERT INTO SONGS (SONG_ID, SONG_TITLE, SONG_DURATION, SONG_FILE, POPULARITY, VALENCE, ACCOUSTICNESS, DANCEABILITY, ENERGY, SONG_RELEASE_DATE) 
                  VALUES (62, 'Night Changes - Sped Up', 177, '/stream/audio_default.mp3', 53, 0.062, 0.011, 0.152, 0.54, '2020-06-26') ON CONFLICT DO NOTHING;
INSERT INTO SONGS_GENRES (SONG_ID, GENRE_ID) VALUES (62, 22) ON CONFLICT DO NOTHING;
INSERT INTO SONGS_GENRES (SONG_ID, GENRE_ID) VALUES (62, 13) ON CONFLICT DO NOTHING;
INSERT INTO COLLECTIONS_SONGS (COLLECTION_ID, SONG_ID, NOMOR_DISC, NOMOR_TRACK) VALUES (62, 62, 1, 1) ON CONFLICT DO NOTHING;
INSERT INTO CREATE_SONGS (ARTIST_ID, SONG_ID) VALUES (51, 62) ON CONFLICT DO NOTHING;
INSERT INTO ARTISTS (ARTIST_ID, ARTIST_NAME, ARTIST_PFP, MONTHLY_LISTENER_COUNT, ARTIST_EMAIL) VALUES (52, 'Dream Theater', 'https://i.scdn.co/image/ab6761610000e5eb6c2390469c190a49f3926865', 1786443, 'contact.52@label.com') ON CONFLICT DO NOTHING;
INSERT INTO GENRES (GENRE_ID, GENRE_NAME) VALUES (44, 'progressive metal') ON CONFLICT DO NOTHING;
INSERT INTO GENRES (GENRE_ID, GENRE_NAME) VALUES (45, 'progressive rock') ON CONFLICT DO NOTHING;
INSERT INTO GENRES (GENRE_ID, GENRE_NAME) VALUES (46, 'metal') ON CONFLICT DO NOTHING;
INSERT INTO COLLECTIONS (COLLECTION_ID, COLLECTION_TITLE, COLLECTION_TYPE, COLLECTION_RELEASE_DATE, COLLECTION_COVER, ISPRERELEASE) VALUES (63, 'Parasomnia', 'Album', '2025-02-07', 'https://i.scdn.co/image/ab67616d0000b2731ba3cfbc1cabb6f3211744a3', FALSE) ON CONFLICT DO NOTHING;
INSERT INTO RELEASES (ARTIST_ID, COLLECTION_ID) VALUES (52, 63) ON CONFLICT DO NOTHING;
INSERT INTO SONGS (SONG_ID, SONG_TITLE, SONG_DURATION, SONG_FILE, POPULARITY, VALENCE, ACCOUSTICNESS, DANCEABILITY, ENERGY, SONG_RELEASE_DATE) 
                  VALUES (63, 'Night Terror', 595, '/stream/audio_default.mp3', 49, 0.205, 0.399, 0.625, 0.642, '2025-02-07') ON CONFLICT DO NOTHING;
INSERT INTO SONGS_GENRES (SONG_ID, GENRE_ID) VALUES (63, 46) ON CONFLICT DO NOTHING;
INSERT INTO SONGS_GENRES (SONG_ID, GENRE_ID) VALUES (63, 45) ON CONFLICT DO NOTHING;
INSERT INTO COLLECTIONS_SONGS (COLLECTION_ID, SONG_ID, NOMOR_DISC, NOMOR_TRACK) VALUES (63, 63, 1, 2) ON CONFLICT DO NOTHING;
INSERT INTO CREATE_SONGS (ARTIST_ID, SONG_ID) VALUES (52, 63) ON CONFLICT DO NOTHING;
INSERT INTO ARTISTS (ARTIST_ID, ARTIST_NAME, ARTIST_PFP, MONTHLY_LISTENER_COUNT, ARTIST_EMAIL) VALUES (53, 'beabadoobee', 'https://i.scdn.co/image/ab6761610000e5ebe7c6cea0c83857388127fced', 6635453, 'contact.53@label.com') ON CONFLICT DO NOTHING;
INSERT INTO GENRES (GENRE_ID, GENRE_NAME) VALUES (47, 'bedroom pop') ON CONFLICT DO NOTHING;
INSERT INTO COLLECTIONS (COLLECTION_ID, COLLECTION_TITLE, COLLECTION_TYPE, COLLECTION_RELEASE_DATE, COLLECTION_COVER, ISPRERELEASE) VALUES (64, 'A Night To Remember', 'Single', '2023-10-20', 'https://i.scdn.co/image/ab67616d0000b27303ea1900840b8804f779f7b3', FALSE) ON CONFLICT DO NOTHING;
INSERT INTO RELEASES (ARTIST_ID, COLLECTION_ID) VALUES (53, 64) ON CONFLICT DO NOTHING;
INSERT INTO SONGS (SONG_ID, SONG_TITLE, SONG_DURATION, SONG_FILE, POPULARITY, VALENCE, ACCOUSTICNESS, DANCEABILITY, ENERGY, SONG_RELEASE_DATE) 
                  VALUES (64, 'A Night To Remember', 233, '/stream/audio_default.mp3', 77, 0.105, 0.846, 0.355, 0.671, '2023-10-20') ON CONFLICT DO NOTHING;
INSERT INTO SONGS_GENRES (SONG_ID, GENRE_ID) VALUES (64, 47) ON CONFLICT DO NOTHING;
INSERT INTO COLLECTIONS_SONGS (COLLECTION_ID, SONG_ID, NOMOR_DISC, NOMOR_TRACK) VALUES (64, 64, 1, 1) ON CONFLICT DO NOTHING;
INSERT INTO CREATE_SONGS (ARTIST_ID, SONG_ID) VALUES (53, 64) ON CONFLICT DO NOTHING;
INSERT INTO ARTISTS (ARTIST_ID, ARTIST_NAME, ARTIST_PFP, MONTHLY_LISTENER_COUNT, ARTIST_EMAIL) VALUES (54, 'Pierre Thibault', 'https://i.scdn.co/image/ab6761610000e5ebcc18c531049a0e7e1362cc75', 9056, 'contact.54@label.com') ON CONFLICT DO NOTHING;
INSERT INTO COLLECTIONS (COLLECTION_ID, COLLECTION_TITLE, COLLECTION_TYPE, COLLECTION_RELEASE_DATE, COLLECTION_COVER, ISPRERELEASE) VALUES (65, 'Super Bear Adventure: Pierre Music Kit, Vol. 1 (Original Soundtrack)', 'Single', '2024-04-05', 'https://i.scdn.co/image/ab67616d0000b273272539dd1e87e2a6926a8d83', FALSE) ON CONFLICT DO NOTHING;
INSERT INTO RELEASES (ARTIST_ID, COLLECTION_ID) VALUES (54, 65) ON CONFLICT DO NOTHING;
INSERT INTO SONGS (SONG_ID, SONG_TITLE, SONG_DURATION, SONG_FILE, POPULARITY, VALENCE, ACCOUSTICNESS, DANCEABILITY, ENERGY, SONG_RELEASE_DATE) 
                  VALUES (65, 'Night Bear', 175, '/stream/audio_default.mp3', 38, 0.382, 0.15, 0.809, 0.928, '2024-04-05') ON CONFLICT DO NOTHING;
INSERT INTO SONGS_GENRES (SONG_ID, GENRE_ID) VALUES (65, 1) ON CONFLICT DO NOTHING;
INSERT INTO SONGS_GENRES (SONG_ID, GENRE_ID) VALUES (65, 17) ON CONFLICT DO NOTHING;
INSERT INTO COLLECTIONS_SONGS (COLLECTION_ID, SONG_ID, NOMOR_DISC, NOMOR_TRACK) VALUES (65, 65, 1, 1) ON CONFLICT DO NOTHING;
INSERT INTO CREATE_SONGS (ARTIST_ID, SONG_ID) VALUES (54, 65) ON CONFLICT DO NOTHING;
INSERT INTO ARTISTS (ARTIST_ID, ARTIST_NAME, ARTIST_PFP, MONTHLY_LISTENER_COUNT, ARTIST_EMAIL) VALUES (55, 'Tanya Chua', 'https://i.scdn.co/image/ab6761610000e5eb6a0678a926bd4812fb8a4099', 713936, 'contact.55@label.com') ON CONFLICT DO NOTHING;
INSERT INTO GENRES (GENRE_ID, GENRE_NAME) VALUES (48, 'mandopop') ON CONFLICT DO NOTHING;
INSERT INTO GENRES (GENRE_ID, GENRE_NAME) VALUES (49, 'taiwanese pop') ON CONFLICT DO NOTHING;
INSERT INTO GENRES (GENRE_ID, GENRE_NAME) VALUES (50, 'c-pop') ON CONFLICT DO NOTHING;
INSERT INTO COLLECTIONS (COLLECTION_ID, COLLECTION_TITLE, COLLECTION_TYPE, COLLECTION_RELEASE_DATE, COLLECTION_COVER, ISPRERELEASE) VALUES (66, '崩坏3-Onwards (Original Soundtrack)', 'Album', '2018-12-21', 'https://i.scdn.co/image/ab67616d0000b27363bd7dc4537f2bcdb73d3197', FALSE) ON CONFLICT DO NOTHING;
INSERT INTO RELEASES (ARTIST_ID, COLLECTION_ID) VALUES (55, 66) ON CONFLICT DO NOTHING;
INSERT INTO SONGS (SONG_ID, SONG_TITLE, SONG_DURATION, SONG_FILE, POPULARITY, VALENCE, ACCOUSTICNESS, DANCEABILITY, ENERGY, SONG_RELEASE_DATE) 
                  VALUES (66, 'Nightglow - 崩坏3印象曲', 183, '/stream/audio_default.mp3', 46, 0.73, 0.721, 0.856, 0.582, '2018-12-21') ON CONFLICT DO NOTHING;
INSERT INTO SONGS_GENRES (SONG_ID, GENRE_ID) VALUES (66, 48) ON CONFLICT DO NOTHING;
INSERT INTO SONGS_GENRES (SONG_ID, GENRE_ID) VALUES (66, 49) ON CONFLICT DO NOTHING;
INSERT INTO COLLECTIONS_SONGS (COLLECTION_ID, SONG_ID, NOMOR_DISC, NOMOR_TRACK) VALUES (66, 66, 1, 1) ON CONFLICT DO NOTHING;
INSERT INTO CREATE_SONGS (ARTIST_ID, SONG_ID) VALUES (55, 66) ON CONFLICT DO NOTHING;
INSERT INTO ARTISTS (ARTIST_ID, ARTIST_NAME, ARTIST_PFP, MONTHLY_LISTENER_COUNT, ARTIST_EMAIL) VALUES (56, 'Night to Remember', 'https://i.scdn.co/image/ab67616d0000b2731f33576684c47346522a1ef9', 43037, 'contact.56@label.com') ON CONFLICT DO NOTHING;
INSERT INTO COLLECTIONS (COLLECTION_ID, COLLECTION_TITLE, COLLECTION_TYPE, COLLECTION_RELEASE_DATE, COLLECTION_COVER, ISPRERELEASE) VALUES (67, 'Wake Up', 'Album', '2010-08-04', 'https://i.scdn.co/image/ab67616d0000b2731f33576684c47346522a1ef9', FALSE) ON CONFLICT DO NOTHING;
INSERT INTO RELEASES (ARTIST_ID, COLLECTION_ID) VALUES (56, 67) ON CONFLICT DO NOTHING;
INSERT INTO SONGS (SONG_ID, SONG_TITLE, SONG_DURATION, SONG_FILE, POPULARITY, VALENCE, ACCOUSTICNESS, DANCEABILITY, ENERGY, SONG_RELEASE_DATE) 
                  VALUES (67, 'Sorry! (Dirinya Bersamaku)', 257, '/stream/audio_default.mp3', 32, 0.231, 0.475, 0.544, 0.171, '2010-08-04') ON CONFLICT DO NOTHING;
INSERT INTO SONGS_GENRES (SONG_ID, GENRE_ID) VALUES (67, 16) ON CONFLICT DO NOTHING;
INSERT INTO SONGS_GENRES (SONG_ID, GENRE_ID) VALUES (67, 7) ON CONFLICT DO NOTHING;
INSERT INTO COLLECTIONS_SONGS (COLLECTION_ID, SONG_ID, NOMOR_DISC, NOMOR_TRACK) VALUES (67, 67, 1, 3) ON CONFLICT DO NOTHING;
INSERT INTO CREATE_SONGS (ARTIST_ID, SONG_ID) VALUES (56, 67) ON CONFLICT DO NOTHING;
INSERT INTO ARTISTS (ARTIST_ID, ARTIST_NAME, ARTIST_PFP, MONTHLY_LISTENER_COUNT, ARTIST_EMAIL) VALUES (57, 'Jones', 'https://i.scdn.co/image/ab67616d0000b27323ac40bac43dff974fce40ac', 11, 'contact.57@label.com') ON CONFLICT DO NOTHING;
INSERT INTO COLLECTIONS (COLLECTION_ID, COLLECTION_TITLE, COLLECTION_TYPE, COLLECTION_RELEASE_DATE, COLLECTION_COVER, ISPRERELEASE) VALUES (68, 'Night clubbing (Remastered 2024)', 'Single', '2024-09-24', 'https://i.scdn.co/image/ab67616d0000b27323ac40bac43dff974fce40ac', FALSE) ON CONFLICT DO NOTHING;
INSERT INTO RELEASES (ARTIST_ID, COLLECTION_ID) VALUES (57, 68) ON CONFLICT DO NOTHING;
INSERT INTO SONGS (SONG_ID, SONG_TITLE, SONG_DURATION, SONG_FILE, POPULARITY, VALENCE, ACCOUSTICNESS, DANCEABILITY, ENERGY, SONG_RELEASE_DATE) 
                  VALUES (68, 'Night clubbing - Remastered 2024', 68, '/stream/audio_default.mp3', 14, 0.533, 0.356, 0.88, 0.383, '2024-09-24') ON CONFLICT DO NOTHING;
INSERT INTO SONGS_GENRES (SONG_ID, GENRE_ID) VALUES (68, 26) ON CONFLICT DO NOTHING;
INSERT INTO COLLECTIONS_SONGS (COLLECTION_ID, SONG_ID, NOMOR_DISC, NOMOR_TRACK) VALUES (68, 68, 1, 1) ON CONFLICT DO NOTHING;
INSERT INTO CREATE_SONGS (ARTIST_ID, SONG_ID) VALUES (57, 68) ON CONFLICT DO NOTHING;
INSERT INTO ARTISTS (ARTIST_ID, ARTIST_NAME, ARTIST_PFP, MONTHLY_LISTENER_COUNT, ARTIST_EMAIL) VALUES (58, 'One Direction', 'https://i.scdn.co/image/5bb443424a1ad71603c43d67f5af1a04da6bb3c8', 40383535, 'contact.58@label.com') ON CONFLICT DO NOTHING;
INSERT INTO COLLECTIONS (COLLECTION_ID, COLLECTION_TITLE, COLLECTION_TYPE, COLLECTION_RELEASE_DATE, COLLECTION_COVER, ISPRERELEASE) VALUES (69, 'Acoustic - EP', 'Single', '2010-11-29', 'https://i.scdn.co/image/ab67616d0000b2737db6a91139a0ba99110d07d1', FALSE) ON CONFLICT DO NOTHING;
INSERT INTO RELEASES (ARTIST_ID, COLLECTION_ID) VALUES (58, 69) ON CONFLICT DO NOTHING;
INSERT INTO SONGS (SONG_ID, SONG_TITLE, SONG_DURATION, SONG_FILE, POPULARITY, VALENCE, ACCOUSTICNESS, DANCEABILITY, ENERGY, SONG_RELEASE_DATE) 
                  VALUES (69, 'Night Changes - Live Acoustic Session', 221, '/stream/audio_default.mp3', 51, 0.458, 0.017, 0.419, 0.477, '2010-11-29') ON CONFLICT DO NOTHING;
INSERT INTO SONGS_GENRES (SONG_ID, GENRE_ID) VALUES (69, 44) ON CONFLICT DO NOTHING;
INSERT INTO SONGS_GENRES (SONG_ID, GENRE_ID) VALUES (69, 13) ON CONFLICT DO NOTHING;
INSERT INTO COLLECTIONS_SONGS (COLLECTION_ID, SONG_ID, NOMOR_DISC, NOMOR_TRACK) VALUES (69, 69, 1, 4) ON CONFLICT DO NOTHING;
INSERT INTO CREATE_SONGS (ARTIST_ID, SONG_ID) VALUES (58, 69) ON CONFLICT DO NOTHING;
INSERT INTO ARTISTS (ARTIST_ID, ARTIST_NAME, ARTIST_PFP, MONTHLY_LISTENER_COUNT, ARTIST_EMAIL) VALUES (59, 'Laufey', 'https://i.scdn.co/image/ab6761610000e5eb98c2527b85500f68f53084f2', 8703092, 'contact.59@label.com') ON CONFLICT DO NOTHING;
INSERT INTO COLLECTIONS (COLLECTION_ID, COLLECTION_TITLE, COLLECTION_TYPE, COLLECTION_RELEASE_DATE, COLLECTION_COVER, ISPRERELEASE) VALUES (70, 'Everything I Know About Love', 'Album', '2022-08-26', 'https://i.scdn.co/image/ab67616d0000b27348341e864d4b4881f56f01b4', FALSE) ON CONFLICT DO NOTHING;
INSERT INTO RELEASES (ARTIST_ID, COLLECTION_ID) VALUES (59, 70) ON CONFLICT DO NOTHING;
INSERT INTO SONGS (SONG_ID, SONG_TITLE, SONG_DURATION, SONG_FILE, POPULARITY, VALENCE, ACCOUSTICNESS, DANCEABILITY, ENERGY, SONG_RELEASE_DATE) 
                  VALUES (70, 'Night Light', 242, '/stream/audio_default.mp3', 57, 0.252, 0.49, 0.032, 0.699, '2022-08-26') ON CONFLICT DO NOTHING;
INSERT INTO SONGS_GENRES (SONG_ID, GENRE_ID) VALUES (70, 16) ON CONFLICT DO NOTHING;
INSERT INTO SONGS_GENRES (SONG_ID, GENRE_ID) VALUES (70, 31) ON CONFLICT DO NOTHING;
INSERT INTO COLLECTIONS_SONGS (COLLECTION_ID, SONG_ID, NOMOR_DISC, NOMOR_TRACK) VALUES (70, 70, 1, 13) ON CONFLICT DO NOTHING;
INSERT INTO CREATE_SONGS (ARTIST_ID, SONG_ID) VALUES (59, 70) ON CONFLICT DO NOTHING;
INSERT INTO ARTISTS (ARTIST_ID, ARTIST_NAME, ARTIST_PFP, MONTHLY_LISTENER_COUNT, ARTIST_EMAIL) VALUES (60, 'CARA', 'https://i.scdn.co/image/ab6761610000e5eb73173c1cc33bd411dfcf49c9', 4590, 'contact.60@label.com') ON CONFLICT DO NOTHING;
INSERT INTO COLLECTIONS (COLLECTION_ID, COLLECTION_TITLE, COLLECTION_TYPE, COLLECTION_RELEASE_DATE, COLLECTION_COVER, ISPRERELEASE) VALUES (71, 'Night Work (Slowed)', 'Single', '2023-06-19', 'https://i.scdn.co/image/ab67616d0000b27352c7dbccb8a4c0a1c94492d6', FALSE) ON CONFLICT DO NOTHING;
INSERT INTO RELEASES (ARTIST_ID, COLLECTION_ID) VALUES (60, 71) ON CONFLICT DO NOTHING;
INSERT INTO SONGS (SONG_ID, SONG_TITLE, SONG_DURATION, SONG_FILE, POPULARITY, VALENCE, ACCOUSTICNESS, DANCEABILITY, ENERGY, SONG_RELEASE_DATE) 
                  VALUES (71, 'Night Work (Slowed)', 263, '/stream/audio_default.mp3', 43, 0.948, 0.464, 0.223, 0.818, '2023-06-19') ON CONFLICT DO NOTHING;
INSERT INTO SONGS_GENRES (SONG_ID, GENRE_ID) VALUES (71, 3) ON CONFLICT DO NOTHING;
INSERT INTO SONGS_GENRES (SONG_ID, GENRE_ID) VALUES (71, 32) ON CONFLICT DO NOTHING;
INSERT INTO COLLECTIONS_SONGS (COLLECTION_ID, SONG_ID, NOMOR_DISC, NOMOR_TRACK) VALUES (71, 71, 1, 1) ON CONFLICT DO NOTHING;
INSERT INTO CREATE_SONGS (ARTIST_ID, SONG_ID) VALUES (60, 71) ON CONFLICT DO NOTHING;
INSERT INTO ARTISTS (ARTIST_ID, ARTIST_NAME, ARTIST_PFP, MONTHLY_LISTENER_COUNT, ARTIST_EMAIL) VALUES (61, 'Wilee', 'https://i.scdn.co/image/ab6761610000e5eb96fcc0caccedce0c019d7aee', 34835, 'contact.61@label.com') ON CONFLICT DO NOTHING;
INSERT INTO GENRES (GENRE_ID, GENRE_NAME) VALUES (51, 'drift phonk') ON CONFLICT DO NOTHING;
INSERT INTO COLLECTIONS (COLLECTION_ID, COLLECTION_TITLE, COLLECTION_TYPE, COLLECTION_RELEASE_DATE, COLLECTION_COVER, ISPRERELEASE) VALUES (72, 'Night Drive', 'Single', '2022-02-25', 'https://i.scdn.co/image/ab67616d0000b273698ff65d67dabb964e33788d', FALSE) ON CONFLICT DO NOTHING;
INSERT INTO RELEASES (ARTIST_ID, COLLECTION_ID) VALUES (61, 72) ON CONFLICT DO NOTHING;
INSERT INTO SONGS (SONG_ID, SONG_TITLE, SONG_DURATION, SONG_FILE, POPULARITY, VALENCE, ACCOUSTICNESS, DANCEABILITY, ENERGY, SONG_RELEASE_DATE) 
                  VALUES (72, 'Night Drive', 124, '/stream/audio_default.mp3', 59, 0.259, 0.357, 0.596, 0.642, '2022-02-25') ON CONFLICT DO NOTHING;
INSERT INTO SONGS_GENRES (SONG_ID, GENRE_ID) VALUES (72, 51) ON CONFLICT DO NOTHING;
INSERT INTO SONGS_GENRES (SONG_ID, GENRE_ID) VALUES (72, 43) ON CONFLICT DO NOTHING;
INSERT INTO COLLECTIONS_SONGS (COLLECTION_ID, SONG_ID, NOMOR_DISC, NOMOR_TRACK) VALUES (72, 72, 1, 1) ON CONFLICT DO NOTHING;
INSERT INTO CREATE_SONGS (ARTIST_ID, SONG_ID) VALUES (61, 72) ON CONFLICT DO NOTHING;
INSERT INTO ARTISTS (ARTIST_ID, ARTIST_NAME, ARTIST_PFP, MONTHLY_LISTENER_COUNT, ARTIST_EMAIL) VALUES (62, 'The Kid LAROI', 'https://i.scdn.co/image/ab6761610000e5eb47a63ec071646765439ba93a', 6658119, 'contact.62@label.com') ON CONFLICT DO NOTHING;
INSERT INTO COLLECTIONS (COLLECTION_ID, COLLECTION_TITLE, COLLECTION_TYPE, COLLECTION_RELEASE_DATE, COLLECTION_COVER, ISPRERELEASE) VALUES (73, 'THE FIRST TIME (DELUXE VERSION)', 'Album', '2024-08-09', 'https://i.scdn.co/image/ab67616d0000b273a690d2e65a50a742f19939ea', FALSE) ON CONFLICT DO NOTHING;
INSERT INTO RELEASES (ARTIST_ID, COLLECTION_ID) VALUES (62, 73) ON CONFLICT DO NOTHING;
INSERT INTO SONGS (SONG_ID, SONG_TITLE, SONG_DURATION, SONG_FILE, POPULARITY, VALENCE, ACCOUSTICNESS, DANCEABILITY, ENERGY, SONG_RELEASE_DATE) 
                  VALUES (73, 'NIGHTS LIKE THIS PT 2', 166, '/stream/audio_default.mp3', 65, 0.504, 0.143, 0.416, 0.34, '2024-08-09') ON CONFLICT DO NOTHING;
INSERT INTO SONGS_GENRES (SONG_ID, GENRE_ID) VALUES (73, 6) ON CONFLICT DO NOTHING;
INSERT INTO SONGS_GENRES (SONG_ID, GENRE_ID) VALUES (73, 10) ON CONFLICT DO NOTHING;
INSERT INTO COLLECTIONS_SONGS (COLLECTION_ID, SONG_ID, NOMOR_DISC, NOMOR_TRACK) VALUES (73, 73, 1, 4) ON CONFLICT DO NOTHING;
INSERT INTO CREATE_SONGS (ARTIST_ID, SONG_ID) VALUES (62, 73) ON CONFLICT DO NOTHING;
INSERT INTO ARTISTS (ARTIST_ID, ARTIST_NAME, ARTIST_PFP, MONTHLY_LISTENER_COUNT, ARTIST_EMAIL) VALUES (63, 'Avenged Sevenfold', 'https://i.scdn.co/image/ab6761610000e5eb097658d63473ecb243ed4b1f', 11830472, 'contact.63@label.com') ON CONFLICT DO NOTHING;
INSERT INTO COLLECTIONS (COLLECTION_ID, COLLECTION_TITLE, COLLECTION_TYPE, COLLECTION_RELEASE_DATE, COLLECTION_COVER, ISPRERELEASE) VALUES (74, 'Avenged Sevenfold', 'Album', '2007-10-26', 'https://i.scdn.co/image/ab67616d0000b27333c52ca8309741c6999ca742', FALSE) ON CONFLICT DO NOTHING;
INSERT INTO RELEASES (ARTIST_ID, COLLECTION_ID) VALUES (63, 74) ON CONFLICT DO NOTHING;
INSERT INTO SONGS (SONG_ID, SONG_TITLE, SONG_DURATION, SONG_FILE, POPULARITY, VALENCE, ACCOUSTICNESS, DANCEABILITY, ENERGY, SONG_RELEASE_DATE) 
                  VALUES (74, 'Afterlife', 352, '/stream/audio_default.mp3', 74, 0.733, 0.879, 0.351, 0.466, '2007-10-26') ON CONFLICT DO NOTHING;
INSERT INTO SONGS_GENRES (SONG_ID, GENRE_ID) VALUES (74, 46) ON CONFLICT DO NOTHING;
INSERT INTO SONGS_GENRES (SONG_ID, GENRE_ID) VALUES (74, 31) ON CONFLICT DO NOTHING;
INSERT INTO COLLECTIONS_SONGS (COLLECTION_ID, SONG_ID, NOMOR_DISC, NOMOR_TRACK) VALUES (74, 74, 1, 4) ON CONFLICT DO NOTHING;
INSERT INTO CREATE_SONGS (ARTIST_ID, SONG_ID) VALUES (63, 74) ON CONFLICT DO NOTHING;
INSERT INTO ARTISTS (ARTIST_ID, ARTIST_NAME, ARTIST_PFP, MONTHLY_LISTENER_COUNT, ARTIST_EMAIL) VALUES (64, 'Muse', 'https://i.scdn.co/image/ab6761610000e5eba16a11aa5842607c88a8d8a9', 8504451, 'contact.64@label.com') ON CONFLICT DO NOTHING;
INSERT INTO GENRES (GENRE_ID, GENRE_NAME) VALUES (52, 'alternative rock') ON CONFLICT DO NOTHING;
INSERT INTO COLLECTIONS (COLLECTION_ID, COLLECTION_TITLE, COLLECTION_TYPE, COLLECTION_RELEASE_DATE, COLLECTION_COVER, ISPRERELEASE) VALUES (75, 'Black Holes and Revelations', 'Album', '2006-06-28', 'https://i.scdn.co/image/ab67616d0000b27328933b808bfb4cbbd0385400', FALSE) ON CONFLICT DO NOTHING;
INSERT INTO RELEASES (ARTIST_ID, COLLECTION_ID) VALUES (64, 75) ON CONFLICT DO NOTHING;
INSERT INTO SONGS (SONG_ID, SONG_TITLE, SONG_DURATION, SONG_FILE, POPULARITY, VALENCE, ACCOUSTICNESS, DANCEABILITY, ENERGY, SONG_RELEASE_DATE) 
                  VALUES (75, 'Knights of Cydonia', 366, '/stream/audio_default.mp3', 69, 0.941, 0.739, 0.258, 0.173, '2006-06-28') ON CONFLICT DO NOTHING;
INSERT INTO SONGS_GENRES (SONG_ID, GENRE_ID) VALUES (75, 34) ON CONFLICT DO NOTHING;
INSERT INTO SONGS_GENRES (SONG_ID, GENRE_ID) VALUES (75, 52) ON CONFLICT DO NOTHING;
INSERT INTO COLLECTIONS_SONGS (COLLECTION_ID, SONG_ID, NOMOR_DISC, NOMOR_TRACK) VALUES (75, 75, 1, 11) ON CONFLICT DO NOTHING;
INSERT INTO CREATE_SONGS (ARTIST_ID, SONG_ID) VALUES (64, 75) ON CONFLICT DO NOTHING;
INSERT INTO ARTISTS (ARTIST_ID, ARTIST_NAME, ARTIST_PFP, MONTHLY_LISTENER_COUNT, ARTIST_EMAIL) VALUES (65, 'James Arthur', 'https://i.scdn.co/image/ab6761610000e5eb5a55e66595e80fb12dc5f5fa', 20939358, 'contact.65@label.com') ON CONFLICT DO NOTHING;
INSERT INTO COLLECTIONS (COLLECTION_ID, COLLECTION_TITLE, COLLECTION_TYPE, COLLECTION_RELEASE_DATE, COLLECTION_COVER, ISPRERELEASE) VALUES (76, 'The Greatest Showman: Reimagined (Deluxe)', 'Compilation', '2017-12-08', 'https://i.scdn.co/image/ab67616d0000b273c4e9d12d9ccdd7e48d2a0329', FALSE) ON CONFLICT DO NOTHING;
INSERT INTO RELEASES (ARTIST_ID, COLLECTION_ID) VALUES (65, 76) ON CONFLICT DO NOTHING;
INSERT INTO SONGS (SONG_ID, SONG_TITLE, SONG_DURATION, SONG_FILE, POPULARITY, VALENCE, ACCOUSTICNESS, DANCEABILITY, ENERGY, SONG_RELEASE_DATE) 
                  VALUES (76, 'Rewrite The Stars', 218, '/stream/audio_default.mp3', 72, 0.5, 0.133, 0.114, 0.104, '2017-12-08') ON CONFLICT DO NOTHING;
INSERT INTO SONGS_GENRES (SONG_ID, GENRE_ID) VALUES (76, 9) ON CONFLICT DO NOTHING;
INSERT INTO COLLECTIONS_SONGS (COLLECTION_ID, SONG_ID, NOMOR_DISC, NOMOR_TRACK) VALUES (76, 76, 1, 8) ON CONFLICT DO NOTHING;
INSERT INTO CREATE_SONGS (ARTIST_ID, SONG_ID) VALUES (65, 76) ON CONFLICT DO NOTHING;
INSERT INTO ARTISTS (ARTIST_ID, ARTIST_NAME, ARTIST_PFP, MONTHLY_LISTENER_COUNT, ARTIST_EMAIL) VALUES (66, 'Lord Huron', 'https://i.scdn.co/image/ab6761610000e5eb0d4d3bb72e9375017fd94f71', 2195213, 'contact.66@label.com') ON CONFLICT DO NOTHING;
INSERT INTO COLLECTIONS (COLLECTION_ID, COLLECTION_TITLE, COLLECTION_TYPE, COLLECTION_RELEASE_DATE, COLLECTION_COVER, ISPRERELEASE) VALUES (77, 'Strange Trails', 'Album', '2015-04-07', 'https://i.scdn.co/image/ab67616d0000b273b4916183f769aca218acb85f', FALSE) ON CONFLICT DO NOTHING;
INSERT INTO RELEASES (ARTIST_ID, COLLECTION_ID) VALUES (66, 77) ON CONFLICT DO NOTHING;
INSERT INTO SONGS (SONG_ID, SONG_TITLE, SONG_DURATION, SONG_FILE, POPULARITY, VALENCE, ACCOUSTICNESS, DANCEABILITY, ENERGY, SONG_RELEASE_DATE) 
                  VALUES (77, 'The Night We Met', 208, '/stream/audio_default.mp3', 80, 0.367, 0.829, 0.353, 0.122, '2015-04-07') ON CONFLICT DO NOTHING;
INSERT INTO SONGS_GENRES (SONG_ID, GENRE_ID) VALUES (77, 41) ON CONFLICT DO NOTHING;
INSERT INTO SONGS_GENRES (SONG_ID, GENRE_ID) VALUES (77, 43) ON CONFLICT DO NOTHING;
INSERT INTO COLLECTIONS_SONGS (COLLECTION_ID, SONG_ID, NOMOR_DISC, NOMOR_TRACK) VALUES (77, 77, 1, 14) ON CONFLICT DO NOTHING;
INSERT INTO CREATE_SONGS (ARTIST_ID, SONG_ID) VALUES (66, 77) ON CONFLICT DO NOTHING;
INSERT INTO COLLECTIONS (COLLECTION_ID, COLLECTION_TITLE, COLLECTION_TYPE, COLLECTION_RELEASE_DATE, COLLECTION_COVER, ISPRERELEASE) VALUES (78, 'Midnight Memories (Deluxe)', 'Album', '2013-11-25', 'https://i.scdn.co/image/ab67616d0000b2733cf0191cca87a4bc7e34bc4a', FALSE) ON CONFLICT DO NOTHING;
INSERT INTO RELEASES (ARTIST_ID, COLLECTION_ID) VALUES (58, 78) ON CONFLICT DO NOTHING;
INSERT INTO SONGS (SONG_ID, SONG_TITLE, SONG_DURATION, SONG_FILE, POPULARITY, VALENCE, ACCOUSTICNESS, DANCEABILITY, ENERGY, SONG_RELEASE_DATE) 
                  VALUES (78, 'Strong', 184, '/stream/audio_default.mp3', 73, 0.555, 0.863, 0.917, 0.707, '2013-11-25') ON CONFLICT DO NOTHING;
INSERT INTO SONGS_GENRES (SONG_ID, GENRE_ID) VALUES (78, 25) ON CONFLICT DO NOTHING;
INSERT INTO SONGS_GENRES (SONG_ID, GENRE_ID) VALUES (78, 49) ON CONFLICT DO NOTHING;
INSERT INTO COLLECTIONS_SONGS (COLLECTION_ID, SONG_ID, NOMOR_DISC, NOMOR_TRACK) VALUES (78, 78, 1, 7) ON CONFLICT DO NOTHING;
INSERT INTO CREATE_SONGS (ARTIST_ID, SONG_ID) VALUES (58, 78) ON CONFLICT DO NOTHING;
INSERT INTO ARTISTS (ARTIST_ID, ARTIST_NAME, ARTIST_PFP, MONTHLY_LISTENER_COUNT, ARTIST_EMAIL) VALUES (67, 'Henry Moodie', 'https://i.scdn.co/image/ab6761610000e5ebeb112262ba2e60bf90053a02', 838674, 'contact.67@label.com') ON CONFLICT DO NOTHING;
INSERT INTO COLLECTIONS (COLLECTION_ID, COLLECTION_TITLE, COLLECTION_TYPE, COLLECTION_RELEASE_DATE, COLLECTION_COVER, ISPRERELEASE) VALUES (79, 'in all of my lonely nights', 'Single', '2024-01-26', 'https://i.scdn.co/image/ab67616d0000b273db94c82db2d786cd9e03a538', FALSE) ON CONFLICT DO NOTHING;
INSERT INTO RELEASES (ARTIST_ID, COLLECTION_ID) VALUES (67, 79) ON CONFLICT DO NOTHING;
INSERT INTO SONGS (SONG_ID, SONG_TITLE, SONG_DURATION, SONG_FILE, POPULARITY, VALENCE, ACCOUSTICNESS, DANCEABILITY, ENERGY, SONG_RELEASE_DATE) 
                  VALUES (79, 'drunk text', 187, '/stream/audio_default.mp3', 76, 0.749, 0.965, 0.441, 0.573, '2024-01-26') ON CONFLICT DO NOTHING;
INSERT INTO SONGS_GENRES (SONG_ID, GENRE_ID) VALUES (79, 44) ON CONFLICT DO NOTHING;
INSERT INTO SONGS_GENRES (SONG_ID, GENRE_ID) VALUES (79, 42) ON CONFLICT DO NOTHING;
INSERT INTO COLLECTIONS_SONGS (COLLECTION_ID, SONG_ID, NOMOR_DISC, NOMOR_TRACK) VALUES (79, 79, 1, 1) ON CONFLICT DO NOTHING;
INSERT INTO CREATE_SONGS (ARTIST_ID, SONG_ID) VALUES (67, 79) ON CONFLICT DO NOTHING;
INSERT INTO ARTISTS (ARTIST_ID, ARTIST_NAME, ARTIST_PFP, MONTHLY_LISTENER_COUNT, ARTIST_EMAIL) VALUES (68, 'Rod Stewart', 'https://i.scdn.co/image/ab6761610000e5eb876f7ad601fe9a02247b9fb9', 5599626, 'contact.68@label.com') ON CONFLICT DO NOTHING;
INSERT INTO GENRES (GENRE_ID, GENRE_NAME) VALUES (53, 'soft rock') ON CONFLICT DO NOTHING;
INSERT INTO COLLECTIONS (COLLECTION_ID, COLLECTION_TITLE, COLLECTION_TYPE, COLLECTION_RELEASE_DATE, COLLECTION_COVER, ISPRERELEASE) VALUES (80, 'I Don''t Want To Talk About It (feat. Amy Belle) [from One Night Only! Rod Stewart Live at Royal Albert Hall]', 'Single', '2004-01-01', 'https://i.scdn.co/image/ab6742d3000053b78253195215c42c1f0aac4664', FALSE) ON CONFLICT DO NOTHING;
INSERT INTO RELEASES (ARTIST_ID, COLLECTION_ID) VALUES (68, 80) ON CONFLICT DO NOTHING;
INSERT INTO SONGS (SONG_ID, SONG_TITLE, SONG_DURATION, SONG_FILE, POPULARITY, VALENCE, ACCOUSTICNESS, DANCEABILITY, ENERGY, SONG_RELEASE_DATE) 
                  VALUES (80, 'I Don''t Want To Talk About It (feat. Amy Belle) - from One Night Only! Rod Stewart Live at Royal Albert Hall', 269, '/stream/audio_default.mp3', 48, 0.905, 0.683, 0.666, 0.097, '2004-01-01') ON CONFLICT DO NOTHING;
INSERT INTO SONGS_GENRES (SONG_ID, GENRE_ID) VALUES (80, 53) ON CONFLICT DO NOTHING;
INSERT INTO COLLECTIONS_SONGS (COLLECTION_ID, SONG_ID, NOMOR_DISC, NOMOR_TRACK) VALUES (80, 80, 1, 1) ON CONFLICT DO NOTHING;
INSERT INTO CREATE_SONGS (ARTIST_ID, SONG_ID) VALUES (68, 80) ON CONFLICT DO NOTHING;
INSERT INTO ARTISTS (ARTIST_ID, ARTIST_NAME, ARTIST_PFP, MONTHLY_LISTENER_COUNT, ARTIST_EMAIL) VALUES (69, 'LE SSERAFIM', 'https://i.scdn.co/image/ab6761610000e5eb9095683b555d7c16fd3b633f', 8178044, 'contact.69@label.com') ON CONFLICT DO NOTHING;
INSERT INTO COLLECTIONS (COLLECTION_ID, COLLECTION_TITLE, COLLECTION_TYPE, COLLECTION_RELEASE_DATE, COLLECTION_COVER, ISPRERELEASE) VALUES (81, 'Perfect Night', 'Single', '2023-10-27', 'https://i.scdn.co/image/ab67616d0000b273c9af8979e5cb3fe7ecc5e230', FALSE) ON CONFLICT DO NOTHING;
INSERT INTO RELEASES (ARTIST_ID, COLLECTION_ID) VALUES (69, 81) ON CONFLICT DO NOTHING;
INSERT INTO SONGS (SONG_ID, SONG_TITLE, SONG_DURATION, SONG_FILE, POPULARITY, VALENCE, ACCOUSTICNESS, DANCEABILITY, ENERGY, SONG_RELEASE_DATE) 
                  VALUES (81, 'Perfect Night', 159, '/stream/audio_default.mp3', 77, 0.26, 0.844, 0.118, 0.597, '2023-10-27') ON CONFLICT DO NOTHING;
INSERT INTO SONGS_GENRES (SONG_ID, GENRE_ID) VALUES (81, 27) ON CONFLICT DO NOTHING;
INSERT INTO COLLECTIONS_SONGS (COLLECTION_ID, SONG_ID, NOMOR_DISC, NOMOR_TRACK) VALUES (81, 81, 1, 1) ON CONFLICT DO NOTHING;
INSERT INTO CREATE_SONGS (ARTIST_ID, SONG_ID) VALUES (69, 81) ON CONFLICT DO NOTHING;
INSERT INTO ARTISTS (ARTIST_ID, ARTIST_NAME, ARTIST_PFP, MONTHLY_LISTENER_COUNT, ARTIST_EMAIL) VALUES (70, 'NightSoundClouds', 'https://i.scdn.co/image/ab6761610000e5eb6809fafde1a2a54333c2b921', 3549, 'contact.70@label.com') ON CONFLICT DO NOTHING;
INSERT INTO GENRES (GENRE_ID, GENRE_NAME) VALUES (54, 'breakbeat') ON CONFLICT DO NOTHING;
INSERT INTO COLLECTIONS (COLLECTION_ID, COLLECTION_TITLE, COLLECTION_TYPE, COLLECTION_RELEASE_DATE, COLLECTION_COVER, ISPRERELEASE) VALUES (82, 'Aria Freaks Stadium', 'Single', '2024-12-04', 'https://i.scdn.co/image/ab67616d0000b2733a0686a323c2d375e22bf4ad', FALSE) ON CONFLICT DO NOTHING;
INSERT INTO RELEASES (ARTIST_ID, COLLECTION_ID) VALUES (70, 82) ON CONFLICT DO NOTHING;
INSERT INTO SONGS (SONG_ID, SONG_TITLE, SONG_DURATION, SONG_FILE, POPULARITY, VALENCE, ACCOUSTICNESS, DANCEABILITY, ENERGY, SONG_RELEASE_DATE) 
                  VALUES (82, 'Aria Freaks Stadium', 192, '/stream/audio_default.mp3', 62, 0.003, 0.063, 0.987, 0.57, '2024-12-04') ON CONFLICT DO NOTHING;
INSERT INTO SONGS_GENRES (SONG_ID, GENRE_ID) VALUES (82, 26) ON CONFLICT DO NOTHING;
INSERT INTO SONGS_GENRES (SONG_ID, GENRE_ID) VALUES (82, 54) ON CONFLICT DO NOTHING;
INSERT INTO COLLECTIONS_SONGS (COLLECTION_ID, SONG_ID, NOMOR_DISC, NOMOR_TRACK) VALUES (82, 82, 1, 1) ON CONFLICT DO NOTHING;
INSERT INTO CREATE_SONGS (ARTIST_ID, SONG_ID) VALUES (70, 82) ON CONFLICT DO NOTHING;
INSERT INTO COLLECTIONS (COLLECTION_ID, COLLECTION_TITLE, COLLECTION_TYPE, COLLECTION_RELEASE_DATE, COLLECTION_COVER, ISPRERELEASE) VALUES (83, 'Nightmare', 'Album', '2010-07-25', 'https://i.scdn.co/image/ab67616d0000b273c34064a3c5e4a25892a091f3', FALSE) ON CONFLICT DO NOTHING;
INSERT INTO RELEASES (ARTIST_ID, COLLECTION_ID) VALUES (63, 83) ON CONFLICT DO NOTHING;
INSERT INTO SONGS (SONG_ID, SONG_TITLE, SONG_DURATION, SONG_FILE, POPULARITY, VALENCE, ACCOUSTICNESS, DANCEABILITY, ENERGY, SONG_RELEASE_DATE) 
                  VALUES (83, 'So Far Away', 326, '/stream/audio_default.mp3', 71, 0.891, 0.958, 0.695, 0.922, '2010-07-25') ON CONFLICT DO NOTHING;
INSERT INTO SONGS_GENRES (SONG_ID, GENRE_ID) VALUES (83, 31) ON CONFLICT DO NOTHING;
INSERT INTO SONGS_GENRES (SONG_ID, GENRE_ID) VALUES (83, 46) ON CONFLICT DO NOTHING;
INSERT INTO COLLECTIONS_SONGS (COLLECTION_ID, SONG_ID, NOMOR_DISC, NOMOR_TRACK) VALUES (83, 83, 1, 6) ON CONFLICT DO NOTHING;
INSERT INTO CREATE_SONGS (ARTIST_ID, SONG_ID) VALUES (63, 83) ON CONFLICT DO NOTHING;
INSERT INTO COLLECTIONS (COLLECTION_ID, COLLECTION_TITLE, COLLECTION_TYPE, COLLECTION_RELEASE_DATE, COLLECTION_COVER, ISPRERELEASE) VALUES (84, 'The Night We Met', 'Single', '2015-02-10', 'https://i.scdn.co/image/ab67616d0000b273b422a8058999f84dac00f046', FALSE) ON CONFLICT DO NOTHING;
INSERT INTO RELEASES (ARTIST_ID, COLLECTION_ID) VALUES (66, 84) ON CONFLICT DO NOTHING;
INSERT INTO SONGS (SONG_ID, SONG_TITLE, SONG_DURATION, SONG_FILE, POPULARITY, VALENCE, ACCOUSTICNESS, DANCEABILITY, ENERGY, SONG_RELEASE_DATE) 
                  VALUES (84, 'The Night We Met', 208, '/stream/audio_default.mp3', 60, 0.747, 0.227, 0.066, 0.295, '2015-02-10') ON CONFLICT DO NOTHING;
INSERT INTO SONGS_GENRES (SONG_ID, GENRE_ID) VALUES (84, 18) ON CONFLICT DO NOTHING;
INSERT INTO SONGS_GENRES (SONG_ID, GENRE_ID) VALUES (84, 49) ON CONFLICT DO NOTHING;
INSERT INTO COLLECTIONS_SONGS (COLLECTION_ID, SONG_ID, NOMOR_DISC, NOMOR_TRACK) VALUES (84, 84, 1, 1) ON CONFLICT DO NOTHING;
INSERT INTO CREATE_SONGS (ARTIST_ID, SONG_ID) VALUES (66, 84) ON CONFLICT DO NOTHING;
INSERT INTO ARTISTS (ARTIST_ID, ARTIST_NAME, ARTIST_PFP, MONTHLY_LISTENER_COUNT, ARTIST_EMAIL) VALUES (71, 'Deva Pratama', 'https://i.scdn.co/image/ab67616d0000b2738d442e7544b79aba51f28ca3', 407, 'contact.71@label.com') ON CONFLICT DO NOTHING;
INSERT INTO COLLECTIONS (COLLECTION_ID, COLLECTION_TITLE, COLLECTION_TYPE, COLLECTION_RELEASE_DATE, COLLECTION_COVER, ISPRERELEASE) VALUES (85, 'All Night You', 'Single', '2024-08-12', 'https://i.scdn.co/image/ab67616d0000b2738d442e7544b79aba51f28ca3', FALSE) ON CONFLICT DO NOTHING;
INSERT INTO RELEASES (ARTIST_ID, COLLECTION_ID) VALUES (71, 85) ON CONFLICT DO NOTHING;
INSERT INTO SONGS (SONG_ID, SONG_TITLE, SONG_DURATION, SONG_FILE, POPULARITY, VALENCE, ACCOUSTICNESS, DANCEABILITY, ENERGY, SONG_RELEASE_DATE) 
                  VALUES (85, 'All Night You', 171, '/stream/audio_default.mp3', 60, 0.294, 0.925, 0.76, 0.506, '2024-08-12') ON CONFLICT DO NOTHING;
INSERT INTO SONGS_GENRES (SONG_ID, GENRE_ID) VALUES (85, 26) ON CONFLICT DO NOTHING;
INSERT INTO SONGS_GENRES (SONG_ID, GENRE_ID) VALUES (85, 25) ON CONFLICT DO NOTHING;
INSERT INTO COLLECTIONS_SONGS (COLLECTION_ID, SONG_ID, NOMOR_DISC, NOMOR_TRACK) VALUES (85, 85, 1, 1) ON CONFLICT DO NOTHING;
INSERT INTO CREATE_SONGS (ARTIST_ID, SONG_ID) VALUES (71, 85) ON CONFLICT DO NOTHING;
INSERT INTO ARTISTS (ARTIST_ID, ARTIST_NAME, ARTIST_PFP, MONTHLY_LISTENER_COUNT, ARTIST_EMAIL) VALUES (72, 'Katy Perry', 'https://i.scdn.co/image/ab6761610000e5eb4be5330bd48527f9dd620663', 38646403, 'contact.72@label.com') ON CONFLICT DO NOTHING;
INSERT INTO COLLECTIONS (COLLECTION_ID, COLLECTION_TITLE, COLLECTION_TYPE, COLLECTION_RELEASE_DATE, COLLECTION_COVER, ISPRERELEASE) VALUES (86, 'Teenage Dream', 'Album', '2010-01-01', 'https://i.scdn.co/image/ab67616d0000b2731d955011a3ed477dc77865ad', FALSE) ON CONFLICT DO NOTHING;
INSERT INTO RELEASES (ARTIST_ID, COLLECTION_ID) VALUES (72, 86) ON CONFLICT DO NOTHING;
INSERT INTO SONGS (SONG_ID, SONG_TITLE, SONG_DURATION, SONG_FILE, POPULARITY, VALENCE, ACCOUSTICNESS, DANCEABILITY, ENERGY, SONG_RELEASE_DATE) 
                  VALUES (86, 'Last Friday Night (T.G.I.F.)', 230, '/stream/audio_default.mp3', 78, 0.263, 0.556, 0.583, 0.389, '2010-01-01') ON CONFLICT DO NOTHING;
INSERT INTO SONGS_GENRES (SONG_ID, GENRE_ID) VALUES (86, 4) ON CONFLICT DO NOTHING;
INSERT INTO COLLECTIONS_SONGS (COLLECTION_ID, SONG_ID, NOMOR_DISC, NOMOR_TRACK) VALUES (86, 86, 1, 2) ON CONFLICT DO NOTHING;
INSERT INTO CREATE_SONGS (ARTIST_ID, SONG_ID) VALUES (72, 86) ON CONFLICT DO NOTHING;
INSERT INTO COLLECTIONS (COLLECTION_ID, COLLECTION_TITLE, COLLECTION_TYPE, COLLECTION_RELEASE_DATE, COLLECTION_COVER, ISPRERELEASE) VALUES (87, 'Nightmare', 'Album', '2010-07-25', 'https://i.scdn.co/image/ab67616d0000b2738b83ab2ca2c034de5bcaa634', FALSE) ON CONFLICT DO NOTHING;
INSERT INTO RELEASES (ARTIST_ID, COLLECTION_ID) VALUES (63, 87) ON CONFLICT DO NOTHING;
INSERT INTO SONGS (SONG_ID, SONG_TITLE, SONG_DURATION, SONG_FILE, POPULARITY, VALENCE, ACCOUSTICNESS, DANCEABILITY, ENERGY, SONG_RELEASE_DATE) 
                  VALUES (87, 'So Far Away', 326, '/stream/audio_default.mp3', 61, 0.793, 0.574, 0.606, 0.243, '2010-07-25') ON CONFLICT DO NOTHING;
INSERT INTO SONGS_GENRES (SONG_ID, GENRE_ID) VALUES (87, 31) ON CONFLICT DO NOTHING;
INSERT INTO SONGS_GENRES (SONG_ID, GENRE_ID) VALUES (87, 46) ON CONFLICT DO NOTHING;
INSERT INTO COLLECTIONS_SONGS (COLLECTION_ID, SONG_ID, NOMOR_DISC, NOMOR_TRACK) VALUES (87, 87, 1, 6) ON CONFLICT DO NOTHING;
INSERT INTO CREATE_SONGS (ARTIST_ID, SONG_ID) VALUES (63, 87) ON CONFLICT DO NOTHING;
INSERT INTO ARTISTS (ARTIST_ID, ARTIST_NAME, ARTIST_PFP, MONTHLY_LISTENER_COUNT, ARTIST_EMAIL) VALUES (73, 'Imagine Dragons', 'https://i.scdn.co/image/ab6761610000e5ebab47d8dae2b24f5afe7f9d38', 58554322, 'contact.73@label.com') ON CONFLICT DO NOTHING;
INSERT INTO COLLECTIONS (COLLECTION_ID, COLLECTION_TITLE, COLLECTION_TYPE, COLLECTION_RELEASE_DATE, COLLECTION_COVER, ISPRERELEASE) VALUES (88, 'Night Visions', 'Album', '2012-09-04', 'https://i.scdn.co/image/ab67616d0000b273407bd04707c463bbb3410737', FALSE) ON CONFLICT DO NOTHING;
INSERT INTO RELEASES (ARTIST_ID, COLLECTION_ID) VALUES (73, 88) ON CONFLICT DO NOTHING;
INSERT INTO SONGS (SONG_ID, SONG_TITLE, SONG_DURATION, SONG_FILE, POPULARITY, VALENCE, ACCOUSTICNESS, DANCEABILITY, ENERGY, SONG_RELEASE_DATE) 
                  VALUES (88, 'Demons', 177, '/stream/audio_default.mp3', 84, 0.896, 0.021, 0.816, 0.374, '2012-09-04') ON CONFLICT DO NOTHING;
INSERT INTO SONGS_GENRES (SONG_ID, GENRE_ID) VALUES (88, 14) ON CONFLICT DO NOTHING;
INSERT INTO SONGS_GENRES (SONG_ID, GENRE_ID) VALUES (88, 37) ON CONFLICT DO NOTHING;
INSERT INTO COLLECTIONS_SONGS (COLLECTION_ID, SONG_ID, NOMOR_DISC, NOMOR_TRACK) VALUES (88, 88, 1, 4) ON CONFLICT DO NOTHING;
INSERT INTO CREATE_SONGS (ARTIST_ID, SONG_ID) VALUES (73, 88) ON CONFLICT DO NOTHING;
INSERT INTO ARTISTS (ARTIST_ID, ARTIST_NAME, ARTIST_PFP, MONTHLY_LISTENER_COUNT, ARTIST_EMAIL) VALUES (74, 'Maroon 5', 'https://i.scdn.co/image/ab6761610000e5ebf8349dfb619a7f842242de77', 46006429, 'contact.74@label.com') ON CONFLICT DO NOTHING;
INSERT INTO COLLECTIONS (COLLECTION_ID, COLLECTION_TITLE, COLLECTION_TYPE, COLLECTION_RELEASE_DATE, COLLECTION_COVER, ISPRERELEASE) VALUES (89, 'Overexposed Track By Track', 'Album', '2012-01-01', 'https://i.scdn.co/image/ab67616d0000b273fc8633e22a7dba6aab817bff', FALSE) ON CONFLICT DO NOTHING;
INSERT INTO RELEASES (ARTIST_ID, COLLECTION_ID) VALUES (74, 89) ON CONFLICT DO NOTHING;
INSERT INTO SONGS (SONG_ID, SONG_TITLE, SONG_DURATION, SONG_FILE, POPULARITY, VALENCE, ACCOUSTICNESS, DANCEABILITY, ENERGY, SONG_RELEASE_DATE) 
                  VALUES (89, 'One More Night', 219, '/stream/audio_default.mp3', 81, 0.617, 0.981, 0.543, 0.265, '2012-01-01') ON CONFLICT DO NOTHING;
INSERT INTO SONGS_GENRES (SONG_ID, GENRE_ID) VALUES (89, 4) ON CONFLICT DO NOTHING;
INSERT INTO COLLECTIONS_SONGS (COLLECTION_ID, SONG_ID, NOMOR_DISC, NOMOR_TRACK) VALUES (89, 89, 1, 2) ON CONFLICT DO NOTHING;
INSERT INTO CREATE_SONGS (ARTIST_ID, SONG_ID) VALUES (74, 89) ON CONFLICT DO NOTHING;
INSERT INTO ARTISTS (ARTIST_ID, ARTIST_NAME, ARTIST_PFP, MONTHLY_LISTENER_COUNT, ARTIST_EMAIL) VALUES (75, 'Carrie Underwood', 'https://i.scdn.co/image/ab6761610000e5eb44ebad015b420333513354ce', 6133376, 'contact.75@label.com') ON CONFLICT DO NOTHING;
INSERT INTO GENRES (GENRE_ID, GENRE_NAME) VALUES (55, 'country') ON CONFLICT DO NOTHING;
INSERT INTO COLLECTIONS (COLLECTION_ID, COLLECTION_TITLE, COLLECTION_TYPE, COLLECTION_RELEASE_DATE, COLLECTION_COVER, ISPRERELEASE) VALUES (90, 'O Holy Night (Live From Carols In The Domain, 2021)', 'Single', '2021-12-23', 'https://i.scdn.co/image/ab6742d3000053b705c2c1743a642f888c0b19fd', FALSE) ON CONFLICT DO NOTHING;
INSERT INTO RELEASES (ARTIST_ID, COLLECTION_ID) VALUES (75, 90) ON CONFLICT DO NOTHING;
INSERT INTO SONGS (SONG_ID, SONG_TITLE, SONG_DURATION, SONG_FILE, POPULARITY, VALENCE, ACCOUSTICNESS, DANCEABILITY, ENERGY, SONG_RELEASE_DATE) 
                  VALUES (90, 'O Holy Night - Live From Carols In The Domain, 2021', 282, '/stream/audio_default.mp3', 7, 0.037, 0.664, 0.939, 0.718, '2021-12-23') ON CONFLICT DO NOTHING;
INSERT INTO SONGS_GENRES (SONG_ID, GENRE_ID) VALUES (90, 55) ON CONFLICT DO NOTHING;
INSERT INTO COLLECTIONS_SONGS (COLLECTION_ID, SONG_ID, NOMOR_DISC, NOMOR_TRACK) VALUES (90, 90, 1, 1) ON CONFLICT DO NOTHING;
INSERT INTO CREATE_SONGS (ARTIST_ID, SONG_ID) VALUES (75, 90) ON CONFLICT DO NOTHING;
INSERT INTO ARTISTS (ARTIST_ID, ARTIST_NAME, ARTIST_PFP, MONTHLY_LISTENER_COUNT, ARTIST_EMAIL) VALUES (76, 'Bill & Gloria Gaither', 'https://i.scdn.co/image/ab6761610000e5eb1a6289dc19b5f9899f46cfbc', 96065, 'contact.76@label.com') ON CONFLICT DO NOTHING;
INSERT INTO GENRES (GENRE_ID, GENRE_NAME) VALUES (56, 'southern gospel') ON CONFLICT DO NOTHING;
INSERT INTO GENRES (GENRE_ID, GENRE_NAME) VALUES (57, 'christian country') ON CONFLICT DO NOTHING;
INSERT INTO GENRES (GENRE_ID, GENRE_NAME) VALUES (58, 'gospel') ON CONFLICT DO NOTHING;
INSERT INTO COLLECTIONS (COLLECTION_ID, COLLECTION_TITLE, COLLECTION_TYPE, COLLECTION_RELEASE_DATE, COLLECTION_COVER, ISPRERELEASE) VALUES (91, 'Silent Night, Holy Night (Live)', 'Single', '2012-01-01', 'https://i.scdn.co/image/ab6742d3000053b7173bb55a8e347bea3e1bad98', FALSE) ON CONFLICT DO NOTHING;
INSERT INTO RELEASES (ARTIST_ID, COLLECTION_ID) VALUES (76, 91) ON CONFLICT DO NOTHING;
INSERT INTO SONGS (SONG_ID, SONG_TITLE, SONG_DURATION, SONG_FILE, POPULARITY, VALENCE, ACCOUSTICNESS, DANCEABILITY, ENERGY, SONG_RELEASE_DATE) 
                  VALUES (91, 'Silent Night, Holy Night - Live', 190, '/stream/audio_default.mp3', 0, 0.176, 0.313, 0.573, 0.107, '2012-01-01') ON CONFLICT DO NOTHING;
INSERT INTO SONGS_GENRES (SONG_ID, GENRE_ID) VALUES (91, 58) ON CONFLICT DO NOTHING;
INSERT INTO SONGS_GENRES (SONG_ID, GENRE_ID) VALUES (91, 56) ON CONFLICT DO NOTHING;
INSERT INTO COLLECTIONS_SONGS (COLLECTION_ID, SONG_ID, NOMOR_DISC, NOMOR_TRACK) VALUES (91, 91, 1, 1) ON CONFLICT DO NOTHING;
INSERT INTO CREATE_SONGS (ARTIST_ID, SONG_ID) VALUES (76, 91) ON CONFLICT DO NOTHING;
INSERT INTO ARTISTS (ARTIST_ID, ARTIST_NAME, ARTIST_PFP, MONTHLY_LISTENER_COUNT, ARTIST_EMAIL) VALUES (77, 'Deep Purple', 'https://i.scdn.co/image/ab6761610000e5eb3a475812e97ee788cfd5fd1a', 6013341, 'contact.77@label.com') ON CONFLICT DO NOTHING;
INSERT INTO COLLECTIONS (COLLECTION_ID, COLLECTION_TITLE, COLLECTION_TYPE, COLLECTION_RELEASE_DATE, COLLECTION_COVER, ISPRERELEASE) VALUES (92, 'Black Night (from Come Hell or High Water)', 'Single', '1994-01-01', 'https://i.scdn.co/image/ab6742d3000053b7a2a7f8239191586e44151073', FALSE) ON CONFLICT DO NOTHING;
INSERT INTO RELEASES (ARTIST_ID, COLLECTION_ID) VALUES (77, 92) ON CONFLICT DO NOTHING;
INSERT INTO SONGS (SONG_ID, SONG_TITLE, SONG_DURATION, SONG_FILE, POPULARITY, VALENCE, ACCOUSTICNESS, DANCEABILITY, ENERGY, SONG_RELEASE_DATE) 
                  VALUES (92, 'Black Night - from Come Hell or High Water', 290, '/stream/audio_default.mp3', 6, 0.963, 0.247, 0.029, 0.13, '1994-01-01') ON CONFLICT DO NOTHING;
INSERT INTO SONGS_GENRES (SONG_ID, GENRE_ID) VALUES (92, 34) ON CONFLICT DO NOTHING;
INSERT INTO SONGS_GENRES (SONG_ID, GENRE_ID) VALUES (92, 37) ON CONFLICT DO NOTHING;
INSERT INTO COLLECTIONS_SONGS (COLLECTION_ID, SONG_ID, NOMOR_DISC, NOMOR_TRACK) VALUES (92, 92, 1, 1) ON CONFLICT DO NOTHING;
INSERT INTO CREATE_SONGS (ARTIST_ID, SONG_ID) VALUES (77, 92) ON CONFLICT DO NOTHING;
INSERT INTO ARTISTS (ARTIST_ID, ARTIST_NAME, ARTIST_PFP, MONTHLY_LISTENER_COUNT, ARTIST_EMAIL) VALUES (78, 'Dire Straits', 'https://i.scdn.co/image/ab6761610000e5eb4bdaa8c5e65b64f50549c393', 8923021, 'contact.78@label.com') ON CONFLICT DO NOTHING;
INSERT INTO COLLECTIONS (COLLECTION_ID, COLLECTION_TITLE, COLLECTION_TYPE, COLLECTION_RELEASE_DATE, COLLECTION_COVER, ISPRERELEASE) VALUES (93, 'Romeo & Juliet (On The Night / Live In Rotterdam, Netherlands / 31st May 1992)', 'Single', '1993-01-01', 'https://i.scdn.co/image/ab6742d3000053b75cf79eee253e96019cb40889', FALSE) ON CONFLICT DO NOTHING;
INSERT INTO RELEASES (ARTIST_ID, COLLECTION_ID) VALUES (78, 93) ON CONFLICT DO NOTHING;
INSERT INTO SONGS (SONG_ID, SONG_TITLE, SONG_DURATION, SONG_FILE, POPULARITY, VALENCE, ACCOUSTICNESS, DANCEABILITY, ENERGY, SONG_RELEASE_DATE) 
                  VALUES (93, 'Romeo & Juliet - On The Night / Live In Rotterdam, Netherlands / 31st May 1992', 590, '/stream/audio_default.mp3', 13, 0.471, 0.494, 0.587, 0.723, '1993-01-01') ON CONFLICT DO NOTHING;
INSERT INTO SONGS_GENRES (SONG_ID, GENRE_ID) VALUES (93, 37) ON CONFLICT DO NOTHING;
INSERT INTO COLLECTIONS_SONGS (COLLECTION_ID, SONG_ID, NOMOR_DISC, NOMOR_TRACK) VALUES (93, 93, 1, 1) ON CONFLICT DO NOTHING;
INSERT INTO CREATE_SONGS (ARTIST_ID, SONG_ID) VALUES (78, 93) ON CONFLICT DO NOTHING;
INSERT INTO ARTISTS (ARTIST_ID, ARTIST_NAME, ARTIST_PFP, MONTHLY_LISTENER_COUNT, ARTIST_EMAIL) VALUES (79, 'Charlotte Church', 'https://i.scdn.co/image/ab6761610000e5eb432a12de532268c0f74452c5', 41775, 'contact.79@label.com') ON CONFLICT DO NOTHING;
INSERT INTO COLLECTIONS (COLLECTION_ID, COLLECTION_TITLE, COLLECTION_TYPE, COLLECTION_RELEASE_DATE, COLLECTION_COVER, ISPRERELEASE) VALUES (94, 'Silent Night (Live from the Llandaff Cathedral, 1998)', 'Single', '2022-11-17', 'https://i.scdn.co/image/ab6742d3000053b7338535761649c24dbf03bad3', FALSE) ON CONFLICT DO NOTHING;
INSERT INTO RELEASES (ARTIST_ID, COLLECTION_ID) VALUES (79, 94) ON CONFLICT DO NOTHING;
INSERT INTO SONGS (SONG_ID, SONG_TITLE, SONG_DURATION, SONG_FILE, POPULARITY, VALENCE, ACCOUSTICNESS, DANCEABILITY, ENERGY, SONG_RELEASE_DATE) 
                  VALUES (94, 'Silent Night - Live from the Llandaff Cathedral, 1998', 221, '/stream/audio_default.mp3', 7, 0.679, 0.188, 0.259, 0.97, '2022-11-17') ON CONFLICT DO NOTHING;
INSERT INTO SONGS_GENRES (SONG_ID, GENRE_ID) VALUES (94, 22) ON CONFLICT DO NOTHING;
INSERT INTO SONGS_GENRES (SONG_ID, GENRE_ID) VALUES (94, 17) ON CONFLICT DO NOTHING;
INSERT INTO COLLECTIONS_SONGS (COLLECTION_ID, SONG_ID, NOMOR_DISC, NOMOR_TRACK) VALUES (94, 94, 1, 1) ON CONFLICT DO NOTHING;
INSERT INTO CREATE_SONGS (ARTIST_ID, SONG_ID) VALUES (79, 94) ON CONFLICT DO NOTHING;
INSERT INTO ARTISTS (ARTIST_ID, ARTIST_NAME, ARTIST_PFP, MONTHLY_LISTENER_COUNT, ARTIST_EMAIL) VALUES (80, 'Adolphe Adam', 'https://i.scdn.co/image/a177d0b503757e4d2c314222277ea38d92e85650', 9277, 'contact.80@label.com') ON CONFLICT DO NOTHING;
INSERT INTO COLLECTIONS (COLLECTION_ID, COLLECTION_TITLE, COLLECTION_TYPE, COLLECTION_RELEASE_DATE, COLLECTION_COVER, ISPRERELEASE) VALUES (95, 'O Holy Night (Live in Armagh)', 'Single', '2008-11-24', 'https://i.scdn.co/image/ab6742d3000053b775e221b889e0d7a09834bddb', FALSE) ON CONFLICT DO NOTHING;
INSERT INTO RELEASES (ARTIST_ID, COLLECTION_ID) VALUES (80, 95) ON CONFLICT DO NOTHING;
INSERT INTO SONGS (SONG_ID, SONG_TITLE, SONG_DURATION, SONG_FILE, POPULARITY, VALENCE, ACCOUSTICNESS, DANCEABILITY, ENERGY, SONG_RELEASE_DATE) 
                  VALUES (95, 'O Holy Night - Live in Armagh', 238, '/stream/audio_default.mp3', 1, 0.585, 0.685, 0.725, 0.559, '2008-11-24') ON CONFLICT DO NOTHING;
INSERT INTO SONGS_GENRES (SONG_ID, GENRE_ID) VALUES (95, 35) ON CONFLICT DO NOTHING;
INSERT INTO SONGS_GENRES (SONG_ID, GENRE_ID) VALUES (95, 58) ON CONFLICT DO NOTHING;
INSERT INTO COLLECTIONS_SONGS (COLLECTION_ID, SONG_ID, NOMOR_DISC, NOMOR_TRACK) VALUES (95, 95, 1, 1) ON CONFLICT DO NOTHING;
INSERT INTO CREATE_SONGS (ARTIST_ID, SONG_ID) VALUES (80, 95) ON CONFLICT DO NOTHING;
INSERT INTO ARTISTS (ARTIST_ID, ARTIST_NAME, ARTIST_PFP, MONTHLY_LISTENER_COUNT, ARTIST_EMAIL) VALUES (81, 'Van Halen', 'https://i.scdn.co/image/ab6761610000e5ebd8475001d2700686e1008dfb', 6884741, 'contact.81@label.com') ON CONFLICT DO NOTHING;
INSERT INTO COLLECTIONS (COLLECTION_ID, COLLECTION_TITLE, COLLECTION_TYPE, COLLECTION_RELEASE_DATE, COLLECTION_COVER, ISPRERELEASE) VALUES (96, 'Dance the Night Away', 'Single', '1979-04-01', 'https://i.scdn.co/image/ab6742d3000053b7d83c86a760e841c50745b0ef', FALSE) ON CONFLICT DO NOTHING;
INSERT INTO RELEASES (ARTIST_ID, COLLECTION_ID) VALUES (81, 96) ON CONFLICT DO NOTHING;
INSERT INTO SONGS (SONG_ID, SONG_TITLE, SONG_DURATION, SONG_FILE, POPULARITY, VALENCE, ACCOUSTICNESS, DANCEABILITY, ENERGY, SONG_RELEASE_DATE) 
                  VALUES (96, 'Dance the Night Away', 235, '/stream/audio_default.mp3', 8, 0.002, 0.389, 0.578, 0.907, '1979-04-01') ON CONFLICT DO NOTHING;
INSERT INTO SONGS_GENRES (SONG_ID, GENRE_ID) VALUES (96, 37) ON CONFLICT DO NOTHING;
INSERT INTO SONGS_GENRES (SONG_ID, GENRE_ID) VALUES (96, 34) ON CONFLICT DO NOTHING;
INSERT INTO COLLECTIONS_SONGS (COLLECTION_ID, SONG_ID, NOMOR_DISC, NOMOR_TRACK) VALUES (96, 96, 1, 1) ON CONFLICT DO NOTHING;
INSERT INTO CREATE_SONGS (ARTIST_ID, SONG_ID) VALUES (81, 96) ON CONFLICT DO NOTHING;
INSERT INTO COLLECTIONS (COLLECTION_ID, COLLECTION_TITLE, COLLECTION_TYPE, COLLECTION_RELEASE_DATE, COLLECTION_COVER, ISPRERELEASE) VALUES (97, 'Silent Night (2021 Opry Live: USO Holiday Special)', 'Single', '2021-12-21', 'https://i.scdn.co/image/ab6742d3000053b708945003dbd4586458fac0bf', FALSE) ON CONFLICT DO NOTHING;
INSERT INTO RELEASES (ARTIST_ID, COLLECTION_ID) VALUES (75, 97) ON CONFLICT DO NOTHING;
INSERT INTO SONGS (SONG_ID, SONG_TITLE, SONG_DURATION, SONG_FILE, POPULARITY, VALENCE, ACCOUSTICNESS, DANCEABILITY, ENERGY, SONG_RELEASE_DATE) 
                  VALUES (97, 'Silent Night - 2021 Opry Live: USO Holiday Special', 200, '/stream/audio_default.mp3', 4, 0.936, 0.692, 0.165, 0.455, '2021-12-21') ON CONFLICT DO NOTHING;
INSERT INTO SONGS_GENRES (SONG_ID, GENRE_ID) VALUES (97, 55) ON CONFLICT DO NOTHING;
INSERT INTO COLLECTIONS_SONGS (COLLECTION_ID, SONG_ID, NOMOR_DISC, NOMOR_TRACK) VALUES (97, 97, 1, 1) ON CONFLICT DO NOTHING;
INSERT INTO CREATE_SONGS (ARTIST_ID, SONG_ID) VALUES (75, 97) ON CONFLICT DO NOTHING;
INSERT INTO ARTISTS (ARTIST_ID, ARTIST_NAME, ARTIST_PFP, MONTHLY_LISTENER_COUNT, ARTIST_EMAIL) VALUES (82, 'Charlie Burg', 'https://i.scdn.co/image/ab6761610000e5ebfa1a67d19f843ca5760748d3', 220265, 'contact.82@label.com') ON CONFLICT DO NOTHING;
INSERT INTO COLLECTIONS (COLLECTION_ID, COLLECTION_TITLE, COLLECTION_TYPE, COLLECTION_RELEASE_DATE, COLLECTION_COVER, ISPRERELEASE) VALUES (98, 'Lancaster Nights / Title Guide to the Talkies', 'Single', '2020-09-09', 'https://i.scdn.co/image/ab6742d3000053b7adb250a5725572a7c98df37a', FALSE) ON CONFLICT DO NOTHING;
INSERT INTO RELEASES (ARTIST_ID, COLLECTION_ID) VALUES (82, 98) ON CONFLICT DO NOTHING;
INSERT INTO SONGS (SONG_ID, SONG_TITLE, SONG_DURATION, SONG_FILE, POPULARITY, VALENCE, ACCOUSTICNESS, DANCEABILITY, ENERGY, SONG_RELEASE_DATE) 
                  VALUES (98, 'Lancaster Nights / Title Guide to the Talkies', 367, '/stream/audio_default.mp3', 1, 0.215, 0.301, 0.425, 0.314, '2020-09-09') ON CONFLICT DO NOTHING;
INSERT INTO SONGS_GENRES (SONG_ID, GENRE_ID) VALUES (98, 58) ON CONFLICT DO NOTHING;
INSERT INTO SONGS_GENRES (SONG_ID, GENRE_ID) VALUES (98, 35) ON CONFLICT DO NOTHING;
INSERT INTO COLLECTIONS_SONGS (COLLECTION_ID, SONG_ID, NOMOR_DISC, NOMOR_TRACK) VALUES (98, 98, 1, 1) ON CONFLICT DO NOTHING;
INSERT INTO CREATE_SONGS (ARTIST_ID, SONG_ID) VALUES (82, 98) ON CONFLICT DO NOTHING;
INSERT INTO ARTISTS (ARTIST_ID, ARTIST_NAME, ARTIST_PFP, MONTHLY_LISTENER_COUNT, ARTIST_EMAIL) VALUES (83, 'Shoti', 'https://i.scdn.co/image/ab6761610000e5ebf8fd742eb49ffc9188451370', 241415, 'contact.83@label.com') ON CONFLICT DO NOTHING;
INSERT INTO COLLECTIONS (COLLECTION_ID, COLLECTION_TITLE, COLLECTION_TYPE, COLLECTION_RELEASE_DATE, COLLECTION_COVER, ISPRERELEASE) VALUES (99, 'Night and Day (Live Performance Video)', 'Single', '2024-08-24', 'https://i.scdn.co/image/ab6742d3000053b72add1469f370085f4f762b3e', FALSE) ON CONFLICT DO NOTHING;
INSERT INTO RELEASES (ARTIST_ID, COLLECTION_ID) VALUES (83, 99) ON CONFLICT DO NOTHING;
INSERT INTO SONGS (SONG_ID, SONG_TITLE, SONG_DURATION, SONG_FILE, POPULARITY, VALENCE, ACCOUSTICNESS, DANCEABILITY, ENERGY, SONG_RELEASE_DATE) 
                  VALUES (99, 'Night and Day (Live Performance Video)', 209, '/stream/audio_default.mp3', 2, 0.663, 0.519, 0.622, 0.198, '2024-08-24') ON CONFLICT DO NOTHING;
INSERT INTO SONGS_GENRES (SONG_ID, GENRE_ID) VALUES (99, 28) ON CONFLICT DO NOTHING;
INSERT INTO SONGS_GENRES (SONG_ID, GENRE_ID) VALUES (99, 20) ON CONFLICT DO NOTHING;
INSERT INTO COLLECTIONS_SONGS (COLLECTION_ID, SONG_ID, NOMOR_DISC, NOMOR_TRACK) VALUES (99, 99, 1, 1) ON CONFLICT DO NOTHING;
INSERT INTO CREATE_SONGS (ARTIST_ID, SONG_ID) VALUES (83, 99) ON CONFLICT DO NOTHING;
INSERT INTO ARTISTS (ARTIST_ID, ARTIST_NAME, ARTIST_PFP, MONTHLY_LISTENER_COUNT, ARTIST_EMAIL) VALUES (84, 'hard life', 'https://i.scdn.co/image/ab6761610000e5ebdbb424cfd3b128a8fafef54f', 332851, 'contact.84@label.com') ON CONFLICT DO NOTHING;
INSERT INTO COLLECTIONS (COLLECTION_ID, COLLECTION_TITLE, COLLECTION_TYPE, COLLECTION_RELEASE_DATE, COLLECTION_COVER, ISPRERELEASE) VALUES (100, 'nightmares (live)', 'Single', '2020-09-28', 'https://i.scdn.co/image/ab6742d3000053b74208afe898e90045da1eb743', FALSE) ON CONFLICT DO NOTHING;
INSERT INTO RELEASES (ARTIST_ID, COLLECTION_ID) VALUES (84, 100) ON CONFLICT DO NOTHING;
INSERT INTO SONGS (SONG_ID, SONG_TITLE, SONG_DURATION, SONG_FILE, POPULARITY, VALENCE, ACCOUSTICNESS, DANCEABILITY, ENERGY, SONG_RELEASE_DATE) 
                  VALUES (100, 'nightmares - live', 265, '/stream/audio_default.mp3', 5, 0.557, 0.988, 0.249, 0.621, '2020-09-28') ON CONFLICT DO NOTHING;
INSERT INTO SONGS_GENRES (SONG_ID, GENRE_ID) VALUES (100, 40) ON CONFLICT DO NOTHING;
INSERT INTO SONGS_GENRES (SONG_ID, GENRE_ID) VALUES (100, 56) ON CONFLICT DO NOTHING;
INSERT INTO COLLECTIONS_SONGS (COLLECTION_ID, SONG_ID, NOMOR_DISC, NOMOR_TRACK) VALUES (100, 100, 1, 1) ON CONFLICT DO NOTHING;
INSERT INTO CREATE_SONGS (ARTIST_ID, SONG_ID) VALUES (84, 100) ON CONFLICT DO NOTHING;
INSERT INTO PLAYLISTS (PLAYLIST_ID, USER_ID, PLAYLIST_TITLE, ISPUBLIC, ISCOLLABORATIVE, PLAYLIST_DESC, ISONPROFILE, PLAYLIST_DATE_CREATED) VALUES (1, 1, 'Eaque saepe', TRUE, FALSE, 'My playlist', TRUE, '2025-04-22');
INSERT INTO ADD_SONGS_PLAYLISTS (PLAYLIST_ID, SONG_ID, NO_URUT, USER_ID) VALUES (1, 28, 1, 1);
INSERT INTO ADD_SONGS_PLAYLISTS (PLAYLIST_ID, SONG_ID, NO_URUT, USER_ID) VALUES (1, 84, 2, 1);
INSERT INTO ADD_SONGS_PLAYLISTS (PLAYLIST_ID, SONG_ID, NO_URUT, USER_ID) VALUES (1, 78, 3, 1);
INSERT INTO ADD_SONGS_PLAYLISTS (PLAYLIST_ID, SONG_ID, NO_URUT, USER_ID) VALUES (1, 55, 4, 1);
INSERT INTO ADD_SONGS_PLAYLISTS (PLAYLIST_ID, SONG_ID, NO_URUT, USER_ID) VALUES (1, 47, 5, 1);
INSERT INTO ADD_SONGS_PLAYLISTS (PLAYLIST_ID, SONG_ID, NO_URUT, USER_ID) VALUES (1, 34, 6, 1);
INSERT INTO ADD_SONGS_PLAYLISTS (PLAYLIST_ID, SONG_ID, NO_URUT, USER_ID) VALUES (1, 93, 7, 1);
INSERT INTO ADD_SONGS_PLAYLISTS (PLAYLIST_ID, SONG_ID, NO_URUT, USER_ID) VALUES (1, 39, 8, 1);
INSERT INTO PLAYLISTS (PLAYLIST_ID, USER_ID, PLAYLIST_TITLE, ISPUBLIC, ISCOLLABORATIVE, PLAYLIST_DESC, ISONPROFILE, PLAYLIST_DATE_CREATED) VALUES (2, 2, 'Ullam temporibus', TRUE, FALSE, 'My playlist', TRUE, '2025-07-08');
INSERT INTO ADD_SONGS_PLAYLISTS (PLAYLIST_ID, SONG_ID, NO_URUT, USER_ID) VALUES (2, 53, 1, 2);
INSERT INTO ADD_SONGS_PLAYLISTS (PLAYLIST_ID, SONG_ID, NO_URUT, USER_ID) VALUES (2, 17, 2, 2);
INSERT INTO ADD_SONGS_PLAYLISTS (PLAYLIST_ID, SONG_ID, NO_URUT, USER_ID) VALUES (2, 60, 3, 2);
INSERT INTO ADD_SONGS_PLAYLISTS (PLAYLIST_ID, SONG_ID, NO_URUT, USER_ID) VALUES (2, 94, 4, 2);
INSERT INTO PLAYLISTS (PLAYLIST_ID, USER_ID, PLAYLIST_TITLE, ISPUBLIC, ISCOLLABORATIVE, PLAYLIST_DESC, ISONPROFILE, PLAYLIST_DATE_CREATED) VALUES (3, 3, 'Eum', TRUE, FALSE, 'My playlist', TRUE, '2025-08-16');
INSERT INTO ADD_SONGS_PLAYLISTS (PLAYLIST_ID, SONG_ID, NO_URUT, USER_ID) VALUES (3, 91, 1, 3);
INSERT INTO ADD_SONGS_PLAYLISTS (PLAYLIST_ID, SONG_ID, NO_URUT, USER_ID) VALUES (3, 30, 2, 3);
INSERT INTO ADD_SONGS_PLAYLISTS (PLAYLIST_ID, SONG_ID, NO_URUT, USER_ID) VALUES (3, 93, 3, 3);
INSERT INTO ADD_SONGS_PLAYLISTS (PLAYLIST_ID, SONG_ID, NO_URUT, USER_ID) VALUES (3, 97, 4, 3);
INSERT INTO ADD_SONGS_PLAYLISTS (PLAYLIST_ID, SONG_ID, NO_URUT, USER_ID) VALUES (3, 68, 5, 3);
INSERT INTO ADD_SONGS_PLAYLISTS (PLAYLIST_ID, SONG_ID, NO_URUT, USER_ID) VALUES (3, 54, 6, 3);
INSERT INTO ADD_SONGS_PLAYLISTS (PLAYLIST_ID, SONG_ID, NO_URUT, USER_ID) VALUES (3, 9, 7, 3);
INSERT INTO PLAYLISTS (PLAYLIST_ID, USER_ID, PLAYLIST_TITLE, ISPUBLIC, ISCOLLABORATIVE, PLAYLIST_DESC, ISONPROFILE, PLAYLIST_DATE_CREATED) VALUES (4, 4, 'Porro recusandae eveniet occaecati', TRUE, FALSE, 'My playlist', TRUE, '2025-09-05');
INSERT INTO ADD_SONGS_PLAYLISTS (PLAYLIST_ID, SONG_ID, NO_URUT, USER_ID) VALUES (4, 99, 1, 4);
INSERT INTO ADD_SONGS_PLAYLISTS (PLAYLIST_ID, SONG_ID, NO_URUT, USER_ID) VALUES (4, 41, 2, 4);
INSERT INTO ADD_SONGS_PLAYLISTS (PLAYLIST_ID, SONG_ID, NO_URUT, USER_ID) VALUES (4, 62, 3, 4);
INSERT INTO PLAYLISTS (PLAYLIST_ID, USER_ID, PLAYLIST_TITLE, ISPUBLIC, ISCOLLABORATIVE, PLAYLIST_DESC, ISONPROFILE, PLAYLIST_DATE_CREATED) VALUES (5, 5, 'Maiores nesciunt', TRUE, FALSE, 'My playlist', TRUE, '2025-08-01');
INSERT INTO ADD_SONGS_PLAYLISTS (PLAYLIST_ID, SONG_ID, NO_URUT, USER_ID) VALUES (5, 18, 1, 5);
INSERT INTO ADD_SONGS_PLAYLISTS (PLAYLIST_ID, SONG_ID, NO_URUT, USER_ID) VALUES (5, 93, 2, 5);
INSERT INTO ADD_SONGS_PLAYLISTS (PLAYLIST_ID, SONG_ID, NO_URUT, USER_ID) VALUES (5, 44, 3, 5);
INSERT INTO ADD_SONGS_PLAYLISTS (PLAYLIST_ID, SONG_ID, NO_URUT, USER_ID) VALUES (5, 26, 4, 5);
INSERT INTO ADD_SONGS_PLAYLISTS (PLAYLIST_ID, SONG_ID, NO_URUT, USER_ID) VALUES (5, 21, 5, 5);
INSERT INTO PLAYLISTS (PLAYLIST_ID, USER_ID, PLAYLIST_TITLE, ISPUBLIC, ISCOLLABORATIVE, PLAYLIST_DESC, ISONPROFILE, PLAYLIST_DATE_CREATED) VALUES (6, 6, 'Sint ut occaecati necessitatibus', TRUE, FALSE, 'My playlist', TRUE, '2025-11-19');
INSERT INTO ADD_SONGS_PLAYLISTS (PLAYLIST_ID, SONG_ID, NO_URUT, USER_ID) VALUES (6, 6, 1, 6);
INSERT INTO ADD_SONGS_PLAYLISTS (PLAYLIST_ID, SONG_ID, NO_URUT, USER_ID) VALUES (6, 39, 2, 6);
INSERT INTO ADD_SONGS_PLAYLISTS (PLAYLIST_ID, SONG_ID, NO_URUT, USER_ID) VALUES (6, 13, 3, 6);
INSERT INTO ADD_SONGS_PLAYLISTS (PLAYLIST_ID, SONG_ID, NO_URUT, USER_ID) VALUES (6, 53, 4, 6);
INSERT INTO ADD_SONGS_PLAYLISTS (PLAYLIST_ID, SONG_ID, NO_URUT, USER_ID) VALUES (6, 23, 5, 6);
INSERT INTO ADD_SONGS_PLAYLISTS (PLAYLIST_ID, SONG_ID, NO_URUT, USER_ID) VALUES (6, 56, 6, 6);
INSERT INTO ADD_SONGS_PLAYLISTS (PLAYLIST_ID, SONG_ID, NO_URUT, USER_ID) VALUES (6, 50, 7, 6);
INSERT INTO PLAYLISTS (PLAYLIST_ID, USER_ID, PLAYLIST_TITLE, ISPUBLIC, ISCOLLABORATIVE, PLAYLIST_DESC, ISONPROFILE, PLAYLIST_DATE_CREATED) VALUES (7, 7, 'Quis ratione adipisci', TRUE, FALSE, 'My playlist', TRUE, '2025-06-01');
INSERT INTO ADD_SONGS_PLAYLISTS (PLAYLIST_ID, SONG_ID, NO_URUT, USER_ID) VALUES (7, 22, 1, 7);
INSERT INTO ADD_SONGS_PLAYLISTS (PLAYLIST_ID, SONG_ID, NO_URUT, USER_ID) VALUES (7, 8, 2, 7);
INSERT INTO ADD_SONGS_PLAYLISTS (PLAYLIST_ID, SONG_ID, NO_URUT, USER_ID) VALUES (7, 59, 3, 7);
INSERT INTO ADD_SONGS_PLAYLISTS (PLAYLIST_ID, SONG_ID, NO_URUT, USER_ID) VALUES (7, 74, 4, 7);
INSERT INTO ADD_SONGS_PLAYLISTS (PLAYLIST_ID, SONG_ID, NO_URUT, USER_ID) VALUES (7, 1, 5, 7);
INSERT INTO PLAYLISTS (PLAYLIST_ID, USER_ID, PLAYLIST_TITLE, ISPUBLIC, ISCOLLABORATIVE, PLAYLIST_DESC, ISONPROFILE, PLAYLIST_DATE_CREATED) VALUES (8, 7, 'Assumenda expedita', TRUE, FALSE, 'My playlist', TRUE, '2025-06-02');
INSERT INTO ADD_SONGS_PLAYLISTS (PLAYLIST_ID, SONG_ID, NO_URUT, USER_ID) VALUES (8, 14, 1, 7);
INSERT INTO ADD_SONGS_PLAYLISTS (PLAYLIST_ID, SONG_ID, NO_URUT, USER_ID) VALUES (8, 16, 2, 7);
INSERT INTO ADD_SONGS_PLAYLISTS (PLAYLIST_ID, SONG_ID, NO_URUT, USER_ID) VALUES (8, 88, 3, 7);
INSERT INTO ADD_SONGS_PLAYLISTS (PLAYLIST_ID, SONG_ID, NO_URUT, USER_ID) VALUES (8, 40, 4, 7);
INSERT INTO ADD_SONGS_PLAYLISTS (PLAYLIST_ID, SONG_ID, NO_URUT, USER_ID) VALUES (8, 21, 5, 7);
INSERT INTO ADD_SONGS_PLAYLISTS (PLAYLIST_ID, SONG_ID, NO_URUT, USER_ID) VALUES (8, 24, 6, 7);
INSERT INTO PLAYLISTS (PLAYLIST_ID, USER_ID, PLAYLIST_TITLE, ISPUBLIC, ISCOLLABORATIVE, PLAYLIST_DESC, ISONPROFILE, PLAYLIST_DATE_CREATED) VALUES (9, 8, 'Accusantium repellat beatae', TRUE, FALSE, 'My playlist', TRUE, '2025-06-29');
INSERT INTO ADD_SONGS_PLAYLISTS (PLAYLIST_ID, SONG_ID, NO_URUT, USER_ID) VALUES (9, 12, 1, 8);
INSERT INTO ADD_SONGS_PLAYLISTS (PLAYLIST_ID, SONG_ID, NO_URUT, USER_ID) VALUES (9, 3, 2, 8);
INSERT INTO ADD_SONGS_PLAYLISTS (PLAYLIST_ID, SONG_ID, NO_URUT, USER_ID) VALUES (9, 28, 3, 8);
INSERT INTO ADD_SONGS_PLAYLISTS (PLAYLIST_ID, SONG_ID, NO_URUT, USER_ID) VALUES (9, 2, 4, 8);
INSERT INTO ADD_SONGS_PLAYLISTS (PLAYLIST_ID, SONG_ID, NO_URUT, USER_ID) VALUES (9, 9, 5, 8);
INSERT INTO ADD_SONGS_PLAYLISTS (PLAYLIST_ID, SONG_ID, NO_URUT, USER_ID) VALUES (9, 57, 6, 8);
INSERT INTO ADD_SONGS_PLAYLISTS (PLAYLIST_ID, SONG_ID, NO_URUT, USER_ID) VALUES (9, 7, 7, 8);
INSERT INTO ADD_SONGS_PLAYLISTS (PLAYLIST_ID, SONG_ID, NO_URUT, USER_ID) VALUES (9, 31, 8, 8);
INSERT INTO PLAYLISTS (PLAYLIST_ID, USER_ID, PLAYLIST_TITLE, ISPUBLIC, ISCOLLABORATIVE, PLAYLIST_DESC, ISONPROFILE, PLAYLIST_DATE_CREATED) VALUES (10, 8, 'Repudiandae commodi', TRUE, FALSE, 'My playlist', TRUE, '2025-10-23');
INSERT INTO ADD_SONGS_PLAYLISTS (PLAYLIST_ID, SONG_ID, NO_URUT, USER_ID) VALUES (10, 80, 1, 8);
INSERT INTO ADD_SONGS_PLAYLISTS (PLAYLIST_ID, SONG_ID, NO_URUT, USER_ID) VALUES (10, 84, 2, 8);
INSERT INTO ADD_SONGS_PLAYLISTS (PLAYLIST_ID, SONG_ID, NO_URUT, USER_ID) VALUES (10, 21, 3, 8);
INSERT INTO ADD_SONGS_PLAYLISTS (PLAYLIST_ID, SONG_ID, NO_URUT, USER_ID) VALUES (10, 20, 4, 8);
INSERT INTO ADD_SONGS_PLAYLISTS (PLAYLIST_ID, SONG_ID, NO_URUT, USER_ID) VALUES (10, 5, 5, 8);
INSERT INTO ADD_SONGS_PLAYLISTS (PLAYLIST_ID, SONG_ID, NO_URUT, USER_ID) VALUES (10, 83, 6, 8);
INSERT INTO ADD_SONGS_PLAYLISTS (PLAYLIST_ID, SONG_ID, NO_URUT, USER_ID) VALUES (10, 86, 7, 8);
INSERT INTO ADD_SONGS_PLAYLISTS (PLAYLIST_ID, SONG_ID, NO_URUT, USER_ID) VALUES (10, 8, 8, 8);
INSERT INTO PLAYLISTS (PLAYLIST_ID, USER_ID, PLAYLIST_TITLE, ISPUBLIC, ISCOLLABORATIVE, PLAYLIST_DESC, ISONPROFILE, PLAYLIST_DATE_CREATED) VALUES (11, 9, 'Corrupti vero sapiente', TRUE, FALSE, 'My playlist', TRUE, '2025-04-05');
INSERT INTO ADD_SONGS_PLAYLISTS (PLAYLIST_ID, SONG_ID, NO_URUT, USER_ID) VALUES (11, 95, 1, 9);
INSERT INTO ADD_SONGS_PLAYLISTS (PLAYLIST_ID, SONG_ID, NO_URUT, USER_ID) VALUES (11, 71, 2, 9);
INSERT INTO ADD_SONGS_PLAYLISTS (PLAYLIST_ID, SONG_ID, NO_URUT, USER_ID) VALUES (11, 91, 3, 9);
INSERT INTO PLAYLISTS (PLAYLIST_ID, USER_ID, PLAYLIST_TITLE, ISPUBLIC, ISCOLLABORATIVE, PLAYLIST_DESC, ISONPROFILE, PLAYLIST_DATE_CREATED) VALUES (12, 10, 'Qui velit', TRUE, FALSE, 'My playlist', TRUE, '2025-04-12');
INSERT INTO ADD_SONGS_PLAYLISTS (PLAYLIST_ID, SONG_ID, NO_URUT, USER_ID) VALUES (12, 64, 1, 10);
INSERT INTO ADD_SONGS_PLAYLISTS (PLAYLIST_ID, SONG_ID, NO_URUT, USER_ID) VALUES (12, 50, 2, 10);
INSERT INTO ADD_SONGS_PLAYLISTS (PLAYLIST_ID, SONG_ID, NO_URUT, USER_ID) VALUES (12, 45, 3, 10);
INSERT INTO ADD_SONGS_PLAYLISTS (PLAYLIST_ID, SONG_ID, NO_URUT, USER_ID) VALUES (12, 51, 4, 10);
INSERT INTO PLAYLISTS (PLAYLIST_ID, USER_ID, PLAYLIST_TITLE, ISPUBLIC, ISCOLLABORATIVE, PLAYLIST_DESC, ISONPROFILE, PLAYLIST_DATE_CREATED) VALUES (13, 11, 'Placeat dolore', TRUE, FALSE, 'My playlist', TRUE, '2025-02-08');
INSERT INTO ADD_SONGS_PLAYLISTS (PLAYLIST_ID, SONG_ID, NO_URUT, USER_ID) VALUES (13, 35, 1, 11);
INSERT INTO ADD_SONGS_PLAYLISTS (PLAYLIST_ID, SONG_ID, NO_URUT, USER_ID) VALUES (13, 27, 2, 11);
INSERT INTO ADD_SONGS_PLAYLISTS (PLAYLIST_ID, SONG_ID, NO_URUT, USER_ID) VALUES (13, 50, 3, 11);
INSERT INTO ADD_SONGS_PLAYLISTS (PLAYLIST_ID, SONG_ID, NO_URUT, USER_ID) VALUES (13, 39, 4, 11);
INSERT INTO ADD_SONGS_PLAYLISTS (PLAYLIST_ID, SONG_ID, NO_URUT, USER_ID) VALUES (13, 92, 5, 11);
INSERT INTO ADD_SONGS_PLAYLISTS (PLAYLIST_ID, SONG_ID, NO_URUT, USER_ID) VALUES (13, 91, 6, 11);
INSERT INTO ADD_SONGS_PLAYLISTS (PLAYLIST_ID, SONG_ID, NO_URUT, USER_ID) VALUES (13, 25, 7, 11);
INSERT INTO ADD_SONGS_PLAYLISTS (PLAYLIST_ID, SONG_ID, NO_URUT, USER_ID) VALUES (13, 8, 8, 11);
INSERT INTO PLAYLISTS (PLAYLIST_ID, USER_ID, PLAYLIST_TITLE, ISPUBLIC, ISCOLLABORATIVE, PLAYLIST_DESC, ISONPROFILE, PLAYLIST_DATE_CREATED) VALUES (14, 12, 'Ut commodi', TRUE, FALSE, 'My playlist', TRUE, '2025-03-21');
INSERT INTO ADD_SONGS_PLAYLISTS (PLAYLIST_ID, SONG_ID, NO_URUT, USER_ID) VALUES (14, 61, 1, 12);
INSERT INTO ADD_SONGS_PLAYLISTS (PLAYLIST_ID, SONG_ID, NO_URUT, USER_ID) VALUES (14, 67, 2, 12);
INSERT INTO ADD_SONGS_PLAYLISTS (PLAYLIST_ID, SONG_ID, NO_URUT, USER_ID) VALUES (14, 33, 3, 12);
INSERT INTO ADD_SONGS_PLAYLISTS (PLAYLIST_ID, SONG_ID, NO_URUT, USER_ID) VALUES (14, 55, 4, 12);
INSERT INTO ADD_SONGS_PLAYLISTS (PLAYLIST_ID, SONG_ID, NO_URUT, USER_ID) VALUES (14, 59, 5, 12);
INSERT INTO ADD_SONGS_PLAYLISTS (PLAYLIST_ID, SONG_ID, NO_URUT, USER_ID) VALUES (14, 87, 6, 12);
INSERT INTO PLAYLISTS (PLAYLIST_ID, USER_ID, PLAYLIST_TITLE, ISPUBLIC, ISCOLLABORATIVE, PLAYLIST_DESC, ISONPROFILE, PLAYLIST_DATE_CREATED) VALUES (15, 12, 'Facere temporibus', TRUE, FALSE, 'My playlist', TRUE, '2025-11-07');
INSERT INTO ADD_SONGS_PLAYLISTS (PLAYLIST_ID, SONG_ID, NO_URUT, USER_ID) VALUES (15, 76, 1, 12);
INSERT INTO ADD_SONGS_PLAYLISTS (PLAYLIST_ID, SONG_ID, NO_URUT, USER_ID) VALUES (15, 32, 2, 12);
INSERT INTO ADD_SONGS_PLAYLISTS (PLAYLIST_ID, SONG_ID, NO_URUT, USER_ID) VALUES (15, 93, 3, 12);
INSERT INTO PLAYLISTS (PLAYLIST_ID, USER_ID, PLAYLIST_TITLE, ISPUBLIC, ISCOLLABORATIVE, PLAYLIST_DESC, ISONPROFILE, PLAYLIST_DATE_CREATED) VALUES (16, 13, 'Inventore perspiciatis', TRUE, FALSE, 'My playlist', TRUE, '2025-02-22');
INSERT INTO ADD_SONGS_PLAYLISTS (PLAYLIST_ID, SONG_ID, NO_URUT, USER_ID) VALUES (16, 45, 1, 13);
INSERT INTO ADD_SONGS_PLAYLISTS (PLAYLIST_ID, SONG_ID, NO_URUT, USER_ID) VALUES (16, 55, 2, 13);
INSERT INTO ADD_SONGS_PLAYLISTS (PLAYLIST_ID, SONG_ID, NO_URUT, USER_ID) VALUES (16, 73, 3, 13);
INSERT INTO ADD_SONGS_PLAYLISTS (PLAYLIST_ID, SONG_ID, NO_URUT, USER_ID) VALUES (16, 11, 4, 13);
INSERT INTO ADD_SONGS_PLAYLISTS (PLAYLIST_ID, SONG_ID, NO_URUT, USER_ID) VALUES (16, 25, 5, 13);
INSERT INTO PLAYLISTS (PLAYLIST_ID, USER_ID, PLAYLIST_TITLE, ISPUBLIC, ISCOLLABORATIVE, PLAYLIST_DESC, ISONPROFILE, PLAYLIST_DATE_CREATED) VALUES (17, 13, 'Ipsam repudiandae', TRUE, FALSE, 'My playlist', TRUE, '2025-03-17');
INSERT INTO ADD_SONGS_PLAYLISTS (PLAYLIST_ID, SONG_ID, NO_URUT, USER_ID) VALUES (17, 89, 1, 13);
INSERT INTO ADD_SONGS_PLAYLISTS (PLAYLIST_ID, SONG_ID, NO_URUT, USER_ID) VALUES (17, 8, 2, 13);
INSERT INTO ADD_SONGS_PLAYLISTS (PLAYLIST_ID, SONG_ID, NO_URUT, USER_ID) VALUES (17, 34, 3, 13);
INSERT INTO PLAYLISTS (PLAYLIST_ID, USER_ID, PLAYLIST_TITLE, ISPUBLIC, ISCOLLABORATIVE, PLAYLIST_DESC, ISONPROFILE, PLAYLIST_DATE_CREATED) VALUES (18, 14, 'Modi sequi sapiente', TRUE, FALSE, 'My playlist', TRUE, '2025-05-20');
INSERT INTO ADD_SONGS_PLAYLISTS (PLAYLIST_ID, SONG_ID, NO_URUT, USER_ID) VALUES (18, 43, 1, 14);
INSERT INTO ADD_SONGS_PLAYLISTS (PLAYLIST_ID, SONG_ID, NO_URUT, USER_ID) VALUES (18, 41, 2, 14);
INSERT INTO ADD_SONGS_PLAYLISTS (PLAYLIST_ID, SONG_ID, NO_URUT, USER_ID) VALUES (18, 77, 3, 14);
INSERT INTO ADD_SONGS_PLAYLISTS (PLAYLIST_ID, SONG_ID, NO_URUT, USER_ID) VALUES (18, 84, 4, 14);
INSERT INTO PLAYLISTS (PLAYLIST_ID, USER_ID, PLAYLIST_TITLE, ISPUBLIC, ISCOLLABORATIVE, PLAYLIST_DESC, ISONPROFILE, PLAYLIST_DATE_CREATED) VALUES (19, 14, 'Ducimus repudiandae blanditiis', TRUE, FALSE, 'My playlist', TRUE, '2025-03-31');
INSERT INTO ADD_SONGS_PLAYLISTS (PLAYLIST_ID, SONG_ID, NO_URUT, USER_ID) VALUES (19, 66, 1, 14);
INSERT INTO ADD_SONGS_PLAYLISTS (PLAYLIST_ID, SONG_ID, NO_URUT, USER_ID) VALUES (19, 77, 2, 14);
INSERT INTO ADD_SONGS_PLAYLISTS (PLAYLIST_ID, SONG_ID, NO_URUT, USER_ID) VALUES (19, 35, 3, 14);
INSERT INTO ADD_SONGS_PLAYLISTS (PLAYLIST_ID, SONG_ID, NO_URUT, USER_ID) VALUES (19, 17, 4, 14);
INSERT INTO ADD_SONGS_PLAYLISTS (PLAYLIST_ID, SONG_ID, NO_URUT, USER_ID) VALUES (19, 3, 5, 14);
INSERT INTO ADD_SONGS_PLAYLISTS (PLAYLIST_ID, SONG_ID, NO_URUT, USER_ID) VALUES (19, 32, 6, 14);
INSERT INTO ADD_SONGS_PLAYLISTS (PLAYLIST_ID, SONG_ID, NO_URUT, USER_ID) VALUES (19, 87, 7, 14);
INSERT INTO ADD_SONGS_PLAYLISTS (PLAYLIST_ID, SONG_ID, NO_URUT, USER_ID) VALUES (19, 55, 8, 14);
INSERT INTO PLAYLISTS (PLAYLIST_ID, USER_ID, PLAYLIST_TITLE, ISPUBLIC, ISCOLLABORATIVE, PLAYLIST_DESC, ISONPROFILE, PLAYLIST_DATE_CREATED) VALUES (20, 15, 'Officiis sit magnam', TRUE, FALSE, 'My playlist', TRUE, '2025-08-24');
INSERT INTO ADD_SONGS_PLAYLISTS (PLAYLIST_ID, SONG_ID, NO_URUT, USER_ID) VALUES (20, 23, 1, 15);
INSERT INTO ADD_SONGS_PLAYLISTS (PLAYLIST_ID, SONG_ID, NO_URUT, USER_ID) VALUES (20, 90, 2, 15);
INSERT INTO ADD_SONGS_PLAYLISTS (PLAYLIST_ID, SONG_ID, NO_URUT, USER_ID) VALUES (20, 86, 3, 15);
INSERT INTO ADD_SONGS_PLAYLISTS (PLAYLIST_ID, SONG_ID, NO_URUT, USER_ID) VALUES (20, 85, 4, 15);
INSERT INTO PLAYLISTS (PLAYLIST_ID, USER_ID, PLAYLIST_TITLE, ISPUBLIC, ISCOLLABORATIVE, PLAYLIST_DESC, ISONPROFILE, PLAYLIST_DATE_CREATED) VALUES (21, 16, 'Commodi quaerat', TRUE, FALSE, 'My playlist', TRUE, '2025-04-24');
INSERT INTO ADD_SONGS_PLAYLISTS (PLAYLIST_ID, SONG_ID, NO_URUT, USER_ID) VALUES (21, 83, 1, 16);
INSERT INTO ADD_SONGS_PLAYLISTS (PLAYLIST_ID, SONG_ID, NO_URUT, USER_ID) VALUES (21, 92, 2, 16);
INSERT INTO ADD_SONGS_PLAYLISTS (PLAYLIST_ID, SONG_ID, NO_URUT, USER_ID) VALUES (21, 14, 3, 16);
INSERT INTO ADD_SONGS_PLAYLISTS (PLAYLIST_ID, SONG_ID, NO_URUT, USER_ID) VALUES (21, 86, 4, 16);
INSERT INTO ADD_SONGS_PLAYLISTS (PLAYLIST_ID, SONG_ID, NO_URUT, USER_ID) VALUES (21, 45, 5, 16);
INSERT INTO ADD_SONGS_PLAYLISTS (PLAYLIST_ID, SONG_ID, NO_URUT, USER_ID) VALUES (21, 100, 6, 16);
INSERT INTO ADD_SONGS_PLAYLISTS (PLAYLIST_ID, SONG_ID, NO_URUT, USER_ID) VALUES (21, 74, 7, 16);
INSERT INTO PLAYLISTS (PLAYLIST_ID, USER_ID, PLAYLIST_TITLE, ISPUBLIC, ISCOLLABORATIVE, PLAYLIST_DESC, ISONPROFILE, PLAYLIST_DATE_CREATED) VALUES (22, 16, 'Aspernatur mollitia', TRUE, FALSE, 'My playlist', TRUE, '2025-06-10');
INSERT INTO ADD_SONGS_PLAYLISTS (PLAYLIST_ID, SONG_ID, NO_URUT, USER_ID) VALUES (22, 22, 1, 16);
INSERT INTO ADD_SONGS_PLAYLISTS (PLAYLIST_ID, SONG_ID, NO_URUT, USER_ID) VALUES (22, 33, 2, 16);
INSERT INTO ADD_SONGS_PLAYLISTS (PLAYLIST_ID, SONG_ID, NO_URUT, USER_ID) VALUES (22, 96, 3, 16);
INSERT INTO ADD_SONGS_PLAYLISTS (PLAYLIST_ID, SONG_ID, NO_URUT, USER_ID) VALUES (22, 46, 4, 16);
INSERT INTO ADD_SONGS_PLAYLISTS (PLAYLIST_ID, SONG_ID, NO_URUT, USER_ID) VALUES (22, 16, 5, 16);
INSERT INTO PLAYLISTS (PLAYLIST_ID, USER_ID, PLAYLIST_TITLE, ISPUBLIC, ISCOLLABORATIVE, PLAYLIST_DESC, ISONPROFILE, PLAYLIST_DATE_CREATED) VALUES (23, 17, 'Sapiente illo exercitationem', TRUE, FALSE, 'My playlist', TRUE, '2025-06-22');
INSERT INTO ADD_SONGS_PLAYLISTS (PLAYLIST_ID, SONG_ID, NO_URUT, USER_ID) VALUES (23, 77, 1, 17);
INSERT INTO ADD_SONGS_PLAYLISTS (PLAYLIST_ID, SONG_ID, NO_URUT, USER_ID) VALUES (23, 1, 2, 17);
INSERT INTO ADD_SONGS_PLAYLISTS (PLAYLIST_ID, SONG_ID, NO_URUT, USER_ID) VALUES (23, 7, 3, 17);
INSERT INTO ADD_SONGS_PLAYLISTS (PLAYLIST_ID, SONG_ID, NO_URUT, USER_ID) VALUES (23, 98, 4, 17);
INSERT INTO PLAYLISTS (PLAYLIST_ID, USER_ID, PLAYLIST_TITLE, ISPUBLIC, ISCOLLABORATIVE, PLAYLIST_DESC, ISONPROFILE, PLAYLIST_DATE_CREATED) VALUES (24, 17, 'Optio sint consequatur', TRUE, FALSE, 'My playlist', TRUE, '2025-03-02');
INSERT INTO ADD_SONGS_PLAYLISTS (PLAYLIST_ID, SONG_ID, NO_URUT, USER_ID) VALUES (24, 23, 1, 17);
INSERT INTO ADD_SONGS_PLAYLISTS (PLAYLIST_ID, SONG_ID, NO_URUT, USER_ID) VALUES (24, 52, 2, 17);
INSERT INTO ADD_SONGS_PLAYLISTS (PLAYLIST_ID, SONG_ID, NO_URUT, USER_ID) VALUES (24, 36, 3, 17);
INSERT INTO ADD_SONGS_PLAYLISTS (PLAYLIST_ID, SONG_ID, NO_URUT, USER_ID) VALUES (24, 77, 4, 17);
INSERT INTO ADD_SONGS_PLAYLISTS (PLAYLIST_ID, SONG_ID, NO_URUT, USER_ID) VALUES (24, 72, 5, 17);
INSERT INTO ADD_SONGS_PLAYLISTS (PLAYLIST_ID, SONG_ID, NO_URUT, USER_ID) VALUES (24, 69, 6, 17);
INSERT INTO PLAYLISTS (PLAYLIST_ID, USER_ID, PLAYLIST_TITLE, ISPUBLIC, ISCOLLABORATIVE, PLAYLIST_DESC, ISONPROFILE, PLAYLIST_DATE_CREATED) VALUES (25, 18, 'Quod aspernatur sunt', TRUE, FALSE, 'My playlist', TRUE, '2025-10-06');
INSERT INTO ADD_SONGS_PLAYLISTS (PLAYLIST_ID, SONG_ID, NO_URUT, USER_ID) VALUES (25, 37, 1, 18);
INSERT INTO ADD_SONGS_PLAYLISTS (PLAYLIST_ID, SONG_ID, NO_URUT, USER_ID) VALUES (25, 11, 2, 18);
INSERT INTO ADD_SONGS_PLAYLISTS (PLAYLIST_ID, SONG_ID, NO_URUT, USER_ID) VALUES (25, 31, 3, 18);
INSERT INTO ADD_SONGS_PLAYLISTS (PLAYLIST_ID, SONG_ID, NO_URUT, USER_ID) VALUES (25, 50, 4, 18);
INSERT INTO ADD_SONGS_PLAYLISTS (PLAYLIST_ID, SONG_ID, NO_URUT, USER_ID) VALUES (25, 7, 5, 18);
INSERT INTO ADD_SONGS_PLAYLISTS (PLAYLIST_ID, SONG_ID, NO_URUT, USER_ID) VALUES (25, 85, 6, 18);
INSERT INTO ADD_SONGS_PLAYLISTS (PLAYLIST_ID, SONG_ID, NO_URUT, USER_ID) VALUES (25, 71, 7, 18);
INSERT INTO ADD_SONGS_PLAYLISTS (PLAYLIST_ID, SONG_ID, NO_URUT, USER_ID) VALUES (25, 59, 8, 18);
INSERT INTO PLAYLISTS (PLAYLIST_ID, USER_ID, PLAYLIST_TITLE, ISPUBLIC, ISCOLLABORATIVE, PLAYLIST_DESC, ISONPROFILE, PLAYLIST_DATE_CREATED) VALUES (26, 19, 'Deleniti sit', TRUE, FALSE, 'My playlist', TRUE, '2025-04-05');
INSERT INTO ADD_SONGS_PLAYLISTS (PLAYLIST_ID, SONG_ID, NO_URUT, USER_ID) VALUES (26, 61, 1, 19);
INSERT INTO ADD_SONGS_PLAYLISTS (PLAYLIST_ID, SONG_ID, NO_URUT, USER_ID) VALUES (26, 79, 2, 19);
INSERT INTO ADD_SONGS_PLAYLISTS (PLAYLIST_ID, SONG_ID, NO_URUT, USER_ID) VALUES (26, 78, 3, 19);
INSERT INTO ADD_SONGS_PLAYLISTS (PLAYLIST_ID, SONG_ID, NO_URUT, USER_ID) VALUES (26, 96, 4, 19);
INSERT INTO ADD_SONGS_PLAYLISTS (PLAYLIST_ID, SONG_ID, NO_URUT, USER_ID) VALUES (26, 15, 5, 19);
INSERT INTO ADD_SONGS_PLAYLISTS (PLAYLIST_ID, SONG_ID, NO_URUT, USER_ID) VALUES (26, 80, 6, 19);
INSERT INTO PLAYLISTS (PLAYLIST_ID, USER_ID, PLAYLIST_TITLE, ISPUBLIC, ISCOLLABORATIVE, PLAYLIST_DESC, ISONPROFILE, PLAYLIST_DATE_CREATED) VALUES (27, 19, 'Illo excepturi minima', TRUE, FALSE, 'My playlist', TRUE, '2025-04-06');
INSERT INTO ADD_SONGS_PLAYLISTS (PLAYLIST_ID, SONG_ID, NO_URUT, USER_ID) VALUES (27, 4, 1, 19);
INSERT INTO ADD_SONGS_PLAYLISTS (PLAYLIST_ID, SONG_ID, NO_URUT, USER_ID) VALUES (27, 1, 2, 19);
INSERT INTO ADD_SONGS_PLAYLISTS (PLAYLIST_ID, SONG_ID, NO_URUT, USER_ID) VALUES (27, 39, 3, 19);
INSERT INTO ADD_SONGS_PLAYLISTS (PLAYLIST_ID, SONG_ID, NO_URUT, USER_ID) VALUES (27, 23, 4, 19);
INSERT INTO PLAYLISTS (PLAYLIST_ID, USER_ID, PLAYLIST_TITLE, ISPUBLIC, ISCOLLABORATIVE, PLAYLIST_DESC, ISONPROFILE, PLAYLIST_DATE_CREATED) VALUES (28, 20, 'Dicta necessitatibus', TRUE, FALSE, 'My playlist', TRUE, '2025-03-10');
INSERT INTO ADD_SONGS_PLAYLISTS (PLAYLIST_ID, SONG_ID, NO_URUT, USER_ID) VALUES (28, 84, 1, 20);
INSERT INTO ADD_SONGS_PLAYLISTS (PLAYLIST_ID, SONG_ID, NO_URUT, USER_ID) VALUES (28, 1, 2, 20);
INSERT INTO ADD_SONGS_PLAYLISTS (PLAYLIST_ID, SONG_ID, NO_URUT, USER_ID) VALUES (28, 63, 3, 20);
INSERT INTO ADD_SONGS_PLAYLISTS (PLAYLIST_ID, SONG_ID, NO_URUT, USER_ID) VALUES (28, 71, 4, 20);
INSERT INTO PLAYLISTS (PLAYLIST_ID, USER_ID, PLAYLIST_TITLE, ISPUBLIC, ISCOLLABORATIVE, PLAYLIST_DESC, ISONPROFILE, PLAYLIST_DATE_CREATED) VALUES (29, 21, 'Tenetur maiores', TRUE, FALSE, 'My playlist', TRUE, '2025-07-08');
INSERT INTO ADD_SONGS_PLAYLISTS (PLAYLIST_ID, SONG_ID, NO_URUT, USER_ID) VALUES (29, 95, 1, 21);
INSERT INTO ADD_SONGS_PLAYLISTS (PLAYLIST_ID, SONG_ID, NO_URUT, USER_ID) VALUES (29, 96, 2, 21);
INSERT INTO ADD_SONGS_PLAYLISTS (PLAYLIST_ID, SONG_ID, NO_URUT, USER_ID) VALUES (29, 28, 3, 21);
INSERT INTO PLAYLISTS (PLAYLIST_ID, USER_ID, PLAYLIST_TITLE, ISPUBLIC, ISCOLLABORATIVE, PLAYLIST_DESC, ISONPROFILE, PLAYLIST_DATE_CREATED) VALUES (30, 21, 'Quae assumenda', TRUE, FALSE, 'My playlist', TRUE, '2025-04-09');
INSERT INTO ADD_SONGS_PLAYLISTS (PLAYLIST_ID, SONG_ID, NO_URUT, USER_ID) VALUES (30, 49, 1, 21);
INSERT INTO ADD_SONGS_PLAYLISTS (PLAYLIST_ID, SONG_ID, NO_URUT, USER_ID) VALUES (30, 15, 2, 21);
INSERT INTO ADD_SONGS_PLAYLISTS (PLAYLIST_ID, SONG_ID, NO_URUT, USER_ID) VALUES (30, 45, 3, 21);
INSERT INTO ADD_SONGS_PLAYLISTS (PLAYLIST_ID, SONG_ID, NO_URUT, USER_ID) VALUES (30, 42, 4, 21);
INSERT INTO ADD_SONGS_PLAYLISTS (PLAYLIST_ID, SONG_ID, NO_URUT, USER_ID) VALUES (30, 53, 5, 21);
INSERT INTO PLAYLISTS (PLAYLIST_ID, USER_ID, PLAYLIST_TITLE, ISPUBLIC, ISCOLLABORATIVE, PLAYLIST_DESC, ISONPROFILE, PLAYLIST_DATE_CREATED) VALUES (31, 22, 'Doloribus provident similique', TRUE, FALSE, 'My playlist', TRUE, '2025-02-02');
INSERT INTO ADD_SONGS_PLAYLISTS (PLAYLIST_ID, SONG_ID, NO_URUT, USER_ID) VALUES (31, 22, 1, 22);
INSERT INTO ADD_SONGS_PLAYLISTS (PLAYLIST_ID, SONG_ID, NO_URUT, USER_ID) VALUES (31, 59, 2, 22);
INSERT INTO ADD_SONGS_PLAYLISTS (PLAYLIST_ID, SONG_ID, NO_URUT, USER_ID) VALUES (31, 94, 3, 22);
INSERT INTO ADD_SONGS_PLAYLISTS (PLAYLIST_ID, SONG_ID, NO_URUT, USER_ID) VALUES (31, 32, 4, 22);
INSERT INTO ADD_SONGS_PLAYLISTS (PLAYLIST_ID, SONG_ID, NO_URUT, USER_ID) VALUES (31, 99, 5, 22);
INSERT INTO PLAYLISTS (PLAYLIST_ID, USER_ID, PLAYLIST_TITLE, ISPUBLIC, ISCOLLABORATIVE, PLAYLIST_DESC, ISONPROFILE, PLAYLIST_DATE_CREATED) VALUES (32, 23, 'Est natus ut', TRUE, FALSE, 'My playlist', TRUE, '2025-10-27');
INSERT INTO ADD_SONGS_PLAYLISTS (PLAYLIST_ID, SONG_ID, NO_URUT, USER_ID) VALUES (32, 67, 1, 23);
INSERT INTO ADD_SONGS_PLAYLISTS (PLAYLIST_ID, SONG_ID, NO_URUT, USER_ID) VALUES (32, 23, 2, 23);
INSERT INTO ADD_SONGS_PLAYLISTS (PLAYLIST_ID, SONG_ID, NO_URUT, USER_ID) VALUES (32, 50, 3, 23);
INSERT INTO ADD_SONGS_PLAYLISTS (PLAYLIST_ID, SONG_ID, NO_URUT, USER_ID) VALUES (32, 63, 4, 23);
INSERT INTO ADD_SONGS_PLAYLISTS (PLAYLIST_ID, SONG_ID, NO_URUT, USER_ID) VALUES (32, 33, 5, 23);
INSERT INTO ADD_SONGS_PLAYLISTS (PLAYLIST_ID, SONG_ID, NO_URUT, USER_ID) VALUES (32, 65, 6, 23);
INSERT INTO ADD_SONGS_PLAYLISTS (PLAYLIST_ID, SONG_ID, NO_URUT, USER_ID) VALUES (32, 42, 7, 23);
INSERT INTO ADD_SONGS_PLAYLISTS (PLAYLIST_ID, SONG_ID, NO_URUT, USER_ID) VALUES (32, 93, 8, 23);
INSERT INTO PLAYLISTS (PLAYLIST_ID, USER_ID, PLAYLIST_TITLE, ISPUBLIC, ISCOLLABORATIVE, PLAYLIST_DESC, ISONPROFILE, PLAYLIST_DATE_CREATED) VALUES (33, 24, 'Reiciendis accusamus sapiente', TRUE, FALSE, 'My playlist', TRUE, '2025-07-03');
INSERT INTO ADD_SONGS_PLAYLISTS (PLAYLIST_ID, SONG_ID, NO_URUT, USER_ID) VALUES (33, 82, 1, 24);
INSERT INTO ADD_SONGS_PLAYLISTS (PLAYLIST_ID, SONG_ID, NO_URUT, USER_ID) VALUES (33, 87, 2, 24);
INSERT INTO ADD_SONGS_PLAYLISTS (PLAYLIST_ID, SONG_ID, NO_URUT, USER_ID) VALUES (33, 41, 3, 24);
INSERT INTO ADD_SONGS_PLAYLISTS (PLAYLIST_ID, SONG_ID, NO_URUT, USER_ID) VALUES (33, 59, 4, 24);
INSERT INTO ADD_SONGS_PLAYLISTS (PLAYLIST_ID, SONG_ID, NO_URUT, USER_ID) VALUES (33, 14, 5, 24);
INSERT INTO ADD_SONGS_PLAYLISTS (PLAYLIST_ID, SONG_ID, NO_URUT, USER_ID) VALUES (33, 100, 6, 24);
INSERT INTO ADD_SONGS_PLAYLISTS (PLAYLIST_ID, SONG_ID, NO_URUT, USER_ID) VALUES (33, 11, 7, 24);
INSERT INTO ADD_SONGS_PLAYLISTS (PLAYLIST_ID, SONG_ID, NO_URUT, USER_ID) VALUES (33, 25, 8, 24);
INSERT INTO PLAYLISTS (PLAYLIST_ID, USER_ID, PLAYLIST_TITLE, ISPUBLIC, ISCOLLABORATIVE, PLAYLIST_DESC, ISONPROFILE, PLAYLIST_DATE_CREATED) VALUES (34, 25, 'Perferendis quidem', TRUE, FALSE, 'My playlist', TRUE, '2025-11-04');
INSERT INTO ADD_SONGS_PLAYLISTS (PLAYLIST_ID, SONG_ID, NO_URUT, USER_ID) VALUES (34, 88, 1, 25);
INSERT INTO ADD_SONGS_PLAYLISTS (PLAYLIST_ID, SONG_ID, NO_URUT, USER_ID) VALUES (34, 24, 2, 25);
INSERT INTO ADD_SONGS_PLAYLISTS (PLAYLIST_ID, SONG_ID, NO_URUT, USER_ID) VALUES (34, 10, 3, 25);
INSERT INTO ADD_SONGS_PLAYLISTS (PLAYLIST_ID, SONG_ID, NO_URUT, USER_ID) VALUES (34, 48, 4, 25);
INSERT INTO ADD_SONGS_PLAYLISTS (PLAYLIST_ID, SONG_ID, NO_URUT, USER_ID) VALUES (34, 64, 5, 25);
INSERT INTO ADD_SONGS_PLAYLISTS (PLAYLIST_ID, SONG_ID, NO_URUT, USER_ID) VALUES (34, 31, 6, 25);
INSERT INTO PLAYLISTS (PLAYLIST_ID, USER_ID, PLAYLIST_TITLE, ISPUBLIC, ISCOLLABORATIVE, PLAYLIST_DESC, ISONPROFILE, PLAYLIST_DATE_CREATED) VALUES (35, 25, 'Officiis', TRUE, FALSE, 'My playlist', TRUE, '2025-08-06');
INSERT INTO ADD_SONGS_PLAYLISTS (PLAYLIST_ID, SONG_ID, NO_URUT, USER_ID) VALUES (35, 40, 1, 25);
INSERT INTO ADD_SONGS_PLAYLISTS (PLAYLIST_ID, SONG_ID, NO_URUT, USER_ID) VALUES (35, 85, 2, 25);
INSERT INTO ADD_SONGS_PLAYLISTS (PLAYLIST_ID, SONG_ID, NO_URUT, USER_ID) VALUES (35, 8, 3, 25);
INSERT INTO ADD_SONGS_PLAYLISTS (PLAYLIST_ID, SONG_ID, NO_URUT, USER_ID) VALUES (35, 53, 4, 25);
INSERT INTO ADD_SONGS_PLAYLISTS (PLAYLIST_ID, SONG_ID, NO_URUT, USER_ID) VALUES (35, 68, 5, 25);
INSERT INTO ADD_SONGS_PLAYLISTS (PLAYLIST_ID, SONG_ID, NO_URUT, USER_ID) VALUES (35, 71, 6, 25);
INSERT INTO LISTENS (USER_ID, SONG_ID, DURATION_LISTENED, "TIMESTAMP") VALUES (14, 52, 44, '2025-11-27 17:52:37');
INSERT INTO LISTENS (USER_ID, SONG_ID, DURATION_LISTENED, "TIMESTAMP") VALUES (11, 43, 180, '2025-11-27 17:53:52');
INSERT INTO LISTENS (USER_ID, SONG_ID, DURATION_LISTENED, "TIMESTAMP") VALUES (5, 13, 298, '2025-11-27 17:49:19');
INSERT INTO LISTENS (USER_ID, SONG_ID, DURATION_LISTENED, "TIMESTAMP") VALUES (15, 55, 217, '2025-11-27 17:54:37');
INSERT INTO LISTENS (USER_ID, SONG_ID, DURATION_LISTENED, "TIMESTAMP") VALUES (13, 59, 101, '2025-11-27 17:49:52');
INSERT INTO LISTENS (USER_ID, SONG_ID, DURATION_LISTENED, "TIMESTAMP") VALUES (1, 76, 45, '2025-11-27 17:53:28');
INSERT INTO LISTENS (USER_ID, SONG_ID, DURATION_LISTENED, "TIMESTAMP") VALUES (6, 39, 34, '2025-11-27 17:50:26');
INSERT INTO LISTENS (USER_ID, SONG_ID, DURATION_LISTENED, "TIMESTAMP") VALUES (8, 24, 156, '2025-11-27 17:53:32');
INSERT INTO LISTENS (USER_ID, SONG_ID, DURATION_LISTENED, "TIMESTAMP") VALUES (3, 96, 216, '2025-11-27 17:51:29');
INSERT INTO LISTENS (USER_ID, SONG_ID, DURATION_LISTENED, "TIMESTAMP") VALUES (9, 84, 105, '2025-11-27 17:51:44');
INSERT INTO LISTENS (USER_ID, SONG_ID, DURATION_LISTENED, "TIMESTAMP") VALUES (14, 27, 188, '2025-11-27 17:54:33');
INSERT INTO LISTENS (USER_ID, SONG_ID, DURATION_LISTENED, "TIMESTAMP") VALUES (9, 69, 105, '2025-11-27 17:53:29');
INSERT INTO LISTENS (USER_ID, SONG_ID, DURATION_LISTENED, "TIMESTAMP") VALUES (20, 62, 216, '2025-11-27 17:50:34');
INSERT INTO LISTENS (USER_ID, SONG_ID, DURATION_LISTENED, "TIMESTAMP") VALUES (1, 43, 284, '2025-11-27 17:53:05');
INSERT INTO LISTENS (USER_ID, SONG_ID, DURATION_LISTENED, "TIMESTAMP") VALUES (14, 97, 170, '2025-11-27 17:49:20');
INSERT INTO LISTENS (USER_ID, SONG_ID, DURATION_LISTENED, "TIMESTAMP") VALUES (5, 63, 262, '2025-11-27 17:50:21');
INSERT INTO LISTENS (USER_ID, SONG_ID, DURATION_LISTENED, "TIMESTAMP") VALUES (10, 26, 298, '2025-11-27 17:50:11');
INSERT INTO LISTENS (USER_ID, SONG_ID, DURATION_LISTENED, "TIMESTAMP") VALUES (17, 96, 266, '2025-11-27 17:53:31');
INSERT INTO LISTENS (USER_ID, SONG_ID, DURATION_LISTENED, "TIMESTAMP") VALUES (14, 37, 200, '2025-11-27 17:48:49');
INSERT INTO LISTENS (USER_ID, SONG_ID, DURATION_LISTENED, "TIMESTAMP") VALUES (1, 71, 14, '2025-11-27 17:51:08');
INSERT INTO LISTENS (USER_ID, SONG_ID, DURATION_LISTENED, "TIMESTAMP") VALUES (9, 70, 11, '2025-11-27 17:54:44');
INSERT INTO LISTENS (USER_ID, SONG_ID, DURATION_LISTENED, "TIMESTAMP") VALUES (9, 3, 16, '2025-11-27 17:52:54');
INSERT INTO LISTENS (USER_ID, SONG_ID, DURATION_LISTENED, "TIMESTAMP") VALUES (10, 11, 30, '2025-11-27 17:51:00');
INSERT INTO LISTENS (USER_ID, SONG_ID, DURATION_LISTENED, "TIMESTAMP") VALUES (19, 35, 149, '2025-11-27 17:53:55');
INSERT INTO LISTENS (USER_ID, SONG_ID, DURATION_LISTENED, "TIMESTAMP") VALUES (2, 95, 80, '2025-11-27 17:53:38');
INSERT INTO LISTENS (USER_ID, SONG_ID, DURATION_LISTENED, "TIMESTAMP") VALUES (5, 88, 175, '2025-11-27 17:50:42');
INSERT INTO LISTENS (USER_ID, SONG_ID, DURATION_LISTENED, "TIMESTAMP") VALUES (15, 17, 202, '2025-11-27 17:54:35');
INSERT INTO LISTENS (USER_ID, SONG_ID, DURATION_LISTENED, "TIMESTAMP") VALUES (24, 14, 109, '2025-11-27 17:49:58');
INSERT INTO LISTENS (USER_ID, SONG_ID, DURATION_LISTENED, "TIMESTAMP") VALUES (20, 15, 124, '2025-11-27 17:52:20');
INSERT INTO LISTENS (USER_ID, SONG_ID, DURATION_LISTENED, "TIMESTAMP") VALUES (6, 57, 86, '2025-11-27 17:51:54');
INSERT INTO LISTENS (USER_ID, SONG_ID, DURATION_LISTENED, "TIMESTAMP") VALUES (23, 28, 54, '2025-11-27 17:53:23');
INSERT INTO LISTENS (USER_ID, SONG_ID, DURATION_LISTENED, "TIMESTAMP") VALUES (10, 60, 165, '2025-11-27 17:51:03');
INSERT INTO LISTENS (USER_ID, SONG_ID, DURATION_LISTENED, "TIMESTAMP") VALUES (4, 70, 243, '2025-11-27 17:54:34');
INSERT INTO LISTENS (USER_ID, SONG_ID, DURATION_LISTENED, "TIMESTAMP") VALUES (8, 25, 17, '2025-11-27 17:50:06');
INSERT INTO LISTENS (USER_ID, SONG_ID, DURATION_LISTENED, "TIMESTAMP") VALUES (3, 33, 146, '2025-11-27 17:54:31');
INSERT INTO LISTENS (USER_ID, SONG_ID, DURATION_LISTENED, "TIMESTAMP") VALUES (14, 90, 44, '2025-11-27 17:52:21');
INSERT INTO LISTENS (USER_ID, SONG_ID, DURATION_LISTENED, "TIMESTAMP") VALUES (22, 88, 237, '2025-11-27 17:53:33');
INSERT INTO LISTENS (USER_ID, SONG_ID, DURATION_LISTENED, "TIMESTAMP") VALUES (4, 86, 118, '2025-11-27 17:54:03');
INSERT INTO LISTENS (USER_ID, SONG_ID, DURATION_LISTENED, "TIMESTAMP") VALUES (20, 80, 275, '2025-11-27 17:50:39');
INSERT INTO LISTENS (USER_ID, SONG_ID, DURATION_LISTENED, "TIMESTAMP") VALUES (21, 52, 117, '2025-11-27 17:54:44');
INSERT INTO LISTENS (USER_ID, SONG_ID, DURATION_LISTENED, "TIMESTAMP") VALUES (19, 1, 100, '2025-11-27 17:49:24');
INSERT INTO LISTENS (USER_ID, SONG_ID, DURATION_LISTENED, "TIMESTAMP") VALUES (11, 64, 54, '2025-11-27 17:51:26');
INSERT INTO LISTENS (USER_ID, SONG_ID, DURATION_LISTENED, "TIMESTAMP") VALUES (11, 61, 214, '2025-11-27 17:50:58');
INSERT INTO LISTENS (USER_ID, SONG_ID, DURATION_LISTENED, "TIMESTAMP") VALUES (10, 9, 117, '2025-11-27 17:53:27');
INSERT INTO LISTENS (USER_ID, SONG_ID, DURATION_LISTENED, "TIMESTAMP") VALUES (1, 70, 80, '2025-11-27 17:50:45');
INSERT INTO LISTENS (USER_ID, SONG_ID, DURATION_LISTENED, "TIMESTAMP") VALUES (6, 72, 75, '2025-11-27 17:52:16');
INSERT INTO LISTENS (USER_ID, SONG_ID, DURATION_LISTENED, "TIMESTAMP") VALUES (11, 26, 237, '2025-11-27 17:49:17');
INSERT INTO LISTENS (USER_ID, SONG_ID, DURATION_LISTENED, "TIMESTAMP") VALUES (23, 66, 172, '2025-11-27 17:50:04');
INSERT INTO LISTENS (USER_ID, SONG_ID, DURATION_LISTENED, "TIMESTAMP") VALUES (18, 81, 260, '2025-11-27 17:52:35');
INSERT INTO LISTENS (USER_ID, SONG_ID, DURATION_LISTENED, "TIMESTAMP") VALUES (15, 16, 43, '2025-11-27 17:50:01');
INSERT INTO LISTENS (USER_ID, SONG_ID, DURATION_LISTENED, "TIMESTAMP") VALUES (20, 28, 129, '2025-11-27 17:50:45');
INSERT INTO LISTENS (USER_ID, SONG_ID, DURATION_LISTENED, "TIMESTAMP") VALUES (2, 97, 191, '2025-11-27 17:53:20');
INSERT INTO LISTENS (USER_ID, SONG_ID, DURATION_LISTENED, "TIMESTAMP") VALUES (6, 44, 56, '2025-11-27 17:53:48');
INSERT INTO LISTENS (USER_ID, SONG_ID, DURATION_LISTENED, "TIMESTAMP") VALUES (11, 84, 165, '2025-11-27 17:51:13');
INSERT INTO LISTENS (USER_ID, SONG_ID, DURATION_LISTENED, "TIMESTAMP") VALUES (3, 63, 179, '2025-11-27 17:51:56');
INSERT INTO LISTENS (USER_ID, SONG_ID, DURATION_LISTENED, "TIMESTAMP") VALUES (20, 53, 211, '2025-11-27 17:49:18');
INSERT INTO LISTENS (USER_ID, SONG_ID, DURATION_LISTENED, "TIMESTAMP") VALUES (6, 56, 70, '2025-11-27 17:52:25');
INSERT INTO LISTENS (USER_ID, SONG_ID, DURATION_LISTENED, "TIMESTAMP") VALUES (17, 68, 288, '2025-11-27 17:49:09');
INSERT INTO LISTENS (USER_ID, SONG_ID, DURATION_LISTENED, "TIMESTAMP") VALUES (3, 91, 201, '2025-11-27 17:52:57');
INSERT INTO LISTENS (USER_ID, SONG_ID, DURATION_LISTENED, "TIMESTAMP") VALUES (16, 40, 37, '2025-11-27 17:54:25');
INSERT INTO LISTENS (USER_ID, SONG_ID, DURATION_LISTENED, "TIMESTAMP") VALUES (22, 8, 264, '2025-11-27 17:52:10');
INSERT INTO LISTENS (USER_ID, SONG_ID, DURATION_LISTENED, "TIMESTAMP") VALUES (5, 49, 48, '2025-11-27 17:52:46');
INSERT INTO LISTENS (USER_ID, SONG_ID, DURATION_LISTENED, "TIMESTAMP") VALUES (20, 40, 227, '2025-11-27 17:51:50');
INSERT INTO LISTENS (USER_ID, SONG_ID, DURATION_LISTENED, "TIMESTAMP") VALUES (10, 66, 220, '2025-11-27 17:50:00');
INSERT INTO LISTENS (USER_ID, SONG_ID, DURATION_LISTENED, "TIMESTAMP") VALUES (17, 71, 181, '2025-11-27 17:52:13');
INSERT INTO LISTENS (USER_ID, SONG_ID, DURATION_LISTENED, "TIMESTAMP") VALUES (7, 44, 149, '2025-11-27 17:54:27');
INSERT INTO LISTENS (USER_ID, SONG_ID, DURATION_LISTENED, "TIMESTAMP") VALUES (18, 87, 145, '2025-11-27 17:54:21');
INSERT INTO LISTENS (USER_ID, SONG_ID, DURATION_LISTENED, "TIMESTAMP") VALUES (21, 89, 60, '2025-11-27 17:49:50');
INSERT INTO LISTENS (USER_ID, SONG_ID, DURATION_LISTENED, "TIMESTAMP") VALUES (14, 97, 23, '2025-11-27 17:52:29');
INSERT INTO LISTENS (USER_ID, SONG_ID, DURATION_LISTENED, "TIMESTAMP") VALUES (15, 90, 150, '2025-11-27 17:50:20');
INSERT INTO LISTENS (USER_ID, SONG_ID, DURATION_LISTENED, "TIMESTAMP") VALUES (14, 99, 258, '2025-11-27 17:52:03');
INSERT INTO LISTENS (USER_ID, SONG_ID, DURATION_LISTENED, "TIMESTAMP") VALUES (21, 2, 31, '2025-11-27 17:53:44');
INSERT INTO LISTENS (USER_ID, SONG_ID, DURATION_LISTENED, "TIMESTAMP") VALUES (23, 90, 39, '2025-11-27 17:53:46');
INSERT INTO LISTENS (USER_ID, SONG_ID, DURATION_LISTENED, "TIMESTAMP") VALUES (1, 20, 181, '2025-11-27 17:50:51');
INSERT INTO LISTENS (USER_ID, SONG_ID, DURATION_LISTENED, "TIMESTAMP") VALUES (14, 91, 29, '2025-11-27 17:51:40');
INSERT INTO LISTENS (USER_ID, SONG_ID, DURATION_LISTENED, "TIMESTAMP") VALUES (9, 86, 188, '2025-11-27 17:51:07');
INSERT INTO LISTENS (USER_ID, SONG_ID, DURATION_LISTENED, "TIMESTAMP") VALUES (24, 26, 274, '2025-11-27 17:51:09');
INSERT INTO LISTENS (USER_ID, SONG_ID, DURATION_LISTENED, "TIMESTAMP") VALUES (13, 24, 71, '2025-11-27 17:50:22');
INSERT INTO LISTENS (USER_ID, SONG_ID, DURATION_LISTENED, "TIMESTAMP") VALUES (18, 29, 69, '2025-11-27 17:49:03');
INSERT INTO LISTENS (USER_ID, SONG_ID, DURATION_LISTENED, "TIMESTAMP") VALUES (5, 14, 204, '2025-11-27 17:48:59');
INSERT INTO LISTENS (USER_ID, SONG_ID, DURATION_LISTENED, "TIMESTAMP") VALUES (7, 65, 171, '2025-11-27 17:54:44');
INSERT INTO LISTENS (USER_ID, SONG_ID, DURATION_LISTENED, "TIMESTAMP") VALUES (19, 49, 200, '2025-11-27 17:52:23');
INSERT INTO LISTENS (USER_ID, SONG_ID, DURATION_LISTENED, "TIMESTAMP") VALUES (1, 14, 210, '2025-11-27 17:54:27');
INSERT INTO LISTENS (USER_ID, SONG_ID, DURATION_LISTENED, "TIMESTAMP") VALUES (15, 38, 154, '2025-11-27 17:50:36');
INSERT INTO LISTENS (USER_ID, SONG_ID, DURATION_LISTENED, "TIMESTAMP") VALUES (4, 98, 20, '2025-11-27 17:49:12');
INSERT INTO LISTENS (USER_ID, SONG_ID, DURATION_LISTENED, "TIMESTAMP") VALUES (8, 10, 255, '2025-11-27 17:53:48');
INSERT INTO LISTENS (USER_ID, SONG_ID, DURATION_LISTENED, "TIMESTAMP") VALUES (4, 17, 163, '2025-11-27 17:53:36');
INSERT INTO LISTENS (USER_ID, SONG_ID, DURATION_LISTENED, "TIMESTAMP") VALUES (13, 69, 175, '2025-11-27 17:53:15');
INSERT INTO LISTENS (USER_ID, SONG_ID, DURATION_LISTENED, "TIMESTAMP") VALUES (18, 78, 129, '2025-11-27 17:49:40');
INSERT INTO LISTENS (USER_ID, SONG_ID, DURATION_LISTENED, "TIMESTAMP") VALUES (13, 86, 97, '2025-11-27 17:53:21');
INSERT INTO LISTENS (USER_ID, SONG_ID, DURATION_LISTENED, "TIMESTAMP") VALUES (21, 68, 136, '2025-11-27 17:53:23');
INSERT INTO LISTENS (USER_ID, SONG_ID, DURATION_LISTENED, "TIMESTAMP") VALUES (13, 11, 111, '2025-11-27 17:49:50');
INSERT INTO LISTENS (USER_ID, SONG_ID, DURATION_LISTENED, "TIMESTAMP") VALUES (24, 49, 210, '2025-11-27 17:53:36');
INSERT INTO LISTENS (USER_ID, SONG_ID, DURATION_LISTENED, "TIMESTAMP") VALUES (24, 97, 109, '2025-11-27 17:52:17');
INSERT INTO LISTENS (USER_ID, SONG_ID, DURATION_LISTENED, "TIMESTAMP") VALUES (3, 92, 25, '2025-11-27 17:50:16');
INSERT INTO LISTENS (USER_ID, SONG_ID, DURATION_LISTENED, "TIMESTAMP") VALUES (14, 59, 39, '2025-11-27 17:52:49');
INSERT INTO LISTENS (USER_ID, SONG_ID, DURATION_LISTENED, "TIMESTAMP") VALUES (25, 5, 94, '2025-11-27 17:54:29');
INSERT INTO LISTENS (USER_ID, SONG_ID, DURATION_LISTENED, "TIMESTAMP") VALUES (16, 7, 196, '2025-11-27 17:50:34');
INSERT INTO LISTENS (USER_ID, SONG_ID, DURATION_LISTENED, "TIMESTAMP") VALUES (20, 2, 281, '2025-11-27 17:51:10');
INSERT INTO LISTENS (USER_ID, SONG_ID, DURATION_LISTENED, "TIMESTAMP") VALUES (16, 98, 10, '2025-11-27 17:52:58');
INSERT INTO LISTENS (USER_ID, SONG_ID, DURATION_LISTENED, "TIMESTAMP") VALUES (25, 93, 42, '2025-11-27 17:50:04');
INSERT INTO LISTENS (USER_ID, SONG_ID, DURATION_LISTENED, "TIMESTAMP") VALUES (16, 48, 25, '2025-11-27 17:53:12');
INSERT INTO LISTENS (USER_ID, SONG_ID, DURATION_LISTENED, "TIMESTAMP") VALUES (19, 70, 12, '2025-11-27 17:48:45');
INSERT INTO LISTENS (USER_ID, SONG_ID, DURATION_LISTENED, "TIMESTAMP") VALUES (7, 22, 289, '2025-11-27 17:51:57');
INSERT INTO LISTENS (USER_ID, SONG_ID, DURATION_LISTENED, "TIMESTAMP") VALUES (7, 28, 193, '2025-11-27 17:50:16');
INSERT INTO LISTENS (USER_ID, SONG_ID, DURATION_LISTENED, "TIMESTAMP") VALUES (4, 77, 248, '2025-11-27 17:48:49');
INSERT INTO LISTENS (USER_ID, SONG_ID, DURATION_LISTENED, "TIMESTAMP") VALUES (25, 85, 276, '2025-11-27 17:51:06');
INSERT INTO LISTENS (USER_ID, SONG_ID, DURATION_LISTENED, "TIMESTAMP") VALUES (11, 60, 208, '2025-11-27 17:48:57');
INSERT INTO LISTENS (USER_ID, SONG_ID, DURATION_LISTENED, "TIMESTAMP") VALUES (10, 17, 225, '2025-11-27 17:49:21');
INSERT INTO LISTENS (USER_ID, SONG_ID, DURATION_LISTENED, "TIMESTAMP") VALUES (11, 78, 28, '2025-11-27 17:53:08');
INSERT INTO LISTENS (USER_ID, SONG_ID, DURATION_LISTENED, "TIMESTAMP") VALUES (8, 19, 64, '2025-11-27 17:49:39');
INSERT INTO LISTENS (USER_ID, SONG_ID, DURATION_LISTENED, "TIMESTAMP") VALUES (23, 95, 107, '2025-11-27 17:49:37');
INSERT INTO LISTENS (USER_ID, SONG_ID, DURATION_LISTENED, "TIMESTAMP") VALUES (15, 96, 232, '2025-11-27 17:48:51');
INSERT INTO LISTENS (USER_ID, SONG_ID, DURATION_LISTENED, "TIMESTAMP") VALUES (15, 74, 234, '2025-11-27 17:52:51');
INSERT INTO LISTENS (USER_ID, SONG_ID, DURATION_LISTENED, "TIMESTAMP") VALUES (18, 40, 141, '2025-11-27 17:51:31');
INSERT INTO LISTENS (USER_ID, SONG_ID, DURATION_LISTENED, "TIMESTAMP") VALUES (18, 24, 288, '2025-11-27 17:49:08');
INSERT INTO LISTENS (USER_ID, SONG_ID, DURATION_LISTENED, "TIMESTAMP") VALUES (1, 17, 133, '2025-11-27 17:50:07');
INSERT INTO LISTENS (USER_ID, SONG_ID, DURATION_LISTENED, "TIMESTAMP") VALUES (18, 49, 153, '2025-11-27 17:48:55');
INSERT INTO LISTENS (USER_ID, SONG_ID, DURATION_LISTENED, "TIMESTAMP") VALUES (8, 64, 50, '2025-11-27 17:53:52');
INSERT INTO LISTENS (USER_ID, SONG_ID, DURATION_LISTENED, "TIMESTAMP") VALUES (24, 100, 117, '2025-11-27 17:51:46');
INSERT INTO LISTENS (USER_ID, SONG_ID, DURATION_LISTENED, "TIMESTAMP") VALUES (25, 17, 147, '2025-11-27 17:52:22');
INSERT INTO LISTENS (USER_ID, SONG_ID, DURATION_LISTENED, "TIMESTAMP") VALUES (23, 3, 188, '2025-11-27 17:51:37');
INSERT INTO LISTENS (USER_ID, SONG_ID, DURATION_LISTENED, "TIMESTAMP") VALUES (7, 87, 150, '2025-11-27 17:48:52');
INSERT INTO LISTENS (USER_ID, SONG_ID, DURATION_LISTENED, "TIMESTAMP") VALUES (17, 44, 139, '2025-11-27 17:51:12');
INSERT INTO LISTENS (USER_ID, SONG_ID, DURATION_LISTENED, "TIMESTAMP") VALUES (19, 36, 13, '2025-11-27 17:52:07');
INSERT INTO LISTENS (USER_ID, SONG_ID, DURATION_LISTENED, "TIMESTAMP") VALUES (14, 23, 298, '2025-11-27 17:54:19');
INSERT INTO LISTENS (USER_ID, SONG_ID, DURATION_LISTENED, "TIMESTAMP") VALUES (9, 62, 101, '2025-11-27 17:50:36');
INSERT INTO LISTENS (USER_ID, SONG_ID, DURATION_LISTENED, "TIMESTAMP") VALUES (17, 2, 284, '2025-11-27 17:49:53');
INSERT INTO LISTENS (USER_ID, SONG_ID, DURATION_LISTENED, "TIMESTAMP") VALUES (20, 15, 14, '2025-11-27 17:51:41');
INSERT INTO LISTENS (USER_ID, SONG_ID, DURATION_LISTENED, "TIMESTAMP") VALUES (3, 42, 151, '2025-11-27 17:51:02');
INSERT INTO LISTENS (USER_ID, SONG_ID, DURATION_LISTENED, "TIMESTAMP") VALUES (24, 17, 294, '2025-11-27 17:50:05');
INSERT INTO LISTENS (USER_ID, SONG_ID, DURATION_LISTENED, "TIMESTAMP") VALUES (21, 88, 197, '2025-11-27 17:53:58');
INSERT INTO LISTENS (USER_ID, SONG_ID, DURATION_LISTENED, "TIMESTAMP") VALUES (2, 93, 28, '2025-11-27 17:54:14');
INSERT INTO LISTENS (USER_ID, SONG_ID, DURATION_LISTENED, "TIMESTAMP") VALUES (10, 79, 57, '2025-11-27 17:54:23');
INSERT INTO LISTENS (USER_ID, SONG_ID, DURATION_LISTENED, "TIMESTAMP") VALUES (11, 99, 42, '2025-11-27 17:48:45');
INSERT INTO LISTENS (USER_ID, SONG_ID, DURATION_LISTENED, "TIMESTAMP") VALUES (7, 34, 63, '2025-11-27 17:50:13');
INSERT INTO LISTENS (USER_ID, SONG_ID, DURATION_LISTENED, "TIMESTAMP") VALUES (25, 72, 240, '2025-11-27 17:51:51');
INSERT INTO LISTENS (USER_ID, SONG_ID, DURATION_LISTENED, "TIMESTAMP") VALUES (20, 59, 79, '2025-11-27 17:49:38');
INSERT INTO LISTENS (USER_ID, SONG_ID, DURATION_LISTENED, "TIMESTAMP") VALUES (2, 59, 276, '2025-11-27 17:49:21');
INSERT INTO LISTENS (USER_ID, SONG_ID, DURATION_LISTENED, "TIMESTAMP") VALUES (23, 12, 149, '2025-11-27 17:54:22');
INSERT INTO LISTENS (USER_ID, SONG_ID, DURATION_LISTENED, "TIMESTAMP") VALUES (19, 28, 237, '2025-11-27 17:52:28');
INSERT INTO LISTENS (USER_ID, SONG_ID, DURATION_LISTENED, "TIMESTAMP") VALUES (19, 71, 266, '2025-11-27 17:50:39');
INSERT INTO LISTENS (USER_ID, SONG_ID, DURATION_LISTENED, "TIMESTAMP") VALUES (22, 19, 172, '2025-11-27 17:51:41');
INSERT INTO LISTENS (USER_ID, SONG_ID, DURATION_LISTENED, "TIMESTAMP") VALUES (1, 32, 103, '2025-11-27 17:53:14');
INSERT INTO LISTENS (USER_ID, SONG_ID, DURATION_LISTENED, "TIMESTAMP") VALUES (15, 40, 18, '2025-11-27 17:49:30');
INSERT INTO LISTENS (USER_ID, SONG_ID, DURATION_LISTENED, "TIMESTAMP") VALUES (17, 16, 189, '2025-11-27 17:53:51');
INSERT INTO LISTENS (USER_ID, SONG_ID, DURATION_LISTENED, "TIMESTAMP") VALUES (20, 21, 203, '2025-11-27 17:54:14');
INSERT INTO LISTENS (USER_ID, SONG_ID, DURATION_LISTENED, "TIMESTAMP") VALUES (20, 72, 136, '2025-11-27 17:53:03');
INSERT INTO LISTENS (USER_ID, SONG_ID, DURATION_LISTENED, "TIMESTAMP") VALUES (9, 12, 285, '2025-11-27 17:53:11');
INSERT INTO LISTENS (USER_ID, SONG_ID, DURATION_LISTENED, "TIMESTAMP") VALUES (15, 84, 145, '2025-11-27 17:54:14');
INSERT INTO LISTENS (USER_ID, SONG_ID, DURATION_LISTENED, "TIMESTAMP") VALUES (12, 45, 237, '2025-11-27 17:53:27');
INSERT INTO LISTENS (USER_ID, SONG_ID, DURATION_LISTENED, "TIMESTAMP") VALUES (4, 11, 73, '2025-11-27 17:49:38');
INSERT INTO LISTENS (USER_ID, SONG_ID, DURATION_LISTENED, "TIMESTAMP") VALUES (9, 22, 273, '2025-11-27 17:53:12');
INSERT INTO LISTENS (USER_ID, SONG_ID, DURATION_LISTENED, "TIMESTAMP") VALUES (12, 50, 103, '2025-11-27 17:53:30');
INSERT INTO LISTENS (USER_ID, SONG_ID, DURATION_LISTENED, "TIMESTAMP") VALUES (12, 64, 131, '2025-11-27 17:53:05');
INSERT INTO LISTENS (USER_ID, SONG_ID, DURATION_LISTENED, "TIMESTAMP") VALUES (3, 35, 137, '2025-11-27 17:54:05');
INSERT INTO LISTENS (USER_ID, SONG_ID, DURATION_LISTENED, "TIMESTAMP") VALUES (20, 43, 216, '2025-11-27 17:53:46');
INSERT INTO LISTENS (USER_ID, SONG_ID, DURATION_LISTENED, "TIMESTAMP") VALUES (10, 71, 270, '2025-11-27 17:51:14');
INSERT INTO LISTENS (USER_ID, SONG_ID, DURATION_LISTENED, "TIMESTAMP") VALUES (20, 90, 209, '2025-11-27 17:51:59');
INSERT INTO LISTENS (USER_ID, SONG_ID, DURATION_LISTENED, "TIMESTAMP") VALUES (13, 87, 78, '2025-11-27 17:50:53');
INSERT INTO LISTENS (USER_ID, SONG_ID, DURATION_LISTENED, "TIMESTAMP") VALUES (3, 90, 118, '2025-11-27 17:51:15');
INSERT INTO LISTENS (USER_ID, SONG_ID, DURATION_LISTENED, "TIMESTAMP") VALUES (2, 54, 295, '2025-11-27 17:53:16');
INSERT INTO LISTENS (USER_ID, SONG_ID, DURATION_LISTENED, "TIMESTAMP") VALUES (20, 58, 187, '2025-11-27 17:52:21');
INSERT INTO LISTENS (USER_ID, SONG_ID, DURATION_LISTENED, "TIMESTAMP") VALUES (25, 38, 229, '2025-11-27 17:50:05');
INSERT INTO LISTENS (USER_ID, SONG_ID, DURATION_LISTENED, "TIMESTAMP") VALUES (19, 44, 114, '2025-11-27 17:52:24');
INSERT INTO LISTENS (USER_ID, SONG_ID, DURATION_LISTENED, "TIMESTAMP") VALUES (15, 65, 205, '2025-11-27 17:53:37');
INSERT INTO LISTENS (USER_ID, SONG_ID, DURATION_LISTENED, "TIMESTAMP") VALUES (22, 55, 252, '2025-11-27 17:51:09');
INSERT INTO LISTENS (USER_ID, SONG_ID, DURATION_LISTENED, "TIMESTAMP") VALUES (6, 72, 238, '2025-11-27 17:52:53');
INSERT INTO LISTENS (USER_ID, SONG_ID, DURATION_LISTENED, "TIMESTAMP") VALUES (24, 39, 275, '2025-11-27 17:54:38');
INSERT INTO LISTENS (USER_ID, SONG_ID, DURATION_LISTENED, "TIMESTAMP") VALUES (5, 42, 208, '2025-11-27 17:50:25');
INSERT INTO LISTENS (USER_ID, SONG_ID, DURATION_LISTENED, "TIMESTAMP") VALUES (15, 96, 203, '2025-11-27 17:52:57');
INSERT INTO LISTENS (USER_ID, SONG_ID, DURATION_LISTENED, "TIMESTAMP") VALUES (24, 66, 181, '2025-11-27 17:54:42');
INSERT INTO LISTENS (USER_ID, SONG_ID, DURATION_LISTENED, "TIMESTAMP") VALUES (23, 83, 74, '2025-11-27 17:54:27');
INSERT INTO LISTENS (USER_ID, SONG_ID, DURATION_LISTENED, "TIMESTAMP") VALUES (21, 80, 70, '2025-11-27 17:51:22');
INSERT INTO LISTENS (USER_ID, SONG_ID, DURATION_LISTENED, "TIMESTAMP") VALUES (11, 2, 125, '2025-11-27 17:49:47');
INSERT INTO LISTENS (USER_ID, SONG_ID, DURATION_LISTENED, "TIMESTAMP") VALUES (19, 55, 101, '2025-11-27 17:52:44');
INSERT INTO LISTENS (USER_ID, SONG_ID, DURATION_LISTENED, "TIMESTAMP") VALUES (11, 6, 294, '2025-11-27 17:49:44');
INSERT INTO LISTENS (USER_ID, SONG_ID, DURATION_LISTENED, "TIMESTAMP") VALUES (25, 46, 182, '2025-11-27 17:52:56');
INSERT INTO LISTENS (USER_ID, SONG_ID, DURATION_LISTENED, "TIMESTAMP") VALUES (22, 67, 220, '2025-11-27 17:53:19');
INSERT INTO LISTENS (USER_ID, SONG_ID, DURATION_LISTENED, "TIMESTAMP") VALUES (9, 69, 196, '2025-11-27 17:52:23');
INSERT INTO LISTENS (USER_ID, SONG_ID, DURATION_LISTENED, "TIMESTAMP") VALUES (21, 1, 130, '2025-11-27 17:49:42');
INSERT INTO LISTENS (USER_ID, SONG_ID, DURATION_LISTENED, "TIMESTAMP") VALUES (20, 55, 173, '2025-11-27 17:54:23');
INSERT INTO LISTENS (USER_ID, SONG_ID, DURATION_LISTENED, "TIMESTAMP") VALUES (7, 71, 71, '2025-11-27 17:51:15');
INSERT INTO LISTENS (USER_ID, SONG_ID, DURATION_LISTENED, "TIMESTAMP") VALUES (22, 8, 242, '2025-11-27 17:52:54');
INSERT INTO LISTENS (USER_ID, SONG_ID, DURATION_LISTENED, "TIMESTAMP") VALUES (18, 23, 29, '2025-11-27 17:54:00');
INSERT INTO LISTENS (USER_ID, SONG_ID, DURATION_LISTENED, "TIMESTAMP") VALUES (1, 27, 96, '2025-11-27 17:52:18');
INSERT INTO LISTENS (USER_ID, SONG_ID, DURATION_LISTENED, "TIMESTAMP") VALUES (22, 57, 92, '2025-11-27 17:51:35');
INSERT INTO LISTENS (USER_ID, SONG_ID, DURATION_LISTENED, "TIMESTAMP") VALUES (6, 46, 64, '2025-11-27 17:50:09');
INSERT INTO LISTENS (USER_ID, SONG_ID, DURATION_LISTENED, "TIMESTAMP") VALUES (9, 2, 51, '2025-11-27 17:54:28');
INSERT INTO LISTENS (USER_ID, SONG_ID, DURATION_LISTENED, "TIMESTAMP") VALUES (7, 23, 131, '2025-11-27 17:52:39');
INSERT INTO LISTENS (USER_ID, SONG_ID, DURATION_LISTENED, "TIMESTAMP") VALUES (8, 21, 180, '2025-11-27 17:52:24');
INSERT INTO LISTENS (USER_ID, SONG_ID, DURATION_LISTENED, "TIMESTAMP") VALUES (8, 40, 76, '2025-11-27 17:50:57');
INSERT INTO LISTENS (USER_ID, SONG_ID, DURATION_LISTENED, "TIMESTAMP") VALUES (10, 73, 250, '2025-11-27 17:48:54');
INSERT INTO LISTENS (USER_ID, SONG_ID, DURATION_LISTENED, "TIMESTAMP") VALUES (7, 90, 296, '2025-11-27 17:50:37');
INSERT INTO LISTENS (USER_ID, SONG_ID, DURATION_LISTENED, "TIMESTAMP") VALUES (1, 56, 151, '2025-11-27 17:52:28');
INSERT INTO LISTENS (USER_ID, SONG_ID, DURATION_LISTENED, "TIMESTAMP") VALUES (6, 18, 12, '2025-11-27 17:54:05');
INSERT INTO LISTENS (USER_ID, SONG_ID, DURATION_LISTENED, "TIMESTAMP") VALUES (11, 78, 272, '2025-11-27 17:50:01');
INSERT INTO LISTENS (USER_ID, SONG_ID, DURATION_LISTENED, "TIMESTAMP") VALUES (1, 98, 185, '2025-11-27 17:52:08');
INSERT INTO LISTENS (USER_ID, SONG_ID, DURATION_LISTENED, "TIMESTAMP") VALUES (13, 71, 237, '2025-11-27 17:53:00');
INSERT INTO LISTENS (USER_ID, SONG_ID, DURATION_LISTENED, "TIMESTAMP") VALUES (3, 27, 229, '2025-11-27 17:52:53');
INSERT INTO LISTENS (USER_ID, SONG_ID, DURATION_LISTENED, "TIMESTAMP") VALUES (22, 99, 253, '2025-11-27 17:53:22');
INSERT INTO LISTENS (USER_ID, SONG_ID, DURATION_LISTENED, "TIMESTAMP") VALUES (19, 37, 226, '2025-11-27 17:53:11');
INSERT INTO LISTENS (USER_ID, SONG_ID, DURATION_LISTENED, "TIMESTAMP") VALUES (14, 66, 58, '2025-11-27 17:52:22');
INSERT INTO LISTENS (USER_ID, SONG_ID, DURATION_LISTENED, "TIMESTAMP") VALUES (24, 17, 77, '2025-11-27 17:51:23');
INSERT INTO LISTENS (USER_ID, SONG_ID, DURATION_LISTENED, "TIMESTAMP") VALUES (13, 4, 261, '2025-11-27 17:49:33');
INSERT INTO LISTENS (USER_ID, SONG_ID, DURATION_LISTENED, "TIMESTAMP") VALUES (23, 37, 147, '2025-11-27 17:48:46');
INSERT INTO LISTENS (USER_ID, SONG_ID, DURATION_LISTENED, "TIMESTAMP") VALUES (18, 68, 73, '2025-11-27 17:51:05');
INSERT INTO LISTENS (USER_ID, SONG_ID, DURATION_LISTENED, "TIMESTAMP") VALUES (13, 28, 300, '2025-11-27 17:53:40');
INSERT INTO LISTENS (USER_ID, SONG_ID, DURATION_LISTENED, "TIMESTAMP") VALUES (7, 41, 89, '2025-11-27 17:50:06');
INSERT INTO LISTENS (USER_ID, SONG_ID, DURATION_LISTENED, "TIMESTAMP") VALUES (22, 11, 49, '2025-11-27 17:50:15');
INSERT INTO LISTENS (USER_ID, SONG_ID, DURATION_LISTENED, "TIMESTAMP") VALUES (17, 61, 75, '2025-11-27 17:52:07');
INSERT INTO LISTENS (USER_ID, SONG_ID, DURATION_LISTENED, "TIMESTAMP") VALUES (8, 31, 115, '2025-11-27 17:52:04');
INSERT INTO LISTENS (USER_ID, SONG_ID, DURATION_LISTENED, "TIMESTAMP") VALUES (13, 71, 273, '2025-11-27 17:51:43');
INSERT INTO LISTENS (USER_ID, SONG_ID, DURATION_LISTENED, "TIMESTAMP") VALUES (17, 2, 295, '2025-11-27 17:52:42');
INSERT INTO LISTENS (USER_ID, SONG_ID, DURATION_LISTENED, "TIMESTAMP") VALUES (1, 3, 55, '2025-11-27 17:51:43');
INSERT INTO LISTENS (USER_ID, SONG_ID, DURATION_LISTENED, "TIMESTAMP") VALUES (4, 29, 96, '2025-11-27 17:52:21');
INSERT INTO LISTENS (USER_ID, SONG_ID, DURATION_LISTENED, "TIMESTAMP") VALUES (23, 100, 41, '2025-11-27 17:52:57');
INSERT INTO LISTENS (USER_ID, SONG_ID, DURATION_LISTENED, "TIMESTAMP") VALUES (10, 66, 236, '2025-11-27 17:53:39');
INSERT INTO LISTENS (USER_ID, SONG_ID, DURATION_LISTENED, "TIMESTAMP") VALUES (16, 23, 272, '2025-11-27 17:52:59');
INSERT INTO LISTENS (USER_ID, SONG_ID, DURATION_LISTENED, "TIMESTAMP") VALUES (1, 32, 281, '2025-11-27 17:50:03');
INSERT INTO LISTENS (USER_ID, SONG_ID, DURATION_LISTENED, "TIMESTAMP") VALUES (18, 88, 24, '2025-11-27 17:52:24');
INSERT INTO LISTENS (USER_ID, SONG_ID, DURATION_LISTENED, "TIMESTAMP") VALUES (23, 4, 260, '2025-11-27 17:51:30');
INSERT INTO LISTENS (USER_ID, SONG_ID, DURATION_LISTENED, "TIMESTAMP") VALUES (14, 72, 294, '2025-11-27 17:52:17');
INSERT INTO LISTENS (USER_ID, SONG_ID, DURATION_LISTENED, "TIMESTAMP") VALUES (20, 51, 287, '2025-11-27 17:52:30');
INSERT INTO LISTENS (USER_ID, SONG_ID, DURATION_LISTENED, "TIMESTAMP") VALUES (24, 73, 65, '2025-11-27 17:51:31');
INSERT INTO LISTENS (USER_ID, SONG_ID, DURATION_LISTENED, "TIMESTAMP") VALUES (4, 73, 38, '2025-11-27 17:51:31');
INSERT INTO LISTENS (USER_ID, SONG_ID, DURATION_LISTENED, "TIMESTAMP") VALUES (23, 70, 144, '2025-11-27 17:49:08');
INSERT INTO LISTENS (USER_ID, SONG_ID, DURATION_LISTENED, "TIMESTAMP") VALUES (22, 79, 62, '2025-11-27 17:54:04');
INSERT INTO LISTENS (USER_ID, SONG_ID, DURATION_LISTENED, "TIMESTAMP") VALUES (18, 55, 228, '2025-11-27 17:52:24');
INSERT INTO LISTENS (USER_ID, SONG_ID, DURATION_LISTENED, "TIMESTAMP") VALUES (20, 84, 283, '2025-11-27 17:50:39');
INSERT INTO LISTENS (USER_ID, SONG_ID, DURATION_LISTENED, "TIMESTAMP") VALUES (21, 20, 198, '2025-11-27 17:49:14');
INSERT INTO LISTENS (USER_ID, SONG_ID, DURATION_LISTENED, "TIMESTAMP") VALUES (15, 34, 168, '2025-11-27 17:48:49');
INSERT INTO LISTENS (USER_ID, SONG_ID, DURATION_LISTENED, "TIMESTAMP") VALUES (12, 91, 221, '2025-11-27 17:54:29');
INSERT INTO LISTENS (USER_ID, SONG_ID, DURATION_LISTENED, "TIMESTAMP") VALUES (14, 25, 114, '2025-11-27 17:50:01');
INSERT INTO LISTENS (USER_ID, SONG_ID, DURATION_LISTENED, "TIMESTAMP") VALUES (19, 69, 218, '2025-11-27 17:50:22');
INSERT INTO LISTENS (USER_ID, SONG_ID, DURATION_LISTENED, "TIMESTAMP") VALUES (18, 28, 158, '2025-11-27 17:54:27');
INSERT INTO LISTENS (USER_ID, SONG_ID, DURATION_LISTENED, "TIMESTAMP") VALUES (19, 22, 258, '2025-11-27 17:54:12');
INSERT INTO LISTENS (USER_ID, SONG_ID, DURATION_LISTENED, "TIMESTAMP") VALUES (15, 28, 38, '2025-11-27 17:53:05');
INSERT INTO LISTENS (USER_ID, SONG_ID, DURATION_LISTENED, "TIMESTAMP") VALUES (10, 58, 224, '2025-11-27 17:49:01');
INSERT INTO LISTENS (USER_ID, SONG_ID, DURATION_LISTENED, "TIMESTAMP") VALUES (16, 36, 253, '2025-11-27 17:52:35');
INSERT INTO LISTENS (USER_ID, SONG_ID, DURATION_LISTENED, "TIMESTAMP") VALUES (5, 79, 233, '2025-11-27 17:52:33');
INSERT INTO LISTENS (USER_ID, SONG_ID, DURATION_LISTENED, "TIMESTAMP") VALUES (1, 61, 278, '2025-11-27 17:49:58');
INSERT INTO LISTENS (USER_ID, SONG_ID, DURATION_LISTENED, "TIMESTAMP") VALUES (3, 100, 39, '2025-11-27 17:49:20');
INSERT INTO LISTENS (USER_ID, SONG_ID, DURATION_LISTENED, "TIMESTAMP") VALUES (12, 43, 244, '2025-11-27 17:53:24');
INSERT INTO LISTENS (USER_ID, SONG_ID, DURATION_LISTENED, "TIMESTAMP") VALUES (24, 87, 106, '2025-11-27 17:49:09');
INSERT INTO LISTENS (USER_ID, SONG_ID, DURATION_LISTENED, "TIMESTAMP") VALUES (20, 94, 275, '2025-11-27 17:51:52');
INSERT INTO LISTENS (USER_ID, SONG_ID, DURATION_LISTENED, "TIMESTAMP") VALUES (13, 16, 113, '2025-11-27 17:49:36');
INSERT INTO LISTENS (USER_ID, SONG_ID, DURATION_LISTENED, "TIMESTAMP") VALUES (15, 57, 251, '2025-11-27 17:49:29');
INSERT INTO LISTENS (USER_ID, SONG_ID, DURATION_LISTENED, "TIMESTAMP") VALUES (20, 45, 189, '2025-11-27 17:51:40');
INSERT INTO LISTENS (USER_ID, SONG_ID, DURATION_LISTENED, "TIMESTAMP") VALUES (3, 29, 37, '2025-11-27 17:54:37');
INSERT INTO LIKE_SONGS (USER_ID, SONG_ID) VALUES (1, 28) ON CONFLICT DO NOTHING;
INSERT INTO LIKE_SONGS (USER_ID, SONG_ID) VALUES (1, 97) ON CONFLICT DO NOTHING;
INSERT INTO LIKE_SONGS (USER_ID, SONG_ID) VALUES (1, 6) ON CONFLICT DO NOTHING;
INSERT INTO LIKE_SONGS (USER_ID, SONG_ID) VALUES (1, 21) ON CONFLICT DO NOTHING;
INSERT INTO LIKE_SONGS (USER_ID, SONG_ID) VALUES (1, 73) ON CONFLICT DO NOTHING;
INSERT INTO LIKE_SONGS (USER_ID, SONG_ID) VALUES (2, 81) ON CONFLICT DO NOTHING;
INSERT INTO LIKE_SONGS (USER_ID, SONG_ID) VALUES (2, 88) ON CONFLICT DO NOTHING;
INSERT INTO LIKE_SONGS (USER_ID, SONG_ID) VALUES (2, 41) ON CONFLICT DO NOTHING;
INSERT INTO LIKE_SONGS (USER_ID, SONG_ID) VALUES (2, 96) ON CONFLICT DO NOTHING;
INSERT INTO LIKE_SONGS (USER_ID, SONG_ID) VALUES (2, 69) ON CONFLICT DO NOTHING;
INSERT INTO LIKE_SONGS (USER_ID, SONG_ID) VALUES (3, 6) ON CONFLICT DO NOTHING;
INSERT INTO LIKE_SONGS (USER_ID, SONG_ID) VALUES (3, 51) ON CONFLICT DO NOTHING;
INSERT INTO LIKE_SONGS (USER_ID, SONG_ID) VALUES (3, 17) ON CONFLICT DO NOTHING;
INSERT INTO LIKE_SONGS (USER_ID, SONG_ID) VALUES (3, 3) ON CONFLICT DO NOTHING;
INSERT INTO LIKE_SONGS (USER_ID, SONG_ID) VALUES (3, 74) ON CONFLICT DO NOTHING;
INSERT INTO LIKE_SONGS (USER_ID, SONG_ID) VALUES (4, 70) ON CONFLICT DO NOTHING;
INSERT INTO LIKE_SONGS (USER_ID, SONG_ID) VALUES (4, 35) ON CONFLICT DO NOTHING;
INSERT INTO LIKE_SONGS (USER_ID, SONG_ID) VALUES (4, 9) ON CONFLICT DO NOTHING;
INSERT INTO LIKE_SONGS (USER_ID, SONG_ID) VALUES (4, 29) ON CONFLICT DO NOTHING;
INSERT INTO LIKE_SONGS (USER_ID, SONG_ID) VALUES (4, 99) ON CONFLICT DO NOTHING;
INSERT INTO LIKE_SONGS (USER_ID, SONG_ID) VALUES (5, 2) ON CONFLICT DO NOTHING;
INSERT INTO LIKE_SONGS (USER_ID, SONG_ID) VALUES (5, 46) ON CONFLICT DO NOTHING;
INSERT INTO LIKE_SONGS (USER_ID, SONG_ID) VALUES (5, 54) ON CONFLICT DO NOTHING;
INSERT INTO LIKE_SONGS (USER_ID, SONG_ID) VALUES (5, 6) ON CONFLICT DO NOTHING;
INSERT INTO LIKE_SONGS (USER_ID, SONG_ID) VALUES (5, 74) ON CONFLICT DO NOTHING;
INSERT INTO LIKE_SONGS (USER_ID, SONG_ID) VALUES (6, 29) ON CONFLICT DO NOTHING;
INSERT INTO LIKE_SONGS (USER_ID, SONG_ID) VALUES (6, 57) ON CONFLICT DO NOTHING;
INSERT INTO LIKE_SONGS (USER_ID, SONG_ID) VALUES (6, 81) ON CONFLICT DO NOTHING;
INSERT INTO LIKE_SONGS (USER_ID, SONG_ID) VALUES (6, 58) ON CONFLICT DO NOTHING;
INSERT INTO LIKE_SONGS (USER_ID, SONG_ID) VALUES (6, 50) ON CONFLICT DO NOTHING;
INSERT INTO LIKE_SONGS (USER_ID, SONG_ID) VALUES (7, 84) ON CONFLICT DO NOTHING;
INSERT INTO LIKE_SONGS (USER_ID, SONG_ID) VALUES (7, 7) ON CONFLICT DO NOTHING;
INSERT INTO LIKE_SONGS (USER_ID, SONG_ID) VALUES (7, 43) ON CONFLICT DO NOTHING;
INSERT INTO LIKE_SONGS (USER_ID, SONG_ID) VALUES (7, 48) ON CONFLICT DO NOTHING;
INSERT INTO LIKE_SONGS (USER_ID, SONG_ID) VALUES (7, 13) ON CONFLICT DO NOTHING;
INSERT INTO LIKE_SONGS (USER_ID, SONG_ID) VALUES (8, 44) ON CONFLICT DO NOTHING;
INSERT INTO LIKE_SONGS (USER_ID, SONG_ID) VALUES (8, 28) ON CONFLICT DO NOTHING;
INSERT INTO LIKE_SONGS (USER_ID, SONG_ID) VALUES (8, 4) ON CONFLICT DO NOTHING;
INSERT INTO LIKE_SONGS (USER_ID, SONG_ID) VALUES (8, 9) ON CONFLICT DO NOTHING;
INSERT INTO LIKE_SONGS (USER_ID, SONG_ID) VALUES (8, 67) ON CONFLICT DO NOTHING;
INSERT INTO LIKE_SONGS (USER_ID, SONG_ID) VALUES (9, 56) ON CONFLICT DO NOTHING;
INSERT INTO LIKE_SONGS (USER_ID, SONG_ID) VALUES (9, 53) ON CONFLICT DO NOTHING;
INSERT INTO LIKE_SONGS (USER_ID, SONG_ID) VALUES (9, 68) ON CONFLICT DO NOTHING;
INSERT INTO LIKE_SONGS (USER_ID, SONG_ID) VALUES (9, 3) ON CONFLICT DO NOTHING;
INSERT INTO LIKE_SONGS (USER_ID, SONG_ID) VALUES (9, 24) ON CONFLICT DO NOTHING;
INSERT INTO LIKE_SONGS (USER_ID, SONG_ID) VALUES (10, 20) ON CONFLICT DO NOTHING;
INSERT INTO LIKE_SONGS (USER_ID, SONG_ID) VALUES (10, 23) ON CONFLICT DO NOTHING;
INSERT INTO LIKE_SONGS (USER_ID, SONG_ID) VALUES (10, 35) ON CONFLICT DO NOTHING;
INSERT INTO LIKE_SONGS (USER_ID, SONG_ID) VALUES (10, 55) ON CONFLICT DO NOTHING;
INSERT INTO LIKE_SONGS (USER_ID, SONG_ID) VALUES (10, 98) ON CONFLICT DO NOTHING;
INSERT INTO LIKE_SONGS (USER_ID, SONG_ID) VALUES (11, 99) ON CONFLICT DO NOTHING;
INSERT INTO LIKE_SONGS (USER_ID, SONG_ID) VALUES (11, 2) ON CONFLICT DO NOTHING;
INSERT INTO LIKE_SONGS (USER_ID, SONG_ID) VALUES (11, 71) ON CONFLICT DO NOTHING;
INSERT INTO LIKE_SONGS (USER_ID, SONG_ID) VALUES (11, 14) ON CONFLICT DO NOTHING;
INSERT INTO LIKE_SONGS (USER_ID, SONG_ID) VALUES (11, 100) ON CONFLICT DO NOTHING;
INSERT INTO LIKE_SONGS (USER_ID, SONG_ID) VALUES (12, 44) ON CONFLICT DO NOTHING;
INSERT INTO LIKE_SONGS (USER_ID, SONG_ID) VALUES (12, 86) ON CONFLICT DO NOTHING;
INSERT INTO LIKE_SONGS (USER_ID, SONG_ID) VALUES (12, 83) ON CONFLICT DO NOTHING;
INSERT INTO LIKE_SONGS (USER_ID, SONG_ID) VALUES (12, 76) ON CONFLICT DO NOTHING;
INSERT INTO LIKE_SONGS (USER_ID, SONG_ID) VALUES (12, 36) ON CONFLICT DO NOTHING;
INSERT INTO LIKE_SONGS (USER_ID, SONG_ID) VALUES (13, 60) ON CONFLICT DO NOTHING;
INSERT INTO LIKE_SONGS (USER_ID, SONG_ID) VALUES (13, 33) ON CONFLICT DO NOTHING;
INSERT INTO LIKE_SONGS (USER_ID, SONG_ID) VALUES (13, 44) ON CONFLICT DO NOTHING;
INSERT INTO LIKE_SONGS (USER_ID, SONG_ID) VALUES (13, 2) ON CONFLICT DO NOTHING;
INSERT INTO LIKE_SONGS (USER_ID, SONG_ID) VALUES (13, 97) ON CONFLICT DO NOTHING;
INSERT INTO LIKE_SONGS (USER_ID, SONG_ID) VALUES (14, 10) ON CONFLICT DO NOTHING;
INSERT INTO LIKE_SONGS (USER_ID, SONG_ID) VALUES (14, 97) ON CONFLICT DO NOTHING;
INSERT INTO LIKE_SONGS (USER_ID, SONG_ID) VALUES (14, 75) ON CONFLICT DO NOTHING;
INSERT INTO LIKE_SONGS (USER_ID, SONG_ID) VALUES (14, 53) ON CONFLICT DO NOTHING;
INSERT INTO LIKE_SONGS (USER_ID, SONG_ID) VALUES (14, 94) ON CONFLICT DO NOTHING;
INSERT INTO LIKE_SONGS (USER_ID, SONG_ID) VALUES (15, 91) ON CONFLICT DO NOTHING;
INSERT INTO LIKE_SONGS (USER_ID, SONG_ID) VALUES (15, 18) ON CONFLICT DO NOTHING;
INSERT INTO LIKE_SONGS (USER_ID, SONG_ID) VALUES (15, 27) ON CONFLICT DO NOTHING;
INSERT INTO LIKE_SONGS (USER_ID, SONG_ID) VALUES (15, 23) ON CONFLICT DO NOTHING;
INSERT INTO LIKE_SONGS (USER_ID, SONG_ID) VALUES (15, 53) ON CONFLICT DO NOTHING;
INSERT INTO LIKE_SONGS (USER_ID, SONG_ID) VALUES (16, 98) ON CONFLICT DO NOTHING;
INSERT INTO LIKE_SONGS (USER_ID, SONG_ID) VALUES (16, 41) ON CONFLICT DO NOTHING;
INSERT INTO LIKE_SONGS (USER_ID, SONG_ID) VALUES (16, 16) ON CONFLICT DO NOTHING;
INSERT INTO LIKE_SONGS (USER_ID, SONG_ID) VALUES (16, 26) ON CONFLICT DO NOTHING;
INSERT INTO LIKE_SONGS (USER_ID, SONG_ID) VALUES (16, 29) ON CONFLICT DO NOTHING;
INSERT INTO LIKE_SONGS (USER_ID, SONG_ID) VALUES (17, 3) ON CONFLICT DO NOTHING;
INSERT INTO LIKE_SONGS (USER_ID, SONG_ID) VALUES (17, 33) ON CONFLICT DO NOTHING;
INSERT INTO LIKE_SONGS (USER_ID, SONG_ID) VALUES (17, 22) ON CONFLICT DO NOTHING;
INSERT INTO LIKE_SONGS (USER_ID, SONG_ID) VALUES (17, 27) ON CONFLICT DO NOTHING;
INSERT INTO LIKE_SONGS (USER_ID, SONG_ID) VALUES (17, 28) ON CONFLICT DO NOTHING;
INSERT INTO LIKE_SONGS (USER_ID, SONG_ID) VALUES (18, 87) ON CONFLICT DO NOTHING;
INSERT INTO LIKE_SONGS (USER_ID, SONG_ID) VALUES (18, 52) ON CONFLICT DO NOTHING;
INSERT INTO LIKE_SONGS (USER_ID, SONG_ID) VALUES (18, 58) ON CONFLICT DO NOTHING;
INSERT INTO LIKE_SONGS (USER_ID, SONG_ID) VALUES (18, 75) ON CONFLICT DO NOTHING;
INSERT INTO LIKE_SONGS (USER_ID, SONG_ID) VALUES (18, 73) ON CONFLICT DO NOTHING;
INSERT INTO LIKE_SONGS (USER_ID, SONG_ID) VALUES (19, 87) ON CONFLICT DO NOTHING;
INSERT INTO LIKE_SONGS (USER_ID, SONG_ID) VALUES (19, 63) ON CONFLICT DO NOTHING;
INSERT INTO LIKE_SONGS (USER_ID, SONG_ID) VALUES (19, 94) ON CONFLICT DO NOTHING;
INSERT INTO LIKE_SONGS (USER_ID, SONG_ID) VALUES (19, 83) ON CONFLICT DO NOTHING;
INSERT INTO LIKE_SONGS (USER_ID, SONG_ID) VALUES (19, 14) ON CONFLICT DO NOTHING;
INSERT INTO LIKE_SONGS (USER_ID, SONG_ID) VALUES (20, 5) ON CONFLICT DO NOTHING;
INSERT INTO LIKE_SONGS (USER_ID, SONG_ID) VALUES (20, 41) ON CONFLICT DO NOTHING;
INSERT INTO LIKE_SONGS (USER_ID, SONG_ID) VALUES (20, 64) ON CONFLICT DO NOTHING;
INSERT INTO LIKE_SONGS (USER_ID, SONG_ID) VALUES (20, 72) ON CONFLICT DO NOTHING;
INSERT INTO LIKE_SONGS (USER_ID, SONG_ID) VALUES (20, 27) ON CONFLICT DO NOTHING;
INSERT INTO LIKE_SONGS (USER_ID, SONG_ID) VALUES (21, 66) ON CONFLICT DO NOTHING;
INSERT INTO LIKE_SONGS (USER_ID, SONG_ID) VALUES (21, 44) ON CONFLICT DO NOTHING;
INSERT INTO LIKE_SONGS (USER_ID, SONG_ID) VALUES (21, 71) ON CONFLICT DO NOTHING;
INSERT INTO LIKE_SONGS (USER_ID, SONG_ID) VALUES (21, 77) ON CONFLICT DO NOTHING;
INSERT INTO LIKE_SONGS (USER_ID, SONG_ID) VALUES (21, 78) ON CONFLICT DO NOTHING;
INSERT INTO LIKE_SONGS (USER_ID, SONG_ID) VALUES (22, 5) ON CONFLICT DO NOTHING;
INSERT INTO LIKE_SONGS (USER_ID, SONG_ID) VALUES (22, 71) ON CONFLICT DO NOTHING;
INSERT INTO LIKE_SONGS (USER_ID, SONG_ID) VALUES (22, 67) ON CONFLICT DO NOTHING;
INSERT INTO LIKE_SONGS (USER_ID, SONG_ID) VALUES (22, 90) ON CONFLICT DO NOTHING;
INSERT INTO LIKE_SONGS (USER_ID, SONG_ID) VALUES (22, 52) ON CONFLICT DO NOTHING;
INSERT INTO LIKE_SONGS (USER_ID, SONG_ID) VALUES (23, 48) ON CONFLICT DO NOTHING;
INSERT INTO LIKE_SONGS (USER_ID, SONG_ID) VALUES (23, 90) ON CONFLICT DO NOTHING;
INSERT INTO LIKE_SONGS (USER_ID, SONG_ID) VALUES (23, 82) ON CONFLICT DO NOTHING;
INSERT INTO LIKE_SONGS (USER_ID, SONG_ID) VALUES (23, 39) ON CONFLICT DO NOTHING;
INSERT INTO LIKE_SONGS (USER_ID, SONG_ID) VALUES (23, 57) ON CONFLICT DO NOTHING;
INSERT INTO LIKE_SONGS (USER_ID, SONG_ID) VALUES (24, 5) ON CONFLICT DO NOTHING;
INSERT INTO LIKE_SONGS (USER_ID, SONG_ID) VALUES (24, 90) ON CONFLICT DO NOTHING;
INSERT INTO LIKE_SONGS (USER_ID, SONG_ID) VALUES (24, 3) ON CONFLICT DO NOTHING;
INSERT INTO LIKE_SONGS (USER_ID, SONG_ID) VALUES (24, 46) ON CONFLICT DO NOTHING;
INSERT INTO LIKE_SONGS (USER_ID, SONG_ID) VALUES (24, 7) ON CONFLICT DO NOTHING;
INSERT INTO LIKE_SONGS (USER_ID, SONG_ID) VALUES (25, 66) ON CONFLICT DO NOTHING;
INSERT INTO LIKE_SONGS (USER_ID, SONG_ID) VALUES (25, 91) ON CONFLICT DO NOTHING;
INSERT INTO LIKE_SONGS (USER_ID, SONG_ID) VALUES (25, 19) ON CONFLICT DO NOTHING;
INSERT INTO LIKE_SONGS (USER_ID, SONG_ID) VALUES (25, 62) ON CONFLICT DO NOTHING;
INSERT INTO LIKE_SONGS (USER_ID, SONG_ID) VALUES (25, 11) ON CONFLICT DO NOTHING;
INSERT INTO RATE_SONGS (USER_ID, SONG_ID, SONG_RATING) VALUES (1, 52, 79) ON CONFLICT DO NOTHING;
INSERT INTO RATE_SONGS (USER_ID, SONG_ID, SONG_RATING) VALUES (1, 25, 3) ON CONFLICT DO NOTHING;
INSERT INTO RATE_SONGS (USER_ID, SONG_ID, SONG_RATING) VALUES (1, 100, 30) ON CONFLICT DO NOTHING;
INSERT INTO RATE_SONGS (USER_ID, SONG_ID, SONG_RATING) VALUES (2, 35, 31) ON CONFLICT DO NOTHING;
INSERT INTO RATE_SONGS (USER_ID, SONG_ID, SONG_RATING) VALUES (2, 100, 48) ON CONFLICT DO NOTHING;
INSERT INTO RATE_SONGS (USER_ID, SONG_ID, SONG_RATING) VALUES (2, 16, 89) ON CONFLICT DO NOTHING;
INSERT INTO RATE_SONGS (USER_ID, SONG_ID, SONG_RATING) VALUES (3, 58, 66) ON CONFLICT DO NOTHING;
INSERT INTO RATE_SONGS (USER_ID, SONG_ID, SONG_RATING) VALUES (3, 53, 87) ON CONFLICT DO NOTHING;
INSERT INTO RATE_SONGS (USER_ID, SONG_ID, SONG_RATING) VALUES (3, 73, 79) ON CONFLICT DO NOTHING;
INSERT INTO RATE_SONGS (USER_ID, SONG_ID, SONG_RATING) VALUES (4, 88, 85) ON CONFLICT DO NOTHING;
INSERT INTO RATE_SONGS (USER_ID, SONG_ID, SONG_RATING) VALUES (4, 72, 29) ON CONFLICT DO NOTHING;
INSERT INTO RATE_SONGS (USER_ID, SONG_ID, SONG_RATING) VALUES (4, 35, 92) ON CONFLICT DO NOTHING;
INSERT INTO RATE_SONGS (USER_ID, SONG_ID, SONG_RATING) VALUES (5, 37, 78) ON CONFLICT DO NOTHING;
INSERT INTO RATE_SONGS (USER_ID, SONG_ID, SONG_RATING) VALUES (5, 77, 38) ON CONFLICT DO NOTHING;
INSERT INTO RATE_SONGS (USER_ID, SONG_ID, SONG_RATING) VALUES (5, 58, 54) ON CONFLICT DO NOTHING;
INSERT INTO RATE_SONGS (USER_ID, SONG_ID, SONG_RATING) VALUES (6, 61, 15) ON CONFLICT DO NOTHING;
INSERT INTO RATE_SONGS (USER_ID, SONG_ID, SONG_RATING) VALUES (6, 33, 74) ON CONFLICT DO NOTHING;
INSERT INTO RATE_SONGS (USER_ID, SONG_ID, SONG_RATING) VALUES (6, 13, 47) ON CONFLICT DO NOTHING;
INSERT INTO RATE_SONGS (USER_ID, SONG_ID, SONG_RATING) VALUES (7, 88, 53) ON CONFLICT DO NOTHING;
INSERT INTO RATE_SONGS (USER_ID, SONG_ID, SONG_RATING) VALUES (7, 7, 2) ON CONFLICT DO NOTHING;
INSERT INTO RATE_SONGS (USER_ID, SONG_ID, SONG_RATING) VALUES (7, 33, 46) ON CONFLICT DO NOTHING;
INSERT INTO RATE_SONGS (USER_ID, SONG_ID, SONG_RATING) VALUES (8, 99, 60) ON CONFLICT DO NOTHING;
INSERT INTO RATE_SONGS (USER_ID, SONG_ID, SONG_RATING) VALUES (8, 52, 5) ON CONFLICT DO NOTHING;
INSERT INTO RATE_SONGS (USER_ID, SONG_ID, SONG_RATING) VALUES (8, 90, 99) ON CONFLICT DO NOTHING;
INSERT INTO RATE_SONGS (USER_ID, SONG_ID, SONG_RATING) VALUES (9, 55, 72) ON CONFLICT DO NOTHING;
INSERT INTO RATE_SONGS (USER_ID, SONG_ID, SONG_RATING) VALUES (9, 76, 59) ON CONFLICT DO NOTHING;
INSERT INTO RATE_SONGS (USER_ID, SONG_ID, SONG_RATING) VALUES (9, 44, 41) ON CONFLICT DO NOTHING;
INSERT INTO RATE_SONGS (USER_ID, SONG_ID, SONG_RATING) VALUES (10, 76, 85) ON CONFLICT DO NOTHING;
INSERT INTO RATE_SONGS (USER_ID, SONG_ID, SONG_RATING) VALUES (10, 72, 31) ON CONFLICT DO NOTHING;
INSERT INTO RATE_SONGS (USER_ID, SONG_ID, SONG_RATING) VALUES (10, 81, 2) ON CONFLICT DO NOTHING;
INSERT INTO RATE_SONGS (USER_ID, SONG_ID, SONG_RATING) VALUES (11, 36, 90) ON CONFLICT DO NOTHING;
INSERT INTO RATE_SONGS (USER_ID, SONG_ID, SONG_RATING) VALUES (11, 38, 99) ON CONFLICT DO NOTHING;
INSERT INTO RATE_SONGS (USER_ID, SONG_ID, SONG_RATING) VALUES (11, 26, 39) ON CONFLICT DO NOTHING;
INSERT INTO RATE_SONGS (USER_ID, SONG_ID, SONG_RATING) VALUES (12, 32, 32) ON CONFLICT DO NOTHING;
INSERT INTO RATE_SONGS (USER_ID, SONG_ID, SONG_RATING) VALUES (12, 95, 80) ON CONFLICT DO NOTHING;
INSERT INTO RATE_SONGS (USER_ID, SONG_ID, SONG_RATING) VALUES (12, 24, 15) ON CONFLICT DO NOTHING;
INSERT INTO RATE_SONGS (USER_ID, SONG_ID, SONG_RATING) VALUES (13, 54, 18) ON CONFLICT DO NOTHING;
INSERT INTO RATE_SONGS (USER_ID, SONG_ID, SONG_RATING) VALUES (13, 36, 98) ON CONFLICT DO NOTHING;
INSERT INTO RATE_SONGS (USER_ID, SONG_ID, SONG_RATING) VALUES (13, 57, 87) ON CONFLICT DO NOTHING;
INSERT INTO RATE_SONGS (USER_ID, SONG_ID, SONG_RATING) VALUES (14, 46, 30) ON CONFLICT DO NOTHING;
INSERT INTO RATE_SONGS (USER_ID, SONG_ID, SONG_RATING) VALUES (14, 11, 78) ON CONFLICT DO NOTHING;
INSERT INTO RATE_SONGS (USER_ID, SONG_ID, SONG_RATING) VALUES (14, 81, 83) ON CONFLICT DO NOTHING;
INSERT INTO RATE_SONGS (USER_ID, SONG_ID, SONG_RATING) VALUES (15, 44, 5) ON CONFLICT DO NOTHING;
INSERT INTO RATE_SONGS (USER_ID, SONG_ID, SONG_RATING) VALUES (15, 18, 81) ON CONFLICT DO NOTHING;
INSERT INTO RATE_SONGS (USER_ID, SONG_ID, SONG_RATING) VALUES (15, 56, 50) ON CONFLICT DO NOTHING;
INSERT INTO RATE_SONGS (USER_ID, SONG_ID, SONG_RATING) VALUES (16, 1, 25) ON CONFLICT DO NOTHING;
INSERT INTO RATE_SONGS (USER_ID, SONG_ID, SONG_RATING) VALUES (16, 8, 44) ON CONFLICT DO NOTHING;
INSERT INTO RATE_SONGS (USER_ID, SONG_ID, SONG_RATING) VALUES (16, 89, 69) ON CONFLICT DO NOTHING;
INSERT INTO RATE_SONGS (USER_ID, SONG_ID, SONG_RATING) VALUES (17, 6, 14) ON CONFLICT DO NOTHING;
INSERT INTO RATE_SONGS (USER_ID, SONG_ID, SONG_RATING) VALUES (17, 70, 30) ON CONFLICT DO NOTHING;
INSERT INTO RATE_SONGS (USER_ID, SONG_ID, SONG_RATING) VALUES (17, 20, 73) ON CONFLICT DO NOTHING;
INSERT INTO RATE_SONGS (USER_ID, SONG_ID, SONG_RATING) VALUES (18, 38, 25) ON CONFLICT DO NOTHING;
INSERT INTO RATE_SONGS (USER_ID, SONG_ID, SONG_RATING) VALUES (18, 52, 100) ON CONFLICT DO NOTHING;
INSERT INTO RATE_SONGS (USER_ID, SONG_ID, SONG_RATING) VALUES (18, 56, 81) ON CONFLICT DO NOTHING;
INSERT INTO RATE_SONGS (USER_ID, SONG_ID, SONG_RATING) VALUES (19, 34, 44) ON CONFLICT DO NOTHING;
INSERT INTO RATE_SONGS (USER_ID, SONG_ID, SONG_RATING) VALUES (19, 16, 9) ON CONFLICT DO NOTHING;
INSERT INTO RATE_SONGS (USER_ID, SONG_ID, SONG_RATING) VALUES (19, 14, 83) ON CONFLICT DO NOTHING;
INSERT INTO RATE_SONGS (USER_ID, SONG_ID, SONG_RATING) VALUES (20, 70, 92) ON CONFLICT DO NOTHING;
INSERT INTO RATE_SONGS (USER_ID, SONG_ID, SONG_RATING) VALUES (20, 32, 60) ON CONFLICT DO NOTHING;
INSERT INTO RATE_SONGS (USER_ID, SONG_ID, SONG_RATING) VALUES (20, 3, 85) ON CONFLICT DO NOTHING;
INSERT INTO RATE_SONGS (USER_ID, SONG_ID, SONG_RATING) VALUES (21, 54, 49) ON CONFLICT DO NOTHING;
INSERT INTO RATE_SONGS (USER_ID, SONG_ID, SONG_RATING) VALUES (21, 96, 70) ON CONFLICT DO NOTHING;
INSERT INTO RATE_SONGS (USER_ID, SONG_ID, SONG_RATING) VALUES (21, 74, 81) ON CONFLICT DO NOTHING;
INSERT INTO RATE_SONGS (USER_ID, SONG_ID, SONG_RATING) VALUES (22, 47, 7) ON CONFLICT DO NOTHING;
INSERT INTO RATE_SONGS (USER_ID, SONG_ID, SONG_RATING) VALUES (22, 22, 86) ON CONFLICT DO NOTHING;
INSERT INTO RATE_SONGS (USER_ID, SONG_ID, SONG_RATING) VALUES (22, 33, 81) ON CONFLICT DO NOTHING;
INSERT INTO RATE_SONGS (USER_ID, SONG_ID, SONG_RATING) VALUES (23, 95, 64) ON CONFLICT DO NOTHING;
INSERT INTO RATE_SONGS (USER_ID, SONG_ID, SONG_RATING) VALUES (23, 23, 6) ON CONFLICT DO NOTHING;
INSERT INTO RATE_SONGS (USER_ID, SONG_ID, SONG_RATING) VALUES (23, 47, 98) ON CONFLICT DO NOTHING;
INSERT INTO RATE_SONGS (USER_ID, SONG_ID, SONG_RATING) VALUES (24, 77, 5) ON CONFLICT DO NOTHING;
INSERT INTO RATE_SONGS (USER_ID, SONG_ID, SONG_RATING) VALUES (24, 74, 46) ON CONFLICT DO NOTHING;
INSERT INTO RATE_SONGS (USER_ID, SONG_ID, SONG_RATING) VALUES (24, 82, 3) ON CONFLICT DO NOTHING;
INSERT INTO RATE_SONGS (USER_ID, SONG_ID, SONG_RATING) VALUES (25, 38, 28) ON CONFLICT DO NOTHING;
INSERT INTO RATE_SONGS (USER_ID, SONG_ID, SONG_RATING) VALUES (25, 92, 3) ON CONFLICT DO NOTHING;
INSERT INTO RATE_SONGS (USER_ID, SONG_ID, SONG_RATING) VALUES (25, 55, 97) ON CONFLICT DO NOTHING;
INSERT INTO REVIEWS (USER_ID, COLLECTION_ID, RATING, REVIEW) VALUES (1, 70, 93, 'Quasi omnis impedit suscipit.');
INSERT INTO REVIEWS (USER_ID, COLLECTION_ID, RATING, REVIEW) VALUES (2, 47, 51, 'Ex nemo nam magnam.');
INSERT INTO REVIEWS (USER_ID, COLLECTION_ID, RATING, REVIEW) VALUES (2, 74, 95, 'Laborum dolores ratione harum.');
INSERT INTO REVIEWS (USER_ID, COLLECTION_ID, RATING, REVIEW) VALUES (3, 28, 57, 'Asperiores deserunt soluta blanditiis velit.');
INSERT INTO REVIEWS (USER_ID, COLLECTION_ID, RATING, REVIEW) VALUES (4, 41, 89, 'Molestiae tempora tempora vel perferendis ullam.');
INSERT INTO REVIEWS (USER_ID, COLLECTION_ID, RATING, REVIEW) VALUES (5, 2, 38, 'Eaque quam consequuntur laborum maxime non aperiam ex.');
INSERT INTO REVIEWS (USER_ID, COLLECTION_ID, RATING, REVIEW) VALUES (6, 55, 54, 'Inventore ad quo.');
INSERT INTO REVIEWS (USER_ID, COLLECTION_ID, RATING, REVIEW) VALUES (7, 6, 76, 'Dignissimos quas impedit enim impedit itaque.');
INSERT INTO REVIEWS (USER_ID, COLLECTION_ID, RATING, REVIEW) VALUES (8, 57, 26, 'Expedita quis accusantium veniam omnis illum eum.');
INSERT INTO REVIEWS (USER_ID, COLLECTION_ID, RATING, REVIEW) VALUES (8, 50, 63, 'Maxime repudiandae dolor facere sapiente magnam.');
INSERT INTO REVIEWS (USER_ID, COLLECTION_ID, RATING, REVIEW) VALUES (9, 83, 91, 'Quod autem libero similique esse accusamus.');
INSERT INTO REVIEWS (USER_ID, COLLECTION_ID, RATING, REVIEW) VALUES (10, 43, 36, 'Inventore tempore exercitationem atque eaque.');
INSERT INTO REVIEWS (USER_ID, COLLECTION_ID, RATING, REVIEW) VALUES (11, 45, 63, 'Vero odit temporibus perferendis harum.');
INSERT INTO REVIEWS (USER_ID, COLLECTION_ID, RATING, REVIEW) VALUES (11, 21, 81, 'Ad est aperiam necessitatibus.');
INSERT INTO REVIEWS (USER_ID, COLLECTION_ID, RATING, REVIEW) VALUES (12, 39, 58, 'At alias alias in vitae ratione ut ex.');
INSERT INTO REVIEWS (USER_ID, COLLECTION_ID, RATING, REVIEW) VALUES (12, 92, 71, 'Porro animi vero magnam hic assumenda.');
INSERT INTO REVIEWS (USER_ID, COLLECTION_ID, RATING, REVIEW) VALUES (13, 77, 83, 'Perspiciatis officia quas at.');
INSERT INTO REVIEWS (USER_ID, COLLECTION_ID, RATING, REVIEW) VALUES (13, 53, 22, 'Animi repudiandae aut numquam.');
INSERT INTO REVIEWS (USER_ID, COLLECTION_ID, RATING, REVIEW) VALUES (14, 52, 36, 'Maiores facere vel voluptatibus accusantium placeat nostrum possimus.');
INSERT INTO REVIEWS (USER_ID, COLLECTION_ID, RATING, REVIEW) VALUES (14, 33, 40, 'Alias magnam laudantium delectus ipsam minus quisquam.');
INSERT INTO REVIEWS (USER_ID, COLLECTION_ID, RATING, REVIEW) VALUES (15, 65, 23, 'Id repudiandae saepe illum.');
INSERT INTO REVIEWS (USER_ID, COLLECTION_ID, RATING, REVIEW) VALUES (16, 49, 56, 'Repellat voluptatibus debitis.');
INSERT INTO REVIEWS (USER_ID, COLLECTION_ID, RATING, REVIEW) VALUES (16, 21, 22, 'Est facilis nam fugiat sapiente veniam facere quidem.');
INSERT INTO REVIEWS (USER_ID, COLLECTION_ID, RATING, REVIEW) VALUES (17, 73, 88, 'Quo ipsa ullam molestiae sit et beatae eum.');
INSERT INTO REVIEWS (USER_ID, COLLECTION_ID, RATING, REVIEW) VALUES (18, 2, 54, 'Laborum nobis culpa vel repellendus.');
INSERT INTO REVIEWS (USER_ID, COLLECTION_ID, RATING, REVIEW) VALUES (19, 82, 71, 'Laboriosam nesciunt sint.');
INSERT INTO REVIEWS (USER_ID, COLLECTION_ID, RATING, REVIEW) VALUES (19, 26, 93, 'Explicabo culpa reiciendis quo nemo.');
INSERT INTO REVIEWS (USER_ID, COLLECTION_ID, RATING, REVIEW) VALUES (20, 26, 91, 'Ratione provident nihil explicabo.');
INSERT INTO REVIEWS (USER_ID, COLLECTION_ID, RATING, REVIEW) VALUES (21, 99, 30, 'Sapiente laboriosam a beatae inventore unde tempore.');
INSERT INTO REVIEWS (USER_ID, COLLECTION_ID, RATING, REVIEW) VALUES (21, 4, 54, 'Quibusdam fugiat eos placeat error.');
INSERT INTO REVIEWS (USER_ID, COLLECTION_ID, RATING, REVIEW) VALUES (22, 18, 47, 'Ea officia voluptates amet distinctio nam.');
INSERT INTO REVIEWS (USER_ID, COLLECTION_ID, RATING, REVIEW) VALUES (23, 86, 28, 'Perferendis nemo nostrum nesciunt culpa necessitatibus.');
INSERT INTO REVIEWS (USER_ID, COLLECTION_ID, RATING, REVIEW) VALUES (24, 97, 43, 'Enim mollitia quidem nam aperiam atque fuga.');
INSERT INTO REVIEWS (USER_ID, COLLECTION_ID, RATING, REVIEW) VALUES (24, 43, 54, 'Provident repellat iusto enim.');
INSERT INTO REVIEWS (USER_ID, COLLECTION_ID, RATING, REVIEW) VALUES (25, 40, 38, 'Laborum ipsam cupiditate aspernatur.');
INSERT INTO LIKE_REVIEWS (REVIEW_ID, USER_ID) VALUES (27, 25) ON CONFLICT DO NOTHING;
INSERT INTO LIKE_REVIEWS (REVIEW_ID, USER_ID) VALUES (28, 2) ON CONFLICT DO NOTHING;
INSERT INTO LIKE_REVIEWS (REVIEW_ID, USER_ID) VALUES (30, 2) ON CONFLICT DO NOTHING;
INSERT INTO LIKE_REVIEWS (REVIEW_ID, USER_ID) VALUES (34, 3) ON CONFLICT DO NOTHING;
INSERT INTO LIKE_REVIEWS (REVIEW_ID, USER_ID) VALUES (29, 3) ON CONFLICT DO NOTHING;
INSERT INTO LIKE_REVIEWS (REVIEW_ID, USER_ID) VALUES (11, 24) ON CONFLICT DO NOTHING;
INSERT INTO LIKE_REVIEWS (REVIEW_ID, USER_ID) VALUES (17, 10) ON CONFLICT DO NOTHING;
INSERT INTO LIKE_REVIEWS (REVIEW_ID, USER_ID) VALUES (12, 13) ON CONFLICT DO NOTHING;
INSERT INTO LIKE_REVIEWS (REVIEW_ID, USER_ID) VALUES (30, 10) ON CONFLICT DO NOTHING;
INSERT INTO LIKE_REVIEWS (REVIEW_ID, USER_ID) VALUES (31, 6) ON CONFLICT DO NOTHING;
INSERT INTO LIKE_REVIEWS (REVIEW_ID, USER_ID) VALUES (21, 18) ON CONFLICT DO NOTHING;
INSERT INTO LIKE_REVIEWS (REVIEW_ID, USER_ID) VALUES (19, 6) ON CONFLICT DO NOTHING;
INSERT INTO LIKE_REVIEWS (REVIEW_ID, USER_ID) VALUES (15, 7) ON CONFLICT DO NOTHING;
INSERT INTO LIKE_REVIEWS (REVIEW_ID, USER_ID) VALUES (7, 15) ON CONFLICT DO NOTHING;
INSERT INTO LIKE_REVIEWS (REVIEW_ID, USER_ID) VALUES (15, 5) ON CONFLICT DO NOTHING;
INSERT INTO LIKE_REVIEWS (REVIEW_ID, USER_ID) VALUES (2, 25) ON CONFLICT DO NOTHING;
INSERT INTO LIKE_REVIEWS (REVIEW_ID, USER_ID) VALUES (15, 22) ON CONFLICT DO NOTHING;
INSERT INTO LIKE_REVIEWS (REVIEW_ID, USER_ID) VALUES (2, 15) ON CONFLICT DO NOTHING;
INSERT INTO LIKE_REVIEWS (REVIEW_ID, USER_ID) VALUES (21, 3) ON CONFLICT DO NOTHING;
INSERT INTO LIKE_REVIEWS (REVIEW_ID, USER_ID) VALUES (25, 2) ON CONFLICT DO NOTHING;
INSERT INTO LIKE_REVIEWS (REVIEW_ID, USER_ID) VALUES (27, 8) ON CONFLICT DO NOTHING;
INSERT INTO LIKE_REVIEWS (REVIEW_ID, USER_ID) VALUES (35, 11) ON CONFLICT DO NOTHING;
INSERT INTO LIKE_REVIEWS (REVIEW_ID, USER_ID) VALUES (9, 24) ON CONFLICT DO NOTHING;
INSERT INTO LIKE_REVIEWS (REVIEW_ID, USER_ID) VALUES (15, 20) ON CONFLICT DO NOTHING;
INSERT INTO LIKE_REVIEWS (REVIEW_ID, USER_ID) VALUES (25, 20) ON CONFLICT DO NOTHING;
INSERT INTO LIKE_REVIEWS (REVIEW_ID, USER_ID) VALUES (9, 12) ON CONFLICT DO NOTHING;
INSERT INTO LIKE_REVIEWS (REVIEW_ID, USER_ID) VALUES (24, 8) ON CONFLICT DO NOTHING;
INSERT INTO LIKE_REVIEWS (REVIEW_ID, USER_ID) VALUES (16, 22) ON CONFLICT DO NOTHING;
INSERT INTO LIKE_REVIEWS (REVIEW_ID, USER_ID) VALUES (35, 7) ON CONFLICT DO NOTHING;
INSERT INTO LIKE_REVIEWS (REVIEW_ID, USER_ID) VALUES (29, 9) ON CONFLICT DO NOTHING;
INSERT INTO TOURS (TOUR_ID, TOUR_DATE, TOUR_NAME, VENUE) VALUES (1, '2026-09-03', 'Tidore Kepulauan Tour', 'CV Halim Kuswoyo Arena');
INSERT INTO ARTISTS_TOURS (TOUR_ID, ARTIST_ID) VALUES (1, 5) ON CONFLICT DO NOTHING;
INSERT INTO ARTISTS_TOURS (TOUR_ID, ARTIST_ID) VALUES (1, 57) ON CONFLICT DO NOTHING;
INSERT INTO TOURS (TOUR_ID, TOUR_DATE, TOUR_NAME, VENUE) VALUES (2, '2026-05-01', 'Batam Tour', 'PT Pradipta Mulyani Arena');
INSERT INTO ARTISTS_TOURS (TOUR_ID, ARTIST_ID) VALUES (2, 43) ON CONFLICT DO NOTHING;
INSERT INTO ARTISTS_TOURS (TOUR_ID, ARTIST_ID) VALUES (2, 60) ON CONFLICT DO NOTHING;
INSERT INTO TOURS (TOUR_ID, TOUR_DATE, TOUR_NAME, VENUE) VALUES (3, '2026-09-02', 'Kota Administrasi Jakarta Utara Tour', 'PD Lestari Arena');
INSERT INTO ARTISTS_TOURS (TOUR_ID, ARTIST_ID) VALUES (3, 41) ON CONFLICT DO NOTHING;
INSERT INTO TOURS (TOUR_ID, TOUR_DATE, TOUR_NAME, VENUE) VALUES (4, '2026-05-06', 'Bukittinggi Tour', 'UD Purnawati Tbk Arena');
INSERT INTO ARTISTS_TOURS (TOUR_ID, ARTIST_ID) VALUES (4, 56) ON CONFLICT DO NOTHING;
INSERT INTO TOURS (TOUR_ID, TOUR_DATE, TOUR_NAME, VENUE) VALUES (5, '2026-07-12', 'Padangpanjang Tour', 'Perum Wulandari Salahudin Tbk Arena');
INSERT INTO ARTISTS_TOURS (TOUR_ID, ARTIST_ID) VALUES (5, 56) ON CONFLICT DO NOTHING;
INSERT INTO SOCIALS (SOCIAL_ID, ARTIST_ID, SOCIAL_MEDIA_LINK) VALUES (1, 1, 'https://instagram.com/artist_1') ON CONFLICT DO NOTHING;
INSERT INTO SOCIALS (SOCIAL_ID, ARTIST_ID, SOCIAL_MEDIA_LINK) VALUES (2, 2, 'https://instagram.com/artist_2') ON CONFLICT DO NOTHING;
INSERT INTO SOCIALS (SOCIAL_ID, ARTIST_ID, SOCIAL_MEDIA_LINK) VALUES (3, 3, 'https://instagram.com/artist_3') ON CONFLICT DO NOTHING;
INSERT INTO SOCIALS (SOCIAL_ID, ARTIST_ID, SOCIAL_MEDIA_LINK) VALUES (4, 4, 'https://instagram.com/artist_4') ON CONFLICT DO NOTHING;
INSERT INTO SOCIALS (SOCIAL_ID, ARTIST_ID, SOCIAL_MEDIA_LINK) VALUES (5, 5, 'https://instagram.com/artist_5') ON CONFLICT DO NOTHING;
INSERT INTO SOCIALS (SOCIAL_ID, ARTIST_ID, SOCIAL_MEDIA_LINK) VALUES (6, 6, 'https://instagram.com/artist_6') ON CONFLICT DO NOTHING;
INSERT INTO SOCIALS (SOCIAL_ID, ARTIST_ID, SOCIAL_MEDIA_LINK) VALUES (7, 7, 'https://instagram.com/artist_7') ON CONFLICT DO NOTHING;
INSERT INTO SOCIALS (SOCIAL_ID, ARTIST_ID, SOCIAL_MEDIA_LINK) VALUES (8, 8, 'https://instagram.com/artist_8') ON CONFLICT DO NOTHING;
INSERT INTO SOCIALS (SOCIAL_ID, ARTIST_ID, SOCIAL_MEDIA_LINK) VALUES (9, 9, 'https://instagram.com/artist_9') ON CONFLICT DO NOTHING;
INSERT INTO SOCIALS (SOCIAL_ID, ARTIST_ID, SOCIAL_MEDIA_LINK) VALUES (10, 10, 'https://instagram.com/artist_10') ON CONFLICT DO NOTHING;
INSERT INTO SOCIALS (SOCIAL_ID, ARTIST_ID, SOCIAL_MEDIA_LINK) VALUES (11, 11, 'https://instagram.com/artist_11') ON CONFLICT DO NOTHING;
INSERT INTO SOCIALS (SOCIAL_ID, ARTIST_ID, SOCIAL_MEDIA_LINK) VALUES (12, 12, 'https://instagram.com/artist_12') ON CONFLICT DO NOTHING;
INSERT INTO SOCIALS (SOCIAL_ID, ARTIST_ID, SOCIAL_MEDIA_LINK) VALUES (13, 13, 'https://instagram.com/artist_13') ON CONFLICT DO NOTHING;
INSERT INTO SOCIALS (SOCIAL_ID, ARTIST_ID, SOCIAL_MEDIA_LINK) VALUES (14, 14, 'https://instagram.com/artist_14') ON CONFLICT DO NOTHING;
INSERT INTO SOCIALS (SOCIAL_ID, ARTIST_ID, SOCIAL_MEDIA_LINK) VALUES (15, 15, 'https://instagram.com/artist_15') ON CONFLICT DO NOTHING;
INSERT INTO SOCIALS (SOCIAL_ID, ARTIST_ID, SOCIAL_MEDIA_LINK) VALUES (16, 16, 'https://instagram.com/artist_16') ON CONFLICT DO NOTHING;
INSERT INTO SOCIALS (SOCIAL_ID, ARTIST_ID, SOCIAL_MEDIA_LINK) VALUES (17, 17, 'https://instagram.com/artist_17') ON CONFLICT DO NOTHING;
INSERT INTO SOCIALS (SOCIAL_ID, ARTIST_ID, SOCIAL_MEDIA_LINK) VALUES (18, 18, 'https://instagram.com/artist_18') ON CONFLICT DO NOTHING;
INSERT INTO SOCIALS (SOCIAL_ID, ARTIST_ID, SOCIAL_MEDIA_LINK) VALUES (19, 19, 'https://instagram.com/artist_19') ON CONFLICT DO NOTHING;
INSERT INTO SOCIALS (SOCIAL_ID, ARTIST_ID, SOCIAL_MEDIA_LINK) VALUES (20, 20, 'https://instagram.com/artist_20') ON CONFLICT DO NOTHING;
INSERT INTO SOCIALS (SOCIAL_ID, ARTIST_ID, SOCIAL_MEDIA_LINK) VALUES (21, 21, 'https://instagram.com/artist_21') ON CONFLICT DO NOTHING;
INSERT INTO SOCIALS (SOCIAL_ID, ARTIST_ID, SOCIAL_MEDIA_LINK) VALUES (22, 22, 'https://instagram.com/artist_22') ON CONFLICT DO NOTHING;
INSERT INTO SOCIALS (SOCIAL_ID, ARTIST_ID, SOCIAL_MEDIA_LINK) VALUES (23, 23, 'https://instagram.com/artist_23') ON CONFLICT DO NOTHING;
INSERT INTO SOCIALS (SOCIAL_ID, ARTIST_ID, SOCIAL_MEDIA_LINK) VALUES (24, 24, 'https://instagram.com/artist_24') ON CONFLICT DO NOTHING;
INSERT INTO SOCIALS (SOCIAL_ID, ARTIST_ID, SOCIAL_MEDIA_LINK) VALUES (25, 25, 'https://instagram.com/artist_25') ON CONFLICT DO NOTHING;
INSERT INTO SOCIALS (SOCIAL_ID, ARTIST_ID, SOCIAL_MEDIA_LINK) VALUES (26, 26, 'https://instagram.com/artist_26') ON CONFLICT DO NOTHING;
INSERT INTO SOCIALS (SOCIAL_ID, ARTIST_ID, SOCIAL_MEDIA_LINK) VALUES (27, 27, 'https://instagram.com/artist_27') ON CONFLICT DO NOTHING;
INSERT INTO SOCIALS (SOCIAL_ID, ARTIST_ID, SOCIAL_MEDIA_LINK) VALUES (28, 28, 'https://instagram.com/artist_28') ON CONFLICT DO NOTHING;
INSERT INTO SOCIALS (SOCIAL_ID, ARTIST_ID, SOCIAL_MEDIA_LINK) VALUES (29, 29, 'https://instagram.com/artist_29') ON CONFLICT DO NOTHING;
INSERT INTO SOCIALS (SOCIAL_ID, ARTIST_ID, SOCIAL_MEDIA_LINK) VALUES (30, 30, 'https://instagram.com/artist_30') ON CONFLICT DO NOTHING;
INSERT INTO SOCIALS (SOCIAL_ID, ARTIST_ID, SOCIAL_MEDIA_LINK) VALUES (31, 31, 'https://instagram.com/artist_31') ON CONFLICT DO NOTHING;
INSERT INTO SOCIALS (SOCIAL_ID, ARTIST_ID, SOCIAL_MEDIA_LINK) VALUES (32, 32, 'https://instagram.com/artist_32') ON CONFLICT DO NOTHING;
INSERT INTO SOCIALS (SOCIAL_ID, ARTIST_ID, SOCIAL_MEDIA_LINK) VALUES (33, 33, 'https://instagram.com/artist_33') ON CONFLICT DO NOTHING;
INSERT INTO SOCIALS (SOCIAL_ID, ARTIST_ID, SOCIAL_MEDIA_LINK) VALUES (34, 34, 'https://instagram.com/artist_34') ON CONFLICT DO NOTHING;
INSERT INTO SOCIALS (SOCIAL_ID, ARTIST_ID, SOCIAL_MEDIA_LINK) VALUES (35, 35, 'https://instagram.com/artist_35') ON CONFLICT DO NOTHING;
INSERT INTO SOCIALS (SOCIAL_ID, ARTIST_ID, SOCIAL_MEDIA_LINK) VALUES (36, 36, 'https://instagram.com/artist_36') ON CONFLICT DO NOTHING;
INSERT INTO SOCIALS (SOCIAL_ID, ARTIST_ID, SOCIAL_MEDIA_LINK) VALUES (37, 37, 'https://instagram.com/artist_37') ON CONFLICT DO NOTHING;
INSERT INTO SOCIALS (SOCIAL_ID, ARTIST_ID, SOCIAL_MEDIA_LINK) VALUES (38, 38, 'https://instagram.com/artist_38') ON CONFLICT DO NOTHING;
INSERT INTO SOCIALS (SOCIAL_ID, ARTIST_ID, SOCIAL_MEDIA_LINK) VALUES (39, 39, 'https://instagram.com/artist_39') ON CONFLICT DO NOTHING;
INSERT INTO SOCIALS (SOCIAL_ID, ARTIST_ID, SOCIAL_MEDIA_LINK) VALUES (40, 40, 'https://instagram.com/artist_40') ON CONFLICT DO NOTHING;
INSERT INTO SOCIALS (SOCIAL_ID, ARTIST_ID, SOCIAL_MEDIA_LINK) VALUES (41, 41, 'https://instagram.com/artist_41') ON CONFLICT DO NOTHING;
INSERT INTO SOCIALS (SOCIAL_ID, ARTIST_ID, SOCIAL_MEDIA_LINK) VALUES (42, 42, 'https://instagram.com/artist_42') ON CONFLICT DO NOTHING;
INSERT INTO SOCIALS (SOCIAL_ID, ARTIST_ID, SOCIAL_MEDIA_LINK) VALUES (43, 43, 'https://instagram.com/artist_43') ON CONFLICT DO NOTHING;
INSERT INTO SOCIALS (SOCIAL_ID, ARTIST_ID, SOCIAL_MEDIA_LINK) VALUES (44, 44, 'https://instagram.com/artist_44') ON CONFLICT DO NOTHING;
INSERT INTO SOCIALS (SOCIAL_ID, ARTIST_ID, SOCIAL_MEDIA_LINK) VALUES (45, 45, 'https://instagram.com/artist_45') ON CONFLICT DO NOTHING;
INSERT INTO SOCIALS (SOCIAL_ID, ARTIST_ID, SOCIAL_MEDIA_LINK) VALUES (46, 46, 'https://instagram.com/artist_46') ON CONFLICT DO NOTHING;
INSERT INTO SOCIALS (SOCIAL_ID, ARTIST_ID, SOCIAL_MEDIA_LINK) VALUES (47, 47, 'https://instagram.com/artist_47') ON CONFLICT DO NOTHING;
INSERT INTO SOCIALS (SOCIAL_ID, ARTIST_ID, SOCIAL_MEDIA_LINK) VALUES (48, 48, 'https://instagram.com/artist_48') ON CONFLICT DO NOTHING;
INSERT INTO SOCIALS (SOCIAL_ID, ARTIST_ID, SOCIAL_MEDIA_LINK) VALUES (49, 49, 'https://instagram.com/artist_49') ON CONFLICT DO NOTHING;
INSERT INTO SOCIALS (SOCIAL_ID, ARTIST_ID, SOCIAL_MEDIA_LINK) VALUES (50, 50, 'https://instagram.com/artist_50') ON CONFLICT DO NOTHING;
INSERT INTO SOCIALS (SOCIAL_ID, ARTIST_ID, SOCIAL_MEDIA_LINK) VALUES (51, 51, 'https://instagram.com/artist_51') ON CONFLICT DO NOTHING;
INSERT INTO SOCIALS (SOCIAL_ID, ARTIST_ID, SOCIAL_MEDIA_LINK) VALUES (52, 52, 'https://instagram.com/artist_52') ON CONFLICT DO NOTHING;
INSERT INTO SOCIALS (SOCIAL_ID, ARTIST_ID, SOCIAL_MEDIA_LINK) VALUES (53, 53, 'https://instagram.com/artist_53') ON CONFLICT DO NOTHING;
INSERT INTO SOCIALS (SOCIAL_ID, ARTIST_ID, SOCIAL_MEDIA_LINK) VALUES (54, 54, 'https://instagram.com/artist_54') ON CONFLICT DO NOTHING;
INSERT INTO SOCIALS (SOCIAL_ID, ARTIST_ID, SOCIAL_MEDIA_LINK) VALUES (55, 55, 'https://instagram.com/artist_55') ON CONFLICT DO NOTHING;
INSERT INTO SOCIALS (SOCIAL_ID, ARTIST_ID, SOCIAL_MEDIA_LINK) VALUES (56, 56, 'https://instagram.com/artist_56') ON CONFLICT DO NOTHING;
INSERT INTO SOCIALS (SOCIAL_ID, ARTIST_ID, SOCIAL_MEDIA_LINK) VALUES (57, 57, 'https://instagram.com/artist_57') ON CONFLICT DO NOTHING;
INSERT INTO SOCIALS (SOCIAL_ID, ARTIST_ID, SOCIAL_MEDIA_LINK) VALUES (58, 58, 'https://instagram.com/artist_58') ON CONFLICT DO NOTHING;
INSERT INTO SOCIALS (SOCIAL_ID, ARTIST_ID, SOCIAL_MEDIA_LINK) VALUES (59, 59, 'https://instagram.com/artist_59') ON CONFLICT DO NOTHING;
INSERT INTO SOCIALS (SOCIAL_ID, ARTIST_ID, SOCIAL_MEDIA_LINK) VALUES (60, 60, 'https://instagram.com/artist_60') ON CONFLICT DO NOTHING;
INSERT INTO SOCIALS (SOCIAL_ID, ARTIST_ID, SOCIAL_MEDIA_LINK) VALUES (61, 61, 'https://instagram.com/artist_61') ON CONFLICT DO NOTHING;
INSERT INTO SOCIALS (SOCIAL_ID, ARTIST_ID, SOCIAL_MEDIA_LINK) VALUES (62, 62, 'https://instagram.com/artist_62') ON CONFLICT DO NOTHING;
INSERT INTO SOCIALS (SOCIAL_ID, ARTIST_ID, SOCIAL_MEDIA_LINK) VALUES (63, 63, 'https://instagram.com/artist_63') ON CONFLICT DO NOTHING;
INSERT INTO SOCIALS (SOCIAL_ID, ARTIST_ID, SOCIAL_MEDIA_LINK) VALUES (64, 64, 'https://instagram.com/artist_64') ON CONFLICT DO NOTHING;
INSERT INTO SOCIALS (SOCIAL_ID, ARTIST_ID, SOCIAL_MEDIA_LINK) VALUES (65, 65, 'https://instagram.com/artist_65') ON CONFLICT DO NOTHING;
INSERT INTO SOCIALS (SOCIAL_ID, ARTIST_ID, SOCIAL_MEDIA_LINK) VALUES (66, 66, 'https://instagram.com/artist_66') ON CONFLICT DO NOTHING;
INSERT INTO SOCIALS (SOCIAL_ID, ARTIST_ID, SOCIAL_MEDIA_LINK) VALUES (67, 67, 'https://instagram.com/artist_67') ON CONFLICT DO NOTHING;
INSERT INTO SOCIALS (SOCIAL_ID, ARTIST_ID, SOCIAL_MEDIA_LINK) VALUES (68, 68, 'https://instagram.com/artist_68') ON CONFLICT DO NOTHING;
INSERT INTO SOCIALS (SOCIAL_ID, ARTIST_ID, SOCIAL_MEDIA_LINK) VALUES (69, 69, 'https://instagram.com/artist_69') ON CONFLICT DO NOTHING;
INSERT INTO SOCIALS (SOCIAL_ID, ARTIST_ID, SOCIAL_MEDIA_LINK) VALUES (70, 70, 'https://instagram.com/artist_70') ON CONFLICT DO NOTHING;
INSERT INTO SOCIALS (SOCIAL_ID, ARTIST_ID, SOCIAL_MEDIA_LINK) VALUES (71, 71, 'https://instagram.com/artist_71') ON CONFLICT DO NOTHING;
INSERT INTO SOCIALS (SOCIAL_ID, ARTIST_ID, SOCIAL_MEDIA_LINK) VALUES (72, 72, 'https://instagram.com/artist_72') ON CONFLICT DO NOTHING;
INSERT INTO SOCIALS (SOCIAL_ID, ARTIST_ID, SOCIAL_MEDIA_LINK) VALUES (73, 73, 'https://instagram.com/artist_73') ON CONFLICT DO NOTHING;
INSERT INTO SOCIALS (SOCIAL_ID, ARTIST_ID, SOCIAL_MEDIA_LINK) VALUES (74, 74, 'https://instagram.com/artist_74') ON CONFLICT DO NOTHING;
INSERT INTO SOCIALS (SOCIAL_ID, ARTIST_ID, SOCIAL_MEDIA_LINK) VALUES (75, 75, 'https://instagram.com/artist_75') ON CONFLICT DO NOTHING;
INSERT INTO SOCIALS (SOCIAL_ID, ARTIST_ID, SOCIAL_MEDIA_LINK) VALUES (76, 76, 'https://instagram.com/artist_76') ON CONFLICT DO NOTHING;
INSERT INTO SOCIALS (SOCIAL_ID, ARTIST_ID, SOCIAL_MEDIA_LINK) VALUES (77, 77, 'https://instagram.com/artist_77') ON CONFLICT DO NOTHING;
INSERT INTO SOCIALS (SOCIAL_ID, ARTIST_ID, SOCIAL_MEDIA_LINK) VALUES (78, 78, 'https://instagram.com/artist_78') ON CONFLICT DO NOTHING;
INSERT INTO SOCIALS (SOCIAL_ID, ARTIST_ID, SOCIAL_MEDIA_LINK) VALUES (79, 79, 'https://instagram.com/artist_79') ON CONFLICT DO NOTHING;
INSERT INTO SOCIALS (SOCIAL_ID, ARTIST_ID, SOCIAL_MEDIA_LINK) VALUES (80, 80, 'https://instagram.com/artist_80') ON CONFLICT DO NOTHING;
INSERT INTO SOCIALS (SOCIAL_ID, ARTIST_ID, SOCIAL_MEDIA_LINK) VALUES (81, 81, 'https://instagram.com/artist_81') ON CONFLICT DO NOTHING;
INSERT INTO SOCIALS (SOCIAL_ID, ARTIST_ID, SOCIAL_MEDIA_LINK) VALUES (82, 82, 'https://instagram.com/artist_82') ON CONFLICT DO NOTHING;
INSERT INTO SOCIALS (SOCIAL_ID, ARTIST_ID, SOCIAL_MEDIA_LINK) VALUES (83, 83, 'https://instagram.com/artist_83') ON CONFLICT DO NOTHING;
INSERT INTO SOCIALS (SOCIAL_ID, ARTIST_ID, SOCIAL_MEDIA_LINK) VALUES (84, 84, 'https://instagram.com/artist_84') ON CONFLICT DO NOTHING;
INSERT INTO FOLLOW_ARTISTS (USER_ID, ARTIST_ID) VALUES (1, 9) ON CONFLICT DO NOTHING;
INSERT INTO FOLLOW_ARTISTS (USER_ID, ARTIST_ID) VALUES (1, 53) ON CONFLICT DO NOTHING;
INSERT INTO FOLLOW_ARTISTS (USER_ID, ARTIST_ID) VALUES (1, 38) ON CONFLICT DO NOTHING;
INSERT INTO FOLLOW_USERS (FOLLOWER_ID, FOLLOWED_ID) VALUES (1, 24) ON CONFLICT DO NOTHING;
INSERT INTO FOLLOW_USERS (FOLLOWER_ID, FOLLOWED_ID) VALUES (1, 9) ON CONFLICT DO NOTHING;
INSERT INTO FOLLOW_ARTISTS (USER_ID, ARTIST_ID) VALUES (2, 8) ON CONFLICT DO NOTHING;
INSERT INTO FOLLOW_ARTISTS (USER_ID, ARTIST_ID) VALUES (2, 72) ON CONFLICT DO NOTHING;
INSERT INTO FOLLOW_ARTISTS (USER_ID, ARTIST_ID) VALUES (2, 2) ON CONFLICT DO NOTHING;
INSERT INTO FOLLOW_USERS (FOLLOWER_ID, FOLLOWED_ID) VALUES (2, 20) ON CONFLICT DO NOTHING;
INSERT INTO FOLLOW_USERS (FOLLOWER_ID, FOLLOWED_ID) VALUES (2, 12) ON CONFLICT DO NOTHING;
INSERT INTO FOLLOW_ARTISTS (USER_ID, ARTIST_ID) VALUES (3, 16) ON CONFLICT DO NOTHING;
INSERT INTO FOLLOW_ARTISTS (USER_ID, ARTIST_ID) VALUES (3, 81) ON CONFLICT DO NOTHING;
INSERT INTO FOLLOW_ARTISTS (USER_ID, ARTIST_ID) VALUES (3, 57) ON CONFLICT DO NOTHING;
INSERT INTO FOLLOW_USERS (FOLLOWER_ID, FOLLOWED_ID) VALUES (3, 14) ON CONFLICT DO NOTHING;
INSERT INTO FOLLOW_USERS (FOLLOWER_ID, FOLLOWED_ID) VALUES (3, 17) ON CONFLICT DO NOTHING;
INSERT INTO FOLLOW_ARTISTS (USER_ID, ARTIST_ID) VALUES (4, 57) ON CONFLICT DO NOTHING;
INSERT INTO FOLLOW_ARTISTS (USER_ID, ARTIST_ID) VALUES (4, 16) ON CONFLICT DO NOTHING;
INSERT INTO FOLLOW_ARTISTS (USER_ID, ARTIST_ID) VALUES (4, 43) ON CONFLICT DO NOTHING;
INSERT INTO FOLLOW_USERS (FOLLOWER_ID, FOLLOWED_ID) VALUES (4, 11) ON CONFLICT DO NOTHING;
INSERT INTO FOLLOW_USERS (FOLLOWER_ID, FOLLOWED_ID) VALUES (4, 19) ON CONFLICT DO NOTHING;
INSERT INTO FOLLOW_ARTISTS (USER_ID, ARTIST_ID) VALUES (5, 75) ON CONFLICT DO NOTHING;
INSERT INTO FOLLOW_ARTISTS (USER_ID, ARTIST_ID) VALUES (5, 69) ON CONFLICT DO NOTHING;
INSERT INTO FOLLOW_ARTISTS (USER_ID, ARTIST_ID) VALUES (5, 23) ON CONFLICT DO NOTHING;
INSERT INTO FOLLOW_USERS (FOLLOWER_ID, FOLLOWED_ID) VALUES (5, 2) ON CONFLICT DO NOTHING;
INSERT INTO FOLLOW_USERS (FOLLOWER_ID, FOLLOWED_ID) VALUES (5, 16) ON CONFLICT DO NOTHING;
INSERT INTO FOLLOW_ARTISTS (USER_ID, ARTIST_ID) VALUES (6, 5) ON CONFLICT DO NOTHING;
INSERT INTO FOLLOW_ARTISTS (USER_ID, ARTIST_ID) VALUES (6, 32) ON CONFLICT DO NOTHING;
INSERT INTO FOLLOW_ARTISTS (USER_ID, ARTIST_ID) VALUES (6, 68) ON CONFLICT DO NOTHING;
INSERT INTO FOLLOW_USERS (FOLLOWER_ID, FOLLOWED_ID) VALUES (6, 18) ON CONFLICT DO NOTHING;
INSERT INTO FOLLOW_USERS (FOLLOWER_ID, FOLLOWED_ID) VALUES (6, 24) ON CONFLICT DO NOTHING;
INSERT INTO FOLLOW_ARTISTS (USER_ID, ARTIST_ID) VALUES (7, 6) ON CONFLICT DO NOTHING;
INSERT INTO FOLLOW_ARTISTS (USER_ID, ARTIST_ID) VALUES (7, 20) ON CONFLICT DO NOTHING;
INSERT INTO FOLLOW_ARTISTS (USER_ID, ARTIST_ID) VALUES (7, 44) ON CONFLICT DO NOTHING;
INSERT INTO FOLLOW_USERS (FOLLOWER_ID, FOLLOWED_ID) VALUES (7, 9) ON CONFLICT DO NOTHING;
INSERT INTO FOLLOW_USERS (FOLLOWER_ID, FOLLOWED_ID) VALUES (7, 14) ON CONFLICT DO NOTHING;
INSERT INTO FOLLOW_ARTISTS (USER_ID, ARTIST_ID) VALUES (8, 79) ON CONFLICT DO NOTHING;
INSERT INTO FOLLOW_ARTISTS (USER_ID, ARTIST_ID) VALUES (8, 56) ON CONFLICT DO NOTHING;
INSERT INTO FOLLOW_ARTISTS (USER_ID, ARTIST_ID) VALUES (8, 23) ON CONFLICT DO NOTHING;
INSERT INTO FOLLOW_USERS (FOLLOWER_ID, FOLLOWED_ID) VALUES (8, 4) ON CONFLICT DO NOTHING;
INSERT INTO FOLLOW_USERS (FOLLOWER_ID, FOLLOWED_ID) VALUES (8, 1) ON CONFLICT DO NOTHING;
INSERT INTO FOLLOW_ARTISTS (USER_ID, ARTIST_ID) VALUES (9, 2) ON CONFLICT DO NOTHING;
INSERT INTO FOLLOW_ARTISTS (USER_ID, ARTIST_ID) VALUES (9, 49) ON CONFLICT DO NOTHING;
INSERT INTO FOLLOW_ARTISTS (USER_ID, ARTIST_ID) VALUES (9, 37) ON CONFLICT DO NOTHING;
INSERT INTO FOLLOW_USERS (FOLLOWER_ID, FOLLOWED_ID) VALUES (9, 8) ON CONFLICT DO NOTHING;
INSERT INTO FOLLOW_USERS (FOLLOWER_ID, FOLLOWED_ID) VALUES (9, 12) ON CONFLICT DO NOTHING;
INSERT INTO FOLLOW_ARTISTS (USER_ID, ARTIST_ID) VALUES (10, 22) ON CONFLICT DO NOTHING;
INSERT INTO FOLLOW_ARTISTS (USER_ID, ARTIST_ID) VALUES (10, 58) ON CONFLICT DO NOTHING;
INSERT INTO FOLLOW_ARTISTS (USER_ID, ARTIST_ID) VALUES (10, 36) ON CONFLICT DO NOTHING;
INSERT INTO FOLLOW_USERS (FOLLOWER_ID, FOLLOWED_ID) VALUES (10, 4) ON CONFLICT DO NOTHING;
INSERT INTO FOLLOW_USERS (FOLLOWER_ID, FOLLOWED_ID) VALUES (10, 2) ON CONFLICT DO NOTHING;
INSERT INTO FOLLOW_ARTISTS (USER_ID, ARTIST_ID) VALUES (11, 43) ON CONFLICT DO NOTHING;
INSERT INTO FOLLOW_ARTISTS (USER_ID, ARTIST_ID) VALUES (11, 6) ON CONFLICT DO NOTHING;
INSERT INTO FOLLOW_ARTISTS (USER_ID, ARTIST_ID) VALUES (11, 61) ON CONFLICT DO NOTHING;
INSERT INTO FOLLOW_USERS (FOLLOWER_ID, FOLLOWED_ID) VALUES (11, 24) ON CONFLICT DO NOTHING;
INSERT INTO FOLLOW_USERS (FOLLOWER_ID, FOLLOWED_ID) VALUES (11, 10) ON CONFLICT DO NOTHING;
INSERT INTO FOLLOW_ARTISTS (USER_ID, ARTIST_ID) VALUES (12, 84) ON CONFLICT DO NOTHING;
INSERT INTO FOLLOW_ARTISTS (USER_ID, ARTIST_ID) VALUES (12, 14) ON CONFLICT DO NOTHING;
INSERT INTO FOLLOW_ARTISTS (USER_ID, ARTIST_ID) VALUES (12, 52) ON CONFLICT DO NOTHING;
INSERT INTO FOLLOW_USERS (FOLLOWER_ID, FOLLOWED_ID) VALUES (12, 10) ON CONFLICT DO NOTHING;
INSERT INTO FOLLOW_USERS (FOLLOWER_ID, FOLLOWED_ID) VALUES (12, 11) ON CONFLICT DO NOTHING;
INSERT INTO FOLLOW_ARTISTS (USER_ID, ARTIST_ID) VALUES (13, 61) ON CONFLICT DO NOTHING;
INSERT INTO FOLLOW_ARTISTS (USER_ID, ARTIST_ID) VALUES (13, 44) ON CONFLICT DO NOTHING;
INSERT INTO FOLLOW_ARTISTS (USER_ID, ARTIST_ID) VALUES (13, 52) ON CONFLICT DO NOTHING;
INSERT INTO FOLLOW_USERS (FOLLOWER_ID, FOLLOWED_ID) VALUES (13, 22) ON CONFLICT DO NOTHING;
INSERT INTO FOLLOW_USERS (FOLLOWER_ID, FOLLOWED_ID) VALUES (13, 17) ON CONFLICT DO NOTHING;
INSERT INTO FOLLOW_ARTISTS (USER_ID, ARTIST_ID) VALUES (14, 82) ON CONFLICT DO NOTHING;
INSERT INTO FOLLOW_ARTISTS (USER_ID, ARTIST_ID) VALUES (14, 69) ON CONFLICT DO NOTHING;
INSERT INTO FOLLOW_ARTISTS (USER_ID, ARTIST_ID) VALUES (14, 31) ON CONFLICT DO NOTHING;
INSERT INTO FOLLOW_USERS (FOLLOWER_ID, FOLLOWED_ID) VALUES (14, 10) ON CONFLICT DO NOTHING;
INSERT INTO FOLLOW_USERS (FOLLOWER_ID, FOLLOWED_ID) VALUES (14, 21) ON CONFLICT DO NOTHING;
INSERT INTO FOLLOW_ARTISTS (USER_ID, ARTIST_ID) VALUES (15, 63) ON CONFLICT DO NOTHING;
INSERT INTO FOLLOW_ARTISTS (USER_ID, ARTIST_ID) VALUES (15, 25) ON CONFLICT DO NOTHING;
INSERT INTO FOLLOW_ARTISTS (USER_ID, ARTIST_ID) VALUES (15, 31) ON CONFLICT DO NOTHING;
INSERT INTO FOLLOW_USERS (FOLLOWER_ID, FOLLOWED_ID) VALUES (15, 3) ON CONFLICT DO NOTHING;
INSERT INTO FOLLOW_USERS (FOLLOWER_ID, FOLLOWED_ID) VALUES (15, 10) ON CONFLICT DO NOTHING;
INSERT INTO FOLLOW_ARTISTS (USER_ID, ARTIST_ID) VALUES (16, 32) ON CONFLICT DO NOTHING;
INSERT INTO FOLLOW_ARTISTS (USER_ID, ARTIST_ID) VALUES (16, 73) ON CONFLICT DO NOTHING;
INSERT INTO FOLLOW_ARTISTS (USER_ID, ARTIST_ID) VALUES (16, 31) ON CONFLICT DO NOTHING;
INSERT INTO FOLLOW_USERS (FOLLOWER_ID, FOLLOWED_ID) VALUES (16, 17) ON CONFLICT DO NOTHING;
INSERT INTO FOLLOW_USERS (FOLLOWER_ID, FOLLOWED_ID) VALUES (16, 20) ON CONFLICT DO NOTHING;
INSERT INTO FOLLOW_ARTISTS (USER_ID, ARTIST_ID) VALUES (17, 51) ON CONFLICT DO NOTHING;
INSERT INTO FOLLOW_ARTISTS (USER_ID, ARTIST_ID) VALUES (17, 70) ON CONFLICT DO NOTHING;
INSERT INTO FOLLOW_ARTISTS (USER_ID, ARTIST_ID) VALUES (17, 16) ON CONFLICT DO NOTHING;
INSERT INTO FOLLOW_USERS (FOLLOWER_ID, FOLLOWED_ID) VALUES (17, 23) ON CONFLICT DO NOTHING;
INSERT INTO FOLLOW_USERS (FOLLOWER_ID, FOLLOWED_ID) VALUES (17, 21) ON CONFLICT DO NOTHING;
INSERT INTO FOLLOW_ARTISTS (USER_ID, ARTIST_ID) VALUES (18, 13) ON CONFLICT DO NOTHING;
INSERT INTO FOLLOW_ARTISTS (USER_ID, ARTIST_ID) VALUES (18, 61) ON CONFLICT DO NOTHING;
INSERT INTO FOLLOW_ARTISTS (USER_ID, ARTIST_ID) VALUES (18, 51) ON CONFLICT DO NOTHING;
INSERT INTO FOLLOW_USERS (FOLLOWER_ID, FOLLOWED_ID) VALUES (18, 13) ON CONFLICT DO NOTHING;
INSERT INTO FOLLOW_USERS (FOLLOWER_ID, FOLLOWED_ID) VALUES (18, 9) ON CONFLICT DO NOTHING;
INSERT INTO FOLLOW_ARTISTS (USER_ID, ARTIST_ID) VALUES (19, 40) ON CONFLICT DO NOTHING;
INSERT INTO FOLLOW_ARTISTS (USER_ID, ARTIST_ID) VALUES (19, 20) ON CONFLICT DO NOTHING;
INSERT INTO FOLLOW_ARTISTS (USER_ID, ARTIST_ID) VALUES (19, 76) ON CONFLICT DO NOTHING;
INSERT INTO FOLLOW_USERS (FOLLOWER_ID, FOLLOWED_ID) VALUES (19, 16) ON CONFLICT DO NOTHING;
INSERT INTO FOLLOW_USERS (FOLLOWER_ID, FOLLOWED_ID) VALUES (19, 3) ON CONFLICT DO NOTHING;
INSERT INTO FOLLOW_ARTISTS (USER_ID, ARTIST_ID) VALUES (20, 28) ON CONFLICT DO NOTHING;
INSERT INTO FOLLOW_ARTISTS (USER_ID, ARTIST_ID) VALUES (20, 17) ON CONFLICT DO NOTHING;
INSERT INTO FOLLOW_ARTISTS (USER_ID, ARTIST_ID) VALUES (20, 18) ON CONFLICT DO NOTHING;
INSERT INTO FOLLOW_USERS (FOLLOWER_ID, FOLLOWED_ID) VALUES (20, 11) ON CONFLICT DO NOTHING;
INSERT INTO FOLLOW_USERS (FOLLOWER_ID, FOLLOWED_ID) VALUES (20, 1) ON CONFLICT DO NOTHING;
INSERT INTO FOLLOW_ARTISTS (USER_ID, ARTIST_ID) VALUES (21, 43) ON CONFLICT DO NOTHING;
INSERT INTO FOLLOW_ARTISTS (USER_ID, ARTIST_ID) VALUES (21, 72) ON CONFLICT DO NOTHING;
INSERT INTO FOLLOW_ARTISTS (USER_ID, ARTIST_ID) VALUES (21, 2) ON CONFLICT DO NOTHING;
INSERT INTO FOLLOW_USERS (FOLLOWER_ID, FOLLOWED_ID) VALUES (21, 18) ON CONFLICT DO NOTHING;
INSERT INTO FOLLOW_USERS (FOLLOWER_ID, FOLLOWED_ID) VALUES (21, 7) ON CONFLICT DO NOTHING;
INSERT INTO FOLLOW_ARTISTS (USER_ID, ARTIST_ID) VALUES (22, 27) ON CONFLICT DO NOTHING;
INSERT INTO FOLLOW_ARTISTS (USER_ID, ARTIST_ID) VALUES (22, 81) ON CONFLICT DO NOTHING;
INSERT INTO FOLLOW_ARTISTS (USER_ID, ARTIST_ID) VALUES (22, 2) ON CONFLICT DO NOTHING;
INSERT INTO FOLLOW_USERS (FOLLOWER_ID, FOLLOWED_ID) VALUES (22, 6) ON CONFLICT DO NOTHING;
INSERT INTO FOLLOW_USERS (FOLLOWER_ID, FOLLOWED_ID) VALUES (22, 20) ON CONFLICT DO NOTHING;
INSERT INTO FOLLOW_ARTISTS (USER_ID, ARTIST_ID) VALUES (23, 25) ON CONFLICT DO NOTHING;
INSERT INTO FOLLOW_ARTISTS (USER_ID, ARTIST_ID) VALUES (23, 56) ON CONFLICT DO NOTHING;
INSERT INTO FOLLOW_ARTISTS (USER_ID, ARTIST_ID) VALUES (23, 33) ON CONFLICT DO NOTHING;
INSERT INTO FOLLOW_USERS (FOLLOWER_ID, FOLLOWED_ID) VALUES (23, 9) ON CONFLICT DO NOTHING;
INSERT INTO FOLLOW_USERS (FOLLOWER_ID, FOLLOWED_ID) VALUES (23, 3) ON CONFLICT DO NOTHING;
INSERT INTO FOLLOW_ARTISTS (USER_ID, ARTIST_ID) VALUES (24, 43) ON CONFLICT DO NOTHING;
INSERT INTO FOLLOW_ARTISTS (USER_ID, ARTIST_ID) VALUES (24, 40) ON CONFLICT DO NOTHING;
INSERT INTO FOLLOW_ARTISTS (USER_ID, ARTIST_ID) VALUES (24, 33) ON CONFLICT DO NOTHING;
INSERT INTO FOLLOW_USERS (FOLLOWER_ID, FOLLOWED_ID) VALUES (24, 12) ON CONFLICT DO NOTHING;
INSERT INTO FOLLOW_USERS (FOLLOWER_ID, FOLLOWED_ID) VALUES (24, 22) ON CONFLICT DO NOTHING;
INSERT INTO FOLLOW_ARTISTS (USER_ID, ARTIST_ID) VALUES (25, 48) ON CONFLICT DO NOTHING;
INSERT INTO FOLLOW_ARTISTS (USER_ID, ARTIST_ID) VALUES (25, 49) ON CONFLICT DO NOTHING;
INSERT INTO FOLLOW_ARTISTS (USER_ID, ARTIST_ID) VALUES (25, 72) ON CONFLICT DO NOTHING;
INSERT INTO FOLLOW_USERS (FOLLOWER_ID, FOLLOWED_ID) VALUES (25, 11) ON CONFLICT DO NOTHING;
INSERT INTO COLLECTION_LIBRARY (USER_ID, COLLECTION_ID) VALUES (1, 98) ON CONFLICT DO NOTHING;
INSERT INTO PL_LIBRARY (USER_ID, PLAYLIST_ID) VALUES (1, 21) ON CONFLICT DO NOTHING;
INSERT INTO COLLECTION_LIBRARY (USER_ID, COLLECTION_ID) VALUES (2, 97) ON CONFLICT DO NOTHING;
INSERT INTO PL_LIBRARY (USER_ID, PLAYLIST_ID) VALUES (2, 17) ON CONFLICT DO NOTHING;
INSERT INTO COLLECTION_LIBRARY (USER_ID, COLLECTION_ID) VALUES (3, 79) ON CONFLICT DO NOTHING;
INSERT INTO PL_LIBRARY (USER_ID, PLAYLIST_ID) VALUES (3, 6) ON CONFLICT DO NOTHING;
INSERT INTO COLLECTION_LIBRARY (USER_ID, COLLECTION_ID) VALUES (4, 38) ON CONFLICT DO NOTHING;
INSERT INTO PL_LIBRARY (USER_ID, PLAYLIST_ID) VALUES (4, 12) ON CONFLICT DO NOTHING;
INSERT INTO COLLECTION_LIBRARY (USER_ID, COLLECTION_ID) VALUES (5, 64) ON CONFLICT DO NOTHING;
INSERT INTO PL_LIBRARY (USER_ID, PLAYLIST_ID) VALUES (5, 13) ON CONFLICT DO NOTHING;
INSERT INTO COLLECTION_LIBRARY (USER_ID, COLLECTION_ID) VALUES (6, 8) ON CONFLICT DO NOTHING;
INSERT INTO PL_LIBRARY (USER_ID, PLAYLIST_ID) VALUES (6, 25) ON CONFLICT DO NOTHING;
INSERT INTO COLLECTION_LIBRARY (USER_ID, COLLECTION_ID) VALUES (7, 25) ON CONFLICT DO NOTHING;
INSERT INTO PL_LIBRARY (USER_ID, PLAYLIST_ID) VALUES (7, 23) ON CONFLICT DO NOTHING;
INSERT INTO COLLECTION_LIBRARY (USER_ID, COLLECTION_ID) VALUES (8, 37) ON CONFLICT DO NOTHING;
INSERT INTO PL_LIBRARY (USER_ID, PLAYLIST_ID) VALUES (8, 8) ON CONFLICT DO NOTHING;
INSERT INTO COLLECTION_LIBRARY (USER_ID, COLLECTION_ID) VALUES (9, 16) ON CONFLICT DO NOTHING;
INSERT INTO PL_LIBRARY (USER_ID, PLAYLIST_ID) VALUES (9, 14) ON CONFLICT DO NOTHING;
INSERT INTO COLLECTION_LIBRARY (USER_ID, COLLECTION_ID) VALUES (10, 65) ON CONFLICT DO NOTHING;
INSERT INTO PL_LIBRARY (USER_ID, PLAYLIST_ID) VALUES (10, 27) ON CONFLICT DO NOTHING;
INSERT INTO COLLECTION_LIBRARY (USER_ID, COLLECTION_ID) VALUES (11, 46) ON CONFLICT DO NOTHING;
INSERT INTO PL_LIBRARY (USER_ID, PLAYLIST_ID) VALUES (11, 1) ON CONFLICT DO NOTHING;
INSERT INTO COLLECTION_LIBRARY (USER_ID, COLLECTION_ID) VALUES (12, 48) ON CONFLICT DO NOTHING;
INSERT INTO PL_LIBRARY (USER_ID, PLAYLIST_ID) VALUES (12, 28) ON CONFLICT DO NOTHING;
INSERT INTO COLLECTION_LIBRARY (USER_ID, COLLECTION_ID) VALUES (13, 94) ON CONFLICT DO NOTHING;
INSERT INTO PL_LIBRARY (USER_ID, PLAYLIST_ID) VALUES (13, 4) ON CONFLICT DO NOTHING;
INSERT INTO COLLECTION_LIBRARY (USER_ID, COLLECTION_ID) VALUES (14, 44) ON CONFLICT DO NOTHING;
INSERT INTO PL_LIBRARY (USER_ID, PLAYLIST_ID) VALUES (14, 20) ON CONFLICT DO NOTHING;
INSERT INTO COLLECTION_LIBRARY (USER_ID, COLLECTION_ID) VALUES (15, 54) ON CONFLICT DO NOTHING;
INSERT INTO PL_LIBRARY (USER_ID, PLAYLIST_ID) VALUES (15, 35) ON CONFLICT DO NOTHING;
INSERT INTO COLLECTION_LIBRARY (USER_ID, COLLECTION_ID) VALUES (16, 7) ON CONFLICT DO NOTHING;
INSERT INTO PL_LIBRARY (USER_ID, PLAYLIST_ID) VALUES (16, 26) ON CONFLICT DO NOTHING;
INSERT INTO COLLECTION_LIBRARY (USER_ID, COLLECTION_ID) VALUES (17, 11) ON CONFLICT DO NOTHING;
INSERT INTO PL_LIBRARY (USER_ID, PLAYLIST_ID) VALUES (17, 19) ON CONFLICT DO NOTHING;
INSERT INTO COLLECTION_LIBRARY (USER_ID, COLLECTION_ID) VALUES (18, 73) ON CONFLICT DO NOTHING;
INSERT INTO PL_LIBRARY (USER_ID, PLAYLIST_ID) VALUES (18, 15) ON CONFLICT DO NOTHING;
INSERT INTO COLLECTION_LIBRARY (USER_ID, COLLECTION_ID) VALUES (19, 26) ON CONFLICT DO NOTHING;
INSERT INTO PL_LIBRARY (USER_ID, PLAYLIST_ID) VALUES (19, 35) ON CONFLICT DO NOTHING;
INSERT INTO COLLECTION_LIBRARY (USER_ID, COLLECTION_ID) VALUES (20, 99) ON CONFLICT DO NOTHING;
INSERT INTO PL_LIBRARY (USER_ID, PLAYLIST_ID) VALUES (20, 34) ON CONFLICT DO NOTHING;
INSERT INTO COLLECTION_LIBRARY (USER_ID, COLLECTION_ID) VALUES (21, 16) ON CONFLICT DO NOTHING;
INSERT INTO PL_LIBRARY (USER_ID, PLAYLIST_ID) VALUES (21, 22) ON CONFLICT DO NOTHING;
INSERT INTO COLLECTION_LIBRARY (USER_ID, COLLECTION_ID) VALUES (22, 25) ON CONFLICT DO NOTHING;
INSERT INTO PL_LIBRARY (USER_ID, PLAYLIST_ID) VALUES (22, 2) ON CONFLICT DO NOTHING;
INSERT INTO COLLECTION_LIBRARY (USER_ID, COLLECTION_ID) VALUES (23, 79) ON CONFLICT DO NOTHING;
INSERT INTO PL_LIBRARY (USER_ID, PLAYLIST_ID) VALUES (23, 23) ON CONFLICT DO NOTHING;
INSERT INTO COLLECTION_LIBRARY (USER_ID, COLLECTION_ID) VALUES (24, 30) ON CONFLICT DO NOTHING;
INSERT INTO PL_LIBRARY (USER_ID, PLAYLIST_ID) VALUES (24, 23) ON CONFLICT DO NOTHING;
INSERT INTO COLLECTION_LIBRARY (USER_ID, COLLECTION_ID) VALUES (25, 74) ON CONFLICT DO NOTHING;
INSERT INTO PL_LIBRARY (USER_ID, PLAYLIST_ID) VALUES (25, 33) ON CONFLICT DO NOTHING;
INSERT INTO ARTIST_PROMOTION (ARTIST_ID, COLLECTION_ID, KOMENTAR_PROMOSI) VALUES (2, 2, 'Check my new stuff!') ON CONFLICT DO NOTHING;
INSERT INTO ARTIST_PROMOTION (ARTIST_ID, COLLECTION_ID, KOMENTAR_PROMOSI) VALUES (3, 3, 'Check my new stuff!') ON CONFLICT DO NOTHING;
INSERT INTO ARTIST_PROMOTION (ARTIST_ID, COLLECTION_ID, KOMENTAR_PROMOSI) VALUES (6, 6, 'Check my new stuff!') ON CONFLICT DO NOTHING;
INSERT INTO ARTIST_PROMOTION (ARTIST_ID, COLLECTION_ID, KOMENTAR_PROMOSI) VALUES (7, 7, 'Check my new stuff!') ON CONFLICT DO NOTHING;
INSERT INTO ARTIST_PROMOTION (ARTIST_ID, COLLECTION_ID, KOMENTAR_PROMOSI) VALUES (12, 13, 'Check my new stuff!') ON CONFLICT DO NOTHING;
INSERT INTO ARTIST_PROMOTION (ARTIST_ID, COLLECTION_ID, KOMENTAR_PROMOSI) VALUES (15, 16, 'Check my new stuff!') ON CONFLICT DO NOTHING;
INSERT INTO ARTIST_PROMOTION (ARTIST_ID, COLLECTION_ID, KOMENTAR_PROMOSI) VALUES (23, 27, 'Check my new stuff!') ON CONFLICT DO NOTHING;
INSERT INTO ARTIST_PROMOTION (ARTIST_ID, COLLECTION_ID, KOMENTAR_PROMOSI) VALUES (27, 34, 'Check my new stuff!') ON CONFLICT DO NOTHING;
INSERT INTO ARTIST_PROMOTION (ARTIST_ID, COLLECTION_ID, KOMENTAR_PROMOSI) VALUES (29, 36, 'Check my new stuff!') ON CONFLICT DO NOTHING;
INSERT INTO ARTIST_PROMOTION (ARTIST_ID, COLLECTION_ID, KOMENTAR_PROMOSI) VALUES (32, 40, 'Check my new stuff!') ON CONFLICT DO NOTHING;
INSERT INTO ARTIST_PROMOTION (ARTIST_ID, COLLECTION_ID, KOMENTAR_PROMOSI) VALUES (33, 48, 'Check my new stuff!') ON CONFLICT DO NOTHING;
INSERT INTO ARTIST_PROMOTION (ARTIST_ID, COLLECTION_ID, KOMENTAR_PROMOSI) VALUES (35, 44, 'Check my new stuff!') ON CONFLICT DO NOTHING;
INSERT INTO ARTIST_PROMOTION (ARTIST_ID, COLLECTION_ID, KOMENTAR_PROMOSI) VALUES (36, 45, 'Check my new stuff!') ON CONFLICT DO NOTHING;
INSERT INTO ARTIST_PROMOTION (ARTIST_ID, COLLECTION_ID, KOMENTAR_PROMOSI) VALUES (40, 50, 'Check my new stuff!') ON CONFLICT DO NOTHING;
INSERT INTO ARTIST_PROMOTION (ARTIST_ID, COLLECTION_ID, KOMENTAR_PROMOSI) VALUES (43, 53, 'Check my new stuff!') ON CONFLICT DO NOTHING;
INSERT INTO ARTIST_PROMOTION (ARTIST_ID, COLLECTION_ID, KOMENTAR_PROMOSI) VALUES (44, 54, 'Check my new stuff!') ON CONFLICT DO NOTHING;
INSERT INTO ARTIST_PROMOTION (ARTIST_ID, COLLECTION_ID, KOMENTAR_PROMOSI) VALUES (46, 57, 'Check my new stuff!') ON CONFLICT DO NOTHING;
INSERT INTO ARTIST_PROMOTION (ARTIST_ID, COLLECTION_ID, KOMENTAR_PROMOSI) VALUES (47, 58, 'Check my new stuff!') ON CONFLICT DO NOTHING;
INSERT INTO ARTIST_PROMOTION (ARTIST_ID, COLLECTION_ID, KOMENTAR_PROMOSI) VALUES (49, 60, 'Check my new stuff!') ON CONFLICT DO NOTHING;
INSERT INTO ARTIST_PROMOTION (ARTIST_ID, COLLECTION_ID, KOMENTAR_PROMOSI) VALUES (51, 62, 'Check my new stuff!') ON CONFLICT DO NOTHING;
INSERT INTO ARTIST_PROMOTION (ARTIST_ID, COLLECTION_ID, KOMENTAR_PROMOSI) VALUES (53, 64, 'Check my new stuff!') ON CONFLICT DO NOTHING;
INSERT INTO ARTIST_PROMOTION (ARTIST_ID, COLLECTION_ID, KOMENTAR_PROMOSI) VALUES (56, 67, 'Check my new stuff!') ON CONFLICT DO NOTHING;
INSERT INTO ARTIST_PROMOTION (ARTIST_ID, COLLECTION_ID, KOMENTAR_PROMOSI) VALUES (57, 68, 'Check my new stuff!') ON CONFLICT DO NOTHING;
INSERT INTO ARTIST_PROMOTION (ARTIST_ID, COLLECTION_ID, KOMENTAR_PROMOSI) VALUES (59, 70, 'Check my new stuff!') ON CONFLICT DO NOTHING;
INSERT INTO ARTIST_PROMOTION (ARTIST_ID, COLLECTION_ID, KOMENTAR_PROMOSI) VALUES (60, 71, 'Check my new stuff!') ON CONFLICT DO NOTHING;
INSERT INTO ARTIST_PROMOTION (ARTIST_ID, COLLECTION_ID, KOMENTAR_PROMOSI) VALUES (61, 72, 'Check my new stuff!') ON CONFLICT DO NOTHING;
INSERT INTO ARTIST_PROMOTION (ARTIST_ID, COLLECTION_ID, KOMENTAR_PROMOSI) VALUES (62, 73, 'Check my new stuff!') ON CONFLICT DO NOTHING;
INSERT INTO ARTIST_PROMOTION (ARTIST_ID, COLLECTION_ID, KOMENTAR_PROMOSI) VALUES (63, 74, 'Check my new stuff!') ON CONFLICT DO NOTHING;
INSERT INTO ARTIST_PROMOTION (ARTIST_ID, COLLECTION_ID, KOMENTAR_PROMOSI) VALUES (67, 79, 'Check my new stuff!') ON CONFLICT DO NOTHING;
INSERT INTO ARTIST_PROMOTION (ARTIST_ID, COLLECTION_ID, KOMENTAR_PROMOSI) VALUES (69, 81, 'Check my new stuff!') ON CONFLICT DO NOTHING;
INSERT INTO ARTIST_PROMOTION (ARTIST_ID, COLLECTION_ID, KOMENTAR_PROMOSI) VALUES (72, 86, 'Check my new stuff!') ON CONFLICT DO NOTHING;
INSERT INTO ARTIST_PROMOTION (ARTIST_ID, COLLECTION_ID, KOMENTAR_PROMOSI) VALUES (74, 89, 'Check my new stuff!') ON CONFLICT DO NOTHING;
INSERT INTO ARTIST_PROMOTION (ARTIST_ID, COLLECTION_ID, KOMENTAR_PROMOSI) VALUES (78, 93, 'Check my new stuff!') ON CONFLICT DO NOTHING;
INSERT INTO ARTIST_PROMOTION (ARTIST_ID, COLLECTION_ID, KOMENTAR_PROMOSI) VALUES (81, 96, 'Check my new stuff!') ON CONFLICT DO NOTHING;
INSERT INTO ARTIST_PROMOTION (ARTIST_ID, COLLECTION_ID, KOMENTAR_PROMOSI) VALUES (82, 98, 'Check my new stuff!') ON CONFLICT DO NOTHING;
INSERT INTO ARTIST_PROMOTION (ARTIST_ID, COLLECTION_ID, KOMENTAR_PROMOSI) VALUES (83, 99, 'Check my new stuff!') ON CONFLICT DO NOTHING;
INSERT INTO BLOCK_USERS (BLOCKER_ID, BLOCKED_ID) VALUES (9, 6) ON CONFLICT DO NOTHING;
INSERT INTO BLOCK_USERS (BLOCKER_ID, BLOCKED_ID) VALUES (25, 6) ON CONFLICT DO NOTHING;
INSERT INTO BLOCK_USERS (BLOCKER_ID, BLOCKED_ID) VALUES (5, 21) ON CONFLICT DO NOTHING;
INSERT INTO BLOCK_USERS (BLOCKER_ID, BLOCKED_ID) VALUES (22, 19) ON CONFLICT DO NOTHING;
INSERT INTO BLOCK_USERS (BLOCKER_ID, BLOCKED_ID) VALUES (21, 23) ON CONFLICT DO NOTHING;
INSERT INTO BLOCKLIST_ARTISTS (ARTIST_ID, USER_ID) VALUES (20, 5) ON CONFLICT DO NOTHING;
INSERT INTO BLOCKLIST_ARTISTS (ARTIST_ID, USER_ID) VALUES (50, 4) ON CONFLICT DO NOTHING;
INSERT INTO BLOCKLIST_ARTISTS (ARTIST_ID, USER_ID) VALUES (35, 24) ON CONFLICT DO NOTHING;
INSERT INTO BLOCKLIST_ARTISTS (ARTIST_ID, USER_ID) VALUES (31, 25) ON CONFLICT DO NOTHING;
INSERT INTO BLOCKLIST_ARTISTS (ARTIST_ID, USER_ID) VALUES (1, 11) ON CONFLICT DO NOTHING;
SELECT setval('seq_users_id', (SELECT MAX(USER_ID) FROM USERS));
SELECT setval('seq_artists_id', (SELECT MAX(ARTIST_ID) FROM ARTISTS));
SELECT setval('seq_genres_id', (SELECT MAX(GENRE_ID) FROM GENRES));
SELECT setval('seq_collections_id', (SELECT MAX(COLLECTION_ID) FROM COLLECTIONS));
SELECT setval('seq_songs_id', (SELECT MAX(SONG_ID) FROM SONGS));
SELECT setval('seq_reviews_id', (SELECT MAX(REVIEW_ID) FROM REVIEWS));
SELECT setval('seq_playlists_id', (SELECT MAX(PLAYLIST_ID) FROM PLAYLISTS));
SELECT setval('seq_socials_id', (SELECT MAX(SOCIAL_ID) FROM SOCIALS));
SELECT setval('seq_tours_id', (SELECT MAX(TOUR_ID) FROM TOURS));
SELECT setval('seq_listens_id', (SELECT MAX(LISTEN_ID) FROM LISTENS));
SELECT setval('seq_add_songs_playlist_id', (SELECT MAX(ADD_SONG_PL_ID) FROM ADD_SONGS_PLAYLISTS));
COMMIT;