/* Script Generated by Python Faker + Spotipy (Full Albums Logic) */
BEGIN;
CREATE EXTENSION IF NOT EXISTS pgcrypto;
TRUNCATE TABLE 
        USERS, ARTISTS, GENRES, COLLECTIONS, SONGS, PLAYLISTS, 
        RELEASES, COLLECTIONS_SONGS, CREATE_SONGS, SONGS_GENRES, 
        FOLLOW_ARTISTS, FOLLOW_USERS, LISTENS, LIKE_SONGS, REVIEWS, 
        RATE_SONGS, TOURS, ARTISTS_TOURS, SOCIALS, COLLECTION_LIBRARY, 
        PL_LIBRARY, BLOCK_USERS, BLOCKLIST_ARTISTS, LIKE_REVIEWS, 
        ADD_SONGS_PLAYLISTS, COLLECTION_TOP_3_GENRES, ARTIST_PROMOTION 
        RESTART IDENTITY CASCADE;
INSERT INTO USERS (USER_ID, USERNAME, USER_EMAIL, PW_HASH, USER_PFP, REGION, COUNTRY) VALUES (1, 'jumariirawan', 'jumariirawan_1@example.com', crypt('rkdpU0*r$7EA', gen_salt('bf')), 'https://ui-avatars.com/api/?name=jumariirawan&background=random', 'Manado', 'Portugal');
INSERT INTO USERS (USER_ID, USERNAME, USER_EMAIL, PW_HASH, USER_PFP, REGION, COUNTRY) VALUES (2, 'halimcaraka', 'halimcaraka_2@example.com', crypt('G6fFsHT1#GoM', gen_salt('bf')), 'https://ui-avatars.com/api/?name=halimcaraka&background=random', 'Metro', 'Vanuatu');
INSERT INTO USERS (USER_ID, USERNAME, USER_EMAIL, PW_HASH, USER_PFP, REGION, COUNTRY) VALUES (3, 'tprayoga', 'tprayoga_3@example.com', crypt('9%u0TsI^t&UF', gen_salt('bf')), 'https://ui-avatars.com/api/?name=tprayoga&background=random', 'Pematangsiantar', 'Myanmar');
INSERT INTO USERS (USER_ID, USERNAME, USER_EMAIL, PW_HASH, USER_PFP, REGION, COUNTRY) VALUES (4, 'uusada', 'uusada_4@example.com', crypt('&8K)FdG+X_Kz', gen_salt('bf')), 'https://ui-avatars.com/api/?name=uusada&background=random', 'Sawahlunto', 'Suriah');
INSERT INTO USERS (USER_ID, USERNAME, USER_EMAIL, PW_HASH, USER_PFP, REGION, COUNTRY) VALUES (5, 'lurhurandriani', 'lurhurandriani_5@example.com', crypt('+cN#pql5qT0J', gen_salt('bf')), 'https://ui-avatars.com/api/?name=lurhurandriani&background=random', 'Cilegon', 'Myanmar');
INSERT INTO USERS (USER_ID, USERNAME, USER_EMAIL, PW_HASH, USER_PFP, REGION, COUNTRY) VALUES (6, 'sinagateddy', 'sinagateddy_6@example.com', crypt('+cO^%_JVL9Tk', gen_salt('bf')), 'https://ui-avatars.com/api/?name=sinagateddy&background=random', 'Padang Sidempuan', 'Fiji');
INSERT INTO USERS (USER_ID, USERNAME, USER_EMAIL, PW_HASH, USER_PFP, REGION, COUNTRY) VALUES (7, 'rajasamutia', 'rajasamutia_7@example.com', crypt('%zNoN2*1H11_', gen_salt('bf')), 'https://ui-avatars.com/api/?name=rajasamutia&background=random', 'Tidore Kepulauan', 'São Tomé dan Príncipe');
INSERT INTO USERS (USER_ID, USERNAME, USER_EMAIL, PW_HASH, USER_PFP, REGION, COUNTRY) VALUES (8, 'januarmulyono', 'januarmulyono_8@example.com', crypt('(A7^doNSzZ8T', gen_salt('bf')), 'https://ui-avatars.com/api/?name=januarmulyono&background=random', 'Lhokseumawe', 'Azerbaijan');
INSERT INTO USERS (USER_ID, USERNAME, USER_EMAIL, PW_HASH, USER_PFP, REGION, COUNTRY) VALUES (9, 'raisa29', 'raisa29_9@example.com', crypt('S1&oTFg)BY%8', gen_salt('bf')), 'https://ui-avatars.com/api/?name=raisa29&background=random', 'Palu', 'Rumania');
INSERT INTO USERS (USER_ID, USERNAME, USER_EMAIL, PW_HASH, USER_PFP, REGION, COUNTRY) VALUES (10, 'santosocaket', 'santosocaket_10@example.com', crypt('%4guQf@BIlM8', gen_salt('bf')), 'https://ui-avatars.com/api/?name=santosocaket&background=random', 'Palembang', 'Austria');
INSERT INTO USERS (USER_ID, USERNAME, USER_EMAIL, PW_HASH, USER_PFP, REGION, COUNTRY) VALUES (11, 'gadingpuspasari', 'gadingpuspasari_11@example.com', crypt('RM)5G@xWxTvg', gen_salt('bf')), 'https://ui-avatars.com/api/?name=gadingpuspasari&background=random', 'Banjarmasin', 'Tonga');
INSERT INTO USERS (USER_ID, USERNAME, USER_EMAIL, PW_HASH, USER_PFP, REGION, COUNTRY) VALUES (12, 'bala94', 'bala94_12@example.com', crypt('J(LMR6ufD!2D', gen_salt('bf')), 'https://ui-avatars.com/api/?name=bala94&background=random', 'Denpasar', 'Pantai Gading');
INSERT INTO USERS (USER_ID, USERNAME, USER_EMAIL, PW_HASH, USER_PFP, REGION, COUNTRY) VALUES (13, 'susantirika', 'susantirika_13@example.com', crypt('Ot$i88CpdC#e', gen_salt('bf')), 'https://ui-avatars.com/api/?name=susantirika&background=random', 'Banjarmasin', 'Jepang');
INSERT INTO USERS (USER_ID, USERNAME, USER_EMAIL, PW_HASH, USER_PFP, REGION, COUNTRY) VALUES (14, 'ssaputra', 'ssaputra_14@example.com', crypt('S34^EDb0(fWz', gen_salt('bf')), 'https://ui-avatars.com/api/?name=ssaputra&background=random', 'Parepare', 'Kenya');
INSERT INTO USERS (USER_ID, USERNAME, USER_EMAIL, PW_HASH, USER_PFP, REGION, COUNTRY) VALUES (15, 'widododadi', 'widododadi_15@example.com', crypt('jl0!5kJ5(#6H', gen_salt('bf')), 'https://ui-avatars.com/api/?name=widododadi&background=random', 'Solok', 'Somalia');
INSERT INTO USERS (USER_ID, USERNAME, USER_EMAIL, PW_HASH, USER_PFP, REGION, COUNTRY) VALUES (16, 'salwa86', 'salwa86_16@example.com', crypt('LpK^z0a6$9tq', gen_salt('bf')), 'https://ui-avatars.com/api/?name=salwa86&background=random', 'Palopo', 'Sierra Leone');
INSERT INTO USERS (USER_ID, USERNAME, USER_EMAIL, PW_HASH, USER_PFP, REGION, COUNTRY) VALUES (17, 'zdabukke', 'zdabukke_17@example.com', crypt(')mFAKoPyt)9G', gen_salt('bf')), 'https://ui-avatars.com/api/?name=zdabukke&background=random', 'Salatiga', 'Kosta Rika');
INSERT INTO USERS (USER_ID, USERNAME, USER_EMAIL, PW_HASH, USER_PFP, REGION, COUNTRY) VALUES (18, 'maulanakartika', 'maulanakartika_18@example.com', crypt('^3NNonbrl)FK', gen_salt('bf')), 'https://ui-avatars.com/api/?name=maulanakartika&background=random', 'Depok', 'Panama');
INSERT INTO USERS (USER_ID, USERNAME, USER_EMAIL, PW_HASH, USER_PFP, REGION, COUNTRY) VALUES (19, 'chardiansyah', 'chardiansyah_19@example.com', crypt('$z3b(qGM_#Vb', gen_salt('bf')), 'https://ui-avatars.com/api/?name=chardiansyah&background=random', 'Payakumbuh', 'Saint Vincent dan Grenadine');
INSERT INTO USERS (USER_ID, USERNAME, USER_EMAIL, PW_HASH, USER_PFP, REGION, COUNTRY) VALUES (20, 'nurainibakiono', 'nurainibakiono_20@example.com', crypt('6@#DnS*o8o7#', gen_salt('bf')), 'https://ui-avatars.com/api/?name=nurainibakiono&background=random', 'Bogor', 'Moldova');
INSERT INTO USERS (USER_ID, USERNAME, USER_EMAIL, PW_HASH, USER_PFP, REGION, COUNTRY) VALUES (21, 'rosman86', 'rosman86_21@example.com', crypt('$&#Vl2KW6Oul', gen_salt('bf')), 'https://ui-avatars.com/api/?name=rosman86&background=random', 'Palopo', 'Luksemburg');
INSERT INTO USERS (USER_ID, USERNAME, USER_EMAIL, PW_HASH, USER_PFP, REGION, COUNTRY) VALUES (22, 'fwahyuni', 'fwahyuni_22@example.com', crypt('c#H#31Rx#nw6', gen_salt('bf')), 'https://ui-avatars.com/api/?name=fwahyuni&background=random', 'Bandung', 'Somalia');
INSERT INTO USERS (USER_ID, USERNAME, USER_EMAIL, PW_HASH, USER_PFP, REGION, COUNTRY) VALUES (23, 'hmansur', 'hmansur_23@example.com', crypt('%bYAMEI080b3', gen_salt('bf')), 'https://ui-avatars.com/api/?name=hmansur&background=random', 'Tangerang Selatan', 'Iran');
INSERT INTO USERS (USER_ID, USERNAME, USER_EMAIL, PW_HASH, USER_PFP, REGION, COUNTRY) VALUES (24, 'gamblang30', 'gamblang30_24@example.com', crypt('r7_$5Jb79CTk', gen_salt('bf')), 'https://ui-avatars.com/api/?name=gamblang30&background=random', 'Sabang', 'Lebanon');
INSERT INTO USERS (USER_ID, USERNAME, USER_EMAIL, PW_HASH, USER_PFP, REGION, COUNTRY) VALUES (25, 'jfirmansyah', 'jfirmansyah_25@example.com', crypt('C0%6bRCs)%1k', gen_salt('bf')), 'https://ui-avatars.com/api/?name=jfirmansyah&background=random', 'Kota Administrasi Jakarta Pusat', 'Saint Vincent dan Grenadine');
INSERT INTO USERS (USER_ID, USERNAME, USER_EMAIL, PW_HASH, USER_PFP, REGION, COUNTRY) VALUES (26, 'wriyanti', 'wriyanti_26@example.com', crypt('sR*SbpaO&1Fb', gen_salt('bf')), 'https://ui-avatars.com/api/?name=wriyanti&background=random', 'Lubuklinggau', 'Irak');
INSERT INTO USERS (USER_ID, USERNAME, USER_EMAIL, PW_HASH, USER_PFP, REGION, COUNTRY) VALUES (27, 'zoktaviani', 'zoktaviani_27@example.com', crypt('p+56F1OfDRWZ', gen_salt('bf')), 'https://ui-avatars.com/api/?name=zoktaviani&background=random', 'Mojokerto', 'Swaziland');
INSERT INTO USERS (USER_ID, USERNAME, USER_EMAIL, PW_HASH, USER_PFP, REGION, COUNTRY) VALUES (28, 'wibisonojinawi', 'wibisonojinawi_28@example.com', crypt('(xcJleVoAZ3t', gen_salt('bf')), 'https://ui-avatars.com/api/?name=wibisonojinawi&background=random', 'Pontianak', 'Belanda');
INSERT INTO USERS (USER_ID, USERNAME, USER_EMAIL, PW_HASH, USER_PFP, REGION, COUNTRY) VALUES (29, 'puspasariumi', 'puspasariumi_29@example.com', crypt('*3U%dgKh99oR', gen_salt('bf')), 'https://ui-avatars.com/api/?name=puspasariumi&background=random', 'Ternate', 'Mozambik');
INSERT INTO USERS (USER_ID, USERNAME, USER_EMAIL, PW_HASH, USER_PFP, REGION, COUNTRY) VALUES (30, 'garannajmudin', 'garannajmudin_30@example.com', crypt('1iL^_EF!9)@7', gen_salt('bf')), 'https://ui-avatars.com/api/?name=garannajmudin&background=random', 'Pekanbaru', 'Sierra Leone');
INSERT INTO USERS (USER_ID, USERNAME, USER_EMAIL, PW_HASH, USER_PFP, REGION, COUNTRY) VALUES (31, 'nurul79', 'nurul79_31@example.com', crypt(')D4D)psq(5nv', gen_salt('bf')), 'https://ui-avatars.com/api/?name=nurul79&background=random', 'Lubuklinggau', 'Oman');
INSERT INTO USERS (USER_ID, USERNAME, USER_EMAIL, PW_HASH, USER_PFP, REGION, COUNTRY) VALUES (32, 'cayadi67', 'cayadi67_32@example.com', crypt('q9udv8I8&_eH', gen_salt('bf')), 'https://ui-avatars.com/api/?name=cayadi67&background=random', 'Bandar Lampung', 'Latvia');
INSERT INTO USERS (USER_ID, USERNAME, USER_EMAIL, PW_HASH, USER_PFP, REGION, COUNTRY) VALUES (33, 'opheliawidodo', 'opheliawidodo_33@example.com', crypt('#L1qewDpq5*F', gen_salt('bf')), 'https://ui-avatars.com/api/?name=opheliawidodo&background=random', 'Meulaboh', 'Mongolia');
INSERT INTO USERS (USER_ID, USERNAME, USER_EMAIL, PW_HASH, USER_PFP, REGION, COUNTRY) VALUES (34, 'unggulpermata', 'unggulpermata_34@example.com', crypt('+xUAw&bn^S0L', gen_salt('bf')), 'https://ui-avatars.com/api/?name=unggulpermata&background=random', 'Bandar Lampung', 'Bahrain');
INSERT INTO USERS (USER_ID, USERNAME, USER_EMAIL, PW_HASH, USER_PFP, REGION, COUNTRY) VALUES (35, 'koko72', 'koko72_35@example.com', crypt('$o5A3WbL625#', gen_salt('bf')), 'https://ui-avatars.com/api/?name=koko72&background=random', 'Tanjungbalai', 'Moldova');
INSERT INTO USERS (USER_ID, USERNAME, USER_EMAIL, PW_HASH, USER_PFP, REGION, COUNTRY) VALUES (36, 'lazuardipadma', 'lazuardipadma_36@example.com', crypt('@uX84xCjHfth', gen_salt('bf')), 'https://ui-avatars.com/api/?name=lazuardipadma&background=random', 'Padang', 'Seychelles');
INSERT INTO USERS (USER_ID, USERNAME, USER_EMAIL, PW_HASH, USER_PFP, REGION, COUNTRY) VALUES (37, 'yuliana66', 'yuliana66_37@example.com', crypt('#0h1EMKUs40A', gen_salt('bf')), 'https://ui-avatars.com/api/?name=yuliana66&background=random', 'Gorontalo', 'Eritrea');
INSERT INTO USERS (USER_ID, USERNAME, USER_EMAIL, PW_HASH, USER_PFP, REGION, COUNTRY) VALUES (38, 'uharyanti', 'uharyanti_38@example.com', crypt('Gr8ILlw49(R9', gen_salt('bf')), 'https://ui-avatars.com/api/?name=uharyanti&background=random', 'Cilegon', 'India');
INSERT INTO USERS (USER_ID, USERNAME, USER_EMAIL, PW_HASH, USER_PFP, REGION, COUNTRY) VALUES (39, 'vwaluyo', 'vwaluyo_39@example.com', crypt('0yTusLLP$aDS', gen_salt('bf')), 'https://ui-avatars.com/api/?name=vwaluyo&background=random', 'Mataram', 'Nigeria');
INSERT INTO USERS (USER_ID, USERNAME, USER_EMAIL, PW_HASH, USER_PFP, REGION, COUNTRY) VALUES (40, 'laksmiwatiprabawa', 'laksmiwatiprabawa_40@example.com', crypt('P^1XW3@waXH1', gen_salt('bf')), 'https://ui-avatars.com/api/?name=laksmiwatiprabawa&background=random', 'Sawahlunto', 'Sudan Selatan');
INSERT INTO USERS (USER_ID, USERNAME, USER_EMAIL, PW_HASH, USER_PFP, REGION, COUNTRY) VALUES (41, 'damumangunsong', 'damumangunsong_41@example.com', crypt('tf+l0IvF5KU6', gen_salt('bf')), 'https://ui-avatars.com/api/?name=damumangunsong&background=random', 'Tomohon', 'Grenada');
INSERT INTO USERS (USER_ID, USERNAME, USER_EMAIL, PW_HASH, USER_PFP, REGION, COUNTRY) VALUES (42, 'siregarkala', 'siregarkala_42@example.com', crypt('m1U@ik3E*(4t', gen_salt('bf')), 'https://ui-avatars.com/api/?name=siregarkala&background=random', 'Mataram', 'Trinidad dan Tobago');
INSERT INTO USERS (USER_ID, USERNAME, USER_EMAIL, PW_HASH, USER_PFP, REGION, COUNTRY) VALUES (43, 'arta02', 'arta02_43@example.com', crypt('ob4MrsEH(vQb', gen_salt('bf')), 'https://ui-avatars.com/api/?name=arta02&background=random', 'Balikpapan', 'Swaziland');
INSERT INTO USERS (USER_ID, USERNAME, USER_EMAIL, PW_HASH, USER_PFP, REGION, COUNTRY) VALUES (44, 'santosocapa', 'santosocapa_44@example.com', crypt('*_$8+Ft3(*5O', gen_salt('bf')), 'https://ui-avatars.com/api/?name=santosocapa&background=random', 'Banjar', 'Burkina Faso');
INSERT INTO USERS (USER_ID, USERNAME, USER_EMAIL, PW_HASH, USER_PFP, REGION, COUNTRY) VALUES (45, 'nasyiahdinda', 'nasyiahdinda_45@example.com', crypt('h^eX0Wx7!K89', gen_salt('bf')), 'https://ui-avatars.com/api/?name=nasyiahdinda&background=random', 'Yogyakarta', 'Kepulauan Solomon');
INSERT INTO USERS (USER_ID, USERNAME, USER_EMAIL, PW_HASH, USER_PFP, REGION, COUNTRY) VALUES (46, 'ianprabowo', 'ianprabowo_46@example.com', crypt('s@37Kh+B&aT0', gen_salt('bf')), 'https://ui-avatars.com/api/?name=ianprabowo&background=random', 'Mojokerto', 'Mozambik');
INSERT INTO USERS (USER_ID, USERNAME, USER_EMAIL, PW_HASH, USER_PFP, REGION, COUNTRY) VALUES (47, 'lukita78', 'lukita78_47@example.com', crypt('j9HTh!uF!9WQ', gen_salt('bf')), 'https://ui-avatars.com/api/?name=lukita78&background=random', 'Bau-Bau', 'Uruguay');
INSERT INTO USERS (USER_ID, USERNAME, USER_EMAIL, PW_HASH, USER_PFP, REGION, COUNTRY) VALUES (48, 'damu04', 'damu04_48@example.com', crypt('3j6Hq$^S%yXm', gen_salt('bf')), 'https://ui-avatars.com/api/?name=damu04&background=random', 'Pematangsiantar', 'Gambia');
INSERT INTO USERS (USER_ID, USERNAME, USER_EMAIL, PW_HASH, USER_PFP, REGION, COUNTRY) VALUES (49, 'purwantidadi', 'purwantidadi_49@example.com', crypt('c@v0XMqsc&^+', gen_salt('bf')), 'https://ui-avatars.com/api/?name=purwantidadi&background=random', 'Cirebon', 'Nauru');
INSERT INTO USERS (USER_ID, USERNAME, USER_EMAIL, PW_HASH, USER_PFP, REGION, COUNTRY) VALUES (50, 'wahyudinsimon', 'wahyudinsimon_50@example.com', crypt('!p#hsCFF2pHS', gen_salt('bf')), 'https://ui-avatars.com/api/?name=wahyudinsimon&background=random', 'Bontang', 'Afganistan');
INSERT INTO ARTISTS (ARTIST_ID, ARTIST_NAME, ARTIST_PFP, MONTHLY_LISTENER_COUNT, ARTIST_EMAIL) VALUES (1, 'The Vamps', 'https://i.scdn.co/image/ab6761610000e5eb77ef80571a40d9d19cf52208', 5910636, 'contact.1@label.com') ON CONFLICT DO NOTHING;
INSERT INTO COLLECTIONS (COLLECTION_ID, COLLECTION_TITLE, COLLECTION_TYPE, COLLECTION_RELEASE_DATE, COLLECTION_COVER, ISPRERELEASE) VALUES (1, 'Night & Day (Night Edition)', 'Album', '2017-07-14', 'https://i.scdn.co/image/ab67616d0000b273f36a4e2e1687e678f29328cb', FALSE) ON CONFLICT DO NOTHING;
INSERT INTO RELEASES (ARTIST_ID, COLLECTION_ID) VALUES (1, 1) ON CONFLICT DO NOTHING;
INSERT INTO SONGS (SONG_ID, SONG_TITLE, SONG_DURATION, SONG_FILE, POPULARITY, VALENCE, ACCOUSTICNESS, DANCEABILITY, ENERGY, SONG_RELEASE_DATE) 
                      VALUES (1, 'Middle Of The Night', 174, '/stream/audio_default.mp3', 57, 0.93, 0.326, 0.204, 0.635, '2017-07-14') ON CONFLICT DO NOTHING;
INSERT INTO COLLECTIONS_SONGS (COLLECTION_ID, SONG_ID, NOMOR_DISC, NOMOR_TRACK) VALUES (1, 1, 1, 1) ON CONFLICT DO NOTHING;
INSERT INTO CREATE_SONGS (ARTIST_ID, SONG_ID) VALUES (1, 1) ON CONFLICT DO NOTHING;
INSERT INTO SONGS (SONG_ID, SONG_TITLE, SONG_DURATION, SONG_FILE, POPULARITY, VALENCE, ACCOUSTICNESS, DANCEABILITY, ENERGY, SONG_RELEASE_DATE) 
                      VALUES (2, 'All Night', 197, '/stream/audio_default.mp3', 72, 0.484, 0.337, 0.155, 0.473, '2017-07-14') ON CONFLICT DO NOTHING;
INSERT INTO COLLECTIONS_SONGS (COLLECTION_ID, SONG_ID, NOMOR_DISC, NOMOR_TRACK) VALUES (1, 2, 1, 2) ON CONFLICT DO NOTHING;
INSERT INTO CREATE_SONGS (ARTIST_ID, SONG_ID) VALUES (1, 2) ON CONFLICT DO NOTHING;
INSERT INTO SONGS (SONG_ID, SONG_TITLE, SONG_DURATION, SONG_FILE, POPULARITY, VALENCE, ACCOUSTICNESS, DANCEABILITY, ENERGY, SONG_RELEASE_DATE) 
                      VALUES (3, 'Hands', 167, '/stream/audio_default.mp3', 34, 0.166, 0.275, 0.988, 0.403, '2017-07-14') ON CONFLICT DO NOTHING;
INSERT INTO COLLECTIONS_SONGS (COLLECTION_ID, SONG_ID, NOMOR_DISC, NOMOR_TRACK) VALUES (1, 3, 1, 3) ON CONFLICT DO NOTHING;
INSERT INTO CREATE_SONGS (ARTIST_ID, SONG_ID) VALUES (1, 3) ON CONFLICT DO NOTHING;
INSERT INTO SONGS (SONG_ID, SONG_TITLE, SONG_DURATION, SONG_FILE, POPULARITY, VALENCE, ACCOUSTICNESS, DANCEABILITY, ENERGY, SONG_RELEASE_DATE) 
                      VALUES (4, 'Same To You', 214, '/stream/audio_default.mp3', 82, 0.074, 0.483, 0.062, 0.386, '2017-07-14') ON CONFLICT DO NOTHING;
INSERT INTO COLLECTIONS_SONGS (COLLECTION_ID, SONG_ID, NOMOR_DISC, NOMOR_TRACK) VALUES (1, 4, 1, 4) ON CONFLICT DO NOTHING;
INSERT INTO CREATE_SONGS (ARTIST_ID, SONG_ID) VALUES (1, 4) ON CONFLICT DO NOTHING;
INSERT INTO SONGS (SONG_ID, SONG_TITLE, SONG_DURATION, SONG_FILE, POPULARITY, VALENCE, ACCOUSTICNESS, DANCEABILITY, ENERGY, SONG_RELEASE_DATE) 
                      VALUES (5, 'Paper Hearts', 209, '/stream/audio_default.mp3', 37, 0.775, 0.604, 0.557, 0.204, '2017-07-14') ON CONFLICT DO NOTHING;
INSERT INTO COLLECTIONS_SONGS (COLLECTION_ID, SONG_ID, NOMOR_DISC, NOMOR_TRACK) VALUES (1, 5, 1, 5) ON CONFLICT DO NOTHING;
INSERT INTO CREATE_SONGS (ARTIST_ID, SONG_ID) VALUES (1, 5) ON CONFLICT DO NOTHING;
INSERT INTO SONGS (SONG_ID, SONG_TITLE, SONG_DURATION, SONG_FILE, POPULARITY, VALENCE, ACCOUSTICNESS, DANCEABILITY, ENERGY, SONG_RELEASE_DATE) 
                      VALUES (6, 'Shades On', 186, '/stream/audio_default.mp3', 71, 0.777, 0.951, 0.125, 0.923, '2017-07-14') ON CONFLICT DO NOTHING;
INSERT INTO COLLECTIONS_SONGS (COLLECTION_ID, SONG_ID, NOMOR_DISC, NOMOR_TRACK) VALUES (1, 6, 1, 6) ON CONFLICT DO NOTHING;
INSERT INTO CREATE_SONGS (ARTIST_ID, SONG_ID) VALUES (1, 6) ON CONFLICT DO NOTHING;
INSERT INTO SONGS (SONG_ID, SONG_TITLE, SONG_DURATION, SONG_FILE, POPULARITY, VALENCE, ACCOUSTICNESS, DANCEABILITY, ENERGY, SONG_RELEASE_DATE) 
                      VALUES (7, 'It''s A Lie', 193, '/stream/audio_default.mp3', 73, 0.7, 0.894, 0.265, 0.265, '2017-07-14') ON CONFLICT DO NOTHING;
INSERT INTO COLLECTIONS_SONGS (COLLECTION_ID, SONG_ID, NOMOR_DISC, NOMOR_TRACK) VALUES (1, 7, 1, 7) ON CONFLICT DO NOTHING;
INSERT INTO CREATE_SONGS (ARTIST_ID, SONG_ID) VALUES (1, 7) ON CONFLICT DO NOTHING;
INSERT INTO SONGS (SONG_ID, SONG_TITLE, SONG_DURATION, SONG_FILE, POPULARITY, VALENCE, ACCOUSTICNESS, DANCEABILITY, ENERGY, SONG_RELEASE_DATE) 
                      VALUES (8, 'Stay', 191, '/stream/audio_default.mp3', 35, 0.957, 0.259, 0.747, 0.603, '2017-07-14') ON CONFLICT DO NOTHING;
INSERT INTO COLLECTIONS_SONGS (COLLECTION_ID, SONG_ID, NOMOR_DISC, NOMOR_TRACK) VALUES (1, 8, 1, 8) ON CONFLICT DO NOTHING;
INSERT INTO CREATE_SONGS (ARTIST_ID, SONG_ID) VALUES (1, 8) ON CONFLICT DO NOTHING;
INSERT INTO SONGS (SONG_ID, SONG_TITLE, SONG_DURATION, SONG_FILE, POPULARITY, VALENCE, ACCOUSTICNESS, DANCEABILITY, ENERGY, SONG_RELEASE_DATE) 
                      VALUES (9, 'My Place', 212, '/stream/audio_default.mp3', 87, 0.389, 0.566, 0.93, 0.294, '2017-07-14') ON CONFLICT DO NOTHING;
INSERT INTO COLLECTIONS_SONGS (COLLECTION_ID, SONG_ID, NOMOR_DISC, NOMOR_TRACK) VALUES (1, 9, 1, 9) ON CONFLICT DO NOTHING;
INSERT INTO CREATE_SONGS (ARTIST_ID, SONG_ID) VALUES (1, 9) ON CONFLICT DO NOTHING;
INSERT INTO SONGS (SONG_ID, SONG_TITLE, SONG_DURATION, SONG_FILE, POPULARITY, VALENCE, ACCOUSTICNESS, DANCEABILITY, ENERGY, SONG_RELEASE_DATE) 
                      VALUES (10, 'Sad Song', 198, '/stream/audio_default.mp3', 48, 0.643, 0.95, 0.869, 0.255, '2017-07-14') ON CONFLICT DO NOTHING;
INSERT INTO COLLECTIONS_SONGS (COLLECTION_ID, SONG_ID, NOMOR_DISC, NOMOR_TRACK) VALUES (1, 10, 1, 10) ON CONFLICT DO NOTHING;
INSERT INTO CREATE_SONGS (ARTIST_ID, SONG_ID) VALUES (1, 10) ON CONFLICT DO NOTHING;
INSERT INTO ARTISTS (ARTIST_ID, ARTIST_NAME, ARTIST_PFP, MONTHLY_LISTENER_COUNT, ARTIST_EMAIL) VALUES (2, 'Imagine Dragons', 'https://i.scdn.co/image/ab6761610000e5ebab47d8dae2b24f5afe7f9d38', 58577505, 'contact.2@label.com') ON CONFLICT DO NOTHING;
INSERT INTO COLLECTIONS (COLLECTION_ID, COLLECTION_TITLE, COLLECTION_TYPE, COLLECTION_RELEASE_DATE, COLLECTION_COVER, ISPRERELEASE) VALUES (2, 'Night Visions', 'Album', '2012-09-04', 'https://i.scdn.co/image/ab67616d0000b273407bd04707c463bbb3410737', FALSE) ON CONFLICT DO NOTHING;
INSERT INTO RELEASES (ARTIST_ID, COLLECTION_ID) VALUES (2, 2) ON CONFLICT DO NOTHING;
INSERT INTO SONGS (SONG_ID, SONG_TITLE, SONG_DURATION, SONG_FILE, POPULARITY, VALENCE, ACCOUSTICNESS, DANCEABILITY, ENERGY, SONG_RELEASE_DATE) 
                      VALUES (11, 'Radioactive', 186, '/stream/audio_default.mp3', 16, 0.394, 0.967, 0.216, 0.192, '2012-09-04') ON CONFLICT DO NOTHING;
INSERT INTO COLLECTIONS_SONGS (COLLECTION_ID, SONG_ID, NOMOR_DISC, NOMOR_TRACK) VALUES (2, 11, 1, 1) ON CONFLICT DO NOTHING;
INSERT INTO CREATE_SONGS (ARTIST_ID, SONG_ID) VALUES (2, 11) ON CONFLICT DO NOTHING;
INSERT INTO SONGS (SONG_ID, SONG_TITLE, SONG_DURATION, SONG_FILE, POPULARITY, VALENCE, ACCOUSTICNESS, DANCEABILITY, ENERGY, SONG_RELEASE_DATE) 
                      VALUES (12, 'Tiptoe', 194, '/stream/audio_default.mp3', 33, 0.948, 0.162, 0.179, 0.718, '2012-09-04') ON CONFLICT DO NOTHING;
INSERT INTO COLLECTIONS_SONGS (COLLECTION_ID, SONG_ID, NOMOR_DISC, NOMOR_TRACK) VALUES (2, 12, 1, 2) ON CONFLICT DO NOTHING;
INSERT INTO CREATE_SONGS (ARTIST_ID, SONG_ID) VALUES (2, 12) ON CONFLICT DO NOTHING;
INSERT INTO SONGS (SONG_ID, SONG_TITLE, SONG_DURATION, SONG_FILE, POPULARITY, VALENCE, ACCOUSTICNESS, DANCEABILITY, ENERGY, SONG_RELEASE_DATE) 
                      VALUES (13, 'It''s Time', 240, '/stream/audio_default.mp3', 35, 0.937, 0.257, 0.443, 0.76, '2012-09-04') ON CONFLICT DO NOTHING;
INSERT INTO COLLECTIONS_SONGS (COLLECTION_ID, SONG_ID, NOMOR_DISC, NOMOR_TRACK) VALUES (2, 13, 1, 3) ON CONFLICT DO NOTHING;
INSERT INTO CREATE_SONGS (ARTIST_ID, SONG_ID) VALUES (2, 13) ON CONFLICT DO NOTHING;
INSERT INTO SONGS (SONG_ID, SONG_TITLE, SONG_DURATION, SONG_FILE, POPULARITY, VALENCE, ACCOUSTICNESS, DANCEABILITY, ENERGY, SONG_RELEASE_DATE) 
                      VALUES (14, 'Demons', 177, '/stream/audio_default.mp3', 75, 0.828, 0.272, 0.705, 0.885, '2012-09-04') ON CONFLICT DO NOTHING;
INSERT INTO COLLECTIONS_SONGS (COLLECTION_ID, SONG_ID, NOMOR_DISC, NOMOR_TRACK) VALUES (2, 14, 1, 4) ON CONFLICT DO NOTHING;
INSERT INTO CREATE_SONGS (ARTIST_ID, SONG_ID) VALUES (2, 14) ON CONFLICT DO NOTHING;
INSERT INTO SONGS (SONG_ID, SONG_TITLE, SONG_DURATION, SONG_FILE, POPULARITY, VALENCE, ACCOUSTICNESS, DANCEABILITY, ENERGY, SONG_RELEASE_DATE) 
                      VALUES (15, 'On Top Of The World', 192, '/stream/audio_default.mp3', 26, 0.117, 0.269, 0.839, 0.354, '2012-09-04') ON CONFLICT DO NOTHING;
INSERT INTO COLLECTIONS_SONGS (COLLECTION_ID, SONG_ID, NOMOR_DISC, NOMOR_TRACK) VALUES (2, 15, 1, 5) ON CONFLICT DO NOTHING;
INSERT INTO CREATE_SONGS (ARTIST_ID, SONG_ID) VALUES (2, 15) ON CONFLICT DO NOTHING;
INSERT INTO SONGS (SONG_ID, SONG_TITLE, SONG_DURATION, SONG_FILE, POPULARITY, VALENCE, ACCOUSTICNESS, DANCEABILITY, ENERGY, SONG_RELEASE_DATE) 
                      VALUES (16, 'Amsterdam', 241, '/stream/audio_default.mp3', 14, 0.454, 0.009, 0.446, 0.679, '2012-09-04') ON CONFLICT DO NOTHING;
INSERT INTO COLLECTIONS_SONGS (COLLECTION_ID, SONG_ID, NOMOR_DISC, NOMOR_TRACK) VALUES (2, 16, 1, 6) ON CONFLICT DO NOTHING;
INSERT INTO CREATE_SONGS (ARTIST_ID, SONG_ID) VALUES (2, 16) ON CONFLICT DO NOTHING;
INSERT INTO SONGS (SONG_ID, SONG_TITLE, SONG_DURATION, SONG_FILE, POPULARITY, VALENCE, ACCOUSTICNESS, DANCEABILITY, ENERGY, SONG_RELEASE_DATE) 
                      VALUES (17, 'Hear Me', 235, '/stream/audio_default.mp3', 18, 0.89, 0.484, 0.191, 0.146, '2012-09-04') ON CONFLICT DO NOTHING;
INSERT INTO COLLECTIONS_SONGS (COLLECTION_ID, SONG_ID, NOMOR_DISC, NOMOR_TRACK) VALUES (2, 17, 1, 7) ON CONFLICT DO NOTHING;
INSERT INTO CREATE_SONGS (ARTIST_ID, SONG_ID) VALUES (2, 17) ON CONFLICT DO NOTHING;
INSERT INTO SONGS (SONG_ID, SONG_TITLE, SONG_DURATION, SONG_FILE, POPULARITY, VALENCE, ACCOUSTICNESS, DANCEABILITY, ENERGY, SONG_RELEASE_DATE) 
                      VALUES (18, 'Every Night', 217, '/stream/audio_default.mp3', 65, 0.665, 0.609, 0.551, 0.107, '2012-09-04') ON CONFLICT DO NOTHING;
INSERT INTO COLLECTIONS_SONGS (COLLECTION_ID, SONG_ID, NOMOR_DISC, NOMOR_TRACK) VALUES (2, 18, 1, 8) ON CONFLICT DO NOTHING;
INSERT INTO CREATE_SONGS (ARTIST_ID, SONG_ID) VALUES (2, 18) ON CONFLICT DO NOTHING;
INSERT INTO SONGS (SONG_ID, SONG_TITLE, SONG_DURATION, SONG_FILE, POPULARITY, VALENCE, ACCOUSTICNESS, DANCEABILITY, ENERGY, SONG_RELEASE_DATE) 
                      VALUES (19, 'Bleeding Out', 223, '/stream/audio_default.mp3', 58, 0.535, 0.37, 0.415, 0.516, '2012-09-04') ON CONFLICT DO NOTHING;
INSERT INTO COLLECTIONS_SONGS (COLLECTION_ID, SONG_ID, NOMOR_DISC, NOMOR_TRACK) VALUES (2, 19, 1, 9) ON CONFLICT DO NOTHING;
INSERT INTO CREATE_SONGS (ARTIST_ID, SONG_ID) VALUES (2, 19) ON CONFLICT DO NOTHING;
INSERT INTO SONGS (SONG_ID, SONG_TITLE, SONG_DURATION, SONG_FILE, POPULARITY, VALENCE, ACCOUSTICNESS, DANCEABILITY, ENERGY, SONG_RELEASE_DATE) 
                      VALUES (20, 'Underdog', 209, '/stream/audio_default.mp3', 87, 0.412, 0.874, 0.037, 0.657, '2012-09-04') ON CONFLICT DO NOTHING;
INSERT INTO COLLECTIONS_SONGS (COLLECTION_ID, SONG_ID, NOMOR_DISC, NOMOR_TRACK) VALUES (2, 20, 1, 10) ON CONFLICT DO NOTHING;
INSERT INTO CREATE_SONGS (ARTIST_ID, SONG_ID) VALUES (2, 20) ON CONFLICT DO NOTHING;
INSERT INTO SONGS (SONG_ID, SONG_TITLE, SONG_DURATION, SONG_FILE, POPULARITY, VALENCE, ACCOUSTICNESS, DANCEABILITY, ENERGY, SONG_RELEASE_DATE) 
                      VALUES (21, 'Nothing Left To Say / Rocks - Medley', 537, '/stream/audio_default.mp3', 33, 0.89, 0.777, 0.922, 0.049, '2012-09-04') ON CONFLICT DO NOTHING;
INSERT INTO COLLECTIONS_SONGS (COLLECTION_ID, SONG_ID, NOMOR_DISC, NOMOR_TRACK) VALUES (2, 21, 1, 11) ON CONFLICT DO NOTHING;
INSERT INTO CREATE_SONGS (ARTIST_ID, SONG_ID) VALUES (2, 21) ON CONFLICT DO NOTHING;
INSERT INTO SONGS (SONG_ID, SONG_TITLE, SONG_DURATION, SONG_FILE, POPULARITY, VALENCE, ACCOUSTICNESS, DANCEABILITY, ENERGY, SONG_RELEASE_DATE) 
                      VALUES (22, 'Cha-Ching (Till We Grow Older)', 249, '/stream/audio_default.mp3', 72, 0.215, 0.767, 0.029, 0.322, '2012-09-04') ON CONFLICT DO NOTHING;
INSERT INTO COLLECTIONS_SONGS (COLLECTION_ID, SONG_ID, NOMOR_DISC, NOMOR_TRACK) VALUES (2, 22, 1, 12) ON CONFLICT DO NOTHING;
INSERT INTO CREATE_SONGS (ARTIST_ID, SONG_ID) VALUES (2, 22) ON CONFLICT DO NOTHING;
INSERT INTO SONGS (SONG_ID, SONG_TITLE, SONG_DURATION, SONG_FILE, POPULARITY, VALENCE, ACCOUSTICNESS, DANCEABILITY, ENERGY, SONG_RELEASE_DATE) 
                      VALUES (23, 'Working Man', 233, '/stream/audio_default.mp3', 25, 0.676, 0.925, 0.911, 0.336, '2012-09-04') ON CONFLICT DO NOTHING;
INSERT INTO COLLECTIONS_SONGS (COLLECTION_ID, SONG_ID, NOMOR_DISC, NOMOR_TRACK) VALUES (2, 23, 1, 13) ON CONFLICT DO NOTHING;
INSERT INTO CREATE_SONGS (ARTIST_ID, SONG_ID) VALUES (2, 23) ON CONFLICT DO NOTHING;
INSERT INTO SONGS (SONG_ID, SONG_TITLE, SONG_DURATION, SONG_FILE, POPULARITY, VALENCE, ACCOUSTICNESS, DANCEABILITY, ENERGY, SONG_RELEASE_DATE) 
                      VALUES (24, 'Tokyo', 195, '/stream/audio_default.mp3', 13, 0.955, 0.28, 0.768, 0.539, '2012-09-04') ON CONFLICT DO NOTHING;
INSERT INTO COLLECTIONS_SONGS (COLLECTION_ID, SONG_ID, NOMOR_DISC, NOMOR_TRACK) VALUES (2, 24, 1, 14) ON CONFLICT DO NOTHING;
INSERT INTO CREATE_SONGS (ARTIST_ID, SONG_ID) VALUES (2, 24) ON CONFLICT DO NOTHING;
INSERT INTO ARTISTS (ARTIST_ID, ARTIST_NAME, ARTIST_PFP, MONTHLY_LISTENER_COUNT, ARTIST_EMAIL) VALUES (3, 'timelesz', 'https://i.scdn.co/image/ab6761610000e5eb96ced60136db8d7532310a03', 207274, 'contact.3@label.com') ON CONFLICT DO NOTHING;
INSERT INTO GENRES (GENRE_ID, GENRE_NAME) VALUES (1, 'j-pop') ON CONFLICT DO NOTHING;
INSERT INTO COLLECTIONS (COLLECTION_ID, COLLECTION_TITLE, COLLECTION_TYPE, COLLECTION_RELEASE_DATE, COLLECTION_COVER, ISPRERELEASE) VALUES (3, 'HANABI 〜 in the late summer night', 'Album', '2025-11-29', 'https://i.scdn.co/image/ab67616d0000b273e248f4188e51dada32eac5a2', FALSE) ON CONFLICT DO NOTHING;
INSERT INTO RELEASES (ARTIST_ID, COLLECTION_ID) VALUES (3, 3) ON CONFLICT DO NOTHING;
INSERT INTO SONGS (SONG_ID, SONG_TITLE, SONG_DURATION, SONG_FILE, POPULARITY, VALENCE, ACCOUSTICNESS, DANCEABILITY, ENERGY, SONG_RELEASE_DATE) 
                      VALUES (25, 'Rock this Party', 226, '/stream/audio_default.mp3', 57, 0.929, 0.229, 0.782, 0.69, '2025-11-29') ON CONFLICT DO NOTHING;
INSERT INTO COLLECTIONS_SONGS (COLLECTION_ID, SONG_ID, NOMOR_DISC, NOMOR_TRACK) VALUES (3, 25, 1, 1) ON CONFLICT DO NOTHING;
INSERT INTO CREATE_SONGS (ARTIST_ID, SONG_ID) VALUES (3, 25) ON CONFLICT DO NOTHING;
INSERT INTO SONGS_GENRES (SONG_ID, GENRE_ID) VALUES (25, 1) ON CONFLICT DO NOTHING;
INSERT INTO SONGS (SONG_ID, SONG_TITLE, SONG_DURATION, SONG_FILE, POPULARITY, VALENCE, ACCOUSTICNESS, DANCEABILITY, ENERGY, SONG_RELEASE_DATE) 
                      VALUES (26, 'Popcoooooooorn!', 170, '/stream/audio_default.mp3', 26, 0.334, 0.584, 0.59, 0.356, '2025-11-29') ON CONFLICT DO NOTHING;
INSERT INTO COLLECTIONS_SONGS (COLLECTION_ID, SONG_ID, NOMOR_DISC, NOMOR_TRACK) VALUES (3, 26, 1, 2) ON CONFLICT DO NOTHING;
INSERT INTO CREATE_SONGS (ARTIST_ID, SONG_ID) VALUES (3, 26) ON CONFLICT DO NOTHING;
INSERT INTO SONGS_GENRES (SONG_ID, GENRE_ID) VALUES (26, 1) ON CONFLICT DO NOTHING;
INSERT INTO SONGS (SONG_ID, SONG_TITLE, SONG_DURATION, SONG_FILE, POPULARITY, VALENCE, ACCOUSTICNESS, DANCEABILITY, ENERGY, SONG_RELEASE_DATE) 
                      VALUES (27, 'HONEY ALMOND', 183, '/stream/audio_default.mp3', 47, 0.469, 0.361, 0.847, 0.16, '2025-11-29') ON CONFLICT DO NOTHING;
INSERT INTO COLLECTIONS_SONGS (COLLECTION_ID, SONG_ID, NOMOR_DISC, NOMOR_TRACK) VALUES (3, 27, 1, 3) ON CONFLICT DO NOTHING;
INSERT INTO CREATE_SONGS (ARTIST_ID, SONG_ID) VALUES (3, 27) ON CONFLICT DO NOTHING;
INSERT INTO SONGS_GENRES (SONG_ID, GENRE_ID) VALUES (27, 1) ON CONFLICT DO NOTHING;
INSERT INTO SONGS (SONG_ID, SONG_TITLE, SONG_DURATION, SONG_FILE, POPULARITY, VALENCE, ACCOUSTICNESS, DANCEABILITY, ENERGY, SONG_RELEASE_DATE) 
                      VALUES (28, 'Summer Ride', 257, '/stream/audio_default.mp3', 57, 0.837, 0.789, 0.846, 0.147, '2025-11-29') ON CONFLICT DO NOTHING;
INSERT INTO COLLECTIONS_SONGS (COLLECTION_ID, SONG_ID, NOMOR_DISC, NOMOR_TRACK) VALUES (3, 28, 1, 4) ON CONFLICT DO NOTHING;
INSERT INTO CREATE_SONGS (ARTIST_ID, SONG_ID) VALUES (3, 28) ON CONFLICT DO NOTHING;
INSERT INTO SONGS_GENRES (SONG_ID, GENRE_ID) VALUES (28, 1) ON CONFLICT DO NOTHING;
INSERT INTO SONGS (SONG_ID, SONG_TITLE, SONG_DURATION, SONG_FILE, POPULARITY, VALENCE, ACCOUSTICNESS, DANCEABILITY, ENERGY, SONG_RELEASE_DATE) 
                      VALUES (29, '冬が来たよ', 298, '/stream/audio_default.mp3', 25, 0.795, 0.596, 0.488, 0.79, '2025-11-29') ON CONFLICT DO NOTHING;
INSERT INTO COLLECTIONS_SONGS (COLLECTION_ID, SONG_ID, NOMOR_DISC, NOMOR_TRACK) VALUES (3, 29, 1, 5) ON CONFLICT DO NOTHING;
INSERT INTO CREATE_SONGS (ARTIST_ID, SONG_ID) VALUES (3, 29) ON CONFLICT DO NOTHING;
INSERT INTO SONGS_GENRES (SONG_ID, GENRE_ID) VALUES (29, 1) ON CONFLICT DO NOTHING;
INSERT INTO SONGS (SONG_ID, SONG_TITLE, SONG_DURATION, SONG_FILE, POPULARITY, VALENCE, ACCOUSTICNESS, DANCEABILITY, ENERGY, SONG_RELEASE_DATE) 
                      VALUES (30, 'ワンアンドオンリー', 217, '/stream/audio_default.mp3', 74, 0.165, 0.183, 0.7, 0.896, '2025-11-29') ON CONFLICT DO NOTHING;
INSERT INTO COLLECTIONS_SONGS (COLLECTION_ID, SONG_ID, NOMOR_DISC, NOMOR_TRACK) VALUES (3, 30, 1, 6) ON CONFLICT DO NOTHING;
INSERT INTO CREATE_SONGS (ARTIST_ID, SONG_ID) VALUES (3, 30) ON CONFLICT DO NOTHING;
INSERT INTO SONGS_GENRES (SONG_ID, GENRE_ID) VALUES (30, 1) ON CONFLICT DO NOTHING;
INSERT INTO SONGS (SONG_ID, SONG_TITLE, SONG_DURATION, SONG_FILE, POPULARITY, VALENCE, ACCOUSTICNESS, DANCEABILITY, ENERGY, SONG_RELEASE_DATE) 
                      VALUES (31, 'Anthem -episode 1-', 198, '/stream/audio_default.mp3', 22, 0.659, 0.607, 0.39, 0.987, '2025-11-29') ON CONFLICT DO NOTHING;
INSERT INTO COLLECTIONS_SONGS (COLLECTION_ID, SONG_ID, NOMOR_DISC, NOMOR_TRACK) VALUES (3, 31, 1, 7) ON CONFLICT DO NOTHING;
INSERT INTO CREATE_SONGS (ARTIST_ID, SONG_ID) VALUES (3, 31) ON CONFLICT DO NOTHING;
INSERT INTO SONGS_GENRES (SONG_ID, GENRE_ID) VALUES (31, 1) ON CONFLICT DO NOTHING;
INSERT INTO SONGS (SONG_ID, SONG_TITLE, SONG_DURATION, SONG_FILE, POPULARITY, VALENCE, ACCOUSTICNESS, DANCEABILITY, ENERGY, SONG_RELEASE_DATE) 
                      VALUES (32, 'RUN - timelesz edition', 235, '/stream/audio_default.mp3', 49, 0.777, 0.126, 0.699, 0.725, '2025-11-29') ON CONFLICT DO NOTHING;
INSERT INTO COLLECTIONS_SONGS (COLLECTION_ID, SONG_ID, NOMOR_DISC, NOMOR_TRACK) VALUES (3, 32, 1, 8) ON CONFLICT DO NOTHING;
INSERT INTO CREATE_SONGS (ARTIST_ID, SONG_ID) VALUES (3, 32) ON CONFLICT DO NOTHING;
INSERT INTO SONGS_GENRES (SONG_ID, GENRE_ID) VALUES (32, 1) ON CONFLICT DO NOTHING;
INSERT INTO SONGS (SONG_ID, SONG_TITLE, SONG_DURATION, SONG_FILE, POPULARITY, VALENCE, ACCOUSTICNESS, DANCEABILITY, ENERGY, SONG_RELEASE_DATE) 
                      VALUES (33, 'Baby What’s Your Name?', 204, '/stream/audio_default.mp3', 23, 0.488, 0.294, 0.256, 0.82, '2025-11-29') ON CONFLICT DO NOTHING;
INSERT INTO COLLECTIONS_SONGS (COLLECTION_ID, SONG_ID, NOMOR_DISC, NOMOR_TRACK) VALUES (3, 33, 1, 9) ON CONFLICT DO NOTHING;
INSERT INTO CREATE_SONGS (ARTIST_ID, SONG_ID) VALUES (3, 33) ON CONFLICT DO NOTHING;
INSERT INTO SONGS_GENRES (SONG_ID, GENRE_ID) VALUES (33, 1) ON CONFLICT DO NOTHING;
INSERT INTO SONGS (SONG_ID, SONG_TITLE, SONG_DURATION, SONG_FILE, POPULARITY, VALENCE, ACCOUSTICNESS, DANCEABILITY, ENERGY, SONG_RELEASE_DATE) 
                      VALUES (34, 'ぎゅっと - timelesz edition', 221, '/stream/audio_default.mp3', 43, 0.221, 0.917, 0.946, 0.335, '2025-11-29') ON CONFLICT DO NOTHING;
INSERT INTO COLLECTIONS_SONGS (COLLECTION_ID, SONG_ID, NOMOR_DISC, NOMOR_TRACK) VALUES (3, 34, 1, 10) ON CONFLICT DO NOTHING;
INSERT INTO CREATE_SONGS (ARTIST_ID, SONG_ID) VALUES (3, 34) ON CONFLICT DO NOTHING;
INSERT INTO SONGS_GENRES (SONG_ID, GENRE_ID) VALUES (34, 1) ON CONFLICT DO NOTHING;
INSERT INTO SONGS (SONG_ID, SONG_TITLE, SONG_DURATION, SONG_FILE, POPULARITY, VALENCE, ACCOUSTICNESS, DANCEABILITY, ENERGY, SONG_RELEASE_DATE) 
                      VALUES (35, 'timeless', 274, '/stream/audio_default.mp3', 21, 0.108, 0.125, 0.39, 0.516, '2025-11-29') ON CONFLICT DO NOTHING;
INSERT INTO COLLECTIONS_SONGS (COLLECTION_ID, SONG_ID, NOMOR_DISC, NOMOR_TRACK) VALUES (3, 35, 1, 11) ON CONFLICT DO NOTHING;
INSERT INTO CREATE_SONGS (ARTIST_ID, SONG_ID) VALUES (3, 35) ON CONFLICT DO NOTHING;
INSERT INTO SONGS_GENRES (SONG_ID, GENRE_ID) VALUES (35, 1) ON CONFLICT DO NOTHING;
INSERT INTO SONGS (SONG_ID, SONG_TITLE, SONG_DURATION, SONG_FILE, POPULARITY, VALENCE, ACCOUSTICNESS, DANCEABILITY, ENERGY, SONG_RELEASE_DATE) 
                      VALUES (36, '手をたたけ愛ならせ', 245, '/stream/audio_default.mp3', 39, 0.469, 0.003, 0.39, 0.386, '2025-11-29') ON CONFLICT DO NOTHING;
INSERT INTO COLLECTIONS_SONGS (COLLECTION_ID, SONG_ID, NOMOR_DISC, NOMOR_TRACK) VALUES (3, 36, 1, 12) ON CONFLICT DO NOTHING;
INSERT INTO CREATE_SONGS (ARTIST_ID, SONG_ID) VALUES (3, 36) ON CONFLICT DO NOTHING;
INSERT INTO SONGS_GENRES (SONG_ID, GENRE_ID) VALUES (36, 1) ON CONFLICT DO NOTHING;
INSERT INTO ARTISTS (ARTIST_ID, ARTIST_NAME, ARTIST_PFP, MONTHLY_LISTENER_COUNT, ARTIST_EMAIL) VALUES (4, 'One Direction', 'https://i.scdn.co/image/5bb443424a1ad71603c43d67f5af1a04da6bb3c8', 40396557, 'contact.4@label.com') ON CONFLICT DO NOTHING;
INSERT INTO COLLECTIONS (COLLECTION_ID, COLLECTION_TITLE, COLLECTION_TYPE, COLLECTION_RELEASE_DATE, COLLECTION_COVER, ISPRERELEASE) VALUES (4, 'Up All Night', 'Album', '2012-05-25', 'https://i.scdn.co/image/ab67616d0000b2734a5584795dc73860653a9a3e', FALSE) ON CONFLICT DO NOTHING;
INSERT INTO RELEASES (ARTIST_ID, COLLECTION_ID) VALUES (4, 4) ON CONFLICT DO NOTHING;
INSERT INTO SONGS (SONG_ID, SONG_TITLE, SONG_DURATION, SONG_FILE, POPULARITY, VALENCE, ACCOUSTICNESS, DANCEABILITY, ENERGY, SONG_RELEASE_DATE) 
                      VALUES (37, 'What Makes You Beautiful', 199, '/stream/audio_default.mp3', 14, 0.256, 0.871, 0.586, 0.501, '2012-05-25') ON CONFLICT DO NOTHING;
INSERT INTO COLLECTIONS_SONGS (COLLECTION_ID, SONG_ID, NOMOR_DISC, NOMOR_TRACK) VALUES (4, 37, 1, 1) ON CONFLICT DO NOTHING;
INSERT INTO CREATE_SONGS (ARTIST_ID, SONG_ID) VALUES (4, 37) ON CONFLICT DO NOTHING;
INSERT INTO SONGS_GENRES (SONG_ID, GENRE_ID) VALUES (37, 1) ON CONFLICT DO NOTHING;
INSERT INTO SONGS (SONG_ID, SONG_TITLE, SONG_DURATION, SONG_FILE, POPULARITY, VALENCE, ACCOUSTICNESS, DANCEABILITY, ENERGY, SONG_RELEASE_DATE) 
                      VALUES (38, 'Gotta Be You', 244, '/stream/audio_default.mp3', 47, 0.865, 0.803, 0.018, 0.807, '2012-05-25') ON CONFLICT DO NOTHING;
INSERT INTO COLLECTIONS_SONGS (COLLECTION_ID, SONG_ID, NOMOR_DISC, NOMOR_TRACK) VALUES (4, 38, 1, 2) ON CONFLICT DO NOTHING;
INSERT INTO CREATE_SONGS (ARTIST_ID, SONG_ID) VALUES (4, 38) ON CONFLICT DO NOTHING;
INSERT INTO SONGS_GENRES (SONG_ID, GENRE_ID) VALUES (38, 1) ON CONFLICT DO NOTHING;
INSERT INTO SONGS (SONG_ID, SONG_TITLE, SONG_DURATION, SONG_FILE, POPULARITY, VALENCE, ACCOUSTICNESS, DANCEABILITY, ENERGY, SONG_RELEASE_DATE) 
                      VALUES (39, 'One Thing', 197, '/stream/audio_default.mp3', 44, 0.596, 0.644, 0.752, 0.149, '2012-05-25') ON CONFLICT DO NOTHING;
INSERT INTO COLLECTIONS_SONGS (COLLECTION_ID, SONG_ID, NOMOR_DISC, NOMOR_TRACK) VALUES (4, 39, 1, 3) ON CONFLICT DO NOTHING;
INSERT INTO CREATE_SONGS (ARTIST_ID, SONG_ID) VALUES (4, 39) ON CONFLICT DO NOTHING;
INSERT INTO SONGS_GENRES (SONG_ID, GENRE_ID) VALUES (39, 1) ON CONFLICT DO NOTHING;
INSERT INTO SONGS (SONG_ID, SONG_TITLE, SONG_DURATION, SONG_FILE, POPULARITY, VALENCE, ACCOUSTICNESS, DANCEABILITY, ENERGY, SONG_RELEASE_DATE) 
                      VALUES (40, 'More Than This', 229, '/stream/audio_default.mp3', 79, 0.337, 0.046, 0.301, 0.706, '2012-05-25') ON CONFLICT DO NOTHING;
INSERT INTO COLLECTIONS_SONGS (COLLECTION_ID, SONG_ID, NOMOR_DISC, NOMOR_TRACK) VALUES (4, 40, 1, 4) ON CONFLICT DO NOTHING;
INSERT INTO CREATE_SONGS (ARTIST_ID, SONG_ID) VALUES (4, 40) ON CONFLICT DO NOTHING;
INSERT INTO SONGS_GENRES (SONG_ID, GENRE_ID) VALUES (40, 1) ON CONFLICT DO NOTHING;
INSERT INTO SONGS (SONG_ID, SONG_TITLE, SONG_DURATION, SONG_FILE, POPULARITY, VALENCE, ACCOUSTICNESS, DANCEABILITY, ENERGY, SONG_RELEASE_DATE) 
                      VALUES (41, 'Up All Night', 194, '/stream/audio_default.mp3', 73, 0.594, 0.043, 0.146, 0.204, '2012-05-25') ON CONFLICT DO NOTHING;
INSERT INTO COLLECTIONS_SONGS (COLLECTION_ID, SONG_ID, NOMOR_DISC, NOMOR_TRACK) VALUES (4, 41, 1, 5) ON CONFLICT DO NOTHING;
INSERT INTO CREATE_SONGS (ARTIST_ID, SONG_ID) VALUES (4, 41) ON CONFLICT DO NOTHING;
INSERT INTO SONGS_GENRES (SONG_ID, GENRE_ID) VALUES (41, 1) ON CONFLICT DO NOTHING;
INSERT INTO SONGS (SONG_ID, SONG_TITLE, SONG_DURATION, SONG_FILE, POPULARITY, VALENCE, ACCOUSTICNESS, DANCEABILITY, ENERGY, SONG_RELEASE_DATE) 
                      VALUES (42, 'I Wish', 216, '/stream/audio_default.mp3', 26, 0.853, 0.544, 0.728, 0.231, '2012-05-25') ON CONFLICT DO NOTHING;
INSERT INTO COLLECTIONS_SONGS (COLLECTION_ID, SONG_ID, NOMOR_DISC, NOMOR_TRACK) VALUES (4, 42, 1, 6) ON CONFLICT DO NOTHING;
INSERT INTO CREATE_SONGS (ARTIST_ID, SONG_ID) VALUES (4, 42) ON CONFLICT DO NOTHING;
INSERT INTO SONGS_GENRES (SONG_ID, GENRE_ID) VALUES (42, 1) ON CONFLICT DO NOTHING;
INSERT INTO SONGS (SONG_ID, SONG_TITLE, SONG_DURATION, SONG_FILE, POPULARITY, VALENCE, ACCOUSTICNESS, DANCEABILITY, ENERGY, SONG_RELEASE_DATE) 
                      VALUES (43, 'Tell Me a Lie', 198, '/stream/audio_default.mp3', 61, 0.173, 0.732, 0.085, 0.604, '2012-05-25') ON CONFLICT DO NOTHING;
INSERT INTO COLLECTIONS_SONGS (COLLECTION_ID, SONG_ID, NOMOR_DISC, NOMOR_TRACK) VALUES (4, 43, 1, 7) ON CONFLICT DO NOTHING;
INSERT INTO CREATE_SONGS (ARTIST_ID, SONG_ID) VALUES (4, 43) ON CONFLICT DO NOTHING;
INSERT INTO SONGS_GENRES (SONG_ID, GENRE_ID) VALUES (43, 1) ON CONFLICT DO NOTHING;
INSERT INTO SONGS (SONG_ID, SONG_TITLE, SONG_DURATION, SONG_FILE, POPULARITY, VALENCE, ACCOUSTICNESS, DANCEABILITY, ENERGY, SONG_RELEASE_DATE) 
                      VALUES (44, 'Taken', 237, '/stream/audio_default.mp3', 20, 0.789, 0.781, 0.908, 0.95, '2012-05-25') ON CONFLICT DO NOTHING;
INSERT INTO COLLECTIONS_SONGS (COLLECTION_ID, SONG_ID, NOMOR_DISC, NOMOR_TRACK) VALUES (4, 44, 1, 8) ON CONFLICT DO NOTHING;
INSERT INTO CREATE_SONGS (ARTIST_ID, SONG_ID) VALUES (4, 44) ON CONFLICT DO NOTHING;
INSERT INTO SONGS_GENRES (SONG_ID, GENRE_ID) VALUES (44, 1) ON CONFLICT DO NOTHING;
INSERT INTO SONGS (SONG_ID, SONG_TITLE, SONG_DURATION, SONG_FILE, POPULARITY, VALENCE, ACCOUSTICNESS, DANCEABILITY, ENERGY, SONG_RELEASE_DATE) 
                      VALUES (45, 'I Want', 173, '/stream/audio_default.mp3', 14, 0.714, 0.186, 0.086, 0.684, '2012-05-25') ON CONFLICT DO NOTHING;
INSERT INTO COLLECTIONS_SONGS (COLLECTION_ID, SONG_ID, NOMOR_DISC, NOMOR_TRACK) VALUES (4, 45, 1, 9) ON CONFLICT DO NOTHING;
INSERT INTO CREATE_SONGS (ARTIST_ID, SONG_ID) VALUES (4, 45) ON CONFLICT DO NOTHING;
INSERT INTO SONGS_GENRES (SONG_ID, GENRE_ID) VALUES (45, 1) ON CONFLICT DO NOTHING;
INSERT INTO SONGS (SONG_ID, SONG_TITLE, SONG_DURATION, SONG_FILE, POPULARITY, VALENCE, ACCOUSTICNESS, DANCEABILITY, ENERGY, SONG_RELEASE_DATE) 
                      VALUES (46, 'Everything About You', 217, '/stream/audio_default.mp3', 31, 0.011, 0.289, 0.39, 0.303, '2012-05-25') ON CONFLICT DO NOTHING;
INSERT INTO COLLECTIONS_SONGS (COLLECTION_ID, SONG_ID, NOMOR_DISC, NOMOR_TRACK) VALUES (4, 46, 1, 10) ON CONFLICT DO NOTHING;
INSERT INTO CREATE_SONGS (ARTIST_ID, SONG_ID) VALUES (4, 46) ON CONFLICT DO NOTHING;
INSERT INTO SONGS_GENRES (SONG_ID, GENRE_ID) VALUES (46, 1) ON CONFLICT DO NOTHING;
INSERT INTO SONGS (SONG_ID, SONG_TITLE, SONG_DURATION, SONG_FILE, POPULARITY, VALENCE, ACCOUSTICNESS, DANCEABILITY, ENERGY, SONG_RELEASE_DATE) 
                      VALUES (47, 'Same Mistakes', 218, '/stream/audio_default.mp3', 60, 0.925, 0.919, 0.86, 0.561, '2012-05-25') ON CONFLICT DO NOTHING;
INSERT INTO COLLECTIONS_SONGS (COLLECTION_ID, SONG_ID, NOMOR_DISC, NOMOR_TRACK) VALUES (4, 47, 1, 11) ON CONFLICT DO NOTHING;
INSERT INTO CREATE_SONGS (ARTIST_ID, SONG_ID) VALUES (4, 47) ON CONFLICT DO NOTHING;
INSERT INTO SONGS_GENRES (SONG_ID, GENRE_ID) VALUES (47, 1) ON CONFLICT DO NOTHING;
INSERT INTO SONGS (SONG_ID, SONG_TITLE, SONG_DURATION, SONG_FILE, POPULARITY, VALENCE, ACCOUSTICNESS, DANCEABILITY, ENERGY, SONG_RELEASE_DATE) 
                      VALUES (48, 'Save You Tonight', 205, '/stream/audio_default.mp3', 19, 0.696, 0.93, 0.962, 0.551, '2012-05-25') ON CONFLICT DO NOTHING;
INSERT INTO COLLECTIONS_SONGS (COLLECTION_ID, SONG_ID, NOMOR_DISC, NOMOR_TRACK) VALUES (4, 48, 1, 12) ON CONFLICT DO NOTHING;
INSERT INTO CREATE_SONGS (ARTIST_ID, SONG_ID) VALUES (4, 48) ON CONFLICT DO NOTHING;
INSERT INTO SONGS_GENRES (SONG_ID, GENRE_ID) VALUES (48, 1) ON CONFLICT DO NOTHING;
INSERT INTO SONGS (SONG_ID, SONG_TITLE, SONG_DURATION, SONG_FILE, POPULARITY, VALENCE, ACCOUSTICNESS, DANCEABILITY, ENERGY, SONG_RELEASE_DATE) 
                      VALUES (49, 'Stole My Heart', 205, '/stream/audio_default.mp3', 67, 0.361, 0.675, 0.952, 0.673, '2012-05-25') ON CONFLICT DO NOTHING;
INSERT INTO COLLECTIONS_SONGS (COLLECTION_ID, SONG_ID, NOMOR_DISC, NOMOR_TRACK) VALUES (4, 49, 1, 13) ON CONFLICT DO NOTHING;
INSERT INTO CREATE_SONGS (ARTIST_ID, SONG_ID) VALUES (4, 49) ON CONFLICT DO NOTHING;
INSERT INTO SONGS_GENRES (SONG_ID, GENRE_ID) VALUES (49, 1) ON CONFLICT DO NOTHING;
INSERT INTO SONGS (SONG_ID, SONG_TITLE, SONG_DURATION, SONG_FILE, POPULARITY, VALENCE, ACCOUSTICNESS, DANCEABILITY, ENERGY, SONG_RELEASE_DATE) 
                      VALUES (50, 'Stand Up', 175, '/stream/audio_default.mp3', 19, 0.742, 0.246, 0.222, 0.004, '2012-05-25') ON CONFLICT DO NOTHING;
INSERT INTO COLLECTIONS_SONGS (COLLECTION_ID, SONG_ID, NOMOR_DISC, NOMOR_TRACK) VALUES (4, 50, 1, 14) ON CONFLICT DO NOTHING;
INSERT INTO CREATE_SONGS (ARTIST_ID, SONG_ID) VALUES (4, 50) ON CONFLICT DO NOTHING;
INSERT INTO SONGS_GENRES (SONG_ID, GENRE_ID) VALUES (50, 1) ON CONFLICT DO NOTHING;
INSERT INTO SONGS (SONG_ID, SONG_TITLE, SONG_DURATION, SONG_FILE, POPULARITY, VALENCE, ACCOUSTICNESS, DANCEABILITY, ENERGY, SONG_RELEASE_DATE) 
                      VALUES (51, 'Moments', 262, '/stream/audio_default.mp3', 53, 0.614, 0.497, 0.564, 0.951, '2012-05-25') ON CONFLICT DO NOTHING;
INSERT INTO COLLECTIONS_SONGS (COLLECTION_ID, SONG_ID, NOMOR_DISC, NOMOR_TRACK) VALUES (4, 51, 1, 15) ON CONFLICT DO NOTHING;
INSERT INTO CREATE_SONGS (ARTIST_ID, SONG_ID) VALUES (4, 51) ON CONFLICT DO NOTHING;
INSERT INTO SONGS_GENRES (SONG_ID, GENRE_ID) VALUES (51, 1) ON CONFLICT DO NOTHING;
INSERT INTO SONGS (SONG_ID, SONG_TITLE, SONG_DURATION, SONG_FILE, POPULARITY, VALENCE, ACCOUSTICNESS, DANCEABILITY, ENERGY, SONG_RELEASE_DATE) 
                      VALUES (52, 'Another World', 203, '/stream/audio_default.mp3', 51, 0.512, 0.258, 0.513, 0.336, '2012-05-25') ON CONFLICT DO NOTHING;
INSERT INTO COLLECTIONS_SONGS (COLLECTION_ID, SONG_ID, NOMOR_DISC, NOMOR_TRACK) VALUES (4, 52, 1, 16) ON CONFLICT DO NOTHING;
INSERT INTO CREATE_SONGS (ARTIST_ID, SONG_ID) VALUES (4, 52) ON CONFLICT DO NOTHING;
INSERT INTO SONGS_GENRES (SONG_ID, GENRE_ID) VALUES (52, 1) ON CONFLICT DO NOTHING;
INSERT INTO SONGS (SONG_ID, SONG_TITLE, SONG_DURATION, SONG_FILE, POPULARITY, VALENCE, ACCOUSTICNESS, DANCEABILITY, ENERGY, SONG_RELEASE_DATE) 
                      VALUES (53, 'Na Na Na', 185, '/stream/audio_default.mp3', 49, 0.658, 0.741, 0.039, 0.308, '2012-05-25') ON CONFLICT DO NOTHING;
INSERT INTO COLLECTIONS_SONGS (COLLECTION_ID, SONG_ID, NOMOR_DISC, NOMOR_TRACK) VALUES (4, 53, 1, 17) ON CONFLICT DO NOTHING;
INSERT INTO CREATE_SONGS (ARTIST_ID, SONG_ID) VALUES (4, 53) ON CONFLICT DO NOTHING;
INSERT INTO SONGS_GENRES (SONG_ID, GENRE_ID) VALUES (53, 1) ON CONFLICT DO NOTHING;
INSERT INTO SONGS (SONG_ID, SONG_TITLE, SONG_DURATION, SONG_FILE, POPULARITY, VALENCE, ACCOUSTICNESS, DANCEABILITY, ENERGY, SONG_RELEASE_DATE) 
                      VALUES (54, 'I Should Have Kissed You', 215, '/stream/audio_default.mp3', 21, 0.335, 0.907, 0.48, 0.739, '2012-05-25') ON CONFLICT DO NOTHING;
INSERT INTO COLLECTIONS_SONGS (COLLECTION_ID, SONG_ID, NOMOR_DISC, NOMOR_TRACK) VALUES (4, 54, 1, 18) ON CONFLICT DO NOTHING;
INSERT INTO CREATE_SONGS (ARTIST_ID, SONG_ID) VALUES (4, 54) ON CONFLICT DO NOTHING;
INSERT INTO SONGS_GENRES (SONG_ID, GENRE_ID) VALUES (54, 1) ON CONFLICT DO NOTHING;
INSERT INTO ARTISTS (ARTIST_ID, ARTIST_NAME, ARTIST_PFP, MONTHLY_LISTENER_COUNT, ARTIST_EMAIL) VALUES (5, 'Avenged Sevenfold', 'https://i.scdn.co/image/ab6761610000e5eb097658d63473ecb243ed4b1f', 11840882, 'contact.5@label.com') ON CONFLICT DO NOTHING;
INSERT INTO GENRES (GENRE_ID, GENRE_NAME) VALUES (2, 'metal') ON CONFLICT DO NOTHING;
INSERT INTO GENRES (GENRE_ID, GENRE_NAME) VALUES (3, 'alternative metal') ON CONFLICT DO NOTHING;
INSERT INTO COLLECTIONS (COLLECTION_ID, COLLECTION_TITLE, COLLECTION_TYPE, COLLECTION_RELEASE_DATE, COLLECTION_COVER, ISPRERELEASE) VALUES (5, 'Nightmare', 'Album', '2010-07-25', 'https://i.scdn.co/image/ab67616d0000b2738b83ab2ca2c034de5bcaa634', FALSE) ON CONFLICT DO NOTHING;
INSERT INTO RELEASES (ARTIST_ID, COLLECTION_ID) VALUES (5, 5) ON CONFLICT DO NOTHING;
INSERT INTO SONGS (SONG_ID, SONG_TITLE, SONG_DURATION, SONG_FILE, POPULARITY, VALENCE, ACCOUSTICNESS, DANCEABILITY, ENERGY, SONG_RELEASE_DATE) 
                      VALUES (55, 'Nightmare', 374, '/stream/audio_default.mp3', 30, 0.78, 0.507, 0.147, 0.721, '2010-07-25') ON CONFLICT DO NOTHING;
INSERT INTO COLLECTIONS_SONGS (COLLECTION_ID, SONG_ID, NOMOR_DISC, NOMOR_TRACK) VALUES (5, 55, 1, 1) ON CONFLICT DO NOTHING;
INSERT INTO CREATE_SONGS (ARTIST_ID, SONG_ID) VALUES (5, 55) ON CONFLICT DO NOTHING;
INSERT INTO SONGS_GENRES (SONG_ID, GENRE_ID) VALUES (55, 3) ON CONFLICT DO NOTHING;
INSERT INTO SONGS_GENRES (SONG_ID, GENRE_ID) VALUES (55, 2) ON CONFLICT DO NOTHING;
INSERT INTO SONGS (SONG_ID, SONG_TITLE, SONG_DURATION, SONG_FILE, POPULARITY, VALENCE, ACCOUSTICNESS, DANCEABILITY, ENERGY, SONG_RELEASE_DATE) 
                      VALUES (56, 'Welcome to the Family', 245, '/stream/audio_default.mp3', 58, 0.551, 0.596, 0.132, 0.133, '2010-07-25') ON CONFLICT DO NOTHING;
INSERT INTO COLLECTIONS_SONGS (COLLECTION_ID, SONG_ID, NOMOR_DISC, NOMOR_TRACK) VALUES (5, 56, 1, 2) ON CONFLICT DO NOTHING;
INSERT INTO CREATE_SONGS (ARTIST_ID, SONG_ID) VALUES (5, 56) ON CONFLICT DO NOTHING;
INSERT INTO SONGS_GENRES (SONG_ID, GENRE_ID) VALUES (56, 2) ON CONFLICT DO NOTHING;
INSERT INTO SONGS_GENRES (SONG_ID, GENRE_ID) VALUES (56, 3) ON CONFLICT DO NOTHING;
INSERT INTO SONGS (SONG_ID, SONG_TITLE, SONG_DURATION, SONG_FILE, POPULARITY, VALENCE, ACCOUSTICNESS, DANCEABILITY, ENERGY, SONG_RELEASE_DATE) 
                      VALUES (57, 'Danger Line', 328, '/stream/audio_default.mp3', 20, 0.791, 0.411, 0.767, 0.334, '2010-07-25') ON CONFLICT DO NOTHING;
INSERT INTO COLLECTIONS_SONGS (COLLECTION_ID, SONG_ID, NOMOR_DISC, NOMOR_TRACK) VALUES (5, 57, 1, 3) ON CONFLICT DO NOTHING;
INSERT INTO CREATE_SONGS (ARTIST_ID, SONG_ID) VALUES (5, 57) ON CONFLICT DO NOTHING;
INSERT INTO SONGS_GENRES (SONG_ID, GENRE_ID) VALUES (57, 3) ON CONFLICT DO NOTHING;
INSERT INTO SONGS_GENRES (SONG_ID, GENRE_ID) VALUES (57, 2) ON CONFLICT DO NOTHING;
INSERT INTO SONGS (SONG_ID, SONG_TITLE, SONG_DURATION, SONG_FILE, POPULARITY, VALENCE, ACCOUSTICNESS, DANCEABILITY, ENERGY, SONG_RELEASE_DATE) 
                      VALUES (58, 'Buried Alive', 404, '/stream/audio_default.mp3', 15, 0.076, 0.541, 0.432, 0.816, '2010-07-25') ON CONFLICT DO NOTHING;
INSERT INTO COLLECTIONS_SONGS (COLLECTION_ID, SONG_ID, NOMOR_DISC, NOMOR_TRACK) VALUES (5, 58, 1, 4) ON CONFLICT DO NOTHING;
INSERT INTO CREATE_SONGS (ARTIST_ID, SONG_ID) VALUES (5, 58) ON CONFLICT DO NOTHING;
INSERT INTO SONGS_GENRES (SONG_ID, GENRE_ID) VALUES (58, 3) ON CONFLICT DO NOTHING;
INSERT INTO SONGS_GENRES (SONG_ID, GENRE_ID) VALUES (58, 2) ON CONFLICT DO NOTHING;
INSERT INTO SONGS (SONG_ID, SONG_TITLE, SONG_DURATION, SONG_FILE, POPULARITY, VALENCE, ACCOUSTICNESS, DANCEABILITY, ENERGY, SONG_RELEASE_DATE) 
                      VALUES (59, 'Natural Born Killer', 315, '/stream/audio_default.mp3', 85, 0.916, 0.467, 0.202, 0.135, '2010-07-25') ON CONFLICT DO NOTHING;
INSERT INTO COLLECTIONS_SONGS (COLLECTION_ID, SONG_ID, NOMOR_DISC, NOMOR_TRACK) VALUES (5, 59, 1, 5) ON CONFLICT DO NOTHING;
INSERT INTO CREATE_SONGS (ARTIST_ID, SONG_ID) VALUES (5, 59) ON CONFLICT DO NOTHING;
INSERT INTO SONGS_GENRES (SONG_ID, GENRE_ID) VALUES (59, 2) ON CONFLICT DO NOTHING;
INSERT INTO SONGS_GENRES (SONG_ID, GENRE_ID) VALUES (59, 3) ON CONFLICT DO NOTHING;
INSERT INTO SONGS (SONG_ID, SONG_TITLE, SONG_DURATION, SONG_FILE, POPULARITY, VALENCE, ACCOUSTICNESS, DANCEABILITY, ENERGY, SONG_RELEASE_DATE) 
                      VALUES (60, 'So Far Away', 326, '/stream/audio_default.mp3', 33, 0.366, 0.043, 0.18, 0.929, '2010-07-25') ON CONFLICT DO NOTHING;
INSERT INTO COLLECTIONS_SONGS (COLLECTION_ID, SONG_ID, NOMOR_DISC, NOMOR_TRACK) VALUES (5, 60, 1, 6) ON CONFLICT DO NOTHING;
INSERT INTO CREATE_SONGS (ARTIST_ID, SONG_ID) VALUES (5, 60) ON CONFLICT DO NOTHING;
INSERT INTO SONGS_GENRES (SONG_ID, GENRE_ID) VALUES (60, 2) ON CONFLICT DO NOTHING;
INSERT INTO SONGS_GENRES (SONG_ID, GENRE_ID) VALUES (60, 3) ON CONFLICT DO NOTHING;
INSERT INTO SONGS (SONG_ID, SONG_TITLE, SONG_DURATION, SONG_FILE, POPULARITY, VALENCE, ACCOUSTICNESS, DANCEABILITY, ENERGY, SONG_RELEASE_DATE) 
                      VALUES (61, 'God Hates Us', 319, '/stream/audio_default.mp3', 67, 0.554, 0.811, 0.167, 0.433, '2010-07-25') ON CONFLICT DO NOTHING;
INSERT INTO COLLECTIONS_SONGS (COLLECTION_ID, SONG_ID, NOMOR_DISC, NOMOR_TRACK) VALUES (5, 61, 1, 7) ON CONFLICT DO NOTHING;
INSERT INTO CREATE_SONGS (ARTIST_ID, SONG_ID) VALUES (5, 61) ON CONFLICT DO NOTHING;
INSERT INTO SONGS_GENRES (SONG_ID, GENRE_ID) VALUES (61, 3) ON CONFLICT DO NOTHING;
INSERT INTO SONGS_GENRES (SONG_ID, GENRE_ID) VALUES (61, 2) ON CONFLICT DO NOTHING;
INSERT INTO SONGS (SONG_ID, SONG_TITLE, SONG_DURATION, SONG_FILE, POPULARITY, VALENCE, ACCOUSTICNESS, DANCEABILITY, ENERGY, SONG_RELEASE_DATE) 
                      VALUES (62, 'Victim', 449, '/stream/audio_default.mp3', 88, 0.536, 0.772, 0.406, 0.7, '2010-07-25') ON CONFLICT DO NOTHING;
INSERT INTO COLLECTIONS_SONGS (COLLECTION_ID, SONG_ID, NOMOR_DISC, NOMOR_TRACK) VALUES (5, 62, 1, 8) ON CONFLICT DO NOTHING;
INSERT INTO CREATE_SONGS (ARTIST_ID, SONG_ID) VALUES (5, 62) ON CONFLICT DO NOTHING;
INSERT INTO SONGS_GENRES (SONG_ID, GENRE_ID) VALUES (62, 3) ON CONFLICT DO NOTHING;
INSERT INTO SONGS_GENRES (SONG_ID, GENRE_ID) VALUES (62, 2) ON CONFLICT DO NOTHING;
INSERT INTO SONGS (SONG_ID, SONG_TITLE, SONG_DURATION, SONG_FILE, POPULARITY, VALENCE, ACCOUSTICNESS, DANCEABILITY, ENERGY, SONG_RELEASE_DATE) 
                      VALUES (63, 'Tonight the World Dies', 281, '/stream/audio_default.mp3', 34, 0.917, 0.771, 0.714, 0.073, '2010-07-25') ON CONFLICT DO NOTHING;
INSERT INTO COLLECTIONS_SONGS (COLLECTION_ID, SONG_ID, NOMOR_DISC, NOMOR_TRACK) VALUES (5, 63, 1, 9) ON CONFLICT DO NOTHING;
INSERT INTO CREATE_SONGS (ARTIST_ID, SONG_ID) VALUES (5, 63) ON CONFLICT DO NOTHING;
INSERT INTO SONGS_GENRES (SONG_ID, GENRE_ID) VALUES (63, 2) ON CONFLICT DO NOTHING;
INSERT INTO SONGS_GENRES (SONG_ID, GENRE_ID) VALUES (63, 3) ON CONFLICT DO NOTHING;
INSERT INTO SONGS (SONG_ID, SONG_TITLE, SONG_DURATION, SONG_FILE, POPULARITY, VALENCE, ACCOUSTICNESS, DANCEABILITY, ENERGY, SONG_RELEASE_DATE) 
                      VALUES (64, 'Fiction', 307, '/stream/audio_default.mp3', 90, 0.608, 0.917, 0.563, 0.617, '2010-07-25') ON CONFLICT DO NOTHING;
INSERT INTO COLLECTIONS_SONGS (COLLECTION_ID, SONG_ID, NOMOR_DISC, NOMOR_TRACK) VALUES (5, 64, 1, 10) ON CONFLICT DO NOTHING;
INSERT INTO CREATE_SONGS (ARTIST_ID, SONG_ID) VALUES (5, 64) ON CONFLICT DO NOTHING;
INSERT INTO SONGS_GENRES (SONG_ID, GENRE_ID) VALUES (64, 3) ON CONFLICT DO NOTHING;
INSERT INTO SONGS_GENRES (SONG_ID, GENRE_ID) VALUES (64, 2) ON CONFLICT DO NOTHING;
INSERT INTO SONGS (SONG_ID, SONG_TITLE, SONG_DURATION, SONG_FILE, POPULARITY, VALENCE, ACCOUSTICNESS, DANCEABILITY, ENERGY, SONG_RELEASE_DATE) 
                      VALUES (65, 'Save Me', 656, '/stream/audio_default.mp3', 72, 0.84, 0.121, 0.598, 0.625, '2010-07-25') ON CONFLICT DO NOTHING;
INSERT INTO COLLECTIONS_SONGS (COLLECTION_ID, SONG_ID, NOMOR_DISC, NOMOR_TRACK) VALUES (5, 65, 1, 11) ON CONFLICT DO NOTHING;
INSERT INTO CREATE_SONGS (ARTIST_ID, SONG_ID) VALUES (5, 65) ON CONFLICT DO NOTHING;
INSERT INTO SONGS_GENRES (SONG_ID, GENRE_ID) VALUES (65, 2) ON CONFLICT DO NOTHING;
INSERT INTO SONGS_GENRES (SONG_ID, GENRE_ID) VALUES (65, 3) ON CONFLICT DO NOTHING;
INSERT INTO ARTISTS (ARTIST_ID, ARTIST_NAME, ARTIST_PFP, MONTHLY_LISTENER_COUNT, ARTIST_EMAIL) VALUES (6, 'LANY', 'https://i.scdn.co/image/ab6761610000e5eb8218332656745840f9ed0a50', 7285631, 'contact.6@label.com') ON CONFLICT DO NOTHING;
INSERT INTO COLLECTIONS (COLLECTION_ID, COLLECTION_TITLE, COLLECTION_TYPE, COLLECTION_RELEASE_DATE, COLLECTION_COVER, ISPRERELEASE) VALUES (6, 'Malibu Nights', 'Album', '2018-10-05', 'https://i.scdn.co/image/ab67616d0000b273c4dae9528b2a8408f463eb17', FALSE) ON CONFLICT DO NOTHING;
INSERT INTO RELEASES (ARTIST_ID, COLLECTION_ID) VALUES (6, 6) ON CONFLICT DO NOTHING;
INSERT INTO SONGS (SONG_ID, SONG_TITLE, SONG_DURATION, SONG_FILE, POPULARITY, VALENCE, ACCOUSTICNESS, DANCEABILITY, ENERGY, SONG_RELEASE_DATE) 
                      VALUES (66, 'Thick And Thin', 212, '/stream/audio_default.mp3', 32, 0.18, 0.252, 0.669, 0.096, '2018-10-05') ON CONFLICT DO NOTHING;
INSERT INTO COLLECTIONS_SONGS (COLLECTION_ID, SONG_ID, NOMOR_DISC, NOMOR_TRACK) VALUES (6, 66, 1, 1) ON CONFLICT DO NOTHING;
INSERT INTO CREATE_SONGS (ARTIST_ID, SONG_ID) VALUES (6, 66) ON CONFLICT DO NOTHING;
INSERT INTO SONGS_GENRES (SONG_ID, GENRE_ID) VALUES (66, 3) ON CONFLICT DO NOTHING;
INSERT INTO SONGS_GENRES (SONG_ID, GENRE_ID) VALUES (66, 1) ON CONFLICT DO NOTHING;
INSERT INTO SONGS (SONG_ID, SONG_TITLE, SONG_DURATION, SONG_FILE, POPULARITY, VALENCE, ACCOUSTICNESS, DANCEABILITY, ENERGY, SONG_RELEASE_DATE) 
                      VALUES (67, 'Taking Me Back', 194, '/stream/audio_default.mp3', 90, 0.752, 0.874, 0.154, 0.785, '2018-10-05') ON CONFLICT DO NOTHING;
INSERT INTO COLLECTIONS_SONGS (COLLECTION_ID, SONG_ID, NOMOR_DISC, NOMOR_TRACK) VALUES (6, 67, 1, 2) ON CONFLICT DO NOTHING;
INSERT INTO CREATE_SONGS (ARTIST_ID, SONG_ID) VALUES (6, 67) ON CONFLICT DO NOTHING;
INSERT INTO SONGS_GENRES (SONG_ID, GENRE_ID) VALUES (67, 1) ON CONFLICT DO NOTHING;
INSERT INTO SONGS_GENRES (SONG_ID, GENRE_ID) VALUES (67, 3) ON CONFLICT DO NOTHING;
INSERT INTO SONGS (SONG_ID, SONG_TITLE, SONG_DURATION, SONG_FILE, POPULARITY, VALENCE, ACCOUSTICNESS, DANCEABILITY, ENERGY, SONG_RELEASE_DATE) 
                      VALUES (68, 'If You See Her', 182, '/stream/audio_default.mp3', 58, 0.972, 0.803, 0.863, 0.343, '2018-10-05') ON CONFLICT DO NOTHING;
INSERT INTO COLLECTIONS_SONGS (COLLECTION_ID, SONG_ID, NOMOR_DISC, NOMOR_TRACK) VALUES (6, 68, 1, 3) ON CONFLICT DO NOTHING;
INSERT INTO CREATE_SONGS (ARTIST_ID, SONG_ID) VALUES (6, 68) ON CONFLICT DO NOTHING;
INSERT INTO SONGS_GENRES (SONG_ID, GENRE_ID) VALUES (68, 3) ON CONFLICT DO NOTHING;
INSERT INTO SONGS_GENRES (SONG_ID, GENRE_ID) VALUES (68, 1) ON CONFLICT DO NOTHING;
INSERT INTO SONGS (SONG_ID, SONG_TITLE, SONG_DURATION, SONG_FILE, POPULARITY, VALENCE, ACCOUSTICNESS, DANCEABILITY, ENERGY, SONG_RELEASE_DATE) 
                      VALUES (69, 'I Don''t Wanna Love You Anymore', 201, '/stream/audio_default.mp3', 22, 0.281, 0.536, 0.049, 0.102, '2018-10-05') ON CONFLICT DO NOTHING;
INSERT INTO COLLECTIONS_SONGS (COLLECTION_ID, SONG_ID, NOMOR_DISC, NOMOR_TRACK) VALUES (6, 69, 1, 4) ON CONFLICT DO NOTHING;
INSERT INTO CREATE_SONGS (ARTIST_ID, SONG_ID) VALUES (6, 69) ON CONFLICT DO NOTHING;
INSERT INTO SONGS_GENRES (SONG_ID, GENRE_ID) VALUES (69, 3) ON CONFLICT DO NOTHING;
INSERT INTO SONGS_GENRES (SONG_ID, GENRE_ID) VALUES (69, 1) ON CONFLICT DO NOTHING;
INSERT INTO SONGS (SONG_ID, SONG_TITLE, SONG_DURATION, SONG_FILE, POPULARITY, VALENCE, ACCOUSTICNESS, DANCEABILITY, ENERGY, SONG_RELEASE_DATE) 
                      VALUES (70, 'Let Me Know', 276, '/stream/audio_default.mp3', 11, 0.51, 0.281, 0.399, 0.083, '2018-10-05') ON CONFLICT DO NOTHING;
INSERT INTO COLLECTIONS_SONGS (COLLECTION_ID, SONG_ID, NOMOR_DISC, NOMOR_TRACK) VALUES (6, 70, 1, 5) ON CONFLICT DO NOTHING;
INSERT INTO CREATE_SONGS (ARTIST_ID, SONG_ID) VALUES (6, 70) ON CONFLICT DO NOTHING;
INSERT INTO SONGS_GENRES (SONG_ID, GENRE_ID) VALUES (70, 2) ON CONFLICT DO NOTHING;
INSERT INTO SONGS_GENRES (SONG_ID, GENRE_ID) VALUES (70, 1) ON CONFLICT DO NOTHING;
INSERT INTO SONGS (SONG_ID, SONG_TITLE, SONG_DURATION, SONG_FILE, POPULARITY, VALENCE, ACCOUSTICNESS, DANCEABILITY, ENERGY, SONG_RELEASE_DATE) 
                      VALUES (71, 'Run', 228, '/stream/audio_default.mp3', 87, 0.584, 0.612, 0.726, 0.975, '2018-10-05') ON CONFLICT DO NOTHING;
INSERT INTO COLLECTIONS_SONGS (COLLECTION_ID, SONG_ID, NOMOR_DISC, NOMOR_TRACK) VALUES (6, 71, 1, 6) ON CONFLICT DO NOTHING;
INSERT INTO CREATE_SONGS (ARTIST_ID, SONG_ID) VALUES (6, 71) ON CONFLICT DO NOTHING;
INSERT INTO SONGS_GENRES (SONG_ID, GENRE_ID) VALUES (71, 3) ON CONFLICT DO NOTHING;
INSERT INTO SONGS_GENRES (SONG_ID, GENRE_ID) VALUES (71, 1) ON CONFLICT DO NOTHING;
INSERT INTO SONGS (SONG_ID, SONG_TITLE, SONG_DURATION, SONG_FILE, POPULARITY, VALENCE, ACCOUSTICNESS, DANCEABILITY, ENERGY, SONG_RELEASE_DATE) 
                      VALUES (72, 'Valentine''s Day', 217, '/stream/audio_default.mp3', 43, 0.422, 0.712, 0.115, 0.675, '2018-10-05') ON CONFLICT DO NOTHING;
INSERT INTO COLLECTIONS_SONGS (COLLECTION_ID, SONG_ID, NOMOR_DISC, NOMOR_TRACK) VALUES (6, 72, 1, 7) ON CONFLICT DO NOTHING;
INSERT INTO CREATE_SONGS (ARTIST_ID, SONG_ID) VALUES (6, 72) ON CONFLICT DO NOTHING;
INSERT INTO SONGS_GENRES (SONG_ID, GENRE_ID) VALUES (72, 1) ON CONFLICT DO NOTHING;
INSERT INTO SONGS_GENRES (SONG_ID, GENRE_ID) VALUES (72, 3) ON CONFLICT DO NOTHING;
INSERT INTO SONGS (SONG_ID, SONG_TITLE, SONG_DURATION, SONG_FILE, POPULARITY, VALENCE, ACCOUSTICNESS, DANCEABILITY, ENERGY, SONG_RELEASE_DATE) 
                      VALUES (73, 'Thru These Tears', 204, '/stream/audio_default.mp3', 67, 0.521, 0.66, 0.455, 0.501, '2018-10-05') ON CONFLICT DO NOTHING;
INSERT INTO COLLECTIONS_SONGS (COLLECTION_ID, SONG_ID, NOMOR_DISC, NOMOR_TRACK) VALUES (6, 73, 1, 8) ON CONFLICT DO NOTHING;
INSERT INTO CREATE_SONGS (ARTIST_ID, SONG_ID) VALUES (6, 73) ON CONFLICT DO NOTHING;
INSERT INTO SONGS_GENRES (SONG_ID, GENRE_ID) VALUES (73, 3) ON CONFLICT DO NOTHING;
INSERT INTO SONGS_GENRES (SONG_ID, GENRE_ID) VALUES (73, 1) ON CONFLICT DO NOTHING;
INSERT INTO SONGS (SONG_ID, SONG_TITLE, SONG_DURATION, SONG_FILE, POPULARITY, VALENCE, ACCOUSTICNESS, DANCEABILITY, ENERGY, SONG_RELEASE_DATE) 
                      VALUES (74, 'Malibu Nights', 286, '/stream/audio_default.mp3', 47, 0.542, 0.14, 0.622, 0.481, '2018-10-05') ON CONFLICT DO NOTHING;
INSERT INTO COLLECTIONS_SONGS (COLLECTION_ID, SONG_ID, NOMOR_DISC, NOMOR_TRACK) VALUES (6, 74, 1, 9) ON CONFLICT DO NOTHING;
INSERT INTO CREATE_SONGS (ARTIST_ID, SONG_ID) VALUES (6, 74) ON CONFLICT DO NOTHING;
INSERT INTO SONGS_GENRES (SONG_ID, GENRE_ID) VALUES (74, 3) ON CONFLICT DO NOTHING;
INSERT INTO SONGS_GENRES (SONG_ID, GENRE_ID) VALUES (74, 1) ON CONFLICT DO NOTHING;
INSERT INTO ARTISTS (ARTIST_ID, ARTIST_NAME, ARTIST_PFP, MONTHLY_LISTENER_COUNT, ARTIST_EMAIL) VALUES (7, 'Dream Sounds', 'https://i.scdn.co/image/ab6761610000e5ebb2d8adc7491561f4bf86f820', 9296, 'contact.7@label.com') ON CONFLICT DO NOTHING;
INSERT INTO COLLECTIONS (COLLECTION_ID, COLLECTION_TITLE, COLLECTION_TYPE, COLLECTION_RELEASE_DATE, COLLECTION_COVER, ISPRERELEASE) VALUES (7, 'Night', 'Album', '2020-02-03', 'https://i.scdn.co/image/ab67616d0000b273f7f5ee59dacb21bda37557e2', FALSE) ON CONFLICT DO NOTHING;
INSERT INTO RELEASES (ARTIST_ID, COLLECTION_ID) VALUES (7, 7) ON CONFLICT DO NOTHING;
INSERT INTO SONGS (SONG_ID, SONG_TITLE, SONG_DURATION, SONG_FILE, POPULARITY, VALENCE, ACCOUSTICNESS, DANCEABILITY, ENERGY, SONG_RELEASE_DATE) 
                      VALUES (75, 'Show Me the Sky', 276, '/stream/audio_default.mp3', 66, 0.927, 0.227, 0.284, 0.514, '2020-02-03') ON CONFLICT DO NOTHING;
INSERT INTO COLLECTIONS_SONGS (COLLECTION_ID, SONG_ID, NOMOR_DISC, NOMOR_TRACK) VALUES (7, 75, 1, 1) ON CONFLICT DO NOTHING;
INSERT INTO CREATE_SONGS (ARTIST_ID, SONG_ID) VALUES (7, 75) ON CONFLICT DO NOTHING;
INSERT INTO SONGS_GENRES (SONG_ID, GENRE_ID) VALUES (75, 2) ON CONFLICT DO NOTHING;
INSERT INTO SONGS_GENRES (SONG_ID, GENRE_ID) VALUES (75, 1) ON CONFLICT DO NOTHING;
INSERT INTO SONGS (SONG_ID, SONG_TITLE, SONG_DURATION, SONG_FILE, POPULARITY, VALENCE, ACCOUSTICNESS, DANCEABILITY, ENERGY, SONG_RELEASE_DATE) 
                      VALUES (76, 'Give Me Strength', 202, '/stream/audio_default.mp3', 62, 0.19, 0.115, 0.97, 0.78, '2020-02-03') ON CONFLICT DO NOTHING;
INSERT INTO COLLECTIONS_SONGS (COLLECTION_ID, SONG_ID, NOMOR_DISC, NOMOR_TRACK) VALUES (7, 76, 1, 2) ON CONFLICT DO NOTHING;
INSERT INTO CREATE_SONGS (ARTIST_ID, SONG_ID) VALUES (7, 76) ON CONFLICT DO NOTHING;
INSERT INTO SONGS_GENRES (SONG_ID, GENRE_ID) VALUES (76, 2) ON CONFLICT DO NOTHING;
INSERT INTO SONGS_GENRES (SONG_ID, GENRE_ID) VALUES (76, 3) ON CONFLICT DO NOTHING;
INSERT INTO SONGS (SONG_ID, SONG_TITLE, SONG_DURATION, SONG_FILE, POPULARITY, VALENCE, ACCOUSTICNESS, DANCEABILITY, ENERGY, SONG_RELEASE_DATE) 
                      VALUES (77, 'Everybody', 222, '/stream/audio_default.mp3', 57, 0.505, 0.92, 0.034, 0.231, '2020-02-03') ON CONFLICT DO NOTHING;
INSERT INTO COLLECTIONS_SONGS (COLLECTION_ID, SONG_ID, NOMOR_DISC, NOMOR_TRACK) VALUES (7, 77, 1, 3) ON CONFLICT DO NOTHING;
INSERT INTO CREATE_SONGS (ARTIST_ID, SONG_ID) VALUES (7, 77) ON CONFLICT DO NOTHING;
INSERT INTO SONGS_GENRES (SONG_ID, GENRE_ID) VALUES (77, 1) ON CONFLICT DO NOTHING;
INSERT INTO SONGS_GENRES (SONG_ID, GENRE_ID) VALUES (77, 3) ON CONFLICT DO NOTHING;
INSERT INTO SONGS (SONG_ID, SONG_TITLE, SONG_DURATION, SONG_FILE, POPULARITY, VALENCE, ACCOUSTICNESS, DANCEABILITY, ENERGY, SONG_RELEASE_DATE) 
                      VALUES (78, 'Wish', 229, '/stream/audio_default.mp3', 11, 0.086, 0.018, 0.643, 0.725, '2020-02-03') ON CONFLICT DO NOTHING;
INSERT INTO COLLECTIONS_SONGS (COLLECTION_ID, SONG_ID, NOMOR_DISC, NOMOR_TRACK) VALUES (7, 78, 1, 4) ON CONFLICT DO NOTHING;
INSERT INTO CREATE_SONGS (ARTIST_ID, SONG_ID) VALUES (7, 78) ON CONFLICT DO NOTHING;
INSERT INTO SONGS_GENRES (SONG_ID, GENRE_ID) VALUES (78, 3) ON CONFLICT DO NOTHING;
INSERT INTO SONGS_GENRES (SONG_ID, GENRE_ID) VALUES (78, 2) ON CONFLICT DO NOTHING;
INSERT INTO SONGS (SONG_ID, SONG_TITLE, SONG_DURATION, SONG_FILE, POPULARITY, VALENCE, ACCOUSTICNESS, DANCEABILITY, ENERGY, SONG_RELEASE_DATE) 
                      VALUES (79, 'Smile', 302, '/stream/audio_default.mp3', 78, 0.971, 0.33, 0.829, 0.266, '2020-02-03') ON CONFLICT DO NOTHING;
INSERT INTO COLLECTIONS_SONGS (COLLECTION_ID, SONG_ID, NOMOR_DISC, NOMOR_TRACK) VALUES (7, 79, 1, 5) ON CONFLICT DO NOTHING;
INSERT INTO CREATE_SONGS (ARTIST_ID, SONG_ID) VALUES (7, 79) ON CONFLICT DO NOTHING;
INSERT INTO SONGS_GENRES (SONG_ID, GENRE_ID) VALUES (79, 1) ON CONFLICT DO NOTHING;
INSERT INTO SONGS_GENRES (SONG_ID, GENRE_ID) VALUES (79, 2) ON CONFLICT DO NOTHING;
INSERT INTO SONGS (SONG_ID, SONG_TITLE, SONG_DURATION, SONG_FILE, POPULARITY, VALENCE, ACCOUSTICNESS, DANCEABILITY, ENERGY, SONG_RELEASE_DATE) 
                      VALUES (80, 'Thank You', 247, '/stream/audio_default.mp3', 76, 0.583, 0.314, 0.306, 0.729, '2020-02-03') ON CONFLICT DO NOTHING;
INSERT INTO COLLECTIONS_SONGS (COLLECTION_ID, SONG_ID, NOMOR_DISC, NOMOR_TRACK) VALUES (7, 80, 1, 6) ON CONFLICT DO NOTHING;
INSERT INTO CREATE_SONGS (ARTIST_ID, SONG_ID) VALUES (7, 80) ON CONFLICT DO NOTHING;
INSERT INTO SONGS_GENRES (SONG_ID, GENRE_ID) VALUES (80, 3) ON CONFLICT DO NOTHING;
INSERT INTO SONGS_GENRES (SONG_ID, GENRE_ID) VALUES (80, 1) ON CONFLICT DO NOTHING;
INSERT INTO SONGS (SONG_ID, SONG_TITLE, SONG_DURATION, SONG_FILE, POPULARITY, VALENCE, ACCOUSTICNESS, DANCEABILITY, ENERGY, SONG_RELEASE_DATE) 
                      VALUES (81, 'Star', 224, '/stream/audio_default.mp3', 50, 0.672, 0.987, 0.069, 0.474, '2020-02-03') ON CONFLICT DO NOTHING;
INSERT INTO COLLECTIONS_SONGS (COLLECTION_ID, SONG_ID, NOMOR_DISC, NOMOR_TRACK) VALUES (7, 81, 1, 7) ON CONFLICT DO NOTHING;
INSERT INTO CREATE_SONGS (ARTIST_ID, SONG_ID) VALUES (7, 81) ON CONFLICT DO NOTHING;
INSERT INTO SONGS_GENRES (SONG_ID, GENRE_ID) VALUES (81, 2) ON CONFLICT DO NOTHING;
INSERT INTO SONGS_GENRES (SONG_ID, GENRE_ID) VALUES (81, 1) ON CONFLICT DO NOTHING;
INSERT INTO SONGS (SONG_ID, SONG_TITLE, SONG_DURATION, SONG_FILE, POPULARITY, VALENCE, ACCOUSTICNESS, DANCEABILITY, ENERGY, SONG_RELEASE_DATE) 
                      VALUES (82, 'Forever', 282, '/stream/audio_default.mp3', 11, 0.349, 0.863, 0.416, 0.298, '2020-02-03') ON CONFLICT DO NOTHING;
INSERT INTO COLLECTIONS_SONGS (COLLECTION_ID, SONG_ID, NOMOR_DISC, NOMOR_TRACK) VALUES (7, 82, 1, 8) ON CONFLICT DO NOTHING;
INSERT INTO CREATE_SONGS (ARTIST_ID, SONG_ID) VALUES (7, 82) ON CONFLICT DO NOTHING;
INSERT INTO SONGS_GENRES (SONG_ID, GENRE_ID) VALUES (82, 2) ON CONFLICT DO NOTHING;
INSERT INTO SONGS_GENRES (SONG_ID, GENRE_ID) VALUES (82, 1) ON CONFLICT DO NOTHING;
INSERT INTO SONGS (SONG_ID, SONG_TITLE, SONG_DURATION, SONG_FILE, POPULARITY, VALENCE, ACCOUSTICNESS, DANCEABILITY, ENERGY, SONG_RELEASE_DATE) 
                      VALUES (83, 'Blue Like the Azure', 264, '/stream/audio_default.mp3', 28, 0.27, 0.779, 0.217, 0.976, '2020-02-03') ON CONFLICT DO NOTHING;
INSERT INTO COLLECTIONS_SONGS (COLLECTION_ID, SONG_ID, NOMOR_DISC, NOMOR_TRACK) VALUES (7, 83, 1, 9) ON CONFLICT DO NOTHING;
INSERT INTO CREATE_SONGS (ARTIST_ID, SONG_ID) VALUES (7, 83) ON CONFLICT DO NOTHING;
INSERT INTO SONGS_GENRES (SONG_ID, GENRE_ID) VALUES (83, 3) ON CONFLICT DO NOTHING;
INSERT INTO SONGS_GENRES (SONG_ID, GENRE_ID) VALUES (83, 1) ON CONFLICT DO NOTHING;
INSERT INTO SONGS (SONG_ID, SONG_TITLE, SONG_DURATION, SONG_FILE, POPULARITY, VALENCE, ACCOUSTICNESS, DANCEABILITY, ENERGY, SONG_RELEASE_DATE) 
                      VALUES (84, 'When I Awoke', 251, '/stream/audio_default.mp3', 89, 0.125, 0.032, 0.292, 0.313, '2020-02-03') ON CONFLICT DO NOTHING;
INSERT INTO COLLECTIONS_SONGS (COLLECTION_ID, SONG_ID, NOMOR_DISC, NOMOR_TRACK) VALUES (7, 84, 1, 10) ON CONFLICT DO NOTHING;
INSERT INTO CREATE_SONGS (ARTIST_ID, SONG_ID) VALUES (7, 84) ON CONFLICT DO NOTHING;
INSERT INTO SONGS_GENRES (SONG_ID, GENRE_ID) VALUES (84, 2) ON CONFLICT DO NOTHING;
INSERT INTO SONGS_GENRES (SONG_ID, GENRE_ID) VALUES (84, 3) ON CONFLICT DO NOTHING;
INSERT INTO ARTISTS (ARTIST_ID, ARTIST_NAME, ARTIST_PFP, MONTHLY_LISTENER_COUNT, ARTIST_EMAIL) VALUES (8, 'Jonathan Ogden', 'https://i.scdn.co/image/ab6761610000e5eb4214494eeb126c91933051d5', 164822, 'contact.8@label.com') ON CONFLICT DO NOTHING;
INSERT INTO GENRES (GENRE_ID, GENRE_NAME) VALUES (4, 'christian folk') ON CONFLICT DO NOTHING;
INSERT INTO GENRES (GENRE_ID, GENRE_NAME) VALUES (5, 'christian alternative rock') ON CONFLICT DO NOTHING;
INSERT INTO GENRES (GENRE_ID, GENRE_NAME) VALUES (6, 'gospel r&b') ON CONFLICT DO NOTHING;
INSERT INTO GENRES (GENRE_ID, GENRE_NAME) VALUES (7, 'worship') ON CONFLICT DO NOTHING;
INSERT INTO GENRES (GENRE_ID, GENRE_NAME) VALUES (8, 'christian') ON CONFLICT DO NOTHING;
INSERT INTO COLLECTIONS (COLLECTION_ID, COLLECTION_TITLE, COLLECTION_TYPE, COLLECTION_RELEASE_DATE, COLLECTION_COVER, ISPRERELEASE) VALUES (8, 'NIGHT', 'Album', '2025-09-12', 'https://i.scdn.co/image/ab67616d0000b273d7bf7cb4ff5638416e501080', FALSE) ON CONFLICT DO NOTHING;
INSERT INTO RELEASES (ARTIST_ID, COLLECTION_ID) VALUES (8, 8) ON CONFLICT DO NOTHING;
INSERT INTO SONGS (SONG_ID, SONG_TITLE, SONG_DURATION, SONG_FILE, POPULARITY, VALENCE, ACCOUSTICNESS, DANCEABILITY, ENERGY, SONG_RELEASE_DATE) 
                      VALUES (85, 'Somewhere To Belong', 219, '/stream/audio_default.mp3', 36, 0.93, 0.133, 0.26, 0.865, '2025-09-12') ON CONFLICT DO NOTHING;
INSERT INTO COLLECTIONS_SONGS (COLLECTION_ID, SONG_ID, NOMOR_DISC, NOMOR_TRACK) VALUES (8, 85, 1, 1) ON CONFLICT DO NOTHING;
INSERT INTO CREATE_SONGS (ARTIST_ID, SONG_ID) VALUES (8, 85) ON CONFLICT DO NOTHING;
INSERT INTO SONGS_GENRES (SONG_ID, GENRE_ID) VALUES (85, 6) ON CONFLICT DO NOTHING;
INSERT INTO SONGS_GENRES (SONG_ID, GENRE_ID) VALUES (85, 7) ON CONFLICT DO NOTHING;
INSERT INTO SONGS (SONG_ID, SONG_TITLE, SONG_DURATION, SONG_FILE, POPULARITY, VALENCE, ACCOUSTICNESS, DANCEABILITY, ENERGY, SONG_RELEASE_DATE) 
                      VALUES (86, 'Blue Feathers', 164, '/stream/audio_default.mp3', 79, 0.001, 0.749, 0.848, 0.186, '2025-09-12') ON CONFLICT DO NOTHING;
INSERT INTO COLLECTIONS_SONGS (COLLECTION_ID, SONG_ID, NOMOR_DISC, NOMOR_TRACK) VALUES (8, 86, 1, 2) ON CONFLICT DO NOTHING;
INSERT INTO CREATE_SONGS (ARTIST_ID, SONG_ID) VALUES (8, 86) ON CONFLICT DO NOTHING;
INSERT INTO SONGS_GENRES (SONG_ID, GENRE_ID) VALUES (86, 8) ON CONFLICT DO NOTHING;
INSERT INTO SONGS_GENRES (SONG_ID, GENRE_ID) VALUES (86, 4) ON CONFLICT DO NOTHING;
INSERT INTO SONGS (SONG_ID, SONG_TITLE, SONG_DURATION, SONG_FILE, POPULARITY, VALENCE, ACCOUSTICNESS, DANCEABILITY, ENERGY, SONG_RELEASE_DATE) 
                      VALUES (87, 'Be My Peace', 150, '/stream/audio_default.mp3', 21, 0.558, 0.229, 0.574, 0.141, '2025-09-12') ON CONFLICT DO NOTHING;
INSERT INTO COLLECTIONS_SONGS (COLLECTION_ID, SONG_ID, NOMOR_DISC, NOMOR_TRACK) VALUES (8, 87, 1, 3) ON CONFLICT DO NOTHING;
INSERT INTO CREATE_SONGS (ARTIST_ID, SONG_ID) VALUES (8, 87) ON CONFLICT DO NOTHING;
INSERT INTO SONGS_GENRES (SONG_ID, GENRE_ID) VALUES (87, 8) ON CONFLICT DO NOTHING;
INSERT INTO SONGS_GENRES (SONG_ID, GENRE_ID) VALUES (87, 7) ON CONFLICT DO NOTHING;
INSERT INTO SONGS (SONG_ID, SONG_TITLE, SONG_DURATION, SONG_FILE, POPULARITY, VALENCE, ACCOUSTICNESS, DANCEABILITY, ENERGY, SONG_RELEASE_DATE) 
                      VALUES (88, 'Safe', 187, '/stream/audio_default.mp3', 16, 0.566, 0.58, 0.24, 0.969, '2025-09-12') ON CONFLICT DO NOTHING;
INSERT INTO COLLECTIONS_SONGS (COLLECTION_ID, SONG_ID, NOMOR_DISC, NOMOR_TRACK) VALUES (8, 88, 1, 4) ON CONFLICT DO NOTHING;
INSERT INTO CREATE_SONGS (ARTIST_ID, SONG_ID) VALUES (8, 88) ON CONFLICT DO NOTHING;
INSERT INTO SONGS_GENRES (SONG_ID, GENRE_ID) VALUES (88, 5) ON CONFLICT DO NOTHING;
INSERT INTO SONGS_GENRES (SONG_ID, GENRE_ID) VALUES (88, 6) ON CONFLICT DO NOTHING;
INSERT INTO SONGS (SONG_ID, SONG_TITLE, SONG_DURATION, SONG_FILE, POPULARITY, VALENCE, ACCOUSTICNESS, DANCEABILITY, ENERGY, SONG_RELEASE_DATE) 
                      VALUES (89, 'Daydream', 147, '/stream/audio_default.mp3', 86, 0.102, 0.299, 0.075, 0.053, '2025-09-12') ON CONFLICT DO NOTHING;
INSERT INTO COLLECTIONS_SONGS (COLLECTION_ID, SONG_ID, NOMOR_DISC, NOMOR_TRACK) VALUES (8, 89, 1, 5) ON CONFLICT DO NOTHING;
INSERT INTO CREATE_SONGS (ARTIST_ID, SONG_ID) VALUES (8, 89) ON CONFLICT DO NOTHING;
INSERT INTO SONGS_GENRES (SONG_ID, GENRE_ID) VALUES (89, 4) ON CONFLICT DO NOTHING;
INSERT INTO SONGS_GENRES (SONG_ID, GENRE_ID) VALUES (89, 6) ON CONFLICT DO NOTHING;
INSERT INTO SONGS (SONG_ID, SONG_TITLE, SONG_DURATION, SONG_FILE, POPULARITY, VALENCE, ACCOUSTICNESS, DANCEABILITY, ENERGY, SONG_RELEASE_DATE) 
                      VALUES (90, 'Fall Back Into You', 213, '/stream/audio_default.mp3', 73, 0.775, 0.47, 0.998, 0.508, '2025-09-12') ON CONFLICT DO NOTHING;
INSERT INTO COLLECTIONS_SONGS (COLLECTION_ID, SONG_ID, NOMOR_DISC, NOMOR_TRACK) VALUES (8, 90, 1, 6) ON CONFLICT DO NOTHING;
INSERT INTO CREATE_SONGS (ARTIST_ID, SONG_ID) VALUES (8, 90) ON CONFLICT DO NOTHING;
INSERT INTO SONGS_GENRES (SONG_ID, GENRE_ID) VALUES (90, 7) ON CONFLICT DO NOTHING;
INSERT INTO SONGS_GENRES (SONG_ID, GENRE_ID) VALUES (90, 5) ON CONFLICT DO NOTHING;
INSERT INTO SONGS (SONG_ID, SONG_TITLE, SONG_DURATION, SONG_FILE, POPULARITY, VALENCE, ACCOUSTICNESS, DANCEABILITY, ENERGY, SONG_RELEASE_DATE) 
                      VALUES (91, 'Chiaroscuro', 202, '/stream/audio_default.mp3', 17, 0.531, 0.647, 0.487, 0.864, '2025-09-12') ON CONFLICT DO NOTHING;
INSERT INTO COLLECTIONS_SONGS (COLLECTION_ID, SONG_ID, NOMOR_DISC, NOMOR_TRACK) VALUES (8, 91, 1, 7) ON CONFLICT DO NOTHING;
INSERT INTO CREATE_SONGS (ARTIST_ID, SONG_ID) VALUES (8, 91) ON CONFLICT DO NOTHING;
INSERT INTO SONGS_GENRES (SONG_ID, GENRE_ID) VALUES (91, 5) ON CONFLICT DO NOTHING;
INSERT INTO SONGS_GENRES (SONG_ID, GENRE_ID) VALUES (91, 6) ON CONFLICT DO NOTHING;
INSERT INTO SONGS (SONG_ID, SONG_TITLE, SONG_DURATION, SONG_FILE, POPULARITY, VALENCE, ACCOUSTICNESS, DANCEABILITY, ENERGY, SONG_RELEASE_DATE) 
                      VALUES (92, 'Dragonfly', 209, '/stream/audio_default.mp3', 68, 0.331, 0.878, 0.062, 0.664, '2025-09-12') ON CONFLICT DO NOTHING;
INSERT INTO COLLECTIONS_SONGS (COLLECTION_ID, SONG_ID, NOMOR_DISC, NOMOR_TRACK) VALUES (8, 92, 1, 8) ON CONFLICT DO NOTHING;
INSERT INTO CREATE_SONGS (ARTIST_ID, SONG_ID) VALUES (8, 92) ON CONFLICT DO NOTHING;
INSERT INTO SONGS_GENRES (SONG_ID, GENRE_ID) VALUES (92, 8) ON CONFLICT DO NOTHING;
INSERT INTO SONGS_GENRES (SONG_ID, GENRE_ID) VALUES (92, 6) ON CONFLICT DO NOTHING;
INSERT INTO SONGS (SONG_ID, SONG_TITLE, SONG_DURATION, SONG_FILE, POPULARITY, VALENCE, ACCOUSTICNESS, DANCEABILITY, ENERGY, SONG_RELEASE_DATE) 
                      VALUES (93, 'Nothing Can Change Your Mind', 200, '/stream/audio_default.mp3', 41, 0.87, 0.294, 0.996, 0.874, '2025-09-12') ON CONFLICT DO NOTHING;
INSERT INTO COLLECTIONS_SONGS (COLLECTION_ID, SONG_ID, NOMOR_DISC, NOMOR_TRACK) VALUES (8, 93, 1, 9) ON CONFLICT DO NOTHING;
INSERT INTO CREATE_SONGS (ARTIST_ID, SONG_ID) VALUES (8, 93) ON CONFLICT DO NOTHING;
INSERT INTO SONGS_GENRES (SONG_ID, GENRE_ID) VALUES (93, 4) ON CONFLICT DO NOTHING;
INSERT INTO SONGS_GENRES (SONG_ID, GENRE_ID) VALUES (93, 6) ON CONFLICT DO NOTHING;
INSERT INTO SONGS (SONG_ID, SONG_TITLE, SONG_DURATION, SONG_FILE, POPULARITY, VALENCE, ACCOUSTICNESS, DANCEABILITY, ENERGY, SONG_RELEASE_DATE) 
                      VALUES (94, '139', 175, '/stream/audio_default.mp3', 32, 0.268, 0.527, 0.492, 0.838, '2025-09-12') ON CONFLICT DO NOTHING;
INSERT INTO COLLECTIONS_SONGS (COLLECTION_ID, SONG_ID, NOMOR_DISC, NOMOR_TRACK) VALUES (8, 94, 1, 10) ON CONFLICT DO NOTHING;
INSERT INTO CREATE_SONGS (ARTIST_ID, SONG_ID) VALUES (8, 94) ON CONFLICT DO NOTHING;
INSERT INTO SONGS_GENRES (SONG_ID, GENRE_ID) VALUES (94, 4) ON CONFLICT DO NOTHING;
INSERT INTO SONGS_GENRES (SONG_ID, GENRE_ID) VALUES (94, 8) ON CONFLICT DO NOTHING;
INSERT INTO SONGS (SONG_ID, SONG_TITLE, SONG_DURATION, SONG_FILE, POPULARITY, VALENCE, ACCOUSTICNESS, DANCEABILITY, ENERGY, SONG_RELEASE_DATE) 
                      VALUES (95, 'Flowers', 225, '/stream/audio_default.mp3', 29, 0.97, 0.314, 0.982, 0.778, '2025-09-12') ON CONFLICT DO NOTHING;
INSERT INTO COLLECTIONS_SONGS (COLLECTION_ID, SONG_ID, NOMOR_DISC, NOMOR_TRACK) VALUES (8, 95, 1, 11) ON CONFLICT DO NOTHING;
INSERT INTO CREATE_SONGS (ARTIST_ID, SONG_ID) VALUES (8, 95) ON CONFLICT DO NOTHING;
INSERT INTO SONGS_GENRES (SONG_ID, GENRE_ID) VALUES (95, 8) ON CONFLICT DO NOTHING;
INSERT INTO SONGS_GENRES (SONG_ID, GENRE_ID) VALUES (95, 5) ON CONFLICT DO NOTHING;
INSERT INTO SONGS (SONG_ID, SONG_TITLE, SONG_DURATION, SONG_FILE, POPULARITY, VALENCE, ACCOUSTICNESS, DANCEABILITY, ENERGY, SONG_RELEASE_DATE) 
                      VALUES (96, 'Love Is Right Here', 217, '/stream/audio_default.mp3', 36, 0.54, 0.83, 0.514, 0.926, '2025-09-12') ON CONFLICT DO NOTHING;
INSERT INTO COLLECTIONS_SONGS (COLLECTION_ID, SONG_ID, NOMOR_DISC, NOMOR_TRACK) VALUES (8, 96, 1, 12) ON CONFLICT DO NOTHING;
INSERT INTO CREATE_SONGS (ARTIST_ID, SONG_ID) VALUES (8, 96) ON CONFLICT DO NOTHING;
INSERT INTO SONGS_GENRES (SONG_ID, GENRE_ID) VALUES (96, 5) ON CONFLICT DO NOTHING;
INSERT INTO SONGS_GENRES (SONG_ID, GENRE_ID) VALUES (96, 7) ON CONFLICT DO NOTHING;
INSERT INTO SONGS (SONG_ID, SONG_TITLE, SONG_DURATION, SONG_FILE, POPULARITY, VALENCE, ACCOUSTICNESS, DANCEABILITY, ENERGY, SONG_RELEASE_DATE) 
                      VALUES (97, 'Set Me Free', 211, '/stream/audio_default.mp3', 17, 0.065, 0.095, 0.756, 0.433, '2025-09-12') ON CONFLICT DO NOTHING;
INSERT INTO COLLECTIONS_SONGS (COLLECTION_ID, SONG_ID, NOMOR_DISC, NOMOR_TRACK) VALUES (8, 97, 1, 13) ON CONFLICT DO NOTHING;
INSERT INTO CREATE_SONGS (ARTIST_ID, SONG_ID) VALUES (8, 97) ON CONFLICT DO NOTHING;
INSERT INTO SONGS_GENRES (SONG_ID, GENRE_ID) VALUES (97, 6) ON CONFLICT DO NOTHING;
INSERT INTO SONGS_GENRES (SONG_ID, GENRE_ID) VALUES (97, 8) ON CONFLICT DO NOTHING;
INSERT INTO ARTISTS (ARTIST_ID, ARTIST_NAME, ARTIST_PFP, MONTHLY_LISTENER_COUNT, ARTIST_EMAIL) VALUES (9, 'Guru', 'https://i.scdn.co/image/ab6761610000e5eba52ca5ab39f130ff72647ebb', 352283, 'contact.9@label.com') ON CONFLICT DO NOTHING;
INSERT INTO GENRES (GENRE_ID, GENRE_NAME) VALUES (9, 'jazz rap') ON CONFLICT DO NOTHING;
INSERT INTO GENRES (GENRE_ID, GENRE_NAME) VALUES (10, 'acid jazz') ON CONFLICT DO NOTHING;
INSERT INTO GENRES (GENRE_ID, GENRE_NAME) VALUES (11, 'east coast hip hop') ON CONFLICT DO NOTHING;
INSERT INTO COLLECTIONS (COLLECTION_ID, COLLECTION_TITLE, COLLECTION_TYPE, COLLECTION_RELEASE_DATE, COLLECTION_COVER, ISPRERELEASE) VALUES (9, 'Jazzmatazz Volume 1', 'Album', '1993-01-01', 'https://i.scdn.co/image/ab67616d0000b273423fc787b53e081679cfc4c0', FALSE) ON CONFLICT DO NOTHING;
INSERT INTO RELEASES (ARTIST_ID, COLLECTION_ID) VALUES (9, 9) ON CONFLICT DO NOTHING;
INSERT INTO SONGS (SONG_ID, SONG_TITLE, SONG_DURATION, SONG_FILE, POPULARITY, VALENCE, ACCOUSTICNESS, DANCEABILITY, ENERGY, SONG_RELEASE_DATE) 
                      VALUES (98, 'Introduction', 80, '/stream/audio_default.mp3', 78, 0.622, 0.65, 0.306, 0.813, '1993-01-01') ON CONFLICT DO NOTHING;
INSERT INTO COLLECTIONS_SONGS (COLLECTION_ID, SONG_ID, NOMOR_DISC, NOMOR_TRACK) VALUES (9, 98, 1, 1) ON CONFLICT DO NOTHING;
INSERT INTO CREATE_SONGS (ARTIST_ID, SONG_ID) VALUES (9, 98) ON CONFLICT DO NOTHING;
INSERT INTO SONGS_GENRES (SONG_ID, GENRE_ID) VALUES (98, 9) ON CONFLICT DO NOTHING;
INSERT INTO SONGS_GENRES (SONG_ID, GENRE_ID) VALUES (98, 11) ON CONFLICT DO NOTHING;
INSERT INTO SONGS (SONG_ID, SONG_TITLE, SONG_DURATION, SONG_FILE, POPULARITY, VALENCE, ACCOUSTICNESS, DANCEABILITY, ENERGY, SONG_RELEASE_DATE) 
                      VALUES (99, 'Loungin''', 279, '/stream/audio_default.mp3', 85, 0.268, 0.728, 0.231, 0.512, '1993-01-01') ON CONFLICT DO NOTHING;
INSERT INTO COLLECTIONS_SONGS (COLLECTION_ID, SONG_ID, NOMOR_DISC, NOMOR_TRACK) VALUES (9, 99, 1, 2) ON CONFLICT DO NOTHING;
INSERT INTO CREATE_SONGS (ARTIST_ID, SONG_ID) VALUES (9, 99) ON CONFLICT DO NOTHING;
INSERT INTO SONGS_GENRES (SONG_ID, GENRE_ID) VALUES (99, 9) ON CONFLICT DO NOTHING;
INSERT INTO SONGS_GENRES (SONG_ID, GENRE_ID) VALUES (99, 10) ON CONFLICT DO NOTHING;
INSERT INTO SONGS (SONG_ID, SONG_TITLE, SONG_DURATION, SONG_FILE, POPULARITY, VALENCE, ACCOUSTICNESS, DANCEABILITY, ENERGY, SONG_RELEASE_DATE) 
                      VALUES (100, 'When You''re Near', 243, '/stream/audio_default.mp3', 61, 0.466, 0.402, 0.99, 0.808, '1993-01-01') ON CONFLICT DO NOTHING;
INSERT INTO COLLECTIONS_SONGS (COLLECTION_ID, SONG_ID, NOMOR_DISC, NOMOR_TRACK) VALUES (9, 100, 1, 3) ON CONFLICT DO NOTHING;
INSERT INTO CREATE_SONGS (ARTIST_ID, SONG_ID) VALUES (9, 100) ON CONFLICT DO NOTHING;
INSERT INTO SONGS_GENRES (SONG_ID, GENRE_ID) VALUES (100, 11) ON CONFLICT DO NOTHING;
INSERT INTO SONGS_GENRES (SONG_ID, GENRE_ID) VALUES (100, 9) ON CONFLICT DO NOTHING;
INSERT INTO SONGS (SONG_ID, SONG_TITLE, SONG_DURATION, SONG_FILE, POPULARITY, VALENCE, ACCOUSTICNESS, DANCEABILITY, ENERGY, SONG_RELEASE_DATE) 
                      VALUES (101, 'Transit Ride', 238, '/stream/audio_default.mp3', 54, 0.844, 0.13, 0.238, 0.986, '1993-01-01') ON CONFLICT DO NOTHING;
INSERT INTO COLLECTIONS_SONGS (COLLECTION_ID, SONG_ID, NOMOR_DISC, NOMOR_TRACK) VALUES (9, 101, 1, 4) ON CONFLICT DO NOTHING;
INSERT INTO CREATE_SONGS (ARTIST_ID, SONG_ID) VALUES (9, 101) ON CONFLICT DO NOTHING;
INSERT INTO SONGS_GENRES (SONG_ID, GENRE_ID) VALUES (101, 9) ON CONFLICT DO NOTHING;
INSERT INTO SONGS_GENRES (SONG_ID, GENRE_ID) VALUES (101, 10) ON CONFLICT DO NOTHING;
INSERT INTO SONGS (SONG_ID, SONG_TITLE, SONG_DURATION, SONG_FILE, POPULARITY, VALENCE, ACCOUSTICNESS, DANCEABILITY, ENERGY, SONG_RELEASE_DATE) 
                      VALUES (102, 'No Time To Play', 294, '/stream/audio_default.mp3', 75, 0.114, 0.601, 0.845, 0.719, '1993-01-01') ON CONFLICT DO NOTHING;
INSERT INTO COLLECTIONS_SONGS (COLLECTION_ID, SONG_ID, NOMOR_DISC, NOMOR_TRACK) VALUES (9, 102, 1, 5) ON CONFLICT DO NOTHING;
INSERT INTO CREATE_SONGS (ARTIST_ID, SONG_ID) VALUES (9, 102) ON CONFLICT DO NOTHING;
INSERT INTO SONGS_GENRES (SONG_ID, GENRE_ID) VALUES (102, 11) ON CONFLICT DO NOTHING;
INSERT INTO SONGS_GENRES (SONG_ID, GENRE_ID) VALUES (102, 9) ON CONFLICT DO NOTHING;
INSERT INTO SONGS (SONG_ID, SONG_TITLE, SONG_DURATION, SONG_FILE, POPULARITY, VALENCE, ACCOUSTICNESS, DANCEABILITY, ENERGY, SONG_RELEASE_DATE) 
                      VALUES (103, 'Down The Backstreets', 288, '/stream/audio_default.mp3', 21, 0.64, 0.48, 0.319, 0.146, '1993-01-01') ON CONFLICT DO NOTHING;
INSERT INTO COLLECTIONS_SONGS (COLLECTION_ID, SONG_ID, NOMOR_DISC, NOMOR_TRACK) VALUES (9, 103, 1, 6) ON CONFLICT DO NOTHING;
INSERT INTO CREATE_SONGS (ARTIST_ID, SONG_ID) VALUES (9, 103) ON CONFLICT DO NOTHING;
INSERT INTO SONGS_GENRES (SONG_ID, GENRE_ID) VALUES (103, 11) ON CONFLICT DO NOTHING;
INSERT INTO SONGS_GENRES (SONG_ID, GENRE_ID) VALUES (103, 10) ON CONFLICT DO NOTHING;
INSERT INTO SONGS (SONG_ID, SONG_TITLE, SONG_DURATION, SONG_FILE, POPULARITY, VALENCE, ACCOUSTICNESS, DANCEABILITY, ENERGY, SONG_RELEASE_DATE) 
                      VALUES (104, 'Respectful Dedications', 54, '/stream/audio_default.mp3', 70, 0.191, 0.326, 0.843, 0.755, '1993-01-01') ON CONFLICT DO NOTHING;
INSERT INTO COLLECTIONS_SONGS (COLLECTION_ID, SONG_ID, NOMOR_DISC, NOMOR_TRACK) VALUES (9, 104, 1, 7) ON CONFLICT DO NOTHING;
INSERT INTO CREATE_SONGS (ARTIST_ID, SONG_ID) VALUES (9, 104) ON CONFLICT DO NOTHING;
INSERT INTO SONGS_GENRES (SONG_ID, GENRE_ID) VALUES (104, 11) ON CONFLICT DO NOTHING;
INSERT INTO SONGS_GENRES (SONG_ID, GENRE_ID) VALUES (104, 10) ON CONFLICT DO NOTHING;
INSERT INTO SONGS (SONG_ID, SONG_TITLE, SONG_DURATION, SONG_FILE, POPULARITY, VALENCE, ACCOUSTICNESS, DANCEABILITY, ENERGY, SONG_RELEASE_DATE) 
                      VALUES (105, 'Take A Look (At Yourself)', 239, '/stream/audio_default.mp3', 18, 0.447, 0.313, 0.366, 0.843, '1993-01-01') ON CONFLICT DO NOTHING;
INSERT INTO COLLECTIONS_SONGS (COLLECTION_ID, SONG_ID, NOMOR_DISC, NOMOR_TRACK) VALUES (9, 105, 1, 8) ON CONFLICT DO NOTHING;
INSERT INTO CREATE_SONGS (ARTIST_ID, SONG_ID) VALUES (9, 105) ON CONFLICT DO NOTHING;
INSERT INTO SONGS_GENRES (SONG_ID, GENRE_ID) VALUES (105, 11) ON CONFLICT DO NOTHING;
INSERT INTO SONGS_GENRES (SONG_ID, GENRE_ID) VALUES (105, 9) ON CONFLICT DO NOTHING;
INSERT INTO SONGS (SONG_ID, SONG_TITLE, SONG_DURATION, SONG_FILE, POPULARITY, VALENCE, ACCOUSTICNESS, DANCEABILITY, ENERGY, SONG_RELEASE_DATE) 
                      VALUES (106, 'Trust Me', 267, '/stream/audio_default.mp3', 18, 0.284, 0.713, 0.89, 0.166, '1993-01-01') ON CONFLICT DO NOTHING;
INSERT INTO COLLECTIONS_SONGS (COLLECTION_ID, SONG_ID, NOMOR_DISC, NOMOR_TRACK) VALUES (9, 106, 1, 9) ON CONFLICT DO NOTHING;
INSERT INTO CREATE_SONGS (ARTIST_ID, SONG_ID) VALUES (9, 106) ON CONFLICT DO NOTHING;
INSERT INTO SONGS_GENRES (SONG_ID, GENRE_ID) VALUES (106, 9) ON CONFLICT DO NOTHING;
INSERT INTO SONGS_GENRES (SONG_ID, GENRE_ID) VALUES (106, 11) ON CONFLICT DO NOTHING;
INSERT INTO SONGS (SONG_ID, SONG_TITLE, SONG_DURATION, SONG_FILE, POPULARITY, VALENCE, ACCOUSTICNESS, DANCEABILITY, ENERGY, SONG_RELEASE_DATE) 
                      VALUES (107, 'Slicker Than Most', 157, '/stream/audio_default.mp3', 19, 0.274, 0.472, 0.863, 0.923, '1993-01-01') ON CONFLICT DO NOTHING;
INSERT INTO COLLECTIONS_SONGS (COLLECTION_ID, SONG_ID, NOMOR_DISC, NOMOR_TRACK) VALUES (9, 107, 1, 10) ON CONFLICT DO NOTHING;
INSERT INTO CREATE_SONGS (ARTIST_ID, SONG_ID) VALUES (9, 107) ON CONFLICT DO NOTHING;
INSERT INTO SONGS_GENRES (SONG_ID, GENRE_ID) VALUES (107, 10) ON CONFLICT DO NOTHING;
INSERT INTO SONGS_GENRES (SONG_ID, GENRE_ID) VALUES (107, 11) ON CONFLICT DO NOTHING;
INSERT INTO SONGS (SONG_ID, SONG_TITLE, SONG_DURATION, SONG_FILE, POPULARITY, VALENCE, ACCOUSTICNESS, DANCEABILITY, ENERGY, SONG_RELEASE_DATE) 
                      VALUES (108, 'Le Bien, Le Mal', 202, '/stream/audio_default.mp3', 11, 0.203, 0.853, 0.505, 0.035, '1993-01-01') ON CONFLICT DO NOTHING;
INSERT INTO COLLECTIONS_SONGS (COLLECTION_ID, SONG_ID, NOMOR_DISC, NOMOR_TRACK) VALUES (9, 108, 1, 11) ON CONFLICT DO NOTHING;
INSERT INTO CREATE_SONGS (ARTIST_ID, SONG_ID) VALUES (9, 108) ON CONFLICT DO NOTHING;
INSERT INTO SONGS_GENRES (SONG_ID, GENRE_ID) VALUES (108, 10) ON CONFLICT DO NOTHING;
INSERT INTO SONGS_GENRES (SONG_ID, GENRE_ID) VALUES (108, 11) ON CONFLICT DO NOTHING;
INSERT INTO SONGS (SONG_ID, SONG_TITLE, SONG_DURATION, SONG_FILE, POPULARITY, VALENCE, ACCOUSTICNESS, DANCEABILITY, ENERGY, SONG_RELEASE_DATE) 
                      VALUES (109, 'Sights In The City', 310, '/stream/audio_default.mp3', 83, 0.694, 0.109, 0.228, 0.105, '1993-01-01') ON CONFLICT DO NOTHING;
INSERT INTO COLLECTIONS_SONGS (COLLECTION_ID, SONG_ID, NOMOR_DISC, NOMOR_TRACK) VALUES (9, 109, 1, 12) ON CONFLICT DO NOTHING;
INSERT INTO CREATE_SONGS (ARTIST_ID, SONG_ID) VALUES (9, 109) ON CONFLICT DO NOTHING;
INSERT INTO SONGS_GENRES (SONG_ID, GENRE_ID) VALUES (109, 11) ON CONFLICT DO NOTHING;
INSERT INTO SONGS_GENRES (SONG_ID, GENRE_ID) VALUES (109, 10) ON CONFLICT DO NOTHING;
INSERT INTO ARTISTS (ARTIST_ID, ARTIST_NAME, ARTIST_PFP, MONTHLY_LISTENER_COUNT, ARTIST_EMAIL) VALUES (10, 'Cafe Music BGM channel', 'https://i.scdn.co/image/ab6761610000e5ebc9d9f79c6a9a14c98ef467f4', 282427, 'contact.10@label.com') ON CONFLICT DO NOTHING;
INSERT INTO GENRES (GENRE_ID, GENRE_NAME) VALUES (12, 'jazz') ON CONFLICT DO NOTHING;
INSERT INTO GENRES (GENRE_ID, GENRE_NAME) VALUES (13, 'bossa nova') ON CONFLICT DO NOTHING;
INSERT INTO COLLECTIONS (COLLECTION_ID, COLLECTION_TITLE, COLLECTION_TYPE, COLLECTION_RELEASE_DATE, COLLECTION_COVER, ISPRERELEASE) VALUES (10, 'Christmas Jazz 2025', 'Album', '2025-11-01', 'https://i.scdn.co/image/ab67616d0000b273a2d4d9fcad293448d6c4e753', FALSE) ON CONFLICT DO NOTHING;
INSERT INTO RELEASES (ARTIST_ID, COLLECTION_ID) VALUES (10, 10) ON CONFLICT DO NOTHING;
INSERT INTO SONGS (SONG_ID, SONG_TITLE, SONG_DURATION, SONG_FILE, POPULARITY, VALENCE, ACCOUSTICNESS, DANCEABILITY, ENERGY, SONG_RELEASE_DATE) 
                      VALUES (110, 'Jingle Bells', 142, '/stream/audio_default.mp3', 55, 0.615, 0.227, 0.546, 0.254, '2025-11-01') ON CONFLICT DO NOTHING;
INSERT INTO COLLECTIONS_SONGS (COLLECTION_ID, SONG_ID, NOMOR_DISC, NOMOR_TRACK) VALUES (10, 110, 1, 1) ON CONFLICT DO NOTHING;
INSERT INTO CREATE_SONGS (ARTIST_ID, SONG_ID) VALUES (10, 110) ON CONFLICT DO NOTHING;
INSERT INTO SONGS_GENRES (SONG_ID, GENRE_ID) VALUES (110, 12) ON CONFLICT DO NOTHING;
INSERT INTO SONGS_GENRES (SONG_ID, GENRE_ID) VALUES (110, 13) ON CONFLICT DO NOTHING;
INSERT INTO SONGS (SONG_ID, SONG_TITLE, SONG_DURATION, SONG_FILE, POPULARITY, VALENCE, ACCOUSTICNESS, DANCEABILITY, ENERGY, SONG_RELEASE_DATE) 
                      VALUES (111, 'We Wish You a Merry Christmas', 143, '/stream/audio_default.mp3', 47, 0.764, 0.007, 0.473, 0.46, '2025-11-01') ON CONFLICT DO NOTHING;
INSERT INTO COLLECTIONS_SONGS (COLLECTION_ID, SONG_ID, NOMOR_DISC, NOMOR_TRACK) VALUES (10, 111, 1, 2) ON CONFLICT DO NOTHING;
INSERT INTO CREATE_SONGS (ARTIST_ID, SONG_ID) VALUES (10, 111) ON CONFLICT DO NOTHING;
INSERT INTO SONGS_GENRES (SONG_ID, GENRE_ID) VALUES (111, 13) ON CONFLICT DO NOTHING;
INSERT INTO SONGS_GENRES (SONG_ID, GENRE_ID) VALUES (111, 12) ON CONFLICT DO NOTHING;
INSERT INTO SONGS (SONG_ID, SONG_TITLE, SONG_DURATION, SONG_FILE, POPULARITY, VALENCE, ACCOUSTICNESS, DANCEABILITY, ENERGY, SONG_RELEASE_DATE) 
                      VALUES (112, 'Sleigh Ride', 176, '/stream/audio_default.mp3', 25, 0.012, 0.806, 0.103, 0.605, '2025-11-01') ON CONFLICT DO NOTHING;
INSERT INTO COLLECTIONS_SONGS (COLLECTION_ID, SONG_ID, NOMOR_DISC, NOMOR_TRACK) VALUES (10, 112, 1, 3) ON CONFLICT DO NOTHING;
INSERT INTO CREATE_SONGS (ARTIST_ID, SONG_ID) VALUES (10, 112) ON CONFLICT DO NOTHING;
INSERT INTO SONGS_GENRES (SONG_ID, GENRE_ID) VALUES (112, 13) ON CONFLICT DO NOTHING;
INSERT INTO SONGS_GENRES (SONG_ID, GENRE_ID) VALUES (112, 12) ON CONFLICT DO NOTHING;
INSERT INTO SONGS (SONG_ID, SONG_TITLE, SONG_DURATION, SONG_FILE, POPULARITY, VALENCE, ACCOUSTICNESS, DANCEABILITY, ENERGY, SONG_RELEASE_DATE) 
                      VALUES (113, 'Away in a Manger', 130, '/stream/audio_default.mp3', 49, 0.365, 0.81, 0.226, 0.754, '2025-11-01') ON CONFLICT DO NOTHING;
INSERT INTO COLLECTIONS_SONGS (COLLECTION_ID, SONG_ID, NOMOR_DISC, NOMOR_TRACK) VALUES (10, 113, 1, 4) ON CONFLICT DO NOTHING;
INSERT INTO CREATE_SONGS (ARTIST_ID, SONG_ID) VALUES (10, 113) ON CONFLICT DO NOTHING;
INSERT INTO SONGS_GENRES (SONG_ID, GENRE_ID) VALUES (113, 13) ON CONFLICT DO NOTHING;
INSERT INTO SONGS_GENRES (SONG_ID, GENRE_ID) VALUES (113, 12) ON CONFLICT DO NOTHING;
INSERT INTO SONGS (SONG_ID, SONG_TITLE, SONG_DURATION, SONG_FILE, POPULARITY, VALENCE, ACCOUSTICNESS, DANCEABILITY, ENERGY, SONG_RELEASE_DATE) 
                      VALUES (114, 'Santa Claus is Coming to Town', 144, '/stream/audio_default.mp3', 25, 0.527, 0.286, 0.151, 0.981, '2025-11-01') ON CONFLICT DO NOTHING;
INSERT INTO COLLECTIONS_SONGS (COLLECTION_ID, SONG_ID, NOMOR_DISC, NOMOR_TRACK) VALUES (10, 114, 1, 5) ON CONFLICT DO NOTHING;
INSERT INTO CREATE_SONGS (ARTIST_ID, SONG_ID) VALUES (10, 114) ON CONFLICT DO NOTHING;
INSERT INTO SONGS_GENRES (SONG_ID, GENRE_ID) VALUES (114, 13) ON CONFLICT DO NOTHING;
INSERT INTO SONGS_GENRES (SONG_ID, GENRE_ID) VALUES (114, 12) ON CONFLICT DO NOTHING;
INSERT INTO SONGS (SONG_ID, SONG_TITLE, SONG_DURATION, SONG_FILE, POPULARITY, VALENCE, ACCOUSTICNESS, DANCEABILITY, ENERGY, SONG_RELEASE_DATE) 
                      VALUES (115, 'Up on the Housetop', 131, '/stream/audio_default.mp3', 38, 0.079, 0.066, 0.985, 0.557, '2025-11-01') ON CONFLICT DO NOTHING;
INSERT INTO COLLECTIONS_SONGS (COLLECTION_ID, SONG_ID, NOMOR_DISC, NOMOR_TRACK) VALUES (10, 115, 1, 6) ON CONFLICT DO NOTHING;
INSERT INTO CREATE_SONGS (ARTIST_ID, SONG_ID) VALUES (10, 115) ON CONFLICT DO NOTHING;
INSERT INTO SONGS_GENRES (SONG_ID, GENRE_ID) VALUES (115, 13) ON CONFLICT DO NOTHING;
INSERT INTO SONGS_GENRES (SONG_ID, GENRE_ID) VALUES (115, 12) ON CONFLICT DO NOTHING;
INSERT INTO SONGS (SONG_ID, SONG_TITLE, SONG_DURATION, SONG_FILE, POPULARITY, VALENCE, ACCOUSTICNESS, DANCEABILITY, ENERGY, SONG_RELEASE_DATE) 
                      VALUES (116, 'All I Want for Christmas is You', 138, '/stream/audio_default.mp3', 58, 0.044, 0.966, 0.939, 0.396, '2025-11-01') ON CONFLICT DO NOTHING;
INSERT INTO COLLECTIONS_SONGS (COLLECTION_ID, SONG_ID, NOMOR_DISC, NOMOR_TRACK) VALUES (10, 116, 1, 7) ON CONFLICT DO NOTHING;
INSERT INTO CREATE_SONGS (ARTIST_ID, SONG_ID) VALUES (10, 116) ON CONFLICT DO NOTHING;
INSERT INTO SONGS_GENRES (SONG_ID, GENRE_ID) VALUES (116, 12) ON CONFLICT DO NOTHING;
INSERT INTO SONGS_GENRES (SONG_ID, GENRE_ID) VALUES (116, 13) ON CONFLICT DO NOTHING;
INSERT INTO SONGS (SONG_ID, SONG_TITLE, SONG_DURATION, SONG_FILE, POPULARITY, VALENCE, ACCOUSTICNESS, DANCEABILITY, ENERGY, SONG_RELEASE_DATE) 
                      VALUES (117, 'Last Christmas', 160, '/stream/audio_default.mp3', 14, 0.382, 0.849, 0.707, 0.095, '2025-11-01') ON CONFLICT DO NOTHING;
INSERT INTO COLLECTIONS_SONGS (COLLECTION_ID, SONG_ID, NOMOR_DISC, NOMOR_TRACK) VALUES (10, 117, 1, 8) ON CONFLICT DO NOTHING;
INSERT INTO CREATE_SONGS (ARTIST_ID, SONG_ID) VALUES (10, 117) ON CONFLICT DO NOTHING;
INSERT INTO SONGS_GENRES (SONG_ID, GENRE_ID) VALUES (117, 13) ON CONFLICT DO NOTHING;
INSERT INTO SONGS_GENRES (SONG_ID, GENRE_ID) VALUES (117, 12) ON CONFLICT DO NOTHING;
INSERT INTO SONGS (SONG_ID, SONG_TITLE, SONG_DURATION, SONG_FILE, POPULARITY, VALENCE, ACCOUSTICNESS, DANCEABILITY, ENERGY, SONG_RELEASE_DATE) 
                      VALUES (118, 'Here We Come A-Wassailing', 167, '/stream/audio_default.mp3', 70, 0.046, 0.428, 0.257, 0.648, '2025-11-01') ON CONFLICT DO NOTHING;
INSERT INTO COLLECTIONS_SONGS (COLLECTION_ID, SONG_ID, NOMOR_DISC, NOMOR_TRACK) VALUES (10, 118, 1, 9) ON CONFLICT DO NOTHING;
INSERT INTO CREATE_SONGS (ARTIST_ID, SONG_ID) VALUES (10, 118) ON CONFLICT DO NOTHING;
INSERT INTO SONGS_GENRES (SONG_ID, GENRE_ID) VALUES (118, 12) ON CONFLICT DO NOTHING;
INSERT INTO SONGS_GENRES (SONG_ID, GENRE_ID) VALUES (118, 13) ON CONFLICT DO NOTHING;
INSERT INTO SONGS (SONG_ID, SONG_TITLE, SONG_DURATION, SONG_FILE, POPULARITY, VALENCE, ACCOUSTICNESS, DANCEABILITY, ENERGY, SONG_RELEASE_DATE) 
                      VALUES (119, 'This Christmas', 147, '/stream/audio_default.mp3', 81, 0.212, 0.489, 0.466, 0.867, '2025-11-01') ON CONFLICT DO NOTHING;
INSERT INTO COLLECTIONS_SONGS (COLLECTION_ID, SONG_ID, NOMOR_DISC, NOMOR_TRACK) VALUES (10, 119, 1, 10) ON CONFLICT DO NOTHING;
INSERT INTO CREATE_SONGS (ARTIST_ID, SONG_ID) VALUES (10, 119) ON CONFLICT DO NOTHING;
INSERT INTO SONGS_GENRES (SONG_ID, GENRE_ID) VALUES (119, 13) ON CONFLICT DO NOTHING;
INSERT INTO SONGS_GENRES (SONG_ID, GENRE_ID) VALUES (119, 12) ON CONFLICT DO NOTHING;
INSERT INTO SONGS (SONG_ID, SONG_TITLE, SONG_DURATION, SONG_FILE, POPULARITY, VALENCE, ACCOUSTICNESS, DANCEABILITY, ENERGY, SONG_RELEASE_DATE) 
                      VALUES (120, 'Happy Xmas (War is Over)', 149, '/stream/audio_default.mp3', 32, 0.415, 0.786, 0.946, 0.644, '2025-11-01') ON CONFLICT DO NOTHING;
INSERT INTO COLLECTIONS_SONGS (COLLECTION_ID, SONG_ID, NOMOR_DISC, NOMOR_TRACK) VALUES (10, 120, 1, 11) ON CONFLICT DO NOTHING;
INSERT INTO CREATE_SONGS (ARTIST_ID, SONG_ID) VALUES (10, 120) ON CONFLICT DO NOTHING;
INSERT INTO SONGS_GENRES (SONG_ID, GENRE_ID) VALUES (120, 13) ON CONFLICT DO NOTHING;
INSERT INTO SONGS_GENRES (SONG_ID, GENRE_ID) VALUES (120, 12) ON CONFLICT DO NOTHING;
INSERT INTO SONGS (SONG_ID, SONG_TITLE, SONG_DURATION, SONG_FILE, POPULARITY, VALENCE, ACCOUSTICNESS, DANCEABILITY, ENERGY, SONG_RELEASE_DATE) 
                      VALUES (121, 'Rudolph The Red Nosed Reindeer', 136, '/stream/audio_default.mp3', 87, 0.875, 0.549, 0.934, 0.022, '2025-11-01') ON CONFLICT DO NOTHING;
INSERT INTO COLLECTIONS_SONGS (COLLECTION_ID, SONG_ID, NOMOR_DISC, NOMOR_TRACK) VALUES (10, 121, 1, 12) ON CONFLICT DO NOTHING;
INSERT INTO CREATE_SONGS (ARTIST_ID, SONG_ID) VALUES (10, 121) ON CONFLICT DO NOTHING;
INSERT INTO SONGS_GENRES (SONG_ID, GENRE_ID) VALUES (121, 13) ON CONFLICT DO NOTHING;
INSERT INTO SONGS_GENRES (SONG_ID, GENRE_ID) VALUES (121, 12) ON CONFLICT DO NOTHING;
INSERT INTO SONGS (SONG_ID, SONG_TITLE, SONG_DURATION, SONG_FILE, POPULARITY, VALENCE, ACCOUSTICNESS, DANCEABILITY, ENERGY, SONG_RELEASE_DATE) 
                      VALUES (122, 'Silent Night', 134, '/stream/audio_default.mp3', 23, 0.092, 0.336, 0.673, 0.721, '2025-11-01') ON CONFLICT DO NOTHING;
INSERT INTO COLLECTIONS_SONGS (COLLECTION_ID, SONG_ID, NOMOR_DISC, NOMOR_TRACK) VALUES (10, 122, 1, 13) ON CONFLICT DO NOTHING;
INSERT INTO CREATE_SONGS (ARTIST_ID, SONG_ID) VALUES (10, 122) ON CONFLICT DO NOTHING;
INSERT INTO SONGS_GENRES (SONG_ID, GENRE_ID) VALUES (122, 12) ON CONFLICT DO NOTHING;
INSERT INTO SONGS_GENRES (SONG_ID, GENRE_ID) VALUES (122, 13) ON CONFLICT DO NOTHING;
INSERT INTO SONGS (SONG_ID, SONG_TITLE, SONG_DURATION, SONG_FILE, POPULARITY, VALENCE, ACCOUSTICNESS, DANCEABILITY, ENERGY, SONG_RELEASE_DATE) 
                      VALUES (123, 'Jolly Old Saint Nicholas', 140, '/stream/audio_default.mp3', 72, 0.101, 0.136, 0.201, 0.573, '2025-11-01') ON CONFLICT DO NOTHING;
INSERT INTO COLLECTIONS_SONGS (COLLECTION_ID, SONG_ID, NOMOR_DISC, NOMOR_TRACK) VALUES (10, 123, 1, 14) ON CONFLICT DO NOTHING;
INSERT INTO CREATE_SONGS (ARTIST_ID, SONG_ID) VALUES (10, 123) ON CONFLICT DO NOTHING;
INSERT INTO SONGS_GENRES (SONG_ID, GENRE_ID) VALUES (123, 12) ON CONFLICT DO NOTHING;
INSERT INTO SONGS_GENRES (SONG_ID, GENRE_ID) VALUES (123, 13) ON CONFLICT DO NOTHING;
INSERT INTO SONGS (SONG_ID, SONG_TITLE, SONG_DURATION, SONG_FILE, POPULARITY, VALENCE, ACCOUSTICNESS, DANCEABILITY, ENERGY, SONG_RELEASE_DATE) 
                      VALUES (124, 'Winter Wonderland', 144, '/stream/audio_default.mp3', 64, 0.041, 0.796, 0.96, 0.872, '2025-11-01') ON CONFLICT DO NOTHING;
INSERT INTO COLLECTIONS_SONGS (COLLECTION_ID, SONG_ID, NOMOR_DISC, NOMOR_TRACK) VALUES (10, 124, 1, 15) ON CONFLICT DO NOTHING;
INSERT INTO CREATE_SONGS (ARTIST_ID, SONG_ID) VALUES (10, 124) ON CONFLICT DO NOTHING;
INSERT INTO SONGS_GENRES (SONG_ID, GENRE_ID) VALUES (124, 12) ON CONFLICT DO NOTHING;
INSERT INTO SONGS_GENRES (SONG_ID, GENRE_ID) VALUES (124, 13) ON CONFLICT DO NOTHING;
INSERT INTO SONGS (SONG_ID, SONG_TITLE, SONG_DURATION, SONG_FILE, POPULARITY, VALENCE, ACCOUSTICNESS, DANCEABILITY, ENERGY, SONG_RELEASE_DATE) 
                      VALUES (125, 'O Come, All Ye Faithful', 139, '/stream/audio_default.mp3', 25, 0.263, 0.47, 0.138, 0.112, '2025-11-01') ON CONFLICT DO NOTHING;
INSERT INTO COLLECTIONS_SONGS (COLLECTION_ID, SONG_ID, NOMOR_DISC, NOMOR_TRACK) VALUES (10, 125, 1, 16) ON CONFLICT DO NOTHING;
INSERT INTO CREATE_SONGS (ARTIST_ID, SONG_ID) VALUES (10, 125) ON CONFLICT DO NOTHING;
INSERT INTO SONGS_GENRES (SONG_ID, GENRE_ID) VALUES (125, 12) ON CONFLICT DO NOTHING;
INSERT INTO SONGS_GENRES (SONG_ID, GENRE_ID) VALUES (125, 13) ON CONFLICT DO NOTHING;
INSERT INTO SONGS (SONG_ID, SONG_TITLE, SONG_DURATION, SONG_FILE, POPULARITY, VALENCE, ACCOUSTICNESS, DANCEABILITY, ENERGY, SONG_RELEASE_DATE) 
                      VALUES (126, 'Deck the Halls', 136, '/stream/audio_default.mp3', 42, 0.024, 0.86, 0.428, 0.345, '2025-11-01') ON CONFLICT DO NOTHING;
INSERT INTO COLLECTIONS_SONGS (COLLECTION_ID, SONG_ID, NOMOR_DISC, NOMOR_TRACK) VALUES (10, 126, 1, 17) ON CONFLICT DO NOTHING;
INSERT INTO CREATE_SONGS (ARTIST_ID, SONG_ID) VALUES (10, 126) ON CONFLICT DO NOTHING;
INSERT INTO SONGS_GENRES (SONG_ID, GENRE_ID) VALUES (126, 12) ON CONFLICT DO NOTHING;
INSERT INTO SONGS_GENRES (SONG_ID, GENRE_ID) VALUES (126, 13) ON CONFLICT DO NOTHING;
INSERT INTO SONGS (SONG_ID, SONG_TITLE, SONG_DURATION, SONG_FILE, POPULARITY, VALENCE, ACCOUSTICNESS, DANCEABILITY, ENERGY, SONG_RELEASE_DATE) 
                      VALUES (127, 'Amazing Grace', 172, '/stream/audio_default.mp3', 34, 0.2, 0.559, 0.486, 0.736, '2025-11-01') ON CONFLICT DO NOTHING;
INSERT INTO COLLECTIONS_SONGS (COLLECTION_ID, SONG_ID, NOMOR_DISC, NOMOR_TRACK) VALUES (10, 127, 1, 18) ON CONFLICT DO NOTHING;
INSERT INTO CREATE_SONGS (ARTIST_ID, SONG_ID) VALUES (10, 127) ON CONFLICT DO NOTHING;
INSERT INTO SONGS_GENRES (SONG_ID, GENRE_ID) VALUES (127, 12) ON CONFLICT DO NOTHING;
INSERT INTO SONGS_GENRES (SONG_ID, GENRE_ID) VALUES (127, 13) ON CONFLICT DO NOTHING;
INSERT INTO SONGS (SONG_ID, SONG_TITLE, SONG_DURATION, SONG_FILE, POPULARITY, VALENCE, ACCOUSTICNESS, DANCEABILITY, ENERGY, SONG_RELEASE_DATE) 
                      VALUES (128, 'I Saw Mommy Kissing Santa Claus', 146, '/stream/audio_default.mp3', 28, 0.52, 0.008, 0.438, 0.307, '2025-11-01') ON CONFLICT DO NOTHING;
INSERT INTO COLLECTIONS_SONGS (COLLECTION_ID, SONG_ID, NOMOR_DISC, NOMOR_TRACK) VALUES (10, 128, 1, 19) ON CONFLICT DO NOTHING;
INSERT INTO CREATE_SONGS (ARTIST_ID, SONG_ID) VALUES (10, 128) ON CONFLICT DO NOTHING;
INSERT INTO SONGS_GENRES (SONG_ID, GENRE_ID) VALUES (128, 13) ON CONFLICT DO NOTHING;
INSERT INTO SONGS_GENRES (SONG_ID, GENRE_ID) VALUES (128, 12) ON CONFLICT DO NOTHING;
INSERT INTO SONGS (SONG_ID, SONG_TITLE, SONG_DURATION, SONG_FILE, POPULARITY, VALENCE, ACCOUSTICNESS, DANCEABILITY, ENERGY, SONG_RELEASE_DATE) 
                      VALUES (129, 'While Shepherds Watched Their Flocks By Night', 140, '/stream/audio_default.mp3', 13, 0.538, 0.448, 0.267, 0.544, '2025-11-01') ON CONFLICT DO NOTHING;
INSERT INTO COLLECTIONS_SONGS (COLLECTION_ID, SONG_ID, NOMOR_DISC, NOMOR_TRACK) VALUES (10, 129, 1, 20) ON CONFLICT DO NOTHING;
INSERT INTO CREATE_SONGS (ARTIST_ID, SONG_ID) VALUES (10, 129) ON CONFLICT DO NOTHING;
INSERT INTO SONGS_GENRES (SONG_ID, GENRE_ID) VALUES (129, 13) ON CONFLICT DO NOTHING;
INSERT INTO SONGS_GENRES (SONG_ID, GENRE_ID) VALUES (129, 12) ON CONFLICT DO NOTHING;
INSERT INTO SONGS (SONG_ID, SONG_TITLE, SONG_DURATION, SONG_FILE, POPULARITY, VALENCE, ACCOUSTICNESS, DANCEABILITY, ENERGY, SONG_RELEASE_DATE) 
                      VALUES (130, 'Twinkle Twinkle Little Star', 135, '/stream/audio_default.mp3', 88, 0.983, 0.674, 0.407, 0.923, '2025-11-01') ON CONFLICT DO NOTHING;
INSERT INTO COLLECTIONS_SONGS (COLLECTION_ID, SONG_ID, NOMOR_DISC, NOMOR_TRACK) VALUES (10, 130, 1, 21) ON CONFLICT DO NOTHING;
INSERT INTO CREATE_SONGS (ARTIST_ID, SONG_ID) VALUES (10, 130) ON CONFLICT DO NOTHING;
INSERT INTO SONGS_GENRES (SONG_ID, GENRE_ID) VALUES (130, 13) ON CONFLICT DO NOTHING;
INSERT INTO SONGS_GENRES (SONG_ID, GENRE_ID) VALUES (130, 12) ON CONFLICT DO NOTHING;
INSERT INTO SONGS (SONG_ID, SONG_TITLE, SONG_DURATION, SONG_FILE, POPULARITY, VALENCE, ACCOUSTICNESS, DANCEABILITY, ENERGY, SONG_RELEASE_DATE) 
                      VALUES (131, 'Ding Dong Merrily on High', 162, '/stream/audio_default.mp3', 81, 0.149, 0.964, 0.266, 0.378, '2025-11-01') ON CONFLICT DO NOTHING;
INSERT INTO COLLECTIONS_SONGS (COLLECTION_ID, SONG_ID, NOMOR_DISC, NOMOR_TRACK) VALUES (10, 131, 1, 22) ON CONFLICT DO NOTHING;
INSERT INTO CREATE_SONGS (ARTIST_ID, SONG_ID) VALUES (10, 131) ON CONFLICT DO NOTHING;
INSERT INTO SONGS_GENRES (SONG_ID, GENRE_ID) VALUES (131, 13) ON CONFLICT DO NOTHING;
INSERT INTO SONGS_GENRES (SONG_ID, GENRE_ID) VALUES (131, 12) ON CONFLICT DO NOTHING;
INSERT INTO SONGS (SONG_ID, SONG_TITLE, SONG_DURATION, SONG_FILE, POPULARITY, VALENCE, ACCOUSTICNESS, DANCEABILITY, ENERGY, SONG_RELEASE_DATE) 
                      VALUES (132, 'White Christmas', 172, '/stream/audio_default.mp3', 24, 0.348, 0.353, 0.995, 0.821, '2025-11-01') ON CONFLICT DO NOTHING;
INSERT INTO COLLECTIONS_SONGS (COLLECTION_ID, SONG_ID, NOMOR_DISC, NOMOR_TRACK) VALUES (10, 132, 1, 23) ON CONFLICT DO NOTHING;
INSERT INTO CREATE_SONGS (ARTIST_ID, SONG_ID) VALUES (10, 132) ON CONFLICT DO NOTHING;
INSERT INTO SONGS_GENRES (SONG_ID, GENRE_ID) VALUES (132, 13) ON CONFLICT DO NOTHING;
INSERT INTO SONGS_GENRES (SONG_ID, GENRE_ID) VALUES (132, 12) ON CONFLICT DO NOTHING;
INSERT INTO SONGS (SONG_ID, SONG_TITLE, SONG_DURATION, SONG_FILE, POPULARITY, VALENCE, ACCOUSTICNESS, DANCEABILITY, ENERGY, SONG_RELEASE_DATE) 
                      VALUES (133, 'A Holly Jolly Christmas', 141, '/stream/audio_default.mp3', 52, 0.946, 0.166, 0.126, 0.889, '2025-11-01') ON CONFLICT DO NOTHING;
INSERT INTO COLLECTIONS_SONGS (COLLECTION_ID, SONG_ID, NOMOR_DISC, NOMOR_TRACK) VALUES (10, 133, 1, 24) ON CONFLICT DO NOTHING;
INSERT INTO CREATE_SONGS (ARTIST_ID, SONG_ID) VALUES (10, 133) ON CONFLICT DO NOTHING;
INSERT INTO SONGS_GENRES (SONG_ID, GENRE_ID) VALUES (133, 12) ON CONFLICT DO NOTHING;
INSERT INTO SONGS_GENRES (SONG_ID, GENRE_ID) VALUES (133, 13) ON CONFLICT DO NOTHING;
INSERT INTO SONGS (SONG_ID, SONG_TITLE, SONG_DURATION, SONG_FILE, POPULARITY, VALENCE, ACCOUSTICNESS, DANCEABILITY, ENERGY, SONG_RELEASE_DATE) 
                      VALUES (134, 'Angels We Have Heard on High', 164, '/stream/audio_default.mp3', 49, 0.671, 0.249, 0.577, 0.402, '2025-11-01') ON CONFLICT DO NOTHING;
INSERT INTO COLLECTIONS_SONGS (COLLECTION_ID, SONG_ID, NOMOR_DISC, NOMOR_TRACK) VALUES (10, 134, 1, 25) ON CONFLICT DO NOTHING;
INSERT INTO CREATE_SONGS (ARTIST_ID, SONG_ID) VALUES (10, 134) ON CONFLICT DO NOTHING;
INSERT INTO SONGS_GENRES (SONG_ID, GENRE_ID) VALUES (134, 12) ON CONFLICT DO NOTHING;
INSERT INTO SONGS_GENRES (SONG_ID, GENRE_ID) VALUES (134, 13) ON CONFLICT DO NOTHING;
INSERT INTO SONGS (SONG_ID, SONG_TITLE, SONG_DURATION, SONG_FILE, POPULARITY, VALENCE, ACCOUSTICNESS, DANCEABILITY, ENERGY, SONG_RELEASE_DATE) 
                      VALUES (135, 'God Rest Ye Merry, Gentlemen', 142, '/stream/audio_default.mp3', 41, 0.483, 0.639, 0.898, 0.32, '2025-11-01') ON CONFLICT DO NOTHING;
INSERT INTO COLLECTIONS_SONGS (COLLECTION_ID, SONG_ID, NOMOR_DISC, NOMOR_TRACK) VALUES (10, 135, 1, 26) ON CONFLICT DO NOTHING;
INSERT INTO CREATE_SONGS (ARTIST_ID, SONG_ID) VALUES (10, 135) ON CONFLICT DO NOTHING;
INSERT INTO SONGS_GENRES (SONG_ID, GENRE_ID) VALUES (135, 13) ON CONFLICT DO NOTHING;
INSERT INTO SONGS_GENRES (SONG_ID, GENRE_ID) VALUES (135, 12) ON CONFLICT DO NOTHING;
INSERT INTO SONGS (SONG_ID, SONG_TITLE, SONG_DURATION, SONG_FILE, POPULARITY, VALENCE, ACCOUSTICNESS, DANCEABILITY, ENERGY, SONG_RELEASE_DATE) 
                      VALUES (136, 'The Christmas Song', 144, '/stream/audio_default.mp3', 24, 0.75, 0.617, 0.718, 0.24, '2025-11-01') ON CONFLICT DO NOTHING;
INSERT INTO COLLECTIONS_SONGS (COLLECTION_ID, SONG_ID, NOMOR_DISC, NOMOR_TRACK) VALUES (10, 136, 1, 27) ON CONFLICT DO NOTHING;
INSERT INTO CREATE_SONGS (ARTIST_ID, SONG_ID) VALUES (10, 136) ON CONFLICT DO NOTHING;
INSERT INTO SONGS_GENRES (SONG_ID, GENRE_ID) VALUES (136, 12) ON CONFLICT DO NOTHING;
INSERT INTO SONGS_GENRES (SONG_ID, GENRE_ID) VALUES (136, 13) ON CONFLICT DO NOTHING;
INSERT INTO SONGS (SONG_ID, SONG_TITLE, SONG_DURATION, SONG_FILE, POPULARITY, VALENCE, ACCOUSTICNESS, DANCEABILITY, ENERGY, SONG_RELEASE_DATE) 
                      VALUES (137, 'The First Noel', 130, '/stream/audio_default.mp3', 50, 0.48, 0.102, 0.072, 0.435, '2025-11-01') ON CONFLICT DO NOTHING;
INSERT INTO COLLECTIONS_SONGS (COLLECTION_ID, SONG_ID, NOMOR_DISC, NOMOR_TRACK) VALUES (10, 137, 1, 28) ON CONFLICT DO NOTHING;
INSERT INTO CREATE_SONGS (ARTIST_ID, SONG_ID) VALUES (10, 137) ON CONFLICT DO NOTHING;
INSERT INTO SONGS_GENRES (SONG_ID, GENRE_ID) VALUES (137, 12) ON CONFLICT DO NOTHING;
INSERT INTO SONGS_GENRES (SONG_ID, GENRE_ID) VALUES (137, 13) ON CONFLICT DO NOTHING;
INSERT INTO SONGS (SONG_ID, SONG_TITLE, SONG_DURATION, SONG_FILE, POPULARITY, VALENCE, ACCOUSTICNESS, DANCEABILITY, ENERGY, SONG_RELEASE_DATE) 
                      VALUES (138, 'Blue Christmas', 157, '/stream/audio_default.mp3', 65, 0.531, 0.29, 0.653, 0.758, '2025-11-01') ON CONFLICT DO NOTHING;
INSERT INTO COLLECTIONS_SONGS (COLLECTION_ID, SONG_ID, NOMOR_DISC, NOMOR_TRACK) VALUES (10, 138, 1, 29) ON CONFLICT DO NOTHING;
INSERT INTO CREATE_SONGS (ARTIST_ID, SONG_ID) VALUES (10, 138) ON CONFLICT DO NOTHING;
INSERT INTO SONGS_GENRES (SONG_ID, GENRE_ID) VALUES (138, 13) ON CONFLICT DO NOTHING;
INSERT INTO SONGS_GENRES (SONG_ID, GENRE_ID) VALUES (138, 12) ON CONFLICT DO NOTHING;
INSERT INTO SONGS (SONG_ID, SONG_TITLE, SONG_DURATION, SONG_FILE, POPULARITY, VALENCE, ACCOUSTICNESS, DANCEABILITY, ENERGY, SONG_RELEASE_DATE) 
                      VALUES (139, 'The Holly and the Ivy', 137, '/stream/audio_default.mp3', 37, 0.819, 0.454, 0.244, 0.848, '2025-11-01') ON CONFLICT DO NOTHING;
INSERT INTO COLLECTIONS_SONGS (COLLECTION_ID, SONG_ID, NOMOR_DISC, NOMOR_TRACK) VALUES (10, 139, 1, 30) ON CONFLICT DO NOTHING;
INSERT INTO CREATE_SONGS (ARTIST_ID, SONG_ID) VALUES (10, 139) ON CONFLICT DO NOTHING;
INSERT INTO SONGS_GENRES (SONG_ID, GENRE_ID) VALUES (139, 13) ON CONFLICT DO NOTHING;
INSERT INTO SONGS_GENRES (SONG_ID, GENRE_ID) VALUES (139, 12) ON CONFLICT DO NOTHING;
INSERT INTO SONGS (SONG_ID, SONG_TITLE, SONG_DURATION, SONG_FILE, POPULARITY, VALENCE, ACCOUSTICNESS, DANCEABILITY, ENERGY, SONG_RELEASE_DATE) 
                      VALUES (140, 'Auld Lang Syne', 128, '/stream/audio_default.mp3', 83, 0.939, 0.414, 0.481, 0.28, '2025-11-01') ON CONFLICT DO NOTHING;
INSERT INTO COLLECTIONS_SONGS (COLLECTION_ID, SONG_ID, NOMOR_DISC, NOMOR_TRACK) VALUES (10, 140, 1, 31) ON CONFLICT DO NOTHING;
INSERT INTO CREATE_SONGS (ARTIST_ID, SONG_ID) VALUES (10, 140) ON CONFLICT DO NOTHING;
INSERT INTO SONGS_GENRES (SONG_ID, GENRE_ID) VALUES (140, 12) ON CONFLICT DO NOTHING;
INSERT INTO SONGS_GENRES (SONG_ID, GENRE_ID) VALUES (140, 13) ON CONFLICT DO NOTHING;
INSERT INTO SONGS (SONG_ID, SONG_TITLE, SONG_DURATION, SONG_FILE, POPULARITY, VALENCE, ACCOUSTICNESS, DANCEABILITY, ENERGY, SONG_RELEASE_DATE) 
                      VALUES (141, 'Have Yourself a Merry Little Christmas', 135, '/stream/audio_default.mp3', 40, 0.102, 0.021, 0.393, 0.086, '2025-11-01') ON CONFLICT DO NOTHING;
INSERT INTO COLLECTIONS_SONGS (COLLECTION_ID, SONG_ID, NOMOR_DISC, NOMOR_TRACK) VALUES (10, 141, 1, 32) ON CONFLICT DO NOTHING;
INSERT INTO CREATE_SONGS (ARTIST_ID, SONG_ID) VALUES (10, 141) ON CONFLICT DO NOTHING;
INSERT INTO SONGS_GENRES (SONG_ID, GENRE_ID) VALUES (141, 13) ON CONFLICT DO NOTHING;
INSERT INTO SONGS_GENRES (SONG_ID, GENRE_ID) VALUES (141, 12) ON CONFLICT DO NOTHING;
INSERT INTO SONGS (SONG_ID, SONG_TITLE, SONG_DURATION, SONG_FILE, POPULARITY, VALENCE, ACCOUSTICNESS, DANCEABILITY, ENERGY, SONG_RELEASE_DATE) 
                      VALUES (142, 'The Snows They Melt the Soonest', 134, '/stream/audio_default.mp3', 28, 0.664, 0.246, 0.331, 0.524, '2025-11-01') ON CONFLICT DO NOTHING;
INSERT INTO COLLECTIONS_SONGS (COLLECTION_ID, SONG_ID, NOMOR_DISC, NOMOR_TRACK) VALUES (10, 142, 1, 33) ON CONFLICT DO NOTHING;
INSERT INTO CREATE_SONGS (ARTIST_ID, SONG_ID) VALUES (10, 142) ON CONFLICT DO NOTHING;
INSERT INTO SONGS_GENRES (SONG_ID, GENRE_ID) VALUES (142, 13) ON CONFLICT DO NOTHING;
INSERT INTO SONGS_GENRES (SONG_ID, GENRE_ID) VALUES (142, 12) ON CONFLICT DO NOTHING;
INSERT INTO SONGS (SONG_ID, SONG_TITLE, SONG_DURATION, SONG_FILE, POPULARITY, VALENCE, ACCOUSTICNESS, DANCEABILITY, ENERGY, SONG_RELEASE_DATE) 
                      VALUES (143, 'Joy to the World', 128, '/stream/audio_default.mp3', 56, 0.402, 0.833, 0.386, 0.617, '2025-11-01') ON CONFLICT DO NOTHING;
INSERT INTO COLLECTIONS_SONGS (COLLECTION_ID, SONG_ID, NOMOR_DISC, NOMOR_TRACK) VALUES (10, 143, 1, 34) ON CONFLICT DO NOTHING;
INSERT INTO CREATE_SONGS (ARTIST_ID, SONG_ID) VALUES (10, 143) ON CONFLICT DO NOTHING;
INSERT INTO SONGS_GENRES (SONG_ID, GENRE_ID) VALUES (143, 13) ON CONFLICT DO NOTHING;
INSERT INTO SONGS_GENRES (SONG_ID, GENRE_ID) VALUES (143, 12) ON CONFLICT DO NOTHING;
INSERT INTO SONGS (SONG_ID, SONG_TITLE, SONG_DURATION, SONG_FILE, POPULARITY, VALENCE, ACCOUSTICNESS, DANCEABILITY, ENERGY, SONG_RELEASE_DATE) 
                      VALUES (144, 'Let It Snow', 129, '/stream/audio_default.mp3', 85, 0.311, 0.98, 0.858, 0.655, '2025-11-01') ON CONFLICT DO NOTHING;
INSERT INTO COLLECTIONS_SONGS (COLLECTION_ID, SONG_ID, NOMOR_DISC, NOMOR_TRACK) VALUES (10, 144, 1, 35) ON CONFLICT DO NOTHING;
INSERT INTO CREATE_SONGS (ARTIST_ID, SONG_ID) VALUES (10, 144) ON CONFLICT DO NOTHING;
INSERT INTO SONGS_GENRES (SONG_ID, GENRE_ID) VALUES (144, 12) ON CONFLICT DO NOTHING;
INSERT INTO SONGS_GENRES (SONG_ID, GENRE_ID) VALUES (144, 13) ON CONFLICT DO NOTHING;
INSERT INTO SONGS (SONG_ID, SONG_TITLE, SONG_DURATION, SONG_FILE, POPULARITY, VALENCE, ACCOUSTICNESS, DANCEABILITY, ENERGY, SONG_RELEASE_DATE) 
                      VALUES (145, 'O Little Town of Bethlehem', 141, '/stream/audio_default.mp3', 19, 0.711, 0.169, 0.101, 0.724, '2025-11-01') ON CONFLICT DO NOTHING;
INSERT INTO COLLECTIONS_SONGS (COLLECTION_ID, SONG_ID, NOMOR_DISC, NOMOR_TRACK) VALUES (10, 145, 1, 36) ON CONFLICT DO NOTHING;
INSERT INTO CREATE_SONGS (ARTIST_ID, SONG_ID) VALUES (10, 145) ON CONFLICT DO NOTHING;
INSERT INTO SONGS_GENRES (SONG_ID, GENRE_ID) VALUES (145, 13) ON CONFLICT DO NOTHING;
INSERT INTO SONGS_GENRES (SONG_ID, GENRE_ID) VALUES (145, 12) ON CONFLICT DO NOTHING;
INSERT INTO SONGS (SONG_ID, SONG_TITLE, SONG_DURATION, SONG_FILE, POPULARITY, VALENCE, ACCOUSTICNESS, DANCEABILITY, ENERGY, SONG_RELEASE_DATE) 
                      VALUES (146, 'O Christmas Tree', 146, '/stream/audio_default.mp3', 32, 0.072, 0.837, 0.464, 0.15, '2025-11-01') ON CONFLICT DO NOTHING;
INSERT INTO COLLECTIONS_SONGS (COLLECTION_ID, SONG_ID, NOMOR_DISC, NOMOR_TRACK) VALUES (10, 146, 1, 37) ON CONFLICT DO NOTHING;
INSERT INTO CREATE_SONGS (ARTIST_ID, SONG_ID) VALUES (10, 146) ON CONFLICT DO NOTHING;
INSERT INTO SONGS_GENRES (SONG_ID, GENRE_ID) VALUES (146, 12) ON CONFLICT DO NOTHING;
INSERT INTO SONGS_GENRES (SONG_ID, GENRE_ID) VALUES (146, 13) ON CONFLICT DO NOTHING;
INSERT INTO SONGS (SONG_ID, SONG_TITLE, SONG_DURATION, SONG_FILE, POPULARITY, VALENCE, ACCOUSTICNESS, DANCEABILITY, ENERGY, SONG_RELEASE_DATE) 
                      VALUES (147, 'We Three Kings of Orient are', 142, '/stream/audio_default.mp3', 35, 0.933, 0.5, 0.558, 0.054, '2025-11-01') ON CONFLICT DO NOTHING;
INSERT INTO COLLECTIONS_SONGS (COLLECTION_ID, SONG_ID, NOMOR_DISC, NOMOR_TRACK) VALUES (10, 147, 1, 38) ON CONFLICT DO NOTHING;
INSERT INTO CREATE_SONGS (ARTIST_ID, SONG_ID) VALUES (10, 147) ON CONFLICT DO NOTHING;
INSERT INTO SONGS_GENRES (SONG_ID, GENRE_ID) VALUES (147, 12) ON CONFLICT DO NOTHING;
INSERT INTO SONGS_GENRES (SONG_ID, GENRE_ID) VALUES (147, 13) ON CONFLICT DO NOTHING;
INSERT INTO SONGS (SONG_ID, SONG_TITLE, SONG_DURATION, SONG_FILE, POPULARITY, VALENCE, ACCOUSTICNESS, DANCEABILITY, ENERGY, SONG_RELEASE_DATE) 
                      VALUES (148, 'I Saw Three Ships', 140, '/stream/audio_default.mp3', 52, 0.25, 0.012, 0.098, 0.058, '2025-11-01') ON CONFLICT DO NOTHING;
INSERT INTO COLLECTIONS_SONGS (COLLECTION_ID, SONG_ID, NOMOR_DISC, NOMOR_TRACK) VALUES (10, 148, 1, 39) ON CONFLICT DO NOTHING;
INSERT INTO CREATE_SONGS (ARTIST_ID, SONG_ID) VALUES (10, 148) ON CONFLICT DO NOTHING;
INSERT INTO SONGS_GENRES (SONG_ID, GENRE_ID) VALUES (148, 12) ON CONFLICT DO NOTHING;
INSERT INTO SONGS_GENRES (SONG_ID, GENRE_ID) VALUES (148, 13) ON CONFLICT DO NOTHING;
INSERT INTO SONGS (SONG_ID, SONG_TITLE, SONG_DURATION, SONG_FILE, POPULARITY, VALENCE, ACCOUSTICNESS, DANCEABILITY, ENERGY, SONG_RELEASE_DATE) 
                      VALUES (149, 'Frosty the Snowman', 151, '/stream/audio_default.mp3', 31, 0.89, 0.698, 0.031, 0.171, '2025-11-01') ON CONFLICT DO NOTHING;
INSERT INTO COLLECTIONS_SONGS (COLLECTION_ID, SONG_ID, NOMOR_DISC, NOMOR_TRACK) VALUES (10, 149, 1, 40) ON CONFLICT DO NOTHING;
INSERT INTO CREATE_SONGS (ARTIST_ID, SONG_ID) VALUES (10, 149) ON CONFLICT DO NOTHING;
INSERT INTO SONGS_GENRES (SONG_ID, GENRE_ID) VALUES (149, 13) ON CONFLICT DO NOTHING;
INSERT INTO SONGS_GENRES (SONG_ID, GENRE_ID) VALUES (149, 12) ON CONFLICT DO NOTHING;
INSERT INTO SONGS (SONG_ID, SONG_TITLE, SONG_DURATION, SONG_FILE, POPULARITY, VALENCE, ACCOUSTICNESS, DANCEABILITY, ENERGY, SONG_RELEASE_DATE) 
                      VALUES (150, 'Jingle Bells ~Ballad ver.~', 138, '/stream/audio_default.mp3', 23, 0.073, 0.172, 0.609, 0.613, '2025-11-01') ON CONFLICT DO NOTHING;
INSERT INTO COLLECTIONS_SONGS (COLLECTION_ID, SONG_ID, NOMOR_DISC, NOMOR_TRACK) VALUES (10, 150, 1, 41) ON CONFLICT DO NOTHING;
INSERT INTO CREATE_SONGS (ARTIST_ID, SONG_ID) VALUES (10, 150) ON CONFLICT DO NOTHING;
INSERT INTO SONGS_GENRES (SONG_ID, GENRE_ID) VALUES (150, 12) ON CONFLICT DO NOTHING;
INSERT INTO SONGS_GENRES (SONG_ID, GENRE_ID) VALUES (150, 13) ON CONFLICT DO NOTHING;
INSERT INTO SONGS (SONG_ID, SONG_TITLE, SONG_DURATION, SONG_FILE, POPULARITY, VALENCE, ACCOUSTICNESS, DANCEABILITY, ENERGY, SONG_RELEASE_DATE) 
                      VALUES (151, 'Once in Royal David''s City', 145, '/stream/audio_default.mp3', 32, 0.829, 0.09, 0.519, 0.845, '2025-11-01') ON CONFLICT DO NOTHING;
INSERT INTO COLLECTIONS_SONGS (COLLECTION_ID, SONG_ID, NOMOR_DISC, NOMOR_TRACK) VALUES (10, 151, 1, 42) ON CONFLICT DO NOTHING;
INSERT INTO CREATE_SONGS (ARTIST_ID, SONG_ID) VALUES (10, 151) ON CONFLICT DO NOTHING;
INSERT INTO SONGS_GENRES (SONG_ID, GENRE_ID) VALUES (151, 13) ON CONFLICT DO NOTHING;
INSERT INTO SONGS_GENRES (SONG_ID, GENRE_ID) VALUES (151, 12) ON CONFLICT DO NOTHING;
INSERT INTO SONGS (SONG_ID, SONG_TITLE, SONG_DURATION, SONG_FILE, POPULARITY, VALENCE, ACCOUSTICNESS, DANCEABILITY, ENERGY, SONG_RELEASE_DATE) 
                      VALUES (152, 'See, Amid the Winter''s Snow', 131, '/stream/audio_default.mp3', 14, 0.748, 0.676, 0.883, 0.947, '2025-11-01') ON CONFLICT DO NOTHING;
INSERT INTO COLLECTIONS_SONGS (COLLECTION_ID, SONG_ID, NOMOR_DISC, NOMOR_TRACK) VALUES (10, 152, 1, 43) ON CONFLICT DO NOTHING;
INSERT INTO CREATE_SONGS (ARTIST_ID, SONG_ID) VALUES (10, 152) ON CONFLICT DO NOTHING;
INSERT INTO SONGS_GENRES (SONG_ID, GENRE_ID) VALUES (152, 12) ON CONFLICT DO NOTHING;
INSERT INTO SONGS_GENRES (SONG_ID, GENRE_ID) VALUES (152, 13) ON CONFLICT DO NOTHING;
INSERT INTO SONGS (SONG_ID, SONG_TITLE, SONG_DURATION, SONG_FILE, POPULARITY, VALENCE, ACCOUSTICNESS, DANCEABILITY, ENERGY, SONG_RELEASE_DATE) 
                      VALUES (153, 'All I Want for Christmas is You ~Ballad ver.~', 189, '/stream/audio_default.mp3', 79, 0.835, 0.355, 0.126, 0.603, '2025-11-01') ON CONFLICT DO NOTHING;
INSERT INTO COLLECTIONS_SONGS (COLLECTION_ID, SONG_ID, NOMOR_DISC, NOMOR_TRACK) VALUES (10, 153, 1, 44) ON CONFLICT DO NOTHING;
INSERT INTO CREATE_SONGS (ARTIST_ID, SONG_ID) VALUES (10, 153) ON CONFLICT DO NOTHING;
INSERT INTO SONGS_GENRES (SONG_ID, GENRE_ID) VALUES (153, 12) ON CONFLICT DO NOTHING;
INSERT INTO SONGS_GENRES (SONG_ID, GENRE_ID) VALUES (153, 13) ON CONFLICT DO NOTHING;
INSERT INTO SONGS (SONG_ID, SONG_TITLE, SONG_DURATION, SONG_FILE, POPULARITY, VALENCE, ACCOUSTICNESS, DANCEABILITY, ENERGY, SONG_RELEASE_DATE) 
                      VALUES (154, 'Hark! The Herald Angels Sing', 125, '/stream/audio_default.mp3', 36, 0.632, 0.971, 0.755, 0.109, '2025-11-01') ON CONFLICT DO NOTHING;
INSERT INTO COLLECTIONS_SONGS (COLLECTION_ID, SONG_ID, NOMOR_DISC, NOMOR_TRACK) VALUES (10, 154, 1, 45) ON CONFLICT DO NOTHING;
INSERT INTO CREATE_SONGS (ARTIST_ID, SONG_ID) VALUES (10, 154) ON CONFLICT DO NOTHING;
INSERT INTO SONGS_GENRES (SONG_ID, GENRE_ID) VALUES (154, 12) ON CONFLICT DO NOTHING;
INSERT INTO SONGS_GENRES (SONG_ID, GENRE_ID) VALUES (154, 13) ON CONFLICT DO NOTHING;
INSERT INTO SONGS (SONG_ID, SONG_TITLE, SONG_DURATION, SONG_FILE, POPULARITY, VALENCE, ACCOUSTICNESS, DANCEABILITY, ENERGY, SONG_RELEASE_DATE) 
                      VALUES (155, 'Rudolph the Red Nosed Reindeer ~Swing ver.~', 165, '/stream/audio_default.mp3', 75, 0.959, 0.428, 0.331, 0.293, '2025-11-01') ON CONFLICT DO NOTHING;
INSERT INTO COLLECTIONS_SONGS (COLLECTION_ID, SONG_ID, NOMOR_DISC, NOMOR_TRACK) VALUES (10, 155, 1, 46) ON CONFLICT DO NOTHING;
INSERT INTO CREATE_SONGS (ARTIST_ID, SONG_ID) VALUES (10, 155) ON CONFLICT DO NOTHING;
INSERT INTO SONGS_GENRES (SONG_ID, GENRE_ID) VALUES (155, 13) ON CONFLICT DO NOTHING;
INSERT INTO SONGS_GENRES (SONG_ID, GENRE_ID) VALUES (155, 12) ON CONFLICT DO NOTHING;
INSERT INTO SONGS (SONG_ID, SONG_TITLE, SONG_DURATION, SONG_FILE, POPULARITY, VALENCE, ACCOUSTICNESS, DANCEABILITY, ENERGY, SONG_RELEASE_DATE) 
                      VALUES (156, 'O Holy Night', 159, '/stream/audio_default.mp3', 70, 0.374, 0.251, 0.911, 0.032, '2025-11-01') ON CONFLICT DO NOTHING;
INSERT INTO COLLECTIONS_SONGS (COLLECTION_ID, SONG_ID, NOMOR_DISC, NOMOR_TRACK) VALUES (10, 156, 1, 47) ON CONFLICT DO NOTHING;
INSERT INTO CREATE_SONGS (ARTIST_ID, SONG_ID) VALUES (10, 156) ON CONFLICT DO NOTHING;
INSERT INTO SONGS_GENRES (SONG_ID, GENRE_ID) VALUES (156, 13) ON CONFLICT DO NOTHING;
INSERT INTO SONGS_GENRES (SONG_ID, GENRE_ID) VALUES (156, 12) ON CONFLICT DO NOTHING;
INSERT INTO SONGS (SONG_ID, SONG_TITLE, SONG_DURATION, SONG_FILE, POPULARITY, VALENCE, ACCOUSTICNESS, DANCEABILITY, ENERGY, SONG_RELEASE_DATE) 
                      VALUES (157, 'Last Christmas ~Ballad ver.~', 169, '/stream/audio_default.mp3', 86, 0.097, 0.451, 0.055, 0.768, '2025-11-01') ON CONFLICT DO NOTHING;
INSERT INTO COLLECTIONS_SONGS (COLLECTION_ID, SONG_ID, NOMOR_DISC, NOMOR_TRACK) VALUES (10, 157, 1, 48) ON CONFLICT DO NOTHING;
INSERT INTO CREATE_SONGS (ARTIST_ID, SONG_ID) VALUES (10, 157) ON CONFLICT DO NOTHING;
INSERT INTO SONGS_GENRES (SONG_ID, GENRE_ID) VALUES (157, 12) ON CONFLICT DO NOTHING;
INSERT INTO SONGS_GENRES (SONG_ID, GENRE_ID) VALUES (157, 13) ON CONFLICT DO NOTHING;
INSERT INTO SONGS (SONG_ID, SONG_TITLE, SONG_DURATION, SONG_FILE, POPULARITY, VALENCE, ACCOUSTICNESS, DANCEABILITY, ENERGY, SONG_RELEASE_DATE) 
                      VALUES (158, 'What Child is This?', 155, '/stream/audio_default.mp3', 90, 0.581, 0.28, 0.536, 0.151, '2025-11-01') ON CONFLICT DO NOTHING;
INSERT INTO COLLECTIONS_SONGS (COLLECTION_ID, SONG_ID, NOMOR_DISC, NOMOR_TRACK) VALUES (10, 158, 1, 49) ON CONFLICT DO NOTHING;
INSERT INTO CREATE_SONGS (ARTIST_ID, SONG_ID) VALUES (10, 158) ON CONFLICT DO NOTHING;
INSERT INTO SONGS_GENRES (SONG_ID, GENRE_ID) VALUES (158, 13) ON CONFLICT DO NOTHING;
INSERT INTO SONGS_GENRES (SONG_ID, GENRE_ID) VALUES (158, 12) ON CONFLICT DO NOTHING;
INSERT INTO SONGS (SONG_ID, SONG_TITLE, SONG_DURATION, SONG_FILE, POPULARITY, VALENCE, ACCOUSTICNESS, DANCEABILITY, ENERGY, SONG_RELEASE_DATE) 
                      VALUES (159, 'It Came Upon a Midnight Clear', 148, '/stream/audio_default.mp3', 84, 0.25, 0.162, 0.43, 0.53, '2025-11-01') ON CONFLICT DO NOTHING;
INSERT INTO COLLECTIONS_SONGS (COLLECTION_ID, SONG_ID, NOMOR_DISC, NOMOR_TRACK) VALUES (10, 159, 1, 50) ON CONFLICT DO NOTHING;
INSERT INTO CREATE_SONGS (ARTIST_ID, SONG_ID) VALUES (10, 159) ON CONFLICT DO NOTHING;
INSERT INTO SONGS_GENRES (SONG_ID, GENRE_ID) VALUES (159, 12) ON CONFLICT DO NOTHING;
INSERT INTO SONGS_GENRES (SONG_ID, GENRE_ID) VALUES (159, 13) ON CONFLICT DO NOTHING;
INSERT INTO ARTISTS (ARTIST_ID, ARTIST_NAME, ARTIST_PFP, MONTHLY_LISTENER_COUNT, ARTIST_EMAIL) VALUES (11, 'Cozy Coffee Shop', 'https://i.scdn.co/image/ab6761610000e5eb7be2b0db4df55c1463e41f39', 10462, 'contact.11@label.com') ON CONFLICT DO NOTHING;
INSERT INTO COLLECTIONS (COLLECTION_ID, COLLECTION_TITLE, COLLECTION_TYPE, COLLECTION_RELEASE_DATE, COLLECTION_COVER, ISPRERELEASE) VALUES (11, 'Jazz Coffee Shop', 'Album', '2023-11-18', 'https://i.scdn.co/image/ab67616d0000b273ccefb893426871c530a2a761', FALSE) ON CONFLICT DO NOTHING;
INSERT INTO RELEASES (ARTIST_ID, COLLECTION_ID) VALUES (11, 11) ON CONFLICT DO NOTHING;
INSERT INTO SONGS (SONG_ID, SONG_TITLE, SONG_DURATION, SONG_FILE, POPULARITY, VALENCE, ACCOUSTICNESS, DANCEABILITY, ENERGY, SONG_RELEASE_DATE) 
                      VALUES (160, 'Living In Paradise', 213, '/stream/audio_default.mp3', 58, 0.61, 0.638, 0.673, 0.168, '2023-11-18') ON CONFLICT DO NOTHING;
INSERT INTO COLLECTIONS_SONGS (COLLECTION_ID, SONG_ID, NOMOR_DISC, NOMOR_TRACK) VALUES (11, 160, 1, 1) ON CONFLICT DO NOTHING;
INSERT INTO CREATE_SONGS (ARTIST_ID, SONG_ID) VALUES (11, 160) ON CONFLICT DO NOTHING;
INSERT INTO SONGS_GENRES (SONG_ID, GENRE_ID) VALUES (160, 12) ON CONFLICT DO NOTHING;
INSERT INTO SONGS (SONG_ID, SONG_TITLE, SONG_DURATION, SONG_FILE, POPULARITY, VALENCE, ACCOUSTICNESS, DANCEABILITY, ENERGY, SONG_RELEASE_DATE) 
                      VALUES (161, 'Forget the Moonlight', 188, '/stream/audio_default.mp3', 81, 0.311, 0.824, 0.028, 0.302, '2023-11-18') ON CONFLICT DO NOTHING;
INSERT INTO COLLECTIONS_SONGS (COLLECTION_ID, SONG_ID, NOMOR_DISC, NOMOR_TRACK) VALUES (11, 161, 1, 2) ON CONFLICT DO NOTHING;
INSERT INTO CREATE_SONGS (ARTIST_ID, SONG_ID) VALUES (11, 161) ON CONFLICT DO NOTHING;
INSERT INTO SONGS_GENRES (SONG_ID, GENRE_ID) VALUES (161, 12) ON CONFLICT DO NOTHING;
INSERT INTO SONGS (SONG_ID, SONG_TITLE, SONG_DURATION, SONG_FILE, POPULARITY, VALENCE, ACCOUSTICNESS, DANCEABILITY, ENERGY, SONG_RELEASE_DATE) 
                      VALUES (162, 'Quietude', 196, '/stream/audio_default.mp3', 54, 0.629, 0.531, 0.951, 0.39, '2023-11-18') ON CONFLICT DO NOTHING;
INSERT INTO COLLECTIONS_SONGS (COLLECTION_ID, SONG_ID, NOMOR_DISC, NOMOR_TRACK) VALUES (11, 162, 1, 3) ON CONFLICT DO NOTHING;
INSERT INTO CREATE_SONGS (ARTIST_ID, SONG_ID) VALUES (11, 162) ON CONFLICT DO NOTHING;
INSERT INTO SONGS_GENRES (SONG_ID, GENRE_ID) VALUES (162, 12) ON CONFLICT DO NOTHING;
INSERT INTO SONGS (SONG_ID, SONG_TITLE, SONG_DURATION, SONG_FILE, POPULARITY, VALENCE, ACCOUSTICNESS, DANCEABILITY, ENERGY, SONG_RELEASE_DATE) 
                      VALUES (163, 'Moonrays', 183, '/stream/audio_default.mp3', 44, 0.023, 0.642, 0.649, 0.596, '2023-11-18') ON CONFLICT DO NOTHING;
INSERT INTO COLLECTIONS_SONGS (COLLECTION_ID, SONG_ID, NOMOR_DISC, NOMOR_TRACK) VALUES (11, 163, 1, 4) ON CONFLICT DO NOTHING;
INSERT INTO CREATE_SONGS (ARTIST_ID, SONG_ID) VALUES (11, 163) ON CONFLICT DO NOTHING;
INSERT INTO SONGS_GENRES (SONG_ID, GENRE_ID) VALUES (163, 12) ON CONFLICT DO NOTHING;
INSERT INTO SONGS (SONG_ID, SONG_TITLE, SONG_DURATION, SONG_FILE, POPULARITY, VALENCE, ACCOUSTICNESS, DANCEABILITY, ENERGY, SONG_RELEASE_DATE) 
                      VALUES (164, 'A Gentle Reminder', 188, '/stream/audio_default.mp3', 90, 0.924, 0.313, 0.298, 0.681, '2023-11-18') ON CONFLICT DO NOTHING;
INSERT INTO COLLECTIONS_SONGS (COLLECTION_ID, SONG_ID, NOMOR_DISC, NOMOR_TRACK) VALUES (11, 164, 1, 5) ON CONFLICT DO NOTHING;
INSERT INTO CREATE_SONGS (ARTIST_ID, SONG_ID) VALUES (11, 164) ON CONFLICT DO NOTHING;
INSERT INTO SONGS_GENRES (SONG_ID, GENRE_ID) VALUES (164, 12) ON CONFLICT DO NOTHING;
INSERT INTO SONGS (SONG_ID, SONG_TITLE, SONG_DURATION, SONG_FILE, POPULARITY, VALENCE, ACCOUSTICNESS, DANCEABILITY, ENERGY, SONG_RELEASE_DATE) 
                      VALUES (165, 'I’m Sentimental', 246, '/stream/audio_default.mp3', 18, 0.536, 0.337, 0.302, 0.065, '2023-11-18') ON CONFLICT DO NOTHING;
INSERT INTO COLLECTIONS_SONGS (COLLECTION_ID, SONG_ID, NOMOR_DISC, NOMOR_TRACK) VALUES (11, 165, 1, 6) ON CONFLICT DO NOTHING;
INSERT INTO CREATE_SONGS (ARTIST_ID, SONG_ID) VALUES (11, 165) ON CONFLICT DO NOTHING;
INSERT INTO SONGS_GENRES (SONG_ID, GENRE_ID) VALUES (165, 12) ON CONFLICT DO NOTHING;
INSERT INTO SONGS (SONG_ID, SONG_TITLE, SONG_DURATION, SONG_FILE, POPULARITY, VALENCE, ACCOUSTICNESS, DANCEABILITY, ENERGY, SONG_RELEASE_DATE) 
                      VALUES (166, 'Feathers', 215, '/stream/audio_default.mp3', 65, 0.827, 0.531, 0.629, 0.195, '2023-11-18') ON CONFLICT DO NOTHING;
INSERT INTO COLLECTIONS_SONGS (COLLECTION_ID, SONG_ID, NOMOR_DISC, NOMOR_TRACK) VALUES (11, 166, 1, 7) ON CONFLICT DO NOTHING;
INSERT INTO CREATE_SONGS (ARTIST_ID, SONG_ID) VALUES (11, 166) ON CONFLICT DO NOTHING;
INSERT INTO SONGS_GENRES (SONG_ID, GENRE_ID) VALUES (166, 12) ON CONFLICT DO NOTHING;
INSERT INTO SONGS (SONG_ID, SONG_TITLE, SONG_DURATION, SONG_FILE, POPULARITY, VALENCE, ACCOUSTICNESS, DANCEABILITY, ENERGY, SONG_RELEASE_DATE) 
                      VALUES (167, 'Momentum', 185, '/stream/audio_default.mp3', 14, 0.773, 0.898, 0.13, 0.757, '2023-11-18') ON CONFLICT DO NOTHING;
INSERT INTO COLLECTIONS_SONGS (COLLECTION_ID, SONG_ID, NOMOR_DISC, NOMOR_TRACK) VALUES (11, 167, 1, 8) ON CONFLICT DO NOTHING;
INSERT INTO CREATE_SONGS (ARTIST_ID, SONG_ID) VALUES (11, 167) ON CONFLICT DO NOTHING;
INSERT INTO SONGS_GENRES (SONG_ID, GENRE_ID) VALUES (167, 12) ON CONFLICT DO NOTHING;
INSERT INTO SONGS (SONG_ID, SONG_TITLE, SONG_DURATION, SONG_FILE, POPULARITY, VALENCE, ACCOUSTICNESS, DANCEABILITY, ENERGY, SONG_RELEASE_DATE) 
                      VALUES (168, 'Prelude to a Kiss', 194, '/stream/audio_default.mp3', 69, 0.591, 0.5, 0.818, 0.86, '2023-11-18') ON CONFLICT DO NOTHING;
INSERT INTO COLLECTIONS_SONGS (COLLECTION_ID, SONG_ID, NOMOR_DISC, NOMOR_TRACK) VALUES (11, 168, 1, 9) ON CONFLICT DO NOTHING;
INSERT INTO CREATE_SONGS (ARTIST_ID, SONG_ID) VALUES (11, 168) ON CONFLICT DO NOTHING;
INSERT INTO SONGS_GENRES (SONG_ID, GENRE_ID) VALUES (168, 12) ON CONFLICT DO NOTHING;
INSERT INTO SONGS (SONG_ID, SONG_TITLE, SONG_DURATION, SONG_FILE, POPULARITY, VALENCE, ACCOUSTICNESS, DANCEABILITY, ENERGY, SONG_RELEASE_DATE) 
                      VALUES (169, 'Think Forward', 264, '/stream/audio_default.mp3', 10, 0.138, 0.953, 0.808, 0.938, '2023-11-18') ON CONFLICT DO NOTHING;
INSERT INTO COLLECTIONS_SONGS (COLLECTION_ID, SONG_ID, NOMOR_DISC, NOMOR_TRACK) VALUES (11, 169, 1, 10) ON CONFLICT DO NOTHING;
INSERT INTO CREATE_SONGS (ARTIST_ID, SONG_ID) VALUES (11, 169) ON CONFLICT DO NOTHING;
INSERT INTO SONGS_GENRES (SONG_ID, GENRE_ID) VALUES (169, 12) ON CONFLICT DO NOTHING;
INSERT INTO ARTISTS (ARTIST_ID, ARTIST_NAME, ARTIST_PFP, MONTHLY_LISTENER_COUNT, ARTIST_EMAIL) VALUES (12, 'TIME MAZE', 'https://i.scdn.co/image/ab6761610000e5eb746a6687ad1d1bde1aa38b60', 588, 'contact.12@label.com') ON CONFLICT DO NOTHING;
INSERT INTO COLLECTIONS (COLLECTION_ID, COLLECTION_TITLE, COLLECTION_TYPE, COLLECTION_RELEASE_DATE, COLLECTION_COVER, ISPRERELEASE) VALUES (12, 'Jazz Tone', 'Album', '2022-02-14', 'https://i.scdn.co/image/ab67616d0000b273f90dc32815ead290df29c805', FALSE) ON CONFLICT DO NOTHING;
INSERT INTO RELEASES (ARTIST_ID, COLLECTION_ID) VALUES (12, 12) ON CONFLICT DO NOTHING;
INSERT INTO SONGS (SONG_ID, SONG_TITLE, SONG_DURATION, SONG_FILE, POPULARITY, VALENCE, ACCOUSTICNESS, DANCEABILITY, ENERGY, SONG_RELEASE_DATE) 
                      VALUES (170, 'Soulmate', 159, '/stream/audio_default.mp3', 87, 0.974, 0.256, 0.97, 0.772, '2022-02-14') ON CONFLICT DO NOTHING;
INSERT INTO COLLECTIONS_SONGS (COLLECTION_ID, SONG_ID, NOMOR_DISC, NOMOR_TRACK) VALUES (12, 170, 1, 1) ON CONFLICT DO NOTHING;
INSERT INTO CREATE_SONGS (ARTIST_ID, SONG_ID) VALUES (12, 170) ON CONFLICT DO NOTHING;
INSERT INTO SONGS_GENRES (SONG_ID, GENRE_ID) VALUES (170, 10) ON CONFLICT DO NOTHING;
INSERT INTO SONGS_GENRES (SONG_ID, GENRE_ID) VALUES (170, 1) ON CONFLICT DO NOTHING;
INSERT INTO SONGS (SONG_ID, SONG_TITLE, SONG_DURATION, SONG_FILE, POPULARITY, VALENCE, ACCOUSTICNESS, DANCEABILITY, ENERGY, SONG_RELEASE_DATE) 
                      VALUES (171, 'Yellowed', 172, '/stream/audio_default.mp3', 11, 0.582, 0.728, 0.573, 0.566, '2022-02-14') ON CONFLICT DO NOTHING;
INSERT INTO COLLECTIONS_SONGS (COLLECTION_ID, SONG_ID, NOMOR_DISC, NOMOR_TRACK) VALUES (12, 171, 1, 2) ON CONFLICT DO NOTHING;
INSERT INTO CREATE_SONGS (ARTIST_ID, SONG_ID) VALUES (12, 171) ON CONFLICT DO NOTHING;
INSERT INTO SONGS_GENRES (SONG_ID, GENRE_ID) VALUES (171, 11) ON CONFLICT DO NOTHING;
INSERT INTO SONGS_GENRES (SONG_ID, GENRE_ID) VALUES (171, 10) ON CONFLICT DO NOTHING;
INSERT INTO SONGS (SONG_ID, SONG_TITLE, SONG_DURATION, SONG_FILE, POPULARITY, VALENCE, ACCOUSTICNESS, DANCEABILITY, ENERGY, SONG_RELEASE_DATE) 
                      VALUES (172, 'Odd Tale', 150, '/stream/audio_default.mp3', 51, 0.671, 0.204, 0.679, 0.579, '2022-02-14') ON CONFLICT DO NOTHING;
INSERT INTO COLLECTIONS_SONGS (COLLECTION_ID, SONG_ID, NOMOR_DISC, NOMOR_TRACK) VALUES (12, 172, 1, 3) ON CONFLICT DO NOTHING;
INSERT INTO CREATE_SONGS (ARTIST_ID, SONG_ID) VALUES (12, 172) ON CONFLICT DO NOTHING;
INSERT INTO SONGS_GENRES (SONG_ID, GENRE_ID) VALUES (172, 10) ON CONFLICT DO NOTHING;
INSERT INTO SONGS_GENRES (SONG_ID, GENRE_ID) VALUES (172, 9) ON CONFLICT DO NOTHING;
INSERT INTO SONGS (SONG_ID, SONG_TITLE, SONG_DURATION, SONG_FILE, POPULARITY, VALENCE, ACCOUSTICNESS, DANCEABILITY, ENERGY, SONG_RELEASE_DATE) 
                      VALUES (173, 'Cigar Smoke', 159, '/stream/audio_default.mp3', 39, 0.491, 0.571, 0.298, 0.336, '2022-02-14') ON CONFLICT DO NOTHING;
INSERT INTO COLLECTIONS_SONGS (COLLECTION_ID, SONG_ID, NOMOR_DISC, NOMOR_TRACK) VALUES (12, 173, 1, 4) ON CONFLICT DO NOTHING;
INSERT INTO CREATE_SONGS (ARTIST_ID, SONG_ID) VALUES (12, 173) ON CONFLICT DO NOTHING;
INSERT INTO SONGS_GENRES (SONG_ID, GENRE_ID) VALUES (173, 4) ON CONFLICT DO NOTHING;
INSERT INTO SONGS_GENRES (SONG_ID, GENRE_ID) VALUES (173, 1) ON CONFLICT DO NOTHING;
INSERT INTO SONGS (SONG_ID, SONG_TITLE, SONG_DURATION, SONG_FILE, POPULARITY, VALENCE, ACCOUSTICNESS, DANCEABILITY, ENERGY, SONG_RELEASE_DATE) 
                      VALUES (174, 'Love Every Moment', 162, '/stream/audio_default.mp3', 14, 0.224, 0.056, 0.474, 0.496, '2022-02-14') ON CONFLICT DO NOTHING;
INSERT INTO COLLECTIONS_SONGS (COLLECTION_ID, SONG_ID, NOMOR_DISC, NOMOR_TRACK) VALUES (12, 174, 1, 5) ON CONFLICT DO NOTHING;
INSERT INTO CREATE_SONGS (ARTIST_ID, SONG_ID) VALUES (12, 174) ON CONFLICT DO NOTHING;
INSERT INTO SONGS_GENRES (SONG_ID, GENRE_ID) VALUES (174, 6) ON CONFLICT DO NOTHING;
INSERT INTO SONGS_GENRES (SONG_ID, GENRE_ID) VALUES (174, 5) ON CONFLICT DO NOTHING;
INSERT INTO SONGS (SONG_ID, SONG_TITLE, SONG_DURATION, SONG_FILE, POPULARITY, VALENCE, ACCOUSTICNESS, DANCEABILITY, ENERGY, SONG_RELEASE_DATE) 
                      VALUES (175, 'Sweet Caramel', 156, '/stream/audio_default.mp3', 74, 0.786, 0.372, 0.222, 0.783, '2022-02-14') ON CONFLICT DO NOTHING;
INSERT INTO COLLECTIONS_SONGS (COLLECTION_ID, SONG_ID, NOMOR_DISC, NOMOR_TRACK) VALUES (12, 175, 1, 6) ON CONFLICT DO NOTHING;
INSERT INTO CREATE_SONGS (ARTIST_ID, SONG_ID) VALUES (12, 175) ON CONFLICT DO NOTHING;
INSERT INTO SONGS_GENRES (SONG_ID, GENRE_ID) VALUES (175, 12) ON CONFLICT DO NOTHING;
INSERT INTO SONGS_GENRES (SONG_ID, GENRE_ID) VALUES (175, 9) ON CONFLICT DO NOTHING;
INSERT INTO SONGS (SONG_ID, SONG_TITLE, SONG_DURATION, SONG_FILE, POPULARITY, VALENCE, ACCOUSTICNESS, DANCEABILITY, ENERGY, SONG_RELEASE_DATE) 
                      VALUES (176, 'Blue Cloud', 161, '/stream/audio_default.mp3', 54, 0.074, 0.865, 0.853, 0.197, '2022-02-14') ON CONFLICT DO NOTHING;
INSERT INTO COLLECTIONS_SONGS (COLLECTION_ID, SONG_ID, NOMOR_DISC, NOMOR_TRACK) VALUES (12, 176, 1, 7) ON CONFLICT DO NOTHING;
INSERT INTO CREATE_SONGS (ARTIST_ID, SONG_ID) VALUES (12, 176) ON CONFLICT DO NOTHING;
INSERT INTO SONGS_GENRES (SONG_ID, GENRE_ID) VALUES (176, 10) ON CONFLICT DO NOTHING;
INSERT INTO SONGS_GENRES (SONG_ID, GENRE_ID) VALUES (176, 11) ON CONFLICT DO NOTHING;
INSERT INTO SONGS (SONG_ID, SONG_TITLE, SONG_DURATION, SONG_FILE, POPULARITY, VALENCE, ACCOUSTICNESS, DANCEABILITY, ENERGY, SONG_RELEASE_DATE) 
                      VALUES (177, 'Thinking of You', 171, '/stream/audio_default.mp3', 89, 0.44, 0.416, 0.714, 0.21, '2022-02-14') ON CONFLICT DO NOTHING;
INSERT INTO COLLECTIONS_SONGS (COLLECTION_ID, SONG_ID, NOMOR_DISC, NOMOR_TRACK) VALUES (12, 177, 1, 8) ON CONFLICT DO NOTHING;
INSERT INTO CREATE_SONGS (ARTIST_ID, SONG_ID) VALUES (12, 177) ON CONFLICT DO NOTHING;
INSERT INTO SONGS_GENRES (SONG_ID, GENRE_ID) VALUES (177, 1) ON CONFLICT DO NOTHING;
INSERT INTO SONGS_GENRES (SONG_ID, GENRE_ID) VALUES (177, 8) ON CONFLICT DO NOTHING;
INSERT INTO SONGS (SONG_ID, SONG_TITLE, SONG_DURATION, SONG_FILE, POPULARITY, VALENCE, ACCOUSTICNESS, DANCEABILITY, ENERGY, SONG_RELEASE_DATE) 
                      VALUES (178, 'Eventually', 168, '/stream/audio_default.mp3', 22, 0.776, 0.716, 0.144, 0.733, '2022-02-14') ON CONFLICT DO NOTHING;
INSERT INTO COLLECTIONS_SONGS (COLLECTION_ID, SONG_ID, NOMOR_DISC, NOMOR_TRACK) VALUES (12, 178, 1, 9) ON CONFLICT DO NOTHING;
INSERT INTO CREATE_SONGS (ARTIST_ID, SONG_ID) VALUES (12, 178) ON CONFLICT DO NOTHING;
INSERT INTO SONGS_GENRES (SONG_ID, GENRE_ID) VALUES (178, 10) ON CONFLICT DO NOTHING;
INSERT INTO SONGS_GENRES (SONG_ID, GENRE_ID) VALUES (178, 9) ON CONFLICT DO NOTHING;
INSERT INTO SONGS (SONG_ID, SONG_TITLE, SONG_DURATION, SONG_FILE, POPULARITY, VALENCE, ACCOUSTICNESS, DANCEABILITY, ENERGY, SONG_RELEASE_DATE) 
                      VALUES (179, 'Cobblestone', 147, '/stream/audio_default.mp3', 71, 0.67, 0.296, 0.308, 0.089, '2022-02-14') ON CONFLICT DO NOTHING;
INSERT INTO COLLECTIONS_SONGS (COLLECTION_ID, SONG_ID, NOMOR_DISC, NOMOR_TRACK) VALUES (12, 179, 1, 10) ON CONFLICT DO NOTHING;
INSERT INTO CREATE_SONGS (ARTIST_ID, SONG_ID) VALUES (12, 179) ON CONFLICT DO NOTHING;
INSERT INTO SONGS_GENRES (SONG_ID, GENRE_ID) VALUES (179, 12) ON CONFLICT DO NOTHING;
INSERT INTO SONGS_GENRES (SONG_ID, GENRE_ID) VALUES (179, 10) ON CONFLICT DO NOTHING;
INSERT INTO SONGS (SONG_ID, SONG_TITLE, SONG_DURATION, SONG_FILE, POPULARITY, VALENCE, ACCOUSTICNESS, DANCEABILITY, ENERGY, SONG_RELEASE_DATE) 
                      VALUES (180, 'Jazz Breath', 164, '/stream/audio_default.mp3', 85, 0.503, 0.572, 0.223, 0.779, '2022-02-14') ON CONFLICT DO NOTHING;
INSERT INTO COLLECTIONS_SONGS (COLLECTION_ID, SONG_ID, NOMOR_DISC, NOMOR_TRACK) VALUES (12, 180, 1, 11) ON CONFLICT DO NOTHING;
INSERT INTO CREATE_SONGS (ARTIST_ID, SONG_ID) VALUES (12, 180) ON CONFLICT DO NOTHING;
INSERT INTO SONGS_GENRES (SONG_ID, GENRE_ID) VALUES (180, 8) ON CONFLICT DO NOTHING;
INSERT INTO SONGS_GENRES (SONG_ID, GENRE_ID) VALUES (180, 1) ON CONFLICT DO NOTHING;
INSERT INTO SONGS (SONG_ID, SONG_TITLE, SONG_DURATION, SONG_FILE, POPULARITY, VALENCE, ACCOUSTICNESS, DANCEABILITY, ENERGY, SONG_RELEASE_DATE) 
                      VALUES (181, 'Brighter', 172, '/stream/audio_default.mp3', 11, 0.053, 0.962, 0.42, 0.498, '2022-02-14') ON CONFLICT DO NOTHING;
INSERT INTO COLLECTIONS_SONGS (COLLECTION_ID, SONG_ID, NOMOR_DISC, NOMOR_TRACK) VALUES (12, 181, 1, 12) ON CONFLICT DO NOTHING;
INSERT INTO CREATE_SONGS (ARTIST_ID, SONG_ID) VALUES (12, 181) ON CONFLICT DO NOTHING;
INSERT INTO SONGS_GENRES (SONG_ID, GENRE_ID) VALUES (181, 3) ON CONFLICT DO NOTHING;
INSERT INTO SONGS_GENRES (SONG_ID, GENRE_ID) VALUES (181, 9) ON CONFLICT DO NOTHING;
INSERT INTO SONGS (SONG_ID, SONG_TITLE, SONG_DURATION, SONG_FILE, POPULARITY, VALENCE, ACCOUSTICNESS, DANCEABILITY, ENERGY, SONG_RELEASE_DATE) 
                      VALUES (182, 'The Croon', 167, '/stream/audio_default.mp3', 53, 0.018, 0.64, 0.812, 0.559, '2022-02-14') ON CONFLICT DO NOTHING;
INSERT INTO COLLECTIONS_SONGS (COLLECTION_ID, SONG_ID, NOMOR_DISC, NOMOR_TRACK) VALUES (12, 182, 1, 13) ON CONFLICT DO NOTHING;
INSERT INTO CREATE_SONGS (ARTIST_ID, SONG_ID) VALUES (12, 182) ON CONFLICT DO NOTHING;
INSERT INTO SONGS_GENRES (SONG_ID, GENRE_ID) VALUES (182, 5) ON CONFLICT DO NOTHING;
INSERT INTO SONGS_GENRES (SONG_ID, GENRE_ID) VALUES (182, 11) ON CONFLICT DO NOTHING;
INSERT INTO SONGS (SONG_ID, SONG_TITLE, SONG_DURATION, SONG_FILE, POPULARITY, VALENCE, ACCOUSTICNESS, DANCEABILITY, ENERGY, SONG_RELEASE_DATE) 
                      VALUES (183, 'Soft Sway', 169, '/stream/audio_default.mp3', 14, 0.43, 0.005, 0.036, 0.1, '2022-02-14') ON CONFLICT DO NOTHING;
INSERT INTO COLLECTIONS_SONGS (COLLECTION_ID, SONG_ID, NOMOR_DISC, NOMOR_TRACK) VALUES (12, 183, 1, 14) ON CONFLICT DO NOTHING;
INSERT INTO CREATE_SONGS (ARTIST_ID, SONG_ID) VALUES (12, 183) ON CONFLICT DO NOTHING;
INSERT INTO SONGS_GENRES (SONG_ID, GENRE_ID) VALUES (183, 9) ON CONFLICT DO NOTHING;
INSERT INTO SONGS_GENRES (SONG_ID, GENRE_ID) VALUES (183, 2) ON CONFLICT DO NOTHING;
INSERT INTO SONGS (SONG_ID, SONG_TITLE, SONG_DURATION, SONG_FILE, POPULARITY, VALENCE, ACCOUSTICNESS, DANCEABILITY, ENERGY, SONG_RELEASE_DATE) 
                      VALUES (184, 'Naked Shadow', 156, '/stream/audio_default.mp3', 43, 0.151, 0.291, 0.973, 0.787, '2022-02-14') ON CONFLICT DO NOTHING;
INSERT INTO COLLECTIONS_SONGS (COLLECTION_ID, SONG_ID, NOMOR_DISC, NOMOR_TRACK) VALUES (12, 184, 1, 15) ON CONFLICT DO NOTHING;
INSERT INTO CREATE_SONGS (ARTIST_ID, SONG_ID) VALUES (12, 184) ON CONFLICT DO NOTHING;
INSERT INTO SONGS_GENRES (SONG_ID, GENRE_ID) VALUES (184, 2) ON CONFLICT DO NOTHING;
INSERT INTO SONGS_GENRES (SONG_ID, GENRE_ID) VALUES (184, 7) ON CONFLICT DO NOTHING;
INSERT INTO ARTISTS (ARTIST_ID, ARTIST_NAME, ARTIST_PFP, MONTHLY_LISTENER_COUNT, ARTIST_EMAIL) VALUES (13, 'Hudson Harris & Haim', 'https://i.scdn.co/image/ab6761610000e5eb1e61b18468ad10f6cd01d7b3', 2257, 'contact.13@label.com') ON CONFLICT DO NOTHING;
INSERT INTO COLLECTIONS (COLLECTION_ID, COLLECTION_TITLE, COLLECTION_TYPE, COLLECTION_RELEASE_DATE, COLLECTION_COVER, ISPRERELEASE) VALUES (13, 'Jazz at Night', 'Album', '2022-02-04', 'https://i.scdn.co/image/ab67616d0000b27380c90679a3a2f90f2a408524', FALSE) ON CONFLICT DO NOTHING;
INSERT INTO RELEASES (ARTIST_ID, COLLECTION_ID) VALUES (13, 13) ON CONFLICT DO NOTHING;
INSERT INTO SONGS (SONG_ID, SONG_TITLE, SONG_DURATION, SONG_FILE, POPULARITY, VALENCE, ACCOUSTICNESS, DANCEABILITY, ENERGY, SONG_RELEASE_DATE) 
                      VALUES (185, 'For All We Know', 264, '/stream/audio_default.mp3', 53, 0.542, 0.956, 0.458, 0.571, '2022-02-04') ON CONFLICT DO NOTHING;
INSERT INTO COLLECTIONS_SONGS (COLLECTION_ID, SONG_ID, NOMOR_DISC, NOMOR_TRACK) VALUES (13, 185, 1, 1) ON CONFLICT DO NOTHING;
INSERT INTO CREATE_SONGS (ARTIST_ID, SONG_ID) VALUES (13, 185) ON CONFLICT DO NOTHING;
INSERT INTO SONGS_GENRES (SONG_ID, GENRE_ID) VALUES (185, 12) ON CONFLICT DO NOTHING;
INSERT INTO SONGS (SONG_ID, SONG_TITLE, SONG_DURATION, SONG_FILE, POPULARITY, VALENCE, ACCOUSTICNESS, DANCEABILITY, ENERGY, SONG_RELEASE_DATE) 
                      VALUES (186, 'Ain''t Misbehavin', 196, '/stream/audio_default.mp3', 14, 0.977, 0.058, 0.81, 0.723, '2022-02-04') ON CONFLICT DO NOTHING;
INSERT INTO COLLECTIONS_SONGS (COLLECTION_ID, SONG_ID, NOMOR_DISC, NOMOR_TRACK) VALUES (13, 186, 1, 2) ON CONFLICT DO NOTHING;
INSERT INTO CREATE_SONGS (ARTIST_ID, SONG_ID) VALUES (13, 186) ON CONFLICT DO NOTHING;
INSERT INTO SONGS_GENRES (SONG_ID, GENRE_ID) VALUES (186, 12) ON CONFLICT DO NOTHING;
INSERT INTO SONGS (SONG_ID, SONG_TITLE, SONG_DURATION, SONG_FILE, POPULARITY, VALENCE, ACCOUSTICNESS, DANCEABILITY, ENERGY, SONG_RELEASE_DATE) 
                      VALUES (187, 'It''s In The Middle Of The Night', 219, '/stream/audio_default.mp3', 47, 0.554, 0.119, 0.138, 0.184, '2022-02-04') ON CONFLICT DO NOTHING;
INSERT INTO COLLECTIONS_SONGS (COLLECTION_ID, SONG_ID, NOMOR_DISC, NOMOR_TRACK) VALUES (13, 187, 1, 3) ON CONFLICT DO NOTHING;
INSERT INTO CREATE_SONGS (ARTIST_ID, SONG_ID) VALUES (13, 187) ON CONFLICT DO NOTHING;
INSERT INTO SONGS_GENRES (SONG_ID, GENRE_ID) VALUES (187, 12) ON CONFLICT DO NOTHING;
INSERT INTO SONGS (SONG_ID, SONG_TITLE, SONG_DURATION, SONG_FILE, POPULARITY, VALENCE, ACCOUSTICNESS, DANCEABILITY, ENERGY, SONG_RELEASE_DATE) 
                      VALUES (188, 'Barcelona In My Dreams', 162, '/stream/audio_default.mp3', 66, 0.798, 0.713, 0.38, 0.481, '2022-02-04') ON CONFLICT DO NOTHING;
INSERT INTO COLLECTIONS_SONGS (COLLECTION_ID, SONG_ID, NOMOR_DISC, NOMOR_TRACK) VALUES (13, 188, 1, 4) ON CONFLICT DO NOTHING;
INSERT INTO CREATE_SONGS (ARTIST_ID, SONG_ID) VALUES (13, 188) ON CONFLICT DO NOTHING;
INSERT INTO SONGS_GENRES (SONG_ID, GENRE_ID) VALUES (188, 12) ON CONFLICT DO NOTHING;
INSERT INTO SONGS (SONG_ID, SONG_TITLE, SONG_DURATION, SONG_FILE, POPULARITY, VALENCE, ACCOUSTICNESS, DANCEABILITY, ENERGY, SONG_RELEASE_DATE) 
                      VALUES (189, 'You''d Be So Nice to Come Home To', 148, '/stream/audio_default.mp3', 18, 0.912, 0.206, 0.863, 0.544, '2022-02-04') ON CONFLICT DO NOTHING;
INSERT INTO COLLECTIONS_SONGS (COLLECTION_ID, SONG_ID, NOMOR_DISC, NOMOR_TRACK) VALUES (13, 189, 1, 5) ON CONFLICT DO NOTHING;
INSERT INTO CREATE_SONGS (ARTIST_ID, SONG_ID) VALUES (13, 189) ON CONFLICT DO NOTHING;
INSERT INTO SONGS_GENRES (SONG_ID, GENRE_ID) VALUES (189, 12) ON CONFLICT DO NOTHING;
INSERT INTO SONGS (SONG_ID, SONG_TITLE, SONG_DURATION, SONG_FILE, POPULARITY, VALENCE, ACCOUSTICNESS, DANCEABILITY, ENERGY, SONG_RELEASE_DATE) 
                      VALUES (190, 'Body & Soul', 284, '/stream/audio_default.mp3', 40, 0.151, 0.046, 0.368, 0.379, '2022-02-04') ON CONFLICT DO NOTHING;
INSERT INTO COLLECTIONS_SONGS (COLLECTION_ID, SONG_ID, NOMOR_DISC, NOMOR_TRACK) VALUES (13, 190, 1, 6) ON CONFLICT DO NOTHING;
INSERT INTO CREATE_SONGS (ARTIST_ID, SONG_ID) VALUES (13, 190) ON CONFLICT DO NOTHING;
INSERT INTO SONGS_GENRES (SONG_ID, GENRE_ID) VALUES (190, 12) ON CONFLICT DO NOTHING;
INSERT INTO SONGS (SONG_ID, SONG_TITLE, SONG_DURATION, SONG_FILE, POPULARITY, VALENCE, ACCOUSTICNESS, DANCEABILITY, ENERGY, SONG_RELEASE_DATE) 
                      VALUES (191, 'Before And After You', 181, '/stream/audio_default.mp3', 18, 0.39, 0.985, 0.556, 0.737, '2022-02-04') ON CONFLICT DO NOTHING;
INSERT INTO COLLECTIONS_SONGS (COLLECTION_ID, SONG_ID, NOMOR_DISC, NOMOR_TRACK) VALUES (13, 191, 1, 7) ON CONFLICT DO NOTHING;
INSERT INTO CREATE_SONGS (ARTIST_ID, SONG_ID) VALUES (13, 191) ON CONFLICT DO NOTHING;
INSERT INTO SONGS_GENRES (SONG_ID, GENRE_ID) VALUES (191, 12) ON CONFLICT DO NOTHING;
INSERT INTO SONGS (SONG_ID, SONG_TITLE, SONG_DURATION, SONG_FILE, POPULARITY, VALENCE, ACCOUSTICNESS, DANCEABILITY, ENERGY, SONG_RELEASE_DATE) 
                      VALUES (192, 'Blue in Green', 229, '/stream/audio_default.mp3', 78, 0.369, 0.059, 0.66, 0.834, '2022-02-04') ON CONFLICT DO NOTHING;
INSERT INTO COLLECTIONS_SONGS (COLLECTION_ID, SONG_ID, NOMOR_DISC, NOMOR_TRACK) VALUES (13, 192, 1, 8) ON CONFLICT DO NOTHING;
INSERT INTO CREATE_SONGS (ARTIST_ID, SONG_ID) VALUES (13, 192) ON CONFLICT DO NOTHING;
INSERT INTO SONGS_GENRES (SONG_ID, GENRE_ID) VALUES (192, 12) ON CONFLICT DO NOTHING;
INSERT INTO SONGS (SONG_ID, SONG_TITLE, SONG_DURATION, SONG_FILE, POPULARITY, VALENCE, ACCOUSTICNESS, DANCEABILITY, ENERGY, SONG_RELEASE_DATE) 
                      VALUES (193, 'Like Someone in Love', 215, '/stream/audio_default.mp3', 23, 0.645, 0.373, 0.581, 0.357, '2022-02-04') ON CONFLICT DO NOTHING;
INSERT INTO COLLECTIONS_SONGS (COLLECTION_ID, SONG_ID, NOMOR_DISC, NOMOR_TRACK) VALUES (13, 193, 1, 9) ON CONFLICT DO NOTHING;
INSERT INTO CREATE_SONGS (ARTIST_ID, SONG_ID) VALUES (13, 193) ON CONFLICT DO NOTHING;
INSERT INTO SONGS_GENRES (SONG_ID, GENRE_ID) VALUES (193, 12) ON CONFLICT DO NOTHING;
INSERT INTO SONGS (SONG_ID, SONG_TITLE, SONG_DURATION, SONG_FILE, POPULARITY, VALENCE, ACCOUSTICNESS, DANCEABILITY, ENERGY, SONG_RELEASE_DATE) 
                      VALUES (194, 'My Foolish Heart', 217, '/stream/audio_default.mp3', 58, 0.881, 0.811, 0.146, 0.762, '2022-02-04') ON CONFLICT DO NOTHING;
INSERT INTO COLLECTIONS_SONGS (COLLECTION_ID, SONG_ID, NOMOR_DISC, NOMOR_TRACK) VALUES (13, 194, 1, 10) ON CONFLICT DO NOTHING;
INSERT INTO CREATE_SONGS (ARTIST_ID, SONG_ID) VALUES (13, 194) ON CONFLICT DO NOTHING;
INSERT INTO SONGS_GENRES (SONG_ID, GENRE_ID) VALUES (194, 12) ON CONFLICT DO NOTHING;
INSERT INTO ARTISTS (ARTIST_ID, ARTIST_NAME, ARTIST_PFP, MONTHLY_LISTENER_COUNT, ARTIST_EMAIL) VALUES (14, 'Stephen Kummer', 'https://i.scdn.co/image/ab67616d0000b273d1a78df89d888abe1317ef92', 3663, 'contact.14@label.com') ON CONFLICT DO NOTHING;
INSERT INTO GENRES (GENRE_ID, GENRE_NAME) VALUES (14, 'smooth jazz') ON CONFLICT DO NOTHING;
INSERT INTO COLLECTIONS (COLLECTION_ID, COLLECTION_TITLE, COLLECTION_TYPE, COLLECTION_RELEASE_DATE, COLLECTION_COVER, ISPRERELEASE) VALUES (14, 'Jazz Tastings - Light Jazz Piano', 'Album', '2011-01-01', 'https://i.scdn.co/image/ab67616d0000b273d1a78df89d888abe1317ef92', FALSE) ON CONFLICT DO NOTHING;
INSERT INTO RELEASES (ARTIST_ID, COLLECTION_ID) VALUES (14, 14) ON CONFLICT DO NOTHING;
INSERT INTO SONGS (SONG_ID, SONG_TITLE, SONG_DURATION, SONG_FILE, POPULARITY, VALENCE, ACCOUSTICNESS, DANCEABILITY, ENERGY, SONG_RELEASE_DATE) 
                      VALUES (195, 'Let''s Fall In Love', 226, '/stream/audio_default.mp3', 54, 0.705, 0.053, 0.001, 0.626, '2011-01-01') ON CONFLICT DO NOTHING;
INSERT INTO COLLECTIONS_SONGS (COLLECTION_ID, SONG_ID, NOMOR_DISC, NOMOR_TRACK) VALUES (14, 195, 1, 1) ON CONFLICT DO NOTHING;
INSERT INTO CREATE_SONGS (ARTIST_ID, SONG_ID) VALUES (14, 195) ON CONFLICT DO NOTHING;
INSERT INTO SONGS_GENRES (SONG_ID, GENRE_ID) VALUES (195, 14) ON CONFLICT DO NOTHING;
INSERT INTO SONGS (SONG_ID, SONG_TITLE, SONG_DURATION, SONG_FILE, POPULARITY, VALENCE, ACCOUSTICNESS, DANCEABILITY, ENERGY, SONG_RELEASE_DATE) 
                      VALUES (196, 'Dearly Beloved', 208, '/stream/audio_default.mp3', 35, 0.805, 0.67, 0.327, 0.298, '2011-01-01') ON CONFLICT DO NOTHING;
INSERT INTO COLLECTIONS_SONGS (COLLECTION_ID, SONG_ID, NOMOR_DISC, NOMOR_TRACK) VALUES (14, 196, 1, 2) ON CONFLICT DO NOTHING;
INSERT INTO CREATE_SONGS (ARTIST_ID, SONG_ID) VALUES (14, 196) ON CONFLICT DO NOTHING;
INSERT INTO SONGS_GENRES (SONG_ID, GENRE_ID) VALUES (196, 14) ON CONFLICT DO NOTHING;
INSERT INTO SONGS (SONG_ID, SONG_TITLE, SONG_DURATION, SONG_FILE, POPULARITY, VALENCE, ACCOUSTICNESS, DANCEABILITY, ENERGY, SONG_RELEASE_DATE) 
                      VALUES (197, 'Love Letters - Jazz For Lovers Album Version', 187, '/stream/audio_default.mp3', 57, 0.234, 0.065, 0.947, 0.207, '2011-01-01') ON CONFLICT DO NOTHING;
INSERT INTO COLLECTIONS_SONGS (COLLECTION_ID, SONG_ID, NOMOR_DISC, NOMOR_TRACK) VALUES (14, 197, 1, 3) ON CONFLICT DO NOTHING;
INSERT INTO CREATE_SONGS (ARTIST_ID, SONG_ID) VALUES (14, 197) ON CONFLICT DO NOTHING;
INSERT INTO SONGS_GENRES (SONG_ID, GENRE_ID) VALUES (197, 14) ON CONFLICT DO NOTHING;
INSERT INTO SONGS (SONG_ID, SONG_TITLE, SONG_DURATION, SONG_FILE, POPULARITY, VALENCE, ACCOUSTICNESS, DANCEABILITY, ENERGY, SONG_RELEASE_DATE) 
                      VALUES (198, 'The Way You Look Tonight', 264, '/stream/audio_default.mp3', 29, 0.027, 0.627, 0.234, 0.929, '2011-01-01') ON CONFLICT DO NOTHING;
INSERT INTO COLLECTIONS_SONGS (COLLECTION_ID, SONG_ID, NOMOR_DISC, NOMOR_TRACK) VALUES (14, 198, 1, 4) ON CONFLICT DO NOTHING;
INSERT INTO CREATE_SONGS (ARTIST_ID, SONG_ID) VALUES (14, 198) ON CONFLICT DO NOTHING;
INSERT INTO SONGS_GENRES (SONG_ID, GENRE_ID) VALUES (198, 14) ON CONFLICT DO NOTHING;
INSERT INTO SONGS (SONG_ID, SONG_TITLE, SONG_DURATION, SONG_FILE, POPULARITY, VALENCE, ACCOUSTICNESS, DANCEABILITY, ENERGY, SONG_RELEASE_DATE) 
                      VALUES (199, 'The More I See You', 217, '/stream/audio_default.mp3', 66, 0.939, 0.089, 0.592, 0.158, '2011-01-01') ON CONFLICT DO NOTHING;
INSERT INTO COLLECTIONS_SONGS (COLLECTION_ID, SONG_ID, NOMOR_DISC, NOMOR_TRACK) VALUES (14, 199, 1, 5) ON CONFLICT DO NOTHING;
INSERT INTO CREATE_SONGS (ARTIST_ID, SONG_ID) VALUES (14, 199) ON CONFLICT DO NOTHING;
INSERT INTO SONGS_GENRES (SONG_ID, GENRE_ID) VALUES (199, 14) ON CONFLICT DO NOTHING;
INSERT INTO SONGS (SONG_ID, SONG_TITLE, SONG_DURATION, SONG_FILE, POPULARITY, VALENCE, ACCOUSTICNESS, DANCEABILITY, ENERGY, SONG_RELEASE_DATE) 
                      VALUES (200, 'People Will Say We''re In Love', 279, '/stream/audio_default.mp3', 59, 0.17, 0.42, 0.534, 0.881, '2011-01-01') ON CONFLICT DO NOTHING;
INSERT INTO COLLECTIONS_SONGS (COLLECTION_ID, SONG_ID, NOMOR_DISC, NOMOR_TRACK) VALUES (14, 200, 1, 6) ON CONFLICT DO NOTHING;
INSERT INTO CREATE_SONGS (ARTIST_ID, SONG_ID) VALUES (14, 200) ON CONFLICT DO NOTHING;
INSERT INTO SONGS_GENRES (SONG_ID, GENRE_ID) VALUES (200, 14) ON CONFLICT DO NOTHING;
INSERT INTO SONGS (SONG_ID, SONG_TITLE, SONG_DURATION, SONG_FILE, POPULARITY, VALENCE, ACCOUSTICNESS, DANCEABILITY, ENERGY, SONG_RELEASE_DATE) 
                      VALUES (201, 'At Last', 276, '/stream/audio_default.mp3', 75, 0.255, 0.201, 0.064, 0.457, '2011-01-01') ON CONFLICT DO NOTHING;
INSERT INTO COLLECTIONS_SONGS (COLLECTION_ID, SONG_ID, NOMOR_DISC, NOMOR_TRACK) VALUES (14, 201, 1, 7) ON CONFLICT DO NOTHING;
INSERT INTO CREATE_SONGS (ARTIST_ID, SONG_ID) VALUES (14, 201) ON CONFLICT DO NOTHING;
INSERT INTO SONGS_GENRES (SONG_ID, GENRE_ID) VALUES (201, 14) ON CONFLICT DO NOTHING;
INSERT INTO SONGS (SONG_ID, SONG_TITLE, SONG_DURATION, SONG_FILE, POPULARITY, VALENCE, ACCOUSTICNESS, DANCEABILITY, ENERGY, SONG_RELEASE_DATE) 
                      VALUES (202, 'An Affair To Remember', 228, '/stream/audio_default.mp3', 18, 0.898, 0.135, 0.079, 0.292, '2011-01-01') ON CONFLICT DO NOTHING;
INSERT INTO COLLECTIONS_SONGS (COLLECTION_ID, SONG_ID, NOMOR_DISC, NOMOR_TRACK) VALUES (14, 202, 1, 8) ON CONFLICT DO NOTHING;
INSERT INTO CREATE_SONGS (ARTIST_ID, SONG_ID) VALUES (14, 202) ON CONFLICT DO NOTHING;
INSERT INTO SONGS_GENRES (SONG_ID, GENRE_ID) VALUES (202, 14) ON CONFLICT DO NOTHING;
INSERT INTO SONGS (SONG_ID, SONG_TITLE, SONG_DURATION, SONG_FILE, POPULARITY, VALENCE, ACCOUSTICNESS, DANCEABILITY, ENERGY, SONG_RELEASE_DATE) 
                      VALUES (203, 'Blame It On My Youth - Jazz For Lovers Album Version', 311, '/stream/audio_default.mp3', 56, 0.198, 0.608, 0.3, 0.889, '2011-01-01') ON CONFLICT DO NOTHING;
INSERT INTO COLLECTIONS_SONGS (COLLECTION_ID, SONG_ID, NOMOR_DISC, NOMOR_TRACK) VALUES (14, 203, 1, 9) ON CONFLICT DO NOTHING;
INSERT INTO CREATE_SONGS (ARTIST_ID, SONG_ID) VALUES (14, 203) ON CONFLICT DO NOTHING;
INSERT INTO SONGS_GENRES (SONG_ID, GENRE_ID) VALUES (203, 14) ON CONFLICT DO NOTHING;
INSERT INTO SONGS (SONG_ID, SONG_TITLE, SONG_DURATION, SONG_FILE, POPULARITY, VALENCE, ACCOUSTICNESS, DANCEABILITY, ENERGY, SONG_RELEASE_DATE) 
                      VALUES (204, 'Because Of You', 189, '/stream/audio_default.mp3', 48, 0.076, 0.656, 0.477, 0.279, '2011-01-01') ON CONFLICT DO NOTHING;
INSERT INTO COLLECTIONS_SONGS (COLLECTION_ID, SONG_ID, NOMOR_DISC, NOMOR_TRACK) VALUES (14, 204, 1, 10) ON CONFLICT DO NOTHING;
INSERT INTO CREATE_SONGS (ARTIST_ID, SONG_ID) VALUES (14, 204) ON CONFLICT DO NOTHING;
INSERT INTO SONGS_GENRES (SONG_ID, GENRE_ID) VALUES (204, 14) ON CONFLICT DO NOTHING;
INSERT INTO SONGS (SONG_ID, SONG_TITLE, SONG_DURATION, SONG_FILE, POPULARITY, VALENCE, ACCOUSTICNESS, DANCEABILITY, ENERGY, SONG_RELEASE_DATE) 
                      VALUES (205, 'But Not For Me - Jazz For Lovers Album Version', 274, '/stream/audio_default.mp3', 24, 0.867, 0.494, 0.355, 0.421, '2011-01-01') ON CONFLICT DO NOTHING;
INSERT INTO COLLECTIONS_SONGS (COLLECTION_ID, SONG_ID, NOMOR_DISC, NOMOR_TRACK) VALUES (14, 205, 1, 11) ON CONFLICT DO NOTHING;
INSERT INTO CREATE_SONGS (ARTIST_ID, SONG_ID) VALUES (14, 205) ON CONFLICT DO NOTHING;
INSERT INTO SONGS_GENRES (SONG_ID, GENRE_ID) VALUES (205, 14) ON CONFLICT DO NOTHING;
INSERT INTO SONGS (SONG_ID, SONG_TITLE, SONG_DURATION, SONG_FILE, POPULARITY, VALENCE, ACCOUSTICNESS, DANCEABILITY, ENERGY, SONG_RELEASE_DATE) 
                      VALUES (206, 'That''s All', 285, '/stream/audio_default.mp3', 84, 0.853, 0.096, 0.253, 0.788, '2011-01-01') ON CONFLICT DO NOTHING;
INSERT INTO COLLECTIONS_SONGS (COLLECTION_ID, SONG_ID, NOMOR_DISC, NOMOR_TRACK) VALUES (14, 206, 1, 12) ON CONFLICT DO NOTHING;
INSERT INTO CREATE_SONGS (ARTIST_ID, SONG_ID) VALUES (14, 206) ON CONFLICT DO NOTHING;
INSERT INTO SONGS_GENRES (SONG_ID, GENRE_ID) VALUES (206, 14) ON CONFLICT DO NOTHING;
INSERT INTO ARTISTS (ARTIST_ID, ARTIST_NAME, ARTIST_PFP, MONTHLY_LISTENER_COUNT, ARTIST_EMAIL) VALUES (15, 'Orange Jazz Quartet', 'https://i.scdn.co/image/ab6761610000e5eb3f478837a9f76a5c11700740', 926, 'contact.15@label.com') ON CONFLICT DO NOTHING;
INSERT INTO GENRES (GENRE_ID, GENRE_NAME) VALUES (15, 'christmas') ON CONFLICT DO NOTHING;
INSERT INTO COLLECTIONS (COLLECTION_ID, COLLECTION_TITLE, COLLECTION_TYPE, COLLECTION_RELEASE_DATE, COLLECTION_COVER, ISPRERELEASE) VALUES (15, 'Jazzy Christmas - Twinkling Tunes', 'Album', '2024-09-20', 'https://i.scdn.co/image/ab67616d0000b27371b2d1b28bf605f1b419ab29', FALSE) ON CONFLICT DO NOTHING;
INSERT INTO RELEASES (ARTIST_ID, COLLECTION_ID) VALUES (15, 15) ON CONFLICT DO NOTHING;
INSERT INTO SONGS (SONG_ID, SONG_TITLE, SONG_DURATION, SONG_FILE, POPULARITY, VALENCE, ACCOUSTICNESS, DANCEABILITY, ENERGY, SONG_RELEASE_DATE) 
                      VALUES (207, 'Do They Know It''s Christmas', 202, '/stream/audio_default.mp3', 24, 0.965, 0.163, 0.746, 0.356, '2024-09-20') ON CONFLICT DO NOTHING;
INSERT INTO COLLECTIONS_SONGS (COLLECTION_ID, SONG_ID, NOMOR_DISC, NOMOR_TRACK) VALUES (15, 207, 1, 1) ON CONFLICT DO NOTHING;
INSERT INTO CREATE_SONGS (ARTIST_ID, SONG_ID) VALUES (15, 207) ON CONFLICT DO NOTHING;
INSERT INTO SONGS_GENRES (SONG_ID, GENRE_ID) VALUES (207, 15) ON CONFLICT DO NOTHING;
INSERT INTO SONGS (SONG_ID, SONG_TITLE, SONG_DURATION, SONG_FILE, POPULARITY, VALENCE, ACCOUSTICNESS, DANCEABILITY, ENERGY, SONG_RELEASE_DATE) 
                      VALUES (208, 'I Want to Come Home for Christmas', 165, '/stream/audio_default.mp3', 87, 0.19, 0.405, 0.207, 0.743, '2024-09-20') ON CONFLICT DO NOTHING;
INSERT INTO COLLECTIONS_SONGS (COLLECTION_ID, SONG_ID, NOMOR_DISC, NOMOR_TRACK) VALUES (15, 208, 1, 2) ON CONFLICT DO NOTHING;
INSERT INTO CREATE_SONGS (ARTIST_ID, SONG_ID) VALUES (15, 208) ON CONFLICT DO NOTHING;
INSERT INTO SONGS_GENRES (SONG_ID, GENRE_ID) VALUES (208, 15) ON CONFLICT DO NOTHING;
INSERT INTO SONGS (SONG_ID, SONG_TITLE, SONG_DURATION, SONG_FILE, POPULARITY, VALENCE, ACCOUSTICNESS, DANCEABILITY, ENERGY, SONG_RELEASE_DATE) 
                      VALUES (209, 'Driving Home for Christmas', 209, '/stream/audio_default.mp3', 52, 0.918, 0.088, 0.017, 0.416, '2024-09-20') ON CONFLICT DO NOTHING;
INSERT INTO COLLECTIONS_SONGS (COLLECTION_ID, SONG_ID, NOMOR_DISC, NOMOR_TRACK) VALUES (15, 209, 1, 3) ON CONFLICT DO NOTHING;
INSERT INTO CREATE_SONGS (ARTIST_ID, SONG_ID) VALUES (15, 209) ON CONFLICT DO NOTHING;
INSERT INTO SONGS_GENRES (SONG_ID, GENRE_ID) VALUES (209, 15) ON CONFLICT DO NOTHING;
INSERT INTO SONGS (SONG_ID, SONG_TITLE, SONG_DURATION, SONG_FILE, POPULARITY, VALENCE, ACCOUSTICNESS, DANCEABILITY, ENERGY, SONG_RELEASE_DATE) 
                      VALUES (210, 'Mary''s Boy Child', 106, '/stream/audio_default.mp3', 15, 0.278, 0.689, 0.246, 0.255, '2024-09-20') ON CONFLICT DO NOTHING;
INSERT INTO COLLECTIONS_SONGS (COLLECTION_ID, SONG_ID, NOMOR_DISC, NOMOR_TRACK) VALUES (15, 210, 1, 4) ON CONFLICT DO NOTHING;
INSERT INTO CREATE_SONGS (ARTIST_ID, SONG_ID) VALUES (15, 210) ON CONFLICT DO NOTHING;
INSERT INTO SONGS_GENRES (SONG_ID, GENRE_ID) VALUES (210, 15) ON CONFLICT DO NOTHING;
INSERT INTO SONGS (SONG_ID, SONG_TITLE, SONG_DURATION, SONG_FILE, POPULARITY, VALENCE, ACCOUSTICNESS, DANCEABILITY, ENERGY, SONG_RELEASE_DATE) 
                      VALUES (211, 'Fairytale of New York', 147, '/stream/audio_default.mp3', 59, 0.765, 0.005, 0.636, 0.511, '2024-09-20') ON CONFLICT DO NOTHING;
INSERT INTO COLLECTIONS_SONGS (COLLECTION_ID, SONG_ID, NOMOR_DISC, NOMOR_TRACK) VALUES (15, 211, 1, 5) ON CONFLICT DO NOTHING;
INSERT INTO CREATE_SONGS (ARTIST_ID, SONG_ID) VALUES (15, 211) ON CONFLICT DO NOTHING;
INSERT INTO SONGS_GENRES (SONG_ID, GENRE_ID) VALUES (211, 15) ON CONFLICT DO NOTHING;
INSERT INTO SONGS (SONG_ID, SONG_TITLE, SONG_DURATION, SONG_FILE, POPULARITY, VALENCE, ACCOUSTICNESS, DANCEABILITY, ENERGY, SONG_RELEASE_DATE) 
                      VALUES (212, 'Angels We Heard on High', 152, '/stream/audio_default.mp3', 31, 0.324, 0.542, 0.356, 0.801, '2024-09-20') ON CONFLICT DO NOTHING;
INSERT INTO COLLECTIONS_SONGS (COLLECTION_ID, SONG_ID, NOMOR_DISC, NOMOR_TRACK) VALUES (15, 212, 1, 6) ON CONFLICT DO NOTHING;
INSERT INTO CREATE_SONGS (ARTIST_ID, SONG_ID) VALUES (15, 212) ON CONFLICT DO NOTHING;
INSERT INTO SONGS_GENRES (SONG_ID, GENRE_ID) VALUES (212, 15) ON CONFLICT DO NOTHING;
INSERT INTO SONGS (SONG_ID, SONG_TITLE, SONG_DURATION, SONG_FILE, POPULARITY, VALENCE, ACCOUSTICNESS, DANCEABILITY, ENERGY, SONG_RELEASE_DATE) 
                      VALUES (213, 'Joy to the World', 116, '/stream/audio_default.mp3', 38, 0.297, 0.338, 0.321, 0.232, '2024-09-20') ON CONFLICT DO NOTHING;
INSERT INTO COLLECTIONS_SONGS (COLLECTION_ID, SONG_ID, NOMOR_DISC, NOMOR_TRACK) VALUES (15, 213, 1, 7) ON CONFLICT DO NOTHING;
INSERT INTO CREATE_SONGS (ARTIST_ID, SONG_ID) VALUES (15, 213) ON CONFLICT DO NOTHING;
INSERT INTO SONGS_GENRES (SONG_ID, GENRE_ID) VALUES (213, 15) ON CONFLICT DO NOTHING;
INSERT INTO ARTISTS (ARTIST_ID, ARTIST_NAME, ARTIST_PFP, MONTHLY_LISTENER_COUNT, ARTIST_EMAIL) VALUES (16, 'Hildir Svensson', 'https://i.scdn.co/image/ab67616d0000b27381b429b6da5134f308f017f8', 4408, 'contact.16@label.com') ON CONFLICT DO NOTHING;
INSERT INTO COLLECTIONS (COLLECTION_ID, COLLECTION_TITLE, COLLECTION_TYPE, COLLECTION_RELEASE_DATE, COLLECTION_COVER, ISPRERELEASE) VALUES (16, 'Innocence', 'Single', '2025-09-10', 'https://i.scdn.co/image/ab67616d0000b273c25c8c0ce92ef307f7a74562', FALSE) ON CONFLICT DO NOTHING;
INSERT INTO RELEASES (ARTIST_ID, COLLECTION_ID) VALUES (16, 16) ON CONFLICT DO NOTHING;
INSERT INTO SONGS (SONG_ID, SONG_TITLE, SONG_DURATION, SONG_FILE, POPULARITY, VALENCE, ACCOUSTICNESS, DANCEABILITY, ENERGY, SONG_RELEASE_DATE) 
                      VALUES (214, 'Innocence', 356, '/stream/audio_default.mp3', 72, 0.425, 0.072, 0.866, 0.971, '2025-09-10') ON CONFLICT DO NOTHING;
INSERT INTO COLLECTIONS_SONGS (COLLECTION_ID, SONG_ID, NOMOR_DISC, NOMOR_TRACK) VALUES (16, 214, 1, 1) ON CONFLICT DO NOTHING;
INSERT INTO CREATE_SONGS (ARTIST_ID, SONG_ID) VALUES (16, 214) ON CONFLICT DO NOTHING;
INSERT INTO SONGS_GENRES (SONG_ID, GENRE_ID) VALUES (214, 3) ON CONFLICT DO NOTHING;
INSERT INTO SONGS_GENRES (SONG_ID, GENRE_ID) VALUES (214, 13) ON CONFLICT DO NOTHING;
INSERT INTO ARTISTS (ARTIST_ID, ARTIST_NAME, ARTIST_PFP, MONTHLY_LISTENER_COUNT, ARTIST_EMAIL) VALUES (17, 'Perunggu', 'https://i.scdn.co/image/ab6761610000e5ebaacf892228a322f1415e168f', 239326, 'contact.17@label.com') ON CONFLICT DO NOTHING;
INSERT INTO GENRES (GENRE_ID, GENRE_NAME) VALUES (16, 'indonesian indie') ON CONFLICT DO NOTHING;
INSERT INTO GENRES (GENRE_ID, GENRE_NAME) VALUES (17, 'indonesian indie rock') ON CONFLICT DO NOTHING;
INSERT INTO GENRES (GENRE_ID, GENRE_NAME) VALUES (18, 'indonesian rock') ON CONFLICT DO NOTHING;
INSERT INTO COLLECTIONS (COLLECTION_ID, COLLECTION_TITLE, COLLECTION_TYPE, COLLECTION_RELEASE_DATE, COLLECTION_COVER, ISPRERELEASE) VALUES (17, 'Memorandum', 'Album', '2022-03-11', 'https://i.scdn.co/image/ab67616d0000b2737b75822516f485d6fc90b60e', FALSE) ON CONFLICT DO NOTHING;
INSERT INTO RELEASES (ARTIST_ID, COLLECTION_ID) VALUES (17, 17) ON CONFLICT DO NOTHING;
INSERT INTO SONGS (SONG_ID, SONG_TITLE, SONG_DURATION, SONG_FILE, POPULARITY, VALENCE, ACCOUSTICNESS, DANCEABILITY, ENERGY, SONG_RELEASE_DATE) 
                      VALUES (215, 'Ini Abadi', 232, '/stream/audio_default.mp3', 70, 0.222, 0.919, 0.675, 0.66, '2022-03-11') ON CONFLICT DO NOTHING;
INSERT INTO COLLECTIONS_SONGS (COLLECTION_ID, SONG_ID, NOMOR_DISC, NOMOR_TRACK) VALUES (17, 215, 1, 6) ON CONFLICT DO NOTHING;
INSERT INTO CREATE_SONGS (ARTIST_ID, SONG_ID) VALUES (17, 215) ON CONFLICT DO NOTHING;
INSERT INTO SONGS_GENRES (SONG_ID, GENRE_ID) VALUES (215, 18) ON CONFLICT DO NOTHING;
INSERT INTO SONGS_GENRES (SONG_ID, GENRE_ID) VALUES (215, 17) ON CONFLICT DO NOTHING;
INSERT INTO ARTISTS (ARTIST_ID, ARTIST_NAME, ARTIST_PFP, MONTHLY_LISTENER_COUNT, ARTIST_EMAIL) VALUES (18, 'Gracie Abrams', 'https://i.scdn.co/image/ab6761610000e5ebf6d51e6f5342d2d363220920', 7711317, 'contact.18@label.com') ON CONFLICT DO NOTHING;
INSERT INTO COLLECTIONS (COLLECTION_ID, COLLECTION_TITLE, COLLECTION_TYPE, COLLECTION_RELEASE_DATE, COLLECTION_COVER, ISPRERELEASE) VALUES (18, 'The Secret of Us', 'Album', '2024-06-21', 'https://i.scdn.co/image/ab67616d0000b2736e2101520787791370f4a96b', FALSE) ON CONFLICT DO NOTHING;
INSERT INTO RELEASES (ARTIST_ID, COLLECTION_ID) VALUES (18, 18) ON CONFLICT DO NOTHING;
INSERT INTO SONGS (SONG_ID, SONG_TITLE, SONG_DURATION, SONG_FILE, POPULARITY, VALENCE, ACCOUSTICNESS, DANCEABILITY, ENERGY, SONG_RELEASE_DATE) 
                      VALUES (216, 'I Love You, I''m Sorry', 157, '/stream/audio_default.mp3', 87, 0.157, 0.541, 0.404, 0.25, '2024-06-21') ON CONFLICT DO NOTHING;
INSERT INTO COLLECTIONS_SONGS (COLLECTION_ID, SONG_ID, NOMOR_DISC, NOMOR_TRACK) VALUES (18, 216, 1, 4) ON CONFLICT DO NOTHING;
INSERT INTO CREATE_SONGS (ARTIST_ID, SONG_ID) VALUES (18, 216) ON CONFLICT DO NOTHING;
INSERT INTO SONGS_GENRES (SONG_ID, GENRE_ID) VALUES (216, 15) ON CONFLICT DO NOTHING;
INSERT INTO SONGS_GENRES (SONG_ID, GENRE_ID) VALUES (216, 12) ON CONFLICT DO NOTHING;
INSERT INTO ARTISTS (ARTIST_ID, ARTIST_NAME, ARTIST_PFP, MONTHLY_LISTENER_COUNT, ARTIST_EMAIL) VALUES (19, 'James Arthur', 'https://i.scdn.co/image/ab6761610000e5eb5a55e66595e80fb12dc5f5fa', 20949791, 'contact.19@label.com') ON CONFLICT DO NOTHING;
INSERT INTO GENRES (GENRE_ID, GENRE_NAME) VALUES (19, 'soft pop') ON CONFLICT DO NOTHING;
INSERT INTO COLLECTIONS (COLLECTION_ID, COLLECTION_TITLE, COLLECTION_TYPE, COLLECTION_RELEASE_DATE, COLLECTION_COVER, ISPRERELEASE) VALUES (19, 'James Arthur (Deluxe)', 'Album', '2013-11-04', 'https://i.scdn.co/image/ab67616d0000b273192221f838b7b6b9cb4629bf', FALSE) ON CONFLICT DO NOTHING;
INSERT INTO RELEASES (ARTIST_ID, COLLECTION_ID) VALUES (19, 19) ON CONFLICT DO NOTHING;
INSERT INTO SONGS (SONG_ID, SONG_TITLE, SONG_DURATION, SONG_FILE, POPULARITY, VALENCE, ACCOUSTICNESS, DANCEABILITY, ENERGY, SONG_RELEASE_DATE) 
                      VALUES (217, 'Impossible', 209, '/stream/audio_default.mp3', 82, 0.424, 0.609, 0.493, 0.217, '2013-11-04') ON CONFLICT DO NOTHING;
INSERT INTO COLLECTIONS_SONGS (COLLECTION_ID, SONG_ID, NOMOR_DISC, NOMOR_TRACK) VALUES (19, 217, 1, 4) ON CONFLICT DO NOTHING;
INSERT INTO CREATE_SONGS (ARTIST_ID, SONG_ID) VALUES (19, 217) ON CONFLICT DO NOTHING;
INSERT INTO SONGS_GENRES (SONG_ID, GENRE_ID) VALUES (217, 19) ON CONFLICT DO NOTHING;
INSERT INTO ARTISTS (ARTIST_ID, ARTIST_NAME, ARTIST_PFP, MONTHLY_LISTENER_COUNT, ARTIST_EMAIL) VALUES (20, 'Rod Stewart', 'https://i.scdn.co/image/ab6761610000e5eb876f7ad601fe9a02247b9fb9', 5604550, 'contact.20@label.com') ON CONFLICT DO NOTHING;
INSERT INTO GENRES (GENRE_ID, GENRE_NAME) VALUES (20, 'soft rock') ON CONFLICT DO NOTHING;
INSERT INTO COLLECTIONS (COLLECTION_ID, COLLECTION_TITLE, COLLECTION_TYPE, COLLECTION_RELEASE_DATE, COLLECTION_COVER, ISPRERELEASE) VALUES (20, 'I Don''t Want To Talk About It (feat. Amy Belle) [from One Night Only! Rod Stewart Live at Royal Albert Hall]', 'Single', '2004-01-01', 'https://i.scdn.co/image/ab6742d3000053b78253195215c42c1f0aac4664', FALSE) ON CONFLICT DO NOTHING;
INSERT INTO RELEASES (ARTIST_ID, COLLECTION_ID) VALUES (20, 20) ON CONFLICT DO NOTHING;
INSERT INTO SONGS (SONG_ID, SONG_TITLE, SONG_DURATION, SONG_FILE, POPULARITY, VALENCE, ACCOUSTICNESS, DANCEABILITY, ENERGY, SONG_RELEASE_DATE) 
                      VALUES (218, 'I Don''t Want To Talk About It (feat. Amy Belle) - from One Night Only! Rod Stewart Live at Royal Albert Hall', 269, '/stream/audio_default.mp3', 48, 0.629, 0.042, 0.923, 0.917, '2004-01-01') ON CONFLICT DO NOTHING;
INSERT INTO COLLECTIONS_SONGS (COLLECTION_ID, SONG_ID, NOMOR_DISC, NOMOR_TRACK) VALUES (20, 218, 1, 1) ON CONFLICT DO NOTHING;
INSERT INTO CREATE_SONGS (ARTIST_ID, SONG_ID) VALUES (20, 218) ON CONFLICT DO NOTHING;
INSERT INTO SONGS_GENRES (SONG_ID, GENRE_ID) VALUES (218, 20) ON CONFLICT DO NOTHING;
INSERT INTO ARTISTS (ARTIST_ID, ARTIST_NAME, ARTIST_PFP, MONTHLY_LISTENER_COUNT, ARTIST_EMAIL) VALUES (21, 'Bruno Mars', 'https://i.scdn.co/image/ab6761610000e5ebc36dd9eb55fb0db4911f25dd', 76297605, 'contact.21@label.com') ON CONFLICT DO NOTHING;
INSERT INTO COLLECTIONS (COLLECTION_ID, COLLECTION_TITLE, COLLECTION_TYPE, COLLECTION_RELEASE_DATE, COLLECTION_COVER, ISPRERELEASE) VALUES (21, 'It Will Rain', 'Single', '2011-09-28', 'https://i.scdn.co/image/ab67616d0000b273dec2e6bae5062b94fc4eeb84', FALSE) ON CONFLICT DO NOTHING;
INSERT INTO RELEASES (ARTIST_ID, COLLECTION_ID) VALUES (21, 21) ON CONFLICT DO NOTHING;
INSERT INTO SONGS (SONG_ID, SONG_TITLE, SONG_DURATION, SONG_FILE, POPULARITY, VALENCE, ACCOUSTICNESS, DANCEABILITY, ENERGY, SONG_RELEASE_DATE) 
                      VALUES (219, 'It Will Rain', 257, '/stream/audio_default.mp3', 86, 0.628, 0.604, 0.924, 0.311, '2011-09-28') ON CONFLICT DO NOTHING;
INSERT INTO COLLECTIONS_SONGS (COLLECTION_ID, SONG_ID, NOMOR_DISC, NOMOR_TRACK) VALUES (21, 219, 1, 1) ON CONFLICT DO NOTHING;
INSERT INTO CREATE_SONGS (ARTIST_ID, SONG_ID) VALUES (21, 219) ON CONFLICT DO NOTHING;
INSERT INTO SONGS_GENRES (SONG_ID, GENRE_ID) VALUES (219, 5) ON CONFLICT DO NOTHING;
INSERT INTO SONGS_GENRES (SONG_ID, GENRE_ID) VALUES (219, 19) ON CONFLICT DO NOTHING;
INSERT INTO ARTISTS (ARTIST_ID, ARTIST_NAME, ARTIST_PFP, MONTHLY_LISTENER_COUNT, ARTIST_EMAIL) VALUES (22, 'The Goo Goo Dolls', 'https://i.scdn.co/image/ab6761610000e5ebe7b66b8c4ba729848574df7a', 3568058, 'contact.22@label.com') ON CONFLICT DO NOTHING;
INSERT INTO COLLECTIONS (COLLECTION_ID, COLLECTION_TITLE, COLLECTION_TYPE, COLLECTION_RELEASE_DATE, COLLECTION_COVER, ISPRERELEASE) VALUES (22, 'Dizzy up the Girl', 'Album', '1998-01-01', 'https://i.scdn.co/image/ab67616d0000b273eda9478c39a21e1cdc6609ca', FALSE) ON CONFLICT DO NOTHING;
INSERT INTO RELEASES (ARTIST_ID, COLLECTION_ID) VALUES (22, 22) ON CONFLICT DO NOTHING;
INSERT INTO SONGS (SONG_ID, SONG_TITLE, SONG_DURATION, SONG_FILE, POPULARITY, VALENCE, ACCOUSTICNESS, DANCEABILITY, ENERGY, SONG_RELEASE_DATE) 
                      VALUES (220, 'Iris', 289, '/stream/audio_default.mp3', 93, 0.8, 0.579, 0.348, 0.644, '1998-01-01') ON CONFLICT DO NOTHING;
INSERT INTO COLLECTIONS_SONGS (COLLECTION_ID, SONG_ID, NOMOR_DISC, NOMOR_TRACK) VALUES (22, 220, 1, 11) ON CONFLICT DO NOTHING;
INSERT INTO CREATE_SONGS (ARTIST_ID, SONG_ID) VALUES (22, 220) ON CONFLICT DO NOTHING;
INSERT INTO SONGS_GENRES (SONG_ID, GENRE_ID) VALUES (220, 1) ON CONFLICT DO NOTHING;
INSERT INTO SONGS_GENRES (SONG_ID, GENRE_ID) VALUES (220, 15) ON CONFLICT DO NOTHING;
INSERT INTO ARTISTS (ARTIST_ID, ARTIST_NAME, ARTIST_PFP, MONTHLY_LISTENER_COUNT, ARTIST_EMAIL) VALUES (23, 'The Walters', 'https://i.scdn.co/image/ab6761610000e5ebb63c6c447c9c484c6e87d509', 1064320, 'contact.23@label.com') ON CONFLICT DO NOTHING;
INSERT INTO COLLECTIONS (COLLECTION_ID, COLLECTION_TITLE, COLLECTION_TYPE, COLLECTION_RELEASE_DATE, COLLECTION_COVER, ISPRERELEASE) VALUES (23, 'I Love You So', 'Single', '2014-11-28', 'https://i.scdn.co/image/ab67616d0000b2739214ff0109a0e062f8a6cf0f', FALSE) ON CONFLICT DO NOTHING;
INSERT INTO RELEASES (ARTIST_ID, COLLECTION_ID) VALUES (23, 23) ON CONFLICT DO NOTHING;
INSERT INTO SONGS (SONG_ID, SONG_TITLE, SONG_DURATION, SONG_FILE, POPULARITY, VALENCE, ACCOUSTICNESS, DANCEABILITY, ENERGY, SONG_RELEASE_DATE) 
                      VALUES (221, 'I Love You So', 160, '/stream/audio_default.mp3', 87, 0.429, 0.665, 0.36, 0.258, '2014-11-28') ON CONFLICT DO NOTHING;
INSERT INTO COLLECTIONS_SONGS (COLLECTION_ID, SONG_ID, NOMOR_DISC, NOMOR_TRACK) VALUES (23, 221, 1, 1) ON CONFLICT DO NOTHING;
INSERT INTO CREATE_SONGS (ARTIST_ID, SONG_ID) VALUES (23, 221) ON CONFLICT DO NOTHING;
INSERT INTO SONGS_GENRES (SONG_ID, GENRE_ID) VALUES (221, 17) ON CONFLICT DO NOTHING;
INSERT INTO SONGS_GENRES (SONG_ID, GENRE_ID) VALUES (221, 13) ON CONFLICT DO NOTHING;
INSERT INTO ARTISTS (ARTIST_ID, ARTIST_NAME, ARTIST_PFP, MONTHLY_LISTENER_COUNT, ARTIST_EMAIL) VALUES (24, 'Shawn Mendes', 'https://i.scdn.co/image/ab6761610000e5eb58b4b9419486550f6fda0535', 45843310, 'contact.24@label.com') ON CONFLICT DO NOTHING;
INSERT INTO COLLECTIONS (COLLECTION_ID, COLLECTION_TITLE, COLLECTION_TYPE, COLLECTION_RELEASE_DATE, COLLECTION_COVER, ISPRERELEASE) VALUES (24, 'Handwritten (Deluxe)', 'Album', '2015-04-14', 'https://i.scdn.co/image/ab67616d0000b2732d6a4125a1d62dc6185f74ea', FALSE) ON CONFLICT DO NOTHING;
INSERT INTO RELEASES (ARTIST_ID, COLLECTION_ID) VALUES (24, 24) ON CONFLICT DO NOTHING;
INSERT INTO SONGS (SONG_ID, SONG_TITLE, SONG_DURATION, SONG_FILE, POPULARITY, VALENCE, ACCOUSTICNESS, DANCEABILITY, ENERGY, SONG_RELEASE_DATE) 
                      VALUES (222, 'Imagination', 217, '/stream/audio_default.mp3', 74, 0.129, 0.106, 0.739, 0.91, '2015-04-14') ON CONFLICT DO NOTHING;
INSERT INTO COLLECTIONS_SONGS (COLLECTION_ID, SONG_ID, NOMOR_DISC, NOMOR_TRACK) VALUES (24, 222, 1, 14) ON CONFLICT DO NOTHING;
INSERT INTO CREATE_SONGS (ARTIST_ID, SONG_ID) VALUES (24, 222) ON CONFLICT DO NOTHING;
INSERT INTO SONGS_GENRES (SONG_ID, GENRE_ID) VALUES (222, 4) ON CONFLICT DO NOTHING;
INSERT INTO SONGS_GENRES (SONG_ID, GENRE_ID) VALUES (222, 6) ON CONFLICT DO NOTHING;
INSERT INTO ARTISTS (ARTIST_ID, ARTIST_NAME, ARTIST_PFP, MONTHLY_LISTENER_COUNT, ARTIST_EMAIL) VALUES (25, 'Ali Gatie', 'https://i.scdn.co/image/ab6761610000e5eb528642fef307039a5358e3c0', 2182563, 'contact.25@label.com') ON CONFLICT DO NOTHING;
INSERT INTO COLLECTIONS (COLLECTION_ID, COLLECTION_TITLE, COLLECTION_TYPE, COLLECTION_RELEASE_DATE, COLLECTION_COVER, ISPRERELEASE) VALUES (25, 'It''s You (Versions)', 'EP', '2023-06-23', 'https://i.scdn.co/image/ab67616d0000b273800a7a569966d89415c195a4', FALSE) ON CONFLICT DO NOTHING;
INSERT INTO RELEASES (ARTIST_ID, COLLECTION_ID) VALUES (25, 25) ON CONFLICT DO NOTHING;
INSERT INTO SONGS (SONG_ID, SONG_TITLE, SONG_DURATION, SONG_FILE, POPULARITY, VALENCE, ACCOUSTICNESS, DANCEABILITY, ENERGY, SONG_RELEASE_DATE) 
                      VALUES (223, 'It''s You', 212, '/stream/audio_default.mp3', 65, 0.457, 0.531, 0.883, 0.309, '2023-06-23') ON CONFLICT DO NOTHING;
INSERT INTO COLLECTIONS_SONGS (COLLECTION_ID, SONG_ID, NOMOR_DISC, NOMOR_TRACK) VALUES (25, 223, 1, 4) ON CONFLICT DO NOTHING;
INSERT INTO CREATE_SONGS (ARTIST_ID, SONG_ID) VALUES (25, 223) ON CONFLICT DO NOTHING;
INSERT INTO SONGS_GENRES (SONG_ID, GENRE_ID) VALUES (223, 8) ON CONFLICT DO NOTHING;
INSERT INTO SONGS_GENRES (SONG_ID, GENRE_ID) VALUES (223, 15) ON CONFLICT DO NOTHING;
INSERT INTO ARTISTS (ARTIST_ID, ARTIST_NAME, ARTIST_PFP, MONTHLY_LISTENER_COUNT, ARTIST_EMAIL) VALUES (26, 'Arash Buana', 'https://i.scdn.co/image/ab6761610000e5eb15c16a58c2afaf21f2f2c7cd', 463436, 'contact.26@label.com') ON CONFLICT DO NOTHING;
INSERT INTO COLLECTIONS (COLLECTION_ID, COLLECTION_TITLE, COLLECTION_TYPE, COLLECTION_RELEASE_DATE, COLLECTION_COVER, ISPRERELEASE) VALUES (26, 'if u could see me cryin'' in my room', 'Single', '2020-06-12', 'https://i.scdn.co/image/ab67616d0000b2735f95e95fefcbafd47ffd6130', FALSE) ON CONFLICT DO NOTHING;
INSERT INTO RELEASES (ARTIST_ID, COLLECTION_ID) VALUES (26, 26) ON CONFLICT DO NOTHING;
INSERT INTO SONGS (SONG_ID, SONG_TITLE, SONG_DURATION, SONG_FILE, POPULARITY, VALENCE, ACCOUSTICNESS, DANCEABILITY, ENERGY, SONG_RELEASE_DATE) 
                      VALUES (224, 'if u could see me cryin'' in my room', 256, '/stream/audio_default.mp3', 72, 0.173, 0.307, 0.605, 0.061, '2020-06-12') ON CONFLICT DO NOTHING;
INSERT INTO COLLECTIONS_SONGS (COLLECTION_ID, SONG_ID, NOMOR_DISC, NOMOR_TRACK) VALUES (26, 224, 1, 1) ON CONFLICT DO NOTHING;
INSERT INTO CREATE_SONGS (ARTIST_ID, SONG_ID) VALUES (26, 224) ON CONFLICT DO NOTHING;
INSERT INTO SONGS_GENRES (SONG_ID, GENRE_ID) VALUES (224, 17) ON CONFLICT DO NOTHING;
INSERT INTO SONGS_GENRES (SONG_ID, GENRE_ID) VALUES (224, 12) ON CONFLICT DO NOTHING;
INSERT INTO ARTISTS (ARTIST_ID, ARTIST_NAME, ARTIST_PFP, MONTHLY_LISTENER_COUNT, ARTIST_EMAIL) VALUES (27, 'Iwan Fals', 'https://i.scdn.co/image/ab6761610000e5eb579f65f66f96339a30aa4ddc', 7175906, 'contact.27@label.com') ON CONFLICT DO NOTHING;
INSERT INTO GENRES (GENRE_ID, GENRE_NAME) VALUES (21, 'indonesian pop') ON CONFLICT DO NOTHING;
INSERT INTO GENRES (GENRE_ID, GENRE_NAME) VALUES (22, 'indorock') ON CONFLICT DO NOTHING;
INSERT INTO GENRES (GENRE_ID, GENRE_NAME) VALUES (23, 'pop kreatif') ON CONFLICT DO NOTHING;
INSERT INTO COLLECTIONS (COLLECTION_ID, COLLECTION_TITLE, COLLECTION_TYPE, COLLECTION_RELEASE_DATE, COLLECTION_COVER, ISPRERELEASE) VALUES (27, '1910', 'Album', '1993-10-03', 'https://i.scdn.co/image/ab67616d0000b273fdf505b06cccfb9e9a0b835b', FALSE) ON CONFLICT DO NOTHING;
INSERT INTO RELEASES (ARTIST_ID, COLLECTION_ID) VALUES (27, 27) ON CONFLICT DO NOTHING;
INSERT INTO SONGS (SONG_ID, SONG_TITLE, SONG_DURATION, SONG_FILE, POPULARITY, VALENCE, ACCOUSTICNESS, DANCEABILITY, ENERGY, SONG_RELEASE_DATE) 
                      VALUES (225, 'Ibu', 173, '/stream/audio_default.mp3', 61, 0.227, 0.36, 0.616, 0.186, '1993-10-03') ON CONFLICT DO NOTHING;
INSERT INTO COLLECTIONS_SONGS (COLLECTION_ID, SONG_ID, NOMOR_DISC, NOMOR_TRACK) VALUES (27, 225, 1, 3) ON CONFLICT DO NOTHING;
INSERT INTO CREATE_SONGS (ARTIST_ID, SONG_ID) VALUES (27, 225) ON CONFLICT DO NOTHING;
INSERT INTO SONGS_GENRES (SONG_ID, GENRE_ID) VALUES (225, 18) ON CONFLICT DO NOTHING;
INSERT INTO SONGS_GENRES (SONG_ID, GENRE_ID) VALUES (225, 23) ON CONFLICT DO NOTHING;
INSERT INTO COLLECTIONS (COLLECTION_ID, COLLECTION_TITLE, COLLECTION_TYPE, COLLECTION_RELEASE_DATE, COLLECTION_COVER, ISPRERELEASE) VALUES (28, 'Sore Tugu Pancoran', 'Album', '1985-01-01', 'https://i.scdn.co/image/ab67616d0000b273487c46e8427e7f5579559d01', FALSE) ON CONFLICT DO NOTHING;
INSERT INTO RELEASES (ARTIST_ID, COLLECTION_ID) VALUES (27, 28) ON CONFLICT DO NOTHING;
INSERT INTO SONGS (SONG_ID, SONG_TITLE, SONG_DURATION, SONG_FILE, POPULARITY, VALENCE, ACCOUSTICNESS, DANCEABILITY, ENERGY, SONG_RELEASE_DATE) 
                      VALUES (226, 'Ujung Aspal Pondok Gede', 308, '/stream/audio_default.mp3', 65, 0.902, 0.118, 0.348, 0.237, '1985-01-01') ON CONFLICT DO NOTHING;
INSERT INTO COLLECTIONS_SONGS (COLLECTION_ID, SONG_ID, NOMOR_DISC, NOMOR_TRACK) VALUES (28, 226, 1, 3) ON CONFLICT DO NOTHING;
INSERT INTO CREATE_SONGS (ARTIST_ID, SONG_ID) VALUES (27, 226) ON CONFLICT DO NOTHING;
INSERT INTO SONGS_GENRES (SONG_ID, GENRE_ID) VALUES (226, 21) ON CONFLICT DO NOTHING;
INSERT INTO SONGS_GENRES (SONG_ID, GENRE_ID) VALUES (226, 18) ON CONFLICT DO NOTHING;
INSERT INTO ARTISTS (ARTIST_ID, ARTIST_NAME, ARTIST_PFP, MONTHLY_LISTENER_COUNT, ARTIST_EMAIL) VALUES (28, 'Olivia Dean', 'https://i.scdn.co/image/ab6761610000e5eb5c7577ad44daeb7ce4b941a1', 1992560, 'contact.28@label.com') ON CONFLICT DO NOTHING;
INSERT INTO GENRES (GENRE_ID, GENRE_NAME) VALUES (24, 'pop soul') ON CONFLICT DO NOTHING;
INSERT INTO COLLECTIONS (COLLECTION_ID, COLLECTION_TITLE, COLLECTION_TYPE, COLLECTION_RELEASE_DATE, COLLECTION_COVER, ISPRERELEASE) VALUES (29, 'It Isn’t Perfect But It Might Be (Live From RAK Studios / from “Bridget Jones: Mad About the Boy” Original Motion Picture Soundtrack)', 'Single', '2025-02-14', 'https://i.scdn.co/image/ab6742d3000053b706729b6bb523e508352e1ef3', FALSE) ON CONFLICT DO NOTHING;
INSERT INTO RELEASES (ARTIST_ID, COLLECTION_ID) VALUES (28, 29) ON CONFLICT DO NOTHING;
INSERT INTO SONGS (SONG_ID, SONG_TITLE, SONG_DURATION, SONG_FILE, POPULARITY, VALENCE, ACCOUSTICNESS, DANCEABILITY, ENERGY, SONG_RELEASE_DATE) 
                      VALUES (227, 'It Isn’t Perfect But It Might Be - Live From RAK Studios / from “Bridget Jones: Mad About the Boy” Original Motion Picture Soundtrack', 247, '/stream/audio_default.mp3', 29, 0.269, 0.258, 0.639, 0.421, '2025-02-14') ON CONFLICT DO NOTHING;
INSERT INTO COLLECTIONS_SONGS (COLLECTION_ID, SONG_ID, NOMOR_DISC, NOMOR_TRACK) VALUES (29, 227, 1, 1) ON CONFLICT DO NOTHING;
INSERT INTO CREATE_SONGS (ARTIST_ID, SONG_ID) VALUES (28, 227) ON CONFLICT DO NOTHING;
INSERT INTO SONGS_GENRES (SONG_ID, GENRE_ID) VALUES (227, 24) ON CONFLICT DO NOTHING;
INSERT INTO ARTISTS (ARTIST_ID, ARTIST_NAME, ARTIST_PFP, MONTHLY_LISTENER_COUNT, ARTIST_EMAIL) VALUES (29, 'Rex Orange County', 'https://i.scdn.co/image/ab6761610000e5eb901ccc452604c427ef5f202f', 6772833, 'contact.29@label.com') ON CONFLICT DO NOTHING;
INSERT INTO GENRES (GENRE_ID, GENRE_NAME) VALUES (25, 'bedroom pop') ON CONFLICT DO NOTHING;
INSERT INTO COLLECTIONS (COLLECTION_ID, COLLECTION_TITLE, COLLECTION_TYPE, COLLECTION_RELEASE_DATE, COLLECTION_COVER, ISPRERELEASE) VALUES (30, 'It''s Not The Same Anymore (Live At RAK Studios)', 'Single', '2021-03-04', 'https://i.scdn.co/image/ab6742d3000053b7548c4b608f9fda3f3000a761', FALSE) ON CONFLICT DO NOTHING;
INSERT INTO RELEASES (ARTIST_ID, COLLECTION_ID) VALUES (29, 30) ON CONFLICT DO NOTHING;
INSERT INTO SONGS (SONG_ID, SONG_TITLE, SONG_DURATION, SONG_FILE, POPULARITY, VALENCE, ACCOUSTICNESS, DANCEABILITY, ENERGY, SONG_RELEASE_DATE) 
                      VALUES (228, 'It''s Not The Same Anymore - Live At RAK Studios', 385, '/stream/audio_default.mp3', 19, 0.248, 0.255, 0.301, 0.112, '2021-03-04') ON CONFLICT DO NOTHING;
INSERT INTO COLLECTIONS_SONGS (COLLECTION_ID, SONG_ID, NOMOR_DISC, NOMOR_TRACK) VALUES (30, 228, 1, 1) ON CONFLICT DO NOTHING;
INSERT INTO CREATE_SONGS (ARTIST_ID, SONG_ID) VALUES (29, 228) ON CONFLICT DO NOTHING;
INSERT INTO SONGS_GENRES (SONG_ID, GENRE_ID) VALUES (228, 25) ON CONFLICT DO NOTHING;
INSERT INTO ARTISTS (ARTIST_ID, ARTIST_NAME, ARTIST_PFP, MONTHLY_LISTENER_COUNT, ARTIST_EMAIL) VALUES (30, 'Reneé Rapp', 'https://i.scdn.co/image/ab6761610000e5eba913b09c2b17424e34c55e5e', 1278899, 'contact.30@label.com') ON CONFLICT DO NOTHING;
INSERT INTO COLLECTIONS (COLLECTION_ID, COLLECTION_TITLE, COLLECTION_TYPE, COLLECTION_RELEASE_DATE, COLLECTION_COVER, ISPRERELEASE) VALUES (31, 'I Think I Like You Better When You’re Gone (Live)', 'Single', '2025-08-11', 'https://i.scdn.co/image/ab6742d3000053b70e672ed96cef20dee635f8a4', FALSE) ON CONFLICT DO NOTHING;
INSERT INTO RELEASES (ARTIST_ID, COLLECTION_ID) VALUES (30, 31) ON CONFLICT DO NOTHING;
INSERT INTO SONGS (SONG_ID, SONG_TITLE, SONG_DURATION, SONG_FILE, POPULARITY, VALENCE, ACCOUSTICNESS, DANCEABILITY, ENERGY, SONG_RELEASE_DATE) 
                      VALUES (229, 'I Think I Like You Better When You’re Gone - Live', 152, '/stream/audio_default.mp3', 33, 0.391, 0.159, 0.653, 0.554, '2025-08-11') ON CONFLICT DO NOTHING;
INSERT INTO COLLECTIONS_SONGS (COLLECTION_ID, SONG_ID, NOMOR_DISC, NOMOR_TRACK) VALUES (31, 229, 1, 1) ON CONFLICT DO NOTHING;
INSERT INTO CREATE_SONGS (ARTIST_ID, SONG_ID) VALUES (30, 229) ON CONFLICT DO NOTHING;
INSERT INTO SONGS_GENRES (SONG_ID, GENRE_ID) VALUES (229, 16) ON CONFLICT DO NOTHING;
INSERT INTO SONGS_GENRES (SONG_ID, GENRE_ID) VALUES (229, 24) ON CONFLICT DO NOTHING;
INSERT INTO ARTISTS (ARTIST_ID, ARTIST_NAME, ARTIST_PFP, MONTHLY_LISTENER_COUNT, ARTIST_EMAIL) VALUES (31, 'BLACKPINK', 'https://i.scdn.co/image/ab6761610000e5eb9b57f5eccf180a0049be84b3', 56509217, 'contact.31@label.com') ON CONFLICT DO NOTHING;
INSERT INTO GENRES (GENRE_ID, GENRE_NAME) VALUES (26, 'k-pop') ON CONFLICT DO NOTHING;
INSERT INTO COLLECTIONS (COLLECTION_ID, COLLECTION_TITLE, COLLECTION_TYPE, COLLECTION_RELEASE_DATE, COLLECTION_COVER, ISPRERELEASE) VALUES (32, 'Ice Cream', 'Single', '2020-01-01', 'https://i.scdn.co/image/ab6742d3000053b71aca9fcbbabbfd77d2e66e0b', FALSE) ON CONFLICT DO NOTHING;
INSERT INTO RELEASES (ARTIST_ID, COLLECTION_ID) VALUES (31, 32) ON CONFLICT DO NOTHING;
INSERT INTO SONGS (SONG_ID, SONG_TITLE, SONG_DURATION, SONG_FILE, POPULARITY, VALENCE, ACCOUSTICNESS, DANCEABILITY, ENERGY, SONG_RELEASE_DATE) 
                      VALUES (230, 'Ice Cream', 182, '/stream/audio_default.mp3', 25, 0.91, 0.706, 0.51, 0.958, '2020-01-01') ON CONFLICT DO NOTHING;
INSERT INTO COLLECTIONS_SONGS (COLLECTION_ID, SONG_ID, NOMOR_DISC, NOMOR_TRACK) VALUES (32, 230, 1, 1) ON CONFLICT DO NOTHING;
INSERT INTO CREATE_SONGS (ARTIST_ID, SONG_ID) VALUES (31, 230) ON CONFLICT DO NOTHING;
INSERT INTO SONGS_GENRES (SONG_ID, GENRE_ID) VALUES (230, 26) ON CONFLICT DO NOTHING;
INSERT INTO ARTISTS (ARTIST_ID, ARTIST_NAME, ARTIST_PFP, MONTHLY_LISTENER_COUNT, ARTIST_EMAIL) VALUES (32, 'Elevation Worship', 'https://i.scdn.co/image/ab6761610000e5eb6fa137c74960a6a81f11ee70', 5171438, 'contact.32@label.com') ON CONFLICT DO NOTHING;
INSERT INTO GENRES (GENRE_ID, GENRE_NAME) VALUES (27, 'ccm') ON CONFLICT DO NOTHING;
INSERT INTO GENRES (GENRE_ID, GENRE_NAME) VALUES (28, 'gospel') ON CONFLICT DO NOTHING;
INSERT INTO GENRES (GENRE_ID, GENRE_NAME) VALUES (29, 'pop worship') ON CONFLICT DO NOTHING;
INSERT INTO COLLECTIONS (COLLECTION_ID, COLLECTION_TITLE, COLLECTION_TYPE, COLLECTION_RELEASE_DATE, COLLECTION_COVER, ISPRERELEASE) VALUES (33, 'I Know A Name (Live)', 'Single', '2025-02-14', 'https://i.scdn.co/image/ab6742d3000053b775201a851db1b8d476a649e1', FALSE) ON CONFLICT DO NOTHING;
INSERT INTO RELEASES (ARTIST_ID, COLLECTION_ID) VALUES (32, 33) ON CONFLICT DO NOTHING;
INSERT INTO SONGS (SONG_ID, SONG_TITLE, SONG_DURATION, SONG_FILE, POPULARITY, VALENCE, ACCOUSTICNESS, DANCEABILITY, ENERGY, SONG_RELEASE_DATE) 
                      VALUES (231, 'I Know A Name - Live', 425, '/stream/audio_default.mp3', 23, 0.125, 0.537, 0.398, 0.435, '2025-02-14') ON CONFLICT DO NOTHING;
INSERT INTO COLLECTIONS_SONGS (COLLECTION_ID, SONG_ID, NOMOR_DISC, NOMOR_TRACK) VALUES (33, 231, 1, 1) ON CONFLICT DO NOTHING;
INSERT INTO CREATE_SONGS (ARTIST_ID, SONG_ID) VALUES (32, 231) ON CONFLICT DO NOTHING;
INSERT INTO SONGS_GENRES (SONG_ID, GENRE_ID) VALUES (231, 29) ON CONFLICT DO NOTHING;
INSERT INTO SONGS_GENRES (SONG_ID, GENRE_ID) VALUES (231, 28) ON CONFLICT DO NOTHING;
INSERT INTO ARTISTS (ARTIST_ID, ARTIST_NAME, ARTIST_PFP, MONTHLY_LISTENER_COUNT, ARTIST_EMAIL) VALUES (33, 'Arctic Monkeys', 'https://i.scdn.co/image/ab6761610000e5eb7da39dea0a72f581535fb11f', 32387442, 'contact.33@label.com') ON CONFLICT DO NOTHING;
INSERT INTO GENRES (GENRE_ID, GENRE_NAME) VALUES (30, 'indie') ON CONFLICT DO NOTHING;
INSERT INTO GENRES (GENRE_ID, GENRE_NAME) VALUES (31, 'garage rock') ON CONFLICT DO NOTHING;
INSERT INTO COLLECTIONS (COLLECTION_ID, COLLECTION_TITLE, COLLECTION_TYPE, COLLECTION_RELEASE_DATE, COLLECTION_COVER, ISPRERELEASE) VALUES (34, 'AM', 'Album', '2013-09-09', 'https://i.scdn.co/image/ab67616d0000b2734ae1c4c5c45aabe565499163', FALSE) ON CONFLICT DO NOTHING;
INSERT INTO RELEASES (ARTIST_ID, COLLECTION_ID) VALUES (33, 34) ON CONFLICT DO NOTHING;
INSERT INTO SONGS (SONG_ID, SONG_TITLE, SONG_DURATION, SONG_FILE, POPULARITY, VALENCE, ACCOUSTICNESS, DANCEABILITY, ENERGY, SONG_RELEASE_DATE) 
                      VALUES (232, 'I Wanna Be Yours', 183, '/stream/audio_default.mp3', 92, 0.651, 0.004, 0.55, 0.256, '2013-09-09') ON CONFLICT DO NOTHING;
INSERT INTO COLLECTIONS_SONGS (COLLECTION_ID, SONG_ID, NOMOR_DISC, NOMOR_TRACK) VALUES (34, 232, 1, 12) ON CONFLICT DO NOTHING;
INSERT INTO CREATE_SONGS (ARTIST_ID, SONG_ID) VALUES (33, 232) ON CONFLICT DO NOTHING;
INSERT INTO SONGS_GENRES (SONG_ID, GENRE_ID) VALUES (232, 31) ON CONFLICT DO NOTHING;
INSERT INTO SONGS_GENRES (SONG_ID, GENRE_ID) VALUES (232, 30) ON CONFLICT DO NOTHING;
INSERT INTO ARTISTS (ARTIST_ID, ARTIST_NAME, ARTIST_PFP, MONTHLY_LISTENER_COUNT, ARTIST_EMAIL) VALUES (34, 'Tulus', 'https://i.scdn.co/image/ab6761610000e5eb53462891ab7799f2934b568e', 19354365, 'contact.34@label.com') ON CONFLICT DO NOTHING;
INSERT INTO GENRES (GENRE_ID, GENRE_NAME) VALUES (32, 'indonesian jazz') ON CONFLICT DO NOTHING;
INSERT INTO COLLECTIONS (COLLECTION_ID, COLLECTION_TITLE, COLLECTION_TYPE, COLLECTION_RELEASE_DATE, COLLECTION_COVER, ISPRERELEASE) VALUES (35, 'Manusia', 'Album', '2022-03-03', 'https://i.scdn.co/image/ab67616d0000b273d34a0632f6861e8875d6899b', FALSE) ON CONFLICT DO NOTHING;
INSERT INTO RELEASES (ARTIST_ID, COLLECTION_ID) VALUES (34, 35) ON CONFLICT DO NOTHING;
INSERT INTO SONGS (SONG_ID, SONG_TITLE, SONG_DURATION, SONG_FILE, POPULARITY, VALENCE, ACCOUSTICNESS, DANCEABILITY, ENERGY, SONG_RELEASE_DATE) 
                      VALUES (233, 'Interaksi', 170, '/stream/audio_default.mp3', 75, 0.776, 0.931, 0.265, 0.142, '2022-03-03') ON CONFLICT DO NOTHING;
INSERT INTO COLLECTIONS_SONGS (COLLECTION_ID, SONG_ID, NOMOR_DISC, NOMOR_TRACK) VALUES (35, 233, 1, 4) ON CONFLICT DO NOTHING;
INSERT INTO CREATE_SONGS (ARTIST_ID, SONG_ID) VALUES (34, 233) ON CONFLICT DO NOTHING;
INSERT INTO SONGS_GENRES (SONG_ID, GENRE_ID) VALUES (233, 21) ON CONFLICT DO NOTHING;
INSERT INTO SONGS_GENRES (SONG_ID, GENRE_ID) VALUES (233, 16) ON CONFLICT DO NOTHING;
INSERT INTO ARTISTS (ARTIST_ID, ARTIST_NAME, ARTIST_PFP, MONTHLY_LISTENER_COUNT, ARTIST_EMAIL) VALUES (35, 'The 1975', 'https://i.scdn.co/image/ab6761610000e5eb0c6e752cbb1e6d1416970f5a', 8007851, 'contact.35@label.com') ON CONFLICT DO NOTHING;
INSERT INTO COLLECTIONS (COLLECTION_ID, COLLECTION_TITLE, COLLECTION_TYPE, COLLECTION_RELEASE_DATE, COLLECTION_COVER, ISPRERELEASE) VALUES (36, 'Being Funny In A Foreign Language', 'Album', '2022-10-14', 'https://i.scdn.co/image/ab67616d0000b27300702474f8e0e2b6155d48e3', FALSE) ON CONFLICT DO NOTHING;
INSERT INTO RELEASES (ARTIST_ID, COLLECTION_ID) VALUES (35, 36) ON CONFLICT DO NOTHING;
INSERT INTO SONGS (SONG_ID, SONG_TITLE, SONG_DURATION, SONG_FILE, POPULARITY, VALENCE, ACCOUSTICNESS, DANCEABILITY, ENERGY, SONG_RELEASE_DATE) 
                      VALUES (234, 'About You', 326, '/stream/audio_default.mp3', 83, 0.707, 0.256, 0.628, 0.338, '2022-10-14') ON CONFLICT DO NOTHING;
INSERT INTO COLLECTIONS_SONGS (COLLECTION_ID, SONG_ID, NOMOR_DISC, NOMOR_TRACK) VALUES (36, 234, 1, 9) ON CONFLICT DO NOTHING;
INSERT INTO CREATE_SONGS (ARTIST_ID, SONG_ID) VALUES (35, 234) ON CONFLICT DO NOTHING;
INSERT INTO SONGS_GENRES (SONG_ID, GENRE_ID) VALUES (234, 21) ON CONFLICT DO NOTHING;
INSERT INTO SONGS_GENRES (SONG_ID, GENRE_ID) VALUES (234, 30) ON CONFLICT DO NOTHING;
INSERT INTO ARTISTS (ARTIST_ID, ARTIST_NAME, ARTIST_PFP, MONTHLY_LISTENER_COUNT, ARTIST_EMAIL) VALUES (36, 'Rizky Febian', 'https://i.scdn.co/image/ab6761610000e5eb6efe5841c8d0cf104c793d90', 7192196, 'contact.36@label.com') ON CONFLICT DO NOTHING;
INSERT INTO GENRES (GENRE_ID, GENRE_NAME) VALUES (33, 'malay') ON CONFLICT DO NOTHING;
INSERT INTO GENRES (GENRE_ID, GENRE_NAME) VALUES (34, 'indonesian r&b') ON CONFLICT DO NOTHING;
INSERT INTO COLLECTIONS (COLLECTION_ID, COLLECTION_TITLE, COLLECTION_TYPE, COLLECTION_RELEASE_DATE, COLLECTION_COVER, ISPRERELEASE) VALUES (37, 'Alamak', 'Single', '2025-10-03', 'https://i.scdn.co/image/ab67616d0000b27301b9750a33d771645d7f043a', FALSE) ON CONFLICT DO NOTHING;
INSERT INTO RELEASES (ARTIST_ID, COLLECTION_ID) VALUES (36, 37) ON CONFLICT DO NOTHING;
INSERT INTO SONGS (SONG_ID, SONG_TITLE, SONG_DURATION, SONG_FILE, POPULARITY, VALENCE, ACCOUSTICNESS, DANCEABILITY, ENERGY, SONG_RELEASE_DATE) 
                      VALUES (235, 'Alamak', 209, '/stream/audio_default.mp3', 83, 0.881, 0.882, 0.831, 0.107, '2025-10-03') ON CONFLICT DO NOTHING;
INSERT INTO COLLECTIONS_SONGS (COLLECTION_ID, SONG_ID, NOMOR_DISC, NOMOR_TRACK) VALUES (37, 235, 1, 1) ON CONFLICT DO NOTHING;
INSERT INTO CREATE_SONGS (ARTIST_ID, SONG_ID) VALUES (36, 235) ON CONFLICT DO NOTHING;
INSERT INTO SONGS_GENRES (SONG_ID, GENRE_ID) VALUES (235, 33) ON CONFLICT DO NOTHING;
INSERT INTO SONGS_GENRES (SONG_ID, GENRE_ID) VALUES (235, 21) ON CONFLICT DO NOTHING;
INSERT INTO ARTISTS (ARTIST_ID, ARTIST_NAME, ARTIST_PFP, MONTHLY_LISTENER_COUNT, ARTIST_EMAIL) VALUES (37, 'Taylor Swift', 'https://i.scdn.co/image/ab6761610000e5ebe2e8e7ff002a4afda1c7147e', 147077066, 'contact.37@label.com') ON CONFLICT DO NOTHING;
INSERT INTO COLLECTIONS (COLLECTION_ID, COLLECTION_TITLE, COLLECTION_TYPE, COLLECTION_RELEASE_DATE, COLLECTION_COVER, ISPRERELEASE) VALUES (38, 'Red (Taylor''s Version)', 'Album', '2021-11-12', 'https://i.scdn.co/image/ab67616d0000b273318443aab3531a0558e79a4d', FALSE) ON CONFLICT DO NOTHING;
INSERT INTO RELEASES (ARTIST_ID, COLLECTION_ID) VALUES (37, 38) ON CONFLICT DO NOTHING;
INSERT INTO SONGS (SONG_ID, SONG_TITLE, SONG_DURATION, SONG_FILE, POPULARITY, VALENCE, ACCOUSTICNESS, DANCEABILITY, ENERGY, SONG_RELEASE_DATE) 
                      VALUES (236, 'All Too Well (10 Minute Version) (Taylor''s Version) (From The Vault)', 613, '/stream/audio_default.mp3', 81, 0.117, 0.451, 0.382, 0.162, '2021-11-12') ON CONFLICT DO NOTHING;
INSERT INTO COLLECTIONS_SONGS (COLLECTION_ID, SONG_ID, NOMOR_DISC, NOMOR_TRACK) VALUES (38, 236, 1, 30) ON CONFLICT DO NOTHING;
INSERT INTO CREATE_SONGS (ARTIST_ID, SONG_ID) VALUES (37, 236) ON CONFLICT DO NOTHING;
INSERT INTO SONGS_GENRES (SONG_ID, GENRE_ID) VALUES (236, 33) ON CONFLICT DO NOTHING;
INSERT INTO SONGS_GENRES (SONG_ID, GENRE_ID) VALUES (236, 22) ON CONFLICT DO NOTHING;
INSERT INTO ARTISTS (ARTIST_ID, ARTIST_NAME, ARTIST_PFP, MONTHLY_LISTENER_COUNT, ARTIST_EMAIL) VALUES (38, 'Maman Fvndy', 'https://i.scdn.co/image/ab6761610000e5eb28ed1304ab3f3fabb047ec29', 549133, 'contact.38@label.com') ON CONFLICT DO NOTHING;
INSERT INTO GENRES (GENRE_ID, GENRE_NAME) VALUES (35, 'funkot') ON CONFLICT DO NOTHING;
INSERT INTO GENRES (GENRE_ID, GENRE_NAME) VALUES (36, 'lagu timur') ON CONFLICT DO NOTHING;
INSERT INTO GENRES (GENRE_ID, GENRE_NAME) VALUES (37, 'hipdut') ON CONFLICT DO NOTHING;
INSERT INTO GENRES (GENRE_ID, GENRE_NAME) VALUES (38, 'dangdut') ON CONFLICT DO NOTHING;
INSERT INTO GENRES (GENRE_ID, GENRE_NAME) VALUES (39, 'koplo') ON CONFLICT DO NOTHING;
INSERT INTO GENRES (GENRE_ID, GENRE_NAME) VALUES (40, 'lagu jawa') ON CONFLICT DO NOTHING;
INSERT INTO COLLECTIONS (COLLECTION_ID, COLLECTION_TITLE, COLLECTION_TYPE, COLLECTION_RELEASE_DATE, COLLECTION_COVER, ISPRERELEASE) VALUES (39, 'Aishiteru 2 (Remix)', 'Single', '2025-09-27', 'https://i.scdn.co/image/ab67616d0000b2739e5c3b27d24f2f1648d1829a', FALSE) ON CONFLICT DO NOTHING;
INSERT INTO RELEASES (ARTIST_ID, COLLECTION_ID) VALUES (38, 39) ON CONFLICT DO NOTHING;
INSERT INTO SONGS (SONG_ID, SONG_TITLE, SONG_DURATION, SONG_FILE, POPULARITY, VALENCE, ACCOUSTICNESS, DANCEABILITY, ENERGY, SONG_RELEASE_DATE) 
                      VALUES (237, 'Aishiteru 2 (Remix)', 164, '/stream/audio_default.mp3', 60, 0.198, 0.735, 0.632, 0.624, '2025-09-27') ON CONFLICT DO NOTHING;
INSERT INTO COLLECTIONS_SONGS (COLLECTION_ID, SONG_ID, NOMOR_DISC, NOMOR_TRACK) VALUES (39, 237, 1, 1) ON CONFLICT DO NOTHING;
INSERT INTO CREATE_SONGS (ARTIST_ID, SONG_ID) VALUES (38, 237) ON CONFLICT DO NOTHING;
INSERT INTO SONGS_GENRES (SONG_ID, GENRE_ID) VALUES (237, 37) ON CONFLICT DO NOTHING;
INSERT INTO SONGS_GENRES (SONG_ID, GENRE_ID) VALUES (237, 40) ON CONFLICT DO NOTHING;
INSERT INTO ARTISTS (ARTIST_ID, ARTIST_NAME, ARTIST_PFP, MONTHLY_LISTENER_COUNT, ARTIST_EMAIL) VALUES (39, 'Zivilia', 'https://i.scdn.co/image/ab67616d0000b2736735968eed8194726615ce17', 488072, 'contact.39@label.com') ON CONFLICT DO NOTHING;
INSERT INTO GENRES (GENRE_ID, GENRE_NAME) VALUES (41, 'malay pop') ON CONFLICT DO NOTHING;
INSERT INTO COLLECTIONS (COLLECTION_ID, COLLECTION_TITLE, COLLECTION_TYPE, COLLECTION_RELEASE_DATE, COLLECTION_COVER, ISPRERELEASE) VALUES (40, 'Aishiteru 2', 'Album', '2012-03-19', 'https://i.scdn.co/image/ab67616d0000b2731408a20f9ff5ba1214cd1bed', FALSE) ON CONFLICT DO NOTHING;
INSERT INTO RELEASES (ARTIST_ID, COLLECTION_ID) VALUES (39, 40) ON CONFLICT DO NOTHING;
INSERT INTO SONGS (SONG_ID, SONG_TITLE, SONG_DURATION, SONG_FILE, POPULARITY, VALENCE, ACCOUSTICNESS, DANCEABILITY, ENERGY, SONG_RELEASE_DATE) 
                      VALUES (238, 'Aishiteru 2', 241, '/stream/audio_default.mp3', 65, 0.62, 0.907, 0.422, 0.565, '2012-03-19') ON CONFLICT DO NOTHING;
INSERT INTO COLLECTIONS_SONGS (COLLECTION_ID, SONG_ID, NOMOR_DISC, NOMOR_TRACK) VALUES (40, 238, 1, 1) ON CONFLICT DO NOTHING;
INSERT INTO CREATE_SONGS (ARTIST_ID, SONG_ID) VALUES (39, 238) ON CONFLICT DO NOTHING;
INSERT INTO SONGS_GENRES (SONG_ID, GENRE_ID) VALUES (238, 21) ON CONFLICT DO NOTHING;
INSERT INTO SONGS_GENRES (SONG_ID, GENRE_ID) VALUES (238, 33) ON CONFLICT DO NOTHING;
INSERT INTO COLLECTIONS (COLLECTION_ID, COLLECTION_TITLE, COLLECTION_TYPE, COLLECTION_RELEASE_DATE, COLLECTION_COVER, ISPRERELEASE) VALUES (41, 'Avenged Sevenfold', 'Album', '2007-10-26', 'https://i.scdn.co/image/ab67616d0000b27333c52ca8309741c6999ca742', FALSE) ON CONFLICT DO NOTHING;
INSERT INTO RELEASES (ARTIST_ID, COLLECTION_ID) VALUES (5, 41) ON CONFLICT DO NOTHING;
INSERT INTO SONGS (SONG_ID, SONG_TITLE, SONG_DURATION, SONG_FILE, POPULARITY, VALENCE, ACCOUSTICNESS, DANCEABILITY, ENERGY, SONG_RELEASE_DATE) 
                      VALUES (239, 'A Little Piece of Heaven', 480, '/stream/audio_default.mp3', 74, 0.499, 0.479, 0.555, 0.229, '2007-10-26') ON CONFLICT DO NOTHING;
INSERT INTO COLLECTIONS_SONGS (COLLECTION_ID, SONG_ID, NOMOR_DISC, NOMOR_TRACK) VALUES (41, 239, 1, 9) ON CONFLICT DO NOTHING;
INSERT INTO CREATE_SONGS (ARTIST_ID, SONG_ID) VALUES (5, 239) ON CONFLICT DO NOTHING;
INSERT INTO SONGS_GENRES (SONG_ID, GENRE_ID) VALUES (239, 3) ON CONFLICT DO NOTHING;
INSERT INTO SONGS_GENRES (SONG_ID, GENRE_ID) VALUES (239, 2) ON CONFLICT DO NOTHING;
INSERT INTO ARTISTS (ARTIST_ID, ARTIST_NAME, ARTIST_PFP, MONTHLY_LISTENER_COUNT, ARTIST_EMAIL) VALUES (40, 'Chrisye', 'https://i.scdn.co/image/ab6761610000e5eb4b432a19f1b2afd943d194d1', 2331475, 'contact.40@label.com') ON CONFLICT DO NOTHING;
INSERT INTO COLLECTIONS (COLLECTION_ID, COLLECTION_TITLE, COLLECTION_TYPE, COLLECTION_RELEASE_DATE, COLLECTION_COVER, ISPRERELEASE) VALUES (42, 'Greatest Hits', 'Compilation', '2007-01-01', 'https://i.scdn.co/image/ab67616d0000b273d9a0f3dea8af57eefd1b8063', FALSE) ON CONFLICT DO NOTHING;
INSERT INTO RELEASES (ARTIST_ID, COLLECTION_ID) VALUES (40, 42) ON CONFLICT DO NOTHING;
INSERT INTO SONGS (SONG_ID, SONG_TITLE, SONG_DURATION, SONG_FILE, POPULARITY, VALENCE, ACCOUSTICNESS, DANCEABILITY, ENERGY, SONG_RELEASE_DATE) 
                      VALUES (240, 'Andai Aku Bisa', 276, '/stream/audio_default.mp3', 52, 0.499, 0.883, 0.43, 0.914, '2007-01-01') ON CONFLICT DO NOTHING;
INSERT INTO COLLECTIONS_SONGS (COLLECTION_ID, SONG_ID, NOMOR_DISC, NOMOR_TRACK) VALUES (42, 240, 1, 8) ON CONFLICT DO NOTHING;
INSERT INTO CREATE_SONGS (ARTIST_ID, SONG_ID) VALUES (40, 240) ON CONFLICT DO NOTHING;
INSERT INTO SONGS_GENRES (SONG_ID, GENRE_ID) VALUES (240, 32) ON CONFLICT DO NOTHING;
INSERT INTO SONGS_GENRES (SONG_ID, GENRE_ID) VALUES (240, 21) ON CONFLICT DO NOTHING;
INSERT INTO ARTISTS (ARTIST_ID, ARTIST_NAME, ARTIST_PFP, MONTHLY_LISTENER_COUNT, ARTIST_EMAIL) VALUES (41, 'D''Bagindas', 'https://i.scdn.co/image/ab67616d0000b273e8d5e910655cf2c0df7cd235', 1164497, 'contact.41@label.com') ON CONFLICT DO NOTHING;
INSERT INTO COLLECTIONS (COLLECTION_ID, COLLECTION_TITLE, COLLECTION_TYPE, COLLECTION_RELEASE_DATE, COLLECTION_COVER, ISPRERELEASE) VALUES (43, 'Yang No.1', 'Album', '2011-01-18', 'https://i.scdn.co/image/ab67616d0000b273b5c19d4252c41b9dec17664b', FALSE) ON CONFLICT DO NOTHING;
INSERT INTO RELEASES (ARTIST_ID, COLLECTION_ID) VALUES (41, 43) ON CONFLICT DO NOTHING;
INSERT INTO SONGS (SONG_ID, SONG_TITLE, SONG_DURATION, SONG_FILE, POPULARITY, VALENCE, ACCOUSTICNESS, DANCEABILITY, ENERGY, SONG_RELEASE_DATE) 
                      VALUES (241, 'Ay', 231, '/stream/audio_default.mp3', 62, 0.805, 0.883, 0.032, 0.758, '2011-01-18') ON CONFLICT DO NOTHING;
INSERT INTO COLLECTIONS_SONGS (COLLECTION_ID, SONG_ID, NOMOR_DISC, NOMOR_TRACK) VALUES (43, 241, 1, 2) ON CONFLICT DO NOTHING;
INSERT INTO CREATE_SONGS (ARTIST_ID, SONG_ID) VALUES (41, 241) ON CONFLICT DO NOTHING;
INSERT INTO SONGS_GENRES (SONG_ID, GENRE_ID) VALUES (241, 38) ON CONFLICT DO NOTHING;
INSERT INTO SONGS_GENRES (SONG_ID, GENRE_ID) VALUES (241, 41) ON CONFLICT DO NOTHING;
INSERT INTO ARTISTS (ARTIST_ID, ARTIST_NAME, ARTIST_PFP, MONTHLY_LISTENER_COUNT, ARTIST_EMAIL) VALUES (42, 'Dewa 19', 'https://i.scdn.co/image/ab6761610000e5eb96bfa9ff288138f3432e0fa4', 11411296, 'contact.42@label.com') ON CONFLICT DO NOTHING;
INSERT INTO COLLECTIONS (COLLECTION_ID, COLLECTION_TITLE, COLLECTION_TYPE, COLLECTION_RELEASE_DATE, COLLECTION_COVER, ISPRERELEASE) VALUES (44, 'Format Masa Depan', 'Album', '1994-06-16', 'https://i.scdn.co/image/ab67616d0000b273bfc7fa507f4bc822cabe7bde', FALSE) ON CONFLICT DO NOTHING;
INSERT INTO RELEASES (ARTIST_ID, COLLECTION_ID) VALUES (42, 44) ON CONFLICT DO NOTHING;
INSERT INTO SONGS (SONG_ID, SONG_TITLE, SONG_DURATION, SONG_FILE, POPULARITY, VALENCE, ACCOUSTICNESS, DANCEABILITY, ENERGY, SONG_RELEASE_DATE) 
                      VALUES (242, 'Aku Milikmu', 332, '/stream/audio_default.mp3', 80, 0.441, 0.985, 0.401, 0.768, '1994-06-16') ON CONFLICT DO NOTHING;
INSERT INTO COLLECTIONS_SONGS (COLLECTION_ID, SONG_ID, NOMOR_DISC, NOMOR_TRACK) VALUES (44, 242, 1, 1) ON CONFLICT DO NOTHING;
INSERT INTO CREATE_SONGS (ARTIST_ID, SONG_ID) VALUES (42, 242) ON CONFLICT DO NOTHING;
INSERT INTO SONGS_GENRES (SONG_ID, GENRE_ID) VALUES (242, 18) ON CONFLICT DO NOTHING;
INSERT INTO SONGS_GENRES (SONG_ID, GENRE_ID) VALUES (242, 22) ON CONFLICT DO NOTHING;
INSERT INTO ARTISTS (ARTIST_ID, ARTIST_NAME, ARTIST_PFP, MONTHLY_LISTENER_COUNT, ARTIST_EMAIL) VALUES (43, 'Adele', 'https://i.scdn.co/image/ab6761610000e5eb68f6e5892075d7f22615bd17', 67284548, 'contact.43@label.com') ON CONFLICT DO NOTHING;
INSERT INTO COLLECTIONS (COLLECTION_ID, COLLECTION_TITLE, COLLECTION_TYPE, COLLECTION_RELEASE_DATE, COLLECTION_COVER, ISPRERELEASE) VALUES (45, '25', 'Album', '2015-11-20', 'https://i.scdn.co/image/ab67616d0000b2737b9888dc365b8f957c63df14', FALSE) ON CONFLICT DO NOTHING;
INSERT INTO RELEASES (ARTIST_ID, COLLECTION_ID) VALUES (43, 45) ON CONFLICT DO NOTHING;
INSERT INTO SONGS (SONG_ID, SONG_TITLE, SONG_DURATION, SONG_FILE, POPULARITY, VALENCE, ACCOUSTICNESS, DANCEABILITY, ENERGY, SONG_RELEASE_DATE) 
                      VALUES (243, 'All I Ask', 271, '/stream/audio_default.mp3', 75, 0.464, 0.649, 0.52, 0.542, '2015-11-20') ON CONFLICT DO NOTHING;
INSERT INTO COLLECTIONS_SONGS (COLLECTION_ID, SONG_ID, NOMOR_DISC, NOMOR_TRACK) VALUES (45, 243, 1, 10) ON CONFLICT DO NOTHING;
INSERT INTO CREATE_SONGS (ARTIST_ID, SONG_ID) VALUES (43, 243) ON CONFLICT DO NOTHING;
INSERT INTO SONGS_GENRES (SONG_ID, GENRE_ID) VALUES (243, 19) ON CONFLICT DO NOTHING;
INSERT INTO ARTISTS (ARTIST_ID, ARTIST_NAME, ARTIST_PFP, MONTHLY_LISTENER_COUNT, ARTIST_EMAIL) VALUES (44, 'Andmesh', 'https://i.scdn.co/image/ab6761610000e5ebf89ddd2d4c1723297636f4ff', 7347089, 'contact.44@label.com') ON CONFLICT DO NOTHING;
INSERT INTO COLLECTIONS (COLLECTION_ID, COLLECTION_TITLE, COLLECTION_TYPE, COLLECTION_RELEASE_DATE, COLLECTION_COVER, ISPRERELEASE) VALUES (46, 'Anugerah Terindah', 'Single', '2023-02-27', 'https://i.scdn.co/image/ab67616d0000b273e2fc4fcab619222ecdaa7d74', FALSE) ON CONFLICT DO NOTHING;
INSERT INTO RELEASES (ARTIST_ID, COLLECTION_ID) VALUES (44, 46) ON CONFLICT DO NOTHING;
INSERT INTO SONGS (SONG_ID, SONG_TITLE, SONG_DURATION, SONG_FILE, POPULARITY, VALENCE, ACCOUSTICNESS, DANCEABILITY, ENERGY, SONG_RELEASE_DATE) 
                      VALUES (244, 'Anugerah Terindah', 282, '/stream/audio_default.mp3', 70, 0.86, 0.294, 0.87, 0.905, '2023-02-27') ON CONFLICT DO NOTHING;
INSERT INTO COLLECTIONS_SONGS (COLLECTION_ID, SONG_ID, NOMOR_DISC, NOMOR_TRACK) VALUES (46, 244, 1, 1) ON CONFLICT DO NOTHING;
INSERT INTO CREATE_SONGS (ARTIST_ID, SONG_ID) VALUES (44, 244) ON CONFLICT DO NOTHING;
INSERT INTO SONGS_GENRES (SONG_ID, GENRE_ID) VALUES (244, 41) ON CONFLICT DO NOTHING;
INSERT INTO SONGS_GENRES (SONG_ID, GENRE_ID) VALUES (244, 21) ON CONFLICT DO NOTHING;
INSERT INTO ARTISTS (ARTIST_ID, ARTIST_NAME, ARTIST_PFP, MONTHLY_LISTENER_COUNT, ARTIST_EMAIL) VALUES (45, 'Bernadya', 'https://i.scdn.co/image/ab6761610000e5ebf59d566422f82a87d74ecce7', 7239332, 'contact.45@label.com') ON CONFLICT DO NOTHING;
INSERT INTO COLLECTIONS (COLLECTION_ID, COLLECTION_TITLE, COLLECTION_TYPE, COLLECTION_RELEASE_DATE, COLLECTION_COVER, ISPRERELEASE) VALUES (47, 'Apa Mungkin - Babak Penutup: Untungnya, untungnya (Live)', 'Single', '2025-10-30', 'https://i.scdn.co/image/ab6742d3000053b72fbcbf767e715c3cc521cebc', FALSE) ON CONFLICT DO NOTHING;
INSERT INTO RELEASES (ARTIST_ID, COLLECTION_ID) VALUES (45, 47) ON CONFLICT DO NOTHING;
INSERT INTO SONGS (SONG_ID, SONG_TITLE, SONG_DURATION, SONG_FILE, POPULARITY, VALENCE, ACCOUSTICNESS, DANCEABILITY, ENERGY, SONG_RELEASE_DATE) 
                      VALUES (245, 'Apa Mungkin - Babak Penutup: Untungnya, untungnya - Live', 415, '/stream/audio_default.mp3', 17, 0.492, 0.285, 0.174, 0.695, '2025-10-30') ON CONFLICT DO NOTHING;
INSERT INTO COLLECTIONS_SONGS (COLLECTION_ID, SONG_ID, NOMOR_DISC, NOMOR_TRACK) VALUES (47, 245, 1, 1) ON CONFLICT DO NOTHING;
INSERT INTO CREATE_SONGS (ARTIST_ID, SONG_ID) VALUES (45, 245) ON CONFLICT DO NOTHING;
INSERT INTO SONGS_GENRES (SONG_ID, GENRE_ID) VALUES (245, 16) ON CONFLICT DO NOTHING;
INSERT INTO SONGS_GENRES (SONG_ID, GENRE_ID) VALUES (245, 21) ON CONFLICT DO NOTHING;
INSERT INTO COLLECTIONS (COLLECTION_ID, COLLECTION_TITLE, COLLECTION_TYPE, COLLECTION_RELEASE_DATE, COLLECTION_COVER, ISPRERELEASE) VALUES (48, 'Always On Time (feat. Bella Cordero) [Live]', 'Single', '2024-07-12', 'https://i.scdn.co/image/ab6742d3000053b7c287b6761d296a45ff635455', FALSE) ON CONFLICT DO NOTHING;
INSERT INTO RELEASES (ARTIST_ID, COLLECTION_ID) VALUES (32, 48) ON CONFLICT DO NOTHING;
INSERT INTO SONGS (SONG_ID, SONG_TITLE, SONG_DURATION, SONG_FILE, POPULARITY, VALENCE, ACCOUSTICNESS, DANCEABILITY, ENERGY, SONG_RELEASE_DATE) 
                      VALUES (246, 'Always On Time (feat. Bella Cordero) - Live', 418, '/stream/audio_default.mp3', 26, 0.606, 0.467, 0.199, 0.522, '2024-07-12') ON CONFLICT DO NOTHING;
INSERT INTO COLLECTIONS_SONGS (COLLECTION_ID, SONG_ID, NOMOR_DISC, NOMOR_TRACK) VALUES (48, 246, 1, 1) ON CONFLICT DO NOTHING;
INSERT INTO CREATE_SONGS (ARTIST_ID, SONG_ID) VALUES (32, 246) ON CONFLICT DO NOTHING;
INSERT INTO SONGS_GENRES (SONG_ID, GENRE_ID) VALUES (246, 8) ON CONFLICT DO NOTHING;
INSERT INTO SONGS_GENRES (SONG_ID, GENRE_ID) VALUES (246, 27) ON CONFLICT DO NOTHING;
INSERT INTO ARTISTS (ARTIST_ID, ARTIST_NAME, ARTIST_PFP, MONTHLY_LISTENER_COUNT, ARTIST_EMAIL) VALUES (46, 'Dendi Nata', 'https://i.scdn.co/image/ab6761610000e5ebea973068e0f1fdf89c760a0a', 206648, 'contact.46@label.com') ON CONFLICT DO NOTHING;
INSERT INTO COLLECTIONS (COLLECTION_ID, COLLECTION_TITLE, COLLECTION_TYPE, COLLECTION_RELEASE_DATE, COLLECTION_COVER, ISPRERELEASE) VALUES (49, 'Abadi (Indo Version)', 'Single', '2023-05-12', 'https://i.scdn.co/image/ab67616d0000b2730e64a4865cfd17c311b3071f', FALSE) ON CONFLICT DO NOTHING;
INSERT INTO RELEASES (ARTIST_ID, COLLECTION_ID) VALUES (46, 49) ON CONFLICT DO NOTHING;
INSERT INTO SONGS (SONG_ID, SONG_TITLE, SONG_DURATION, SONG_FILE, POPULARITY, VALENCE, ACCOUSTICNESS, DANCEABILITY, ENERGY, SONG_RELEASE_DATE) 
                      VALUES (247, 'Abadi - Indo Version', 257, '/stream/audio_default.mp3', 74, 0.424, 0.687, 0.37, 0.717, '2023-05-12') ON CONFLICT DO NOTHING;
INSERT INTO COLLECTIONS_SONGS (COLLECTION_ID, SONG_ID, NOMOR_DISC, NOMOR_TRACK) VALUES (49, 247, 1, 1) ON CONFLICT DO NOTHING;
INSERT INTO CREATE_SONGS (ARTIST_ID, SONG_ID) VALUES (46, 247) ON CONFLICT DO NOTHING;
INSERT INTO SONGS_GENRES (SONG_ID, GENRE_ID) VALUES (247, 21) ON CONFLICT DO NOTHING;
INSERT INTO ARTISTS (ARTIST_ID, ARTIST_NAME, ARTIST_PFP, MONTHLY_LISTENER_COUNT, ARTIST_EMAIL) VALUES (47, 'Olivia Rodrigo', 'https://i.scdn.co/image/ab6761610000e5ebe03a98785f3658f0b6461ec4', 49636106, 'contact.47@label.com') ON CONFLICT DO NOTHING;
INSERT INTO COLLECTIONS (COLLECTION_ID, COLLECTION_TITLE, COLLECTION_TYPE, COLLECTION_RELEASE_DATE, COLLECTION_COVER, ISPRERELEASE) VALUES (50, 'all-american bitch (Live From Rehearsal)', 'Single', '2023-09-08', 'https://i.scdn.co/image/ab6742d3000053b759f743685824b26d2dffbca6', FALSE) ON CONFLICT DO NOTHING;
INSERT INTO RELEASES (ARTIST_ID, COLLECTION_ID) VALUES (47, 50) ON CONFLICT DO NOTHING;
INSERT INTO SONGS (SONG_ID, SONG_TITLE, SONG_DURATION, SONG_FILE, POPULARITY, VALENCE, ACCOUSTICNESS, DANCEABILITY, ENERGY, SONG_RELEASE_DATE) 
                      VALUES (248, 'all-american bitch - Live From Rehearsal', 169, '/stream/audio_default.mp3', 30, 0.782, 0.554, 0.652, 0.487, '2023-09-08') ON CONFLICT DO NOTHING;
INSERT INTO COLLECTIONS_SONGS (COLLECTION_ID, SONG_ID, NOMOR_DISC, NOMOR_TRACK) VALUES (50, 248, 1, 1) ON CONFLICT DO NOTHING;
INSERT INTO CREATE_SONGS (ARTIST_ID, SONG_ID) VALUES (47, 248) ON CONFLICT DO NOTHING;
INSERT INTO SONGS_GENRES (SONG_ID, GENRE_ID) VALUES (248, 32) ON CONFLICT DO NOTHING;
INSERT INTO SONGS_GENRES (SONG_ID, GENRE_ID) VALUES (248, 14) ON CONFLICT DO NOTHING;
INSERT INTO ARTISTS (ARTIST_ID, ARTIST_NAME, ARTIST_PFP, MONTHLY_LISTENER_COUNT, ARTIST_EMAIL) VALUES (48, 'Blippi', 'https://i.scdn.co/image/ab6761610000e5eb546bc71664966bddf8caf6b7', 163853, 'contact.48@label.com') ON CONFLICT DO NOTHING;
INSERT INTO GENRES (GENRE_ID, GENRE_NAME) VALUES (42, 'children''s music') ON CONFLICT DO NOTHING;
INSERT INTO COLLECTIONS (COLLECTION_ID, COLLECTION_TITLE, COLLECTION_TYPE, COLLECTION_RELEASE_DATE, COLLECTION_COVER, ISPRERELEASE) VALUES (51, 'Animals in the Ocean', 'Single', '2023-09-01', 'https://i.scdn.co/image/ab6742d3000053b7ed3703560cc9d78fc4a65574', FALSE) ON CONFLICT DO NOTHING;
INSERT INTO RELEASES (ARTIST_ID, COLLECTION_ID) VALUES (48, 51) ON CONFLICT DO NOTHING;
INSERT INTO SONGS (SONG_ID, SONG_TITLE, SONG_DURATION, SONG_FILE, POPULARITY, VALENCE, ACCOUSTICNESS, DANCEABILITY, ENERGY, SONG_RELEASE_DATE) 
                      VALUES (249, 'Animals in the Ocean', 269, '/stream/audio_default.mp3', 26, 0.231, 0.018, 0.787, 0.866, '2023-09-01') ON CONFLICT DO NOTHING;
INSERT INTO COLLECTIONS_SONGS (COLLECTION_ID, SONG_ID, NOMOR_DISC, NOMOR_TRACK) VALUES (51, 249, 1, 1) ON CONFLICT DO NOTHING;
INSERT INTO CREATE_SONGS (ARTIST_ID, SONG_ID) VALUES (48, 249) ON CONFLICT DO NOTHING;
INSERT INTO SONGS_GENRES (SONG_ID, GENRE_ID) VALUES (249, 42) ON CONFLICT DO NOTHING;
INSERT INTO COLLECTIONS (COLLECTION_ID, COLLECTION_TITLE, COLLECTION_TYPE, COLLECTION_RELEASE_DATE, COLLECTION_COVER, ISPRERELEASE) VALUES (52, 'Another One (feat. Chris Brown) [Live]', 'Single', '2024-02-09', 'https://i.scdn.co/image/ab6742d3000053b75df3278872da45a5bf6c1af7', FALSE) ON CONFLICT DO NOTHING;
INSERT INTO RELEASES (ARTIST_ID, COLLECTION_ID) VALUES (32, 52) ON CONFLICT DO NOTHING;
INSERT INTO SONGS (SONG_ID, SONG_TITLE, SONG_DURATION, SONG_FILE, POPULARITY, VALENCE, ACCOUSTICNESS, DANCEABILITY, ENERGY, SONG_RELEASE_DATE) 
                      VALUES (250, 'Another One (feat. Chris Brown) - Live', 390, '/stream/audio_default.mp3', 17, 0.968, 0.244, 0.066, 0.176, '2024-02-09') ON CONFLICT DO NOTHING;
INSERT INTO COLLECTIONS_SONGS (COLLECTION_ID, SONG_ID, NOMOR_DISC, NOMOR_TRACK) VALUES (52, 250, 1, 1) ON CONFLICT DO NOTHING;
INSERT INTO CREATE_SONGS (ARTIST_ID, SONG_ID) VALUES (32, 250) ON CONFLICT DO NOTHING;
INSERT INTO SONGS_GENRES (SONG_ID, GENRE_ID) VALUES (250, 7) ON CONFLICT DO NOTHING;
INSERT INTO SONGS_GENRES (SONG_ID, GENRE_ID) VALUES (250, 27) ON CONFLICT DO NOTHING;
INSERT INTO COLLECTIONS (COLLECTION_ID, COLLECTION_TITLE, COLLECTION_TYPE, COLLECTION_RELEASE_DATE, COLLECTION_COVER, ISPRERELEASE) VALUES (53, 'Cinta & Doa', 'Album', '2023-09-22', 'https://i.scdn.co/image/ab67616d0000b2733b83fd19945daf89d7cbfc00', FALSE) ON CONFLICT DO NOTHING;
INSERT INTO RELEASES (ARTIST_ID, COLLECTION_ID) VALUES (44, 53) ON CONFLICT DO NOTHING;
INSERT INTO SONGS (SONG_ID, SONG_TITLE, SONG_DURATION, SONG_FILE, POPULARITY, VALENCE, ACCOUSTICNESS, DANCEABILITY, ENERGY, SONG_RELEASE_DATE) 
                      VALUES (251, 'Anugerah Terindah', 282, '/stream/audio_default.mp3', 75, 0.49, 0.893, 0.934, 0.953, '2023-09-22') ON CONFLICT DO NOTHING;
INSERT INTO COLLECTIONS_SONGS (COLLECTION_ID, SONG_ID, NOMOR_DISC, NOMOR_TRACK) VALUES (53, 251, 1, 10) ON CONFLICT DO NOTHING;
INSERT INTO CREATE_SONGS (ARTIST_ID, SONG_ID) VALUES (44, 251) ON CONFLICT DO NOTHING;
INSERT INTO SONGS_GENRES (SONG_ID, GENRE_ID) VALUES (251, 21) ON CONFLICT DO NOTHING;
INSERT INTO SONGS_GENRES (SONG_ID, GENRE_ID) VALUES (251, 41) ON CONFLICT DO NOTHING;
INSERT INTO ARTISTS (ARTIST_ID, ARTIST_NAME, ARTIST_PFP, MONTHLY_LISTENER_COUNT, ARTIST_EMAIL) VALUES (49, 'Dudy Oris', 'https://i.scdn.co/image/ab6761610000e5eb970f4347af29f8921487c3e6', 345784, 'contact.49@label.com') ON CONFLICT DO NOTHING;
INSERT INTO COLLECTIONS (COLLECTION_ID, COLLECTION_TITLE, COLLECTION_TYPE, COLLECTION_RELEASE_DATE, COLLECTION_COVER, ISPRERELEASE) VALUES (54, 'Aku Yang Jatuh Cinta', 'Single', '2021-11-19', 'https://i.scdn.co/image/ab67616d0000b273b37f9f71cadcc9c8aa2af290', FALSE) ON CONFLICT DO NOTHING;
INSERT INTO RELEASES (ARTIST_ID, COLLECTION_ID) VALUES (49, 54) ON CONFLICT DO NOTHING;
INSERT INTO SONGS (SONG_ID, SONG_TITLE, SONG_DURATION, SONG_FILE, POPULARITY, VALENCE, ACCOUSTICNESS, DANCEABILITY, ENERGY, SONG_RELEASE_DATE) 
                      VALUES (252, 'Aku Yang Jatuh Cinta', 196, '/stream/audio_default.mp3', 77, 0.155, 0.32, 0.963, 0.306, '2021-11-19') ON CONFLICT DO NOTHING;
INSERT INTO COLLECTIONS_SONGS (COLLECTION_ID, SONG_ID, NOMOR_DISC, NOMOR_TRACK) VALUES (54, 252, 1, 1) ON CONFLICT DO NOTHING;
INSERT INTO CREATE_SONGS (ARTIST_ID, SONG_ID) VALUES (49, 252) ON CONFLICT DO NOTHING;
INSERT INTO SONGS_GENRES (SONG_ID, GENRE_ID) VALUES (252, 21) ON CONFLICT DO NOTHING;
INSERT INTO ARTISTS (ARTIST_ID, ARTIST_NAME, ARTIST_PFP, MONTHLY_LISTENER_COUNT, ARTIST_EMAIL) VALUES (50, 'Sabrina Carpenter', 'https://i.scdn.co/image/ab6761610000e5eb78e45cfa4697ce3c437cb455', 27286740, 'contact.50@label.com') ON CONFLICT DO NOTHING;
INSERT INTO GENRES (GENRE_ID, GENRE_NAME) VALUES (43, 'pop') ON CONFLICT DO NOTHING;
INSERT INTO COLLECTIONS (COLLECTION_ID, COLLECTION_TITLE, COLLECTION_TYPE, COLLECTION_RELEASE_DATE, COLLECTION_COVER, ISPRERELEASE) VALUES (55, 'emails i can’t send fwd:', 'Album', '2023-03-17', 'https://i.scdn.co/image/ab67616d0000b2730f45623be014a592a5815827', FALSE) ON CONFLICT DO NOTHING;
INSERT INTO RELEASES (ARTIST_ID, COLLECTION_ID) VALUES (50, 55) ON CONFLICT DO NOTHING;
INSERT INTO SONGS (SONG_ID, SONG_TITLE, SONG_DURATION, SONG_FILE, POPULARITY, VALENCE, ACCOUSTICNESS, DANCEABILITY, ENERGY, SONG_RELEASE_DATE) 
                      VALUES (253, 'Feather', 185, '/stream/audio_default.mp3', 82, 0.732, 0.045, 0.261, 0.892, '2023-03-17') ON CONFLICT DO NOTHING;
INSERT INTO COLLECTIONS_SONGS (COLLECTION_ID, SONG_ID, NOMOR_DISC, NOMOR_TRACK) VALUES (55, 253, 1, 15) ON CONFLICT DO NOTHING;
INSERT INTO CREATE_SONGS (ARTIST_ID, SONG_ID) VALUES (50, 253) ON CONFLICT DO NOTHING;
INSERT INTO SONGS_GENRES (SONG_ID, GENRE_ID) VALUES (253, 43) ON CONFLICT DO NOTHING;
INSERT INTO ARTISTS (ARTIST_ID, ARTIST_NAME, ARTIST_PFP, MONTHLY_LISTENER_COUNT, ARTIST_EMAIL) VALUES (51, 'Billie Eilish', 'https://i.scdn.co/image/ab6761610000e5eb4a21b4760d2ecb7b0dcdc8da', 119837922, 'contact.51@label.com') ON CONFLICT DO NOTHING;
INSERT INTO COLLECTIONS (COLLECTION_ID, COLLECTION_TITLE, COLLECTION_TYPE, COLLECTION_RELEASE_DATE, COLLECTION_COVER, ISPRERELEASE) VALUES (56, 'HIT ME HARD AND SOFT', 'Album', '2024-05-17', 'https://i.scdn.co/image/ab67616d0000b27371d62ea7ea8a5be92d3c1f62', FALSE) ON CONFLICT DO NOTHING;
INSERT INTO RELEASES (ARTIST_ID, COLLECTION_ID) VALUES (51, 56) ON CONFLICT DO NOTHING;
INSERT INTO SONGS (SONG_ID, SONG_TITLE, SONG_DURATION, SONG_FILE, POPULARITY, VALENCE, ACCOUSTICNESS, DANCEABILITY, ENERGY, SONG_RELEASE_DATE) 
                      VALUES (254, 'BIRDS OF A FEATHER', 210, '/stream/audio_default.mp3', 95, 0.488, 0.383, 0.546, 0.759, '2024-05-17') ON CONFLICT DO NOTHING;
INSERT INTO COLLECTIONS_SONGS (COLLECTION_ID, SONG_ID, NOMOR_DISC, NOMOR_TRACK) VALUES (56, 254, 1, 4) ON CONFLICT DO NOTHING;
INSERT INTO CREATE_SONGS (ARTIST_ID, SONG_ID) VALUES (51, 254) ON CONFLICT DO NOTHING;
INSERT INTO SONGS_GENRES (SONG_ID, GENRE_ID) VALUES (254, 36) ON CONFLICT DO NOTHING;
INSERT INTO SONGS_GENRES (SONG_ID, GENRE_ID) VALUES (254, 1) ON CONFLICT DO NOTHING;
INSERT INTO ARTISTS (ARTIST_ID, ARTIST_NAME, ARTIST_PFP, MONTHLY_LISTENER_COUNT, ARTIST_EMAIL) VALUES (52, '.Feast', 'https://i.scdn.co/image/ab6761610000e5eb16f030ca05d4d917cdc2eb5e', 5149863, 'contact.52@label.com') ON CONFLICT DO NOTHING;
INSERT INTO COLLECTIONS (COLLECTION_ID, COLLECTION_TITLE, COLLECTION_TYPE, COLLECTION_RELEASE_DATE, COLLECTION_COVER, ISPRERELEASE) VALUES (57, 'Membangun & Menghancurkan', 'Album', '2024-08-30', 'https://i.scdn.co/image/ab67616d0000b273c800b90e2092a5328f699117', FALSE) ON CONFLICT DO NOTHING;
INSERT INTO RELEASES (ARTIST_ID, COLLECTION_ID) VALUES (52, 57) ON CONFLICT DO NOTHING;
INSERT INTO SONGS (SONG_ID, SONG_TITLE, SONG_DURATION, SONG_FILE, POPULARITY, VALENCE, ACCOUSTICNESS, DANCEABILITY, ENERGY, SONG_RELEASE_DATE) 
                      VALUES (255, 'Tarot', 288, '/stream/audio_default.mp3', 84, 0.64, 0.205, 0.482, 0.524, '2024-08-30') ON CONFLICT DO NOTHING;
INSERT INTO COLLECTIONS_SONGS (COLLECTION_ID, SONG_ID, NOMOR_DISC, NOMOR_TRACK) VALUES (57, 255, 1, 12) ON CONFLICT DO NOTHING;
INSERT INTO CREATE_SONGS (ARTIST_ID, SONG_ID) VALUES (52, 255) ON CONFLICT DO NOTHING;
INSERT INTO SONGS_GENRES (SONG_ID, GENRE_ID) VALUES (255, 16) ON CONFLICT DO NOTHING;
INSERT INTO SONGS_GENRES (SONG_ID, GENRE_ID) VALUES (255, 22) ON CONFLICT DO NOTHING;
INSERT INTO COLLECTIONS (COLLECTION_ID, COLLECTION_TITLE, COLLECTION_TYPE, COLLECTION_RELEASE_DATE, COLLECTION_COVER, ISPRERELEASE) VALUES (58, 'Fearless (Taylor''s Version)', 'Album', '2021-04-09', 'https://i.scdn.co/image/ab67616d0000b273a48964b5d9a3d6968ae3e0de', FALSE) ON CONFLICT DO NOTHING;
INSERT INTO RELEASES (ARTIST_ID, COLLECTION_ID) VALUES (37, 58) ON CONFLICT DO NOTHING;
INSERT INTO SONGS (SONG_ID, SONG_TITLE, SONG_DURATION, SONG_FILE, POPULARITY, VALENCE, ACCOUSTICNESS, DANCEABILITY, ENERGY, SONG_RELEASE_DATE) 
                      VALUES (256, 'Fearless (Taylor’s Version)', 241, '/stream/audio_default.mp3', 73, 0.058, 0.881, 0.422, 0.169, '2021-04-09') ON CONFLICT DO NOTHING;
INSERT INTO COLLECTIONS_SONGS (COLLECTION_ID, SONG_ID, NOMOR_DISC, NOMOR_TRACK) VALUES (58, 256, 1, 1) ON CONFLICT DO NOTHING;
INSERT INTO CREATE_SONGS (ARTIST_ID, SONG_ID) VALUES (37, 256) ON CONFLICT DO NOTHING;
INSERT INTO SONGS_GENRES (SONG_ID, GENRE_ID) VALUES (256, 11) ON CONFLICT DO NOTHING;
INSERT INTO SONGS_GENRES (SONG_ID, GENRE_ID) VALUES (256, 30) ON CONFLICT DO NOTHING;
INSERT INTO ARTISTS (ARTIST_ID, ARTIST_NAME, ARTIST_PFP, MONTHLY_LISTENER_COUNT, ARTIST_EMAIL) VALUES (53, 'Hindia', 'https://i.scdn.co/image/ab6761610000e5eb8022c4a018990cd93a9ddfe0', 11622754, 'contact.53@label.com') ON CONFLICT DO NOTHING;
INSERT INTO COLLECTIONS (COLLECTION_ID, COLLECTION_TITLE, COLLECTION_TYPE, COLLECTION_RELEASE_DATE, COLLECTION_COVER, ISPRERELEASE) VALUES (59, 'Doves, ''25 on Blank Canvas', 'Album', '2025-02-24', 'https://i.scdn.co/image/ab67616d0000b27305898628baab6ef07a0a4d03', FALSE) ON CONFLICT DO NOTHING;
INSERT INTO RELEASES (ARTIST_ID, COLLECTION_ID) VALUES (53, 59) ON CONFLICT DO NOTHING;
INSERT INTO SONGS (SONG_ID, SONG_TITLE, SONG_DURATION, SONG_FILE, POPULARITY, VALENCE, ACCOUSTICNESS, DANCEABILITY, ENERGY, SONG_RELEASE_DATE) 
                      VALUES (257, 'everything u are', 236, '/stream/audio_default.mp3', 86, 0.086, 0.059, 0.043, 0.951, '2025-02-24') ON CONFLICT DO NOTHING;
INSERT INTO COLLECTIONS_SONGS (COLLECTION_ID, SONG_ID, NOMOR_DISC, NOMOR_TRACK) VALUES (59, 257, 1, 3) ON CONFLICT DO NOTHING;
INSERT INTO CREATE_SONGS (ARTIST_ID, SONG_ID) VALUES (53, 257) ON CONFLICT DO NOTHING;
INSERT INTO SONGS_GENRES (SONG_ID, GENRE_ID) VALUES (257, 21) ON CONFLICT DO NOTHING;
INSERT INTO SONGS_GENRES (SONG_ID, GENRE_ID) VALUES (257, 16) ON CONFLICT DO NOTHING;
INSERT INTO COLLECTIONS (COLLECTION_ID, COLLECTION_TITLE, COLLECTION_TYPE, COLLECTION_RELEASE_DATE, COLLECTION_COVER, ISPRERELEASE) VALUES (60, 'Nina', 'Single', '2024-07-05', 'https://i.scdn.co/image/ab67616d0000b27339695d4c16489cdf60bef536', FALSE) ON CONFLICT DO NOTHING;
INSERT INTO RELEASES (ARTIST_ID, COLLECTION_ID) VALUES (52, 60) ON CONFLICT DO NOTHING;
INSERT INTO SONGS (SONG_ID, SONG_TITLE, SONG_DURATION, SONG_FILE, POPULARITY, VALENCE, ACCOUSTICNESS, DANCEABILITY, ENERGY, SONG_RELEASE_DATE) 
                      VALUES (258, 'Nina', 277, '/stream/audio_default.mp3', 77, 0.433, 0.438, 0.966, 0.392, '2024-07-05') ON CONFLICT DO NOTHING;
INSERT INTO COLLECTIONS_SONGS (COLLECTION_ID, SONG_ID, NOMOR_DISC, NOMOR_TRACK) VALUES (60, 258, 1, 1) ON CONFLICT DO NOTHING;
INSERT INTO CREATE_SONGS (ARTIST_ID, SONG_ID) VALUES (52, 258) ON CONFLICT DO NOTHING;
INSERT INTO SONGS_GENRES (SONG_ID, GENRE_ID) VALUES (258, 16) ON CONFLICT DO NOTHING;
INSERT INTO SONGS_GENRES (SONG_ID, GENRE_ID) VALUES (258, 21) ON CONFLICT DO NOTHING;
INSERT INTO ARTISTS (ARTIST_ID, ARTIST_NAME, ARTIST_PFP, MONTHLY_LISTENER_COUNT, ARTIST_EMAIL) VALUES (54, 'Nujabes', 'https://i.scdn.co/image/ab6761610000e5eb57f19d2f179b00207bfb3155', 1558782, 'contact.54@label.com') ON CONFLICT DO NOTHING;
INSERT INTO COLLECTIONS (COLLECTION_ID, COLLECTION_TITLE, COLLECTION_TYPE, COLLECTION_RELEASE_DATE, COLLECTION_COVER, ISPRERELEASE) VALUES (61, 'Modal Soul', 'Album', '2005-11-11', 'https://i.scdn.co/image/ab67616d0000b273912cc8fe2e9a53d328757a41', FALSE) ON CONFLICT DO NOTHING;
INSERT INTO RELEASES (ARTIST_ID, COLLECTION_ID) VALUES (54, 61) ON CONFLICT DO NOTHING;
INSERT INTO SONGS (SONG_ID, SONG_TITLE, SONG_DURATION, SONG_FILE, POPULARITY, VALENCE, ACCOUSTICNESS, DANCEABILITY, ENERGY, SONG_RELEASE_DATE) 
                      VALUES (259, 'Feather (feat. Cise Starr & Akin from CYNE)', 175, '/stream/audio_default.mp3', 68, 0.615, 0.361, 0.457, 0.425, '2005-11-11') ON CONFLICT DO NOTHING;
INSERT INTO COLLECTIONS_SONGS (COLLECTION_ID, SONG_ID, NOMOR_DISC, NOMOR_TRACK) VALUES (61, 259, 1, 1) ON CONFLICT DO NOTHING;
INSERT INTO CREATE_SONGS (ARTIST_ID, SONG_ID) VALUES (54, 259) ON CONFLICT DO NOTHING;
INSERT INTO SONGS_GENRES (SONG_ID, GENRE_ID) VALUES (259, 9) ON CONFLICT DO NOTHING;
INSERT INTO COLLECTIONS (COLLECTION_ID, COLLECTION_TITLE, COLLECTION_TYPE, COLLECTION_RELEASE_DATE, COLLECTION_COVER, ISPRERELEASE) VALUES (62, 'Kami Belum Tentu', 'Single', '2018-09-14', 'https://i.scdn.co/image/ab67616d0000b2734882b70b50a67a05b132ec06', FALSE) ON CONFLICT DO NOTHING;
INSERT INTO RELEASES (ARTIST_ID, COLLECTION_ID) VALUES (52, 62) ON CONFLICT DO NOTHING;
INSERT INTO SONGS (SONG_ID, SONG_TITLE, SONG_DURATION, SONG_FILE, POPULARITY, VALENCE, ACCOUSTICNESS, DANCEABILITY, ENERGY, SONG_RELEASE_DATE) 
                      VALUES (260, 'Kami Belum Tentu', 233, '/stream/audio_default.mp3', 71, 0.878, 0.99, 0.043, 0.314, '2018-09-14') ON CONFLICT DO NOTHING;
INSERT INTO COLLECTIONS_SONGS (COLLECTION_ID, SONG_ID, NOMOR_DISC, NOMOR_TRACK) VALUES (62, 260, 1, 1) ON CONFLICT DO NOTHING;
INSERT INTO CREATE_SONGS (ARTIST_ID, SONG_ID) VALUES (52, 260) ON CONFLICT DO NOTHING;
INSERT INTO SONGS_GENRES (SONG_ID, GENRE_ID) VALUES (260, 18) ON CONFLICT DO NOTHING;
INSERT INTO SONGS_GENRES (SONG_ID, GENRE_ID) VALUES (260, 22) ON CONFLICT DO NOTHING;
INSERT INTO COLLECTIONS (COLLECTION_ID, COLLECTION_TITLE, COLLECTION_TYPE, COLLECTION_RELEASE_DATE, COLLECTION_COVER, ISPRERELEASE) VALUES (63, 'emails i can''t send', 'Album', '2022-07-15', 'https://i.scdn.co/image/ab67616d0000b273700f7bf79c9f063ad0362bdf', FALSE) ON CONFLICT DO NOTHING;
INSERT INTO RELEASES (ARTIST_ID, COLLECTION_ID) VALUES (50, 63) ON CONFLICT DO NOTHING;
INSERT INTO SONGS (SONG_ID, SONG_TITLE, SONG_DURATION, SONG_FILE, POPULARITY, VALENCE, ACCOUSTICNESS, DANCEABILITY, ENERGY, SONG_RELEASE_DATE) 
                      VALUES (261, 'Nonsense', 163, '/stream/audio_default.mp3', 84, 0.524, 0.644, 0.236, 0.341, '2022-07-15') ON CONFLICT DO NOTHING;
INSERT INTO COLLECTIONS_SONGS (COLLECTION_ID, SONG_ID, NOMOR_DISC, NOMOR_TRACK) VALUES (63, 261, 1, 9) ON CONFLICT DO NOTHING;
INSERT INTO CREATE_SONGS (ARTIST_ID, SONG_ID) VALUES (50, 261) ON CONFLICT DO NOTHING;
INSERT INTO SONGS_GENRES (SONG_ID, GENRE_ID) VALUES (261, 43) ON CONFLICT DO NOTHING;
INSERT INTO COLLECTIONS (COLLECTION_ID, COLLECTION_TITLE, COLLECTION_TYPE, COLLECTION_RELEASE_DATE, COLLECTION_COVER, ISPRERELEASE) VALUES (64, 'Feather (Sped Up)', 'EP', '2023-08-04', 'https://i.scdn.co/image/ab67616d0000b27320bc45d92ee8e4e2097ed635', FALSE) ON CONFLICT DO NOTHING;
INSERT INTO RELEASES (ARTIST_ID, COLLECTION_ID) VALUES (50, 64) ON CONFLICT DO NOTHING;
INSERT INTO SONGS (SONG_ID, SONG_TITLE, SONG_DURATION, SONG_FILE, POPULARITY, VALENCE, ACCOUSTICNESS, DANCEABILITY, ENERGY, SONG_RELEASE_DATE) 
                      VALUES (262, 'Feather - Sped Up', 153, '/stream/audio_default.mp3', 51, 0.883, 0.401, 0.843, 0.312, '2023-08-04') ON CONFLICT DO NOTHING;
INSERT INTO COLLECTIONS_SONGS (COLLECTION_ID, SONG_ID, NOMOR_DISC, NOMOR_TRACK) VALUES (64, 262, 1, 2) ON CONFLICT DO NOTHING;
INSERT INTO CREATE_SONGS (ARTIST_ID, SONG_ID) VALUES (50, 262) ON CONFLICT DO NOTHING;
INSERT INTO SONGS_GENRES (SONG_ID, GENRE_ID) VALUES (262, 43) ON CONFLICT DO NOTHING;
INSERT INTO COLLECTIONS (COLLECTION_ID, COLLECTION_TITLE, COLLECTION_TYPE, COLLECTION_RELEASE_DATE, COLLECTION_COVER, ISPRERELEASE) VALUES (65, 'Peradaban', 'Single', '2018-07-13', 'https://i.scdn.co/image/ab67616d0000b273a8701a073f15323f29e39d56', FALSE) ON CONFLICT DO NOTHING;
INSERT INTO RELEASES (ARTIST_ID, COLLECTION_ID) VALUES (52, 65) ON CONFLICT DO NOTHING;
INSERT INTO SONGS (SONG_ID, SONG_TITLE, SONG_DURATION, SONG_FILE, POPULARITY, VALENCE, ACCOUSTICNESS, DANCEABILITY, ENERGY, SONG_RELEASE_DATE) 
                      VALUES (263, 'Peradaban', 339, '/stream/audio_default.mp3', 73, 0.968, 0.67, 0.565, 0.73, '2018-07-13') ON CONFLICT DO NOTHING;
INSERT INTO COLLECTIONS_SONGS (COLLECTION_ID, SONG_ID, NOMOR_DISC, NOMOR_TRACK) VALUES (65, 263, 1, 1) ON CONFLICT DO NOTHING;
INSERT INTO CREATE_SONGS (ARTIST_ID, SONG_ID) VALUES (52, 263) ON CONFLICT DO NOTHING;
INSERT INTO SONGS_GENRES (SONG_ID, GENRE_ID) VALUES (263, 22) ON CONFLICT DO NOTHING;
INSERT INTO SONGS_GENRES (SONG_ID, GENRE_ID) VALUES (263, 16) ON CONFLICT DO NOTHING;
INSERT INTO PLAYLISTS (PLAYLIST_ID, USER_ID, PLAYLIST_TITLE, ISPUBLIC, ISCOLLABORATIVE, PLAYLIST_DESC, ISONPROFILE, PLAYLIST_DATE_CREATED) VALUES (1, 1, 'Officia quasi voluptatibus', TRUE, FALSE, 'My generated playlist', TRUE, '2025-07-16');
INSERT INTO ADD_SONGS_PLAYLISTS (PLAYLIST_ID, SONG_ID, NO_URUT, USER_ID) VALUES (1, 231, 1, 1);
INSERT INTO ADD_SONGS_PLAYLISTS (PLAYLIST_ID, SONG_ID, NO_URUT, USER_ID) VALUES (1, 86, 2, 1);
INSERT INTO ADD_SONGS_PLAYLISTS (PLAYLIST_ID, SONG_ID, NO_URUT, USER_ID) VALUES (1, 2, 3, 1);
INSERT INTO ADD_SONGS_PLAYLISTS (PLAYLIST_ID, SONG_ID, NO_URUT, USER_ID) VALUES (1, 22, 4, 1);
INSERT INTO ADD_SONGS_PLAYLISTS (PLAYLIST_ID, SONG_ID, NO_URUT, USER_ID) VALUES (1, 50, 5, 1);
INSERT INTO ADD_SONGS_PLAYLISTS (PLAYLIST_ID, SONG_ID, NO_URUT, USER_ID) VALUES (1, 118, 6, 1);
INSERT INTO ADD_SONGS_PLAYLISTS (PLAYLIST_ID, SONG_ID, NO_URUT, USER_ID) VALUES (1, 33, 7, 1);
INSERT INTO PLAYLISTS (PLAYLIST_ID, USER_ID, PLAYLIST_TITLE, ISPUBLIC, ISCOLLABORATIVE, PLAYLIST_DESC, ISONPROFILE, PLAYLIST_DATE_CREATED) VALUES (2, 2, 'Vero molestias totam', TRUE, FALSE, 'My generated playlist', TRUE, '2025-08-05');
INSERT INTO ADD_SONGS_PLAYLISTS (PLAYLIST_ID, SONG_ID, NO_URUT, USER_ID) VALUES (2, 239, 1, 2);
INSERT INTO ADD_SONGS_PLAYLISTS (PLAYLIST_ID, SONG_ID, NO_URUT, USER_ID) VALUES (2, 125, 2, 2);
INSERT INTO ADD_SONGS_PLAYLISTS (PLAYLIST_ID, SONG_ID, NO_URUT, USER_ID) VALUES (2, 102, 3, 2);
INSERT INTO ADD_SONGS_PLAYLISTS (PLAYLIST_ID, SONG_ID, NO_URUT, USER_ID) VALUES (2, 13, 4, 2);
INSERT INTO PLAYLISTS (PLAYLIST_ID, USER_ID, PLAYLIST_TITLE, ISPUBLIC, ISCOLLABORATIVE, PLAYLIST_DESC, ISONPROFILE, PLAYLIST_DATE_CREATED) VALUES (3, 2, 'Exercitationem animi', TRUE, FALSE, 'My generated playlist', TRUE, '2025-11-12');
INSERT INTO ADD_SONGS_PLAYLISTS (PLAYLIST_ID, SONG_ID, NO_URUT, USER_ID) VALUES (3, 28, 1, 2);
INSERT INTO ADD_SONGS_PLAYLISTS (PLAYLIST_ID, SONG_ID, NO_URUT, USER_ID) VALUES (3, 27, 2, 2);
INSERT INTO ADD_SONGS_PLAYLISTS (PLAYLIST_ID, SONG_ID, NO_URUT, USER_ID) VALUES (3, 207, 3, 2);
INSERT INTO PLAYLISTS (PLAYLIST_ID, USER_ID, PLAYLIST_TITLE, ISPUBLIC, ISCOLLABORATIVE, PLAYLIST_DESC, ISONPROFILE, PLAYLIST_DATE_CREATED) VALUES (4, 3, 'Optio amet', TRUE, FALSE, 'My generated playlist', TRUE, '2025-03-27');
INSERT INTO ADD_SONGS_PLAYLISTS (PLAYLIST_ID, SONG_ID, NO_URUT, USER_ID) VALUES (4, 67, 1, 3);
INSERT INTO ADD_SONGS_PLAYLISTS (PLAYLIST_ID, SONG_ID, NO_URUT, USER_ID) VALUES (4, 198, 2, 3);
INSERT INTO ADD_SONGS_PLAYLISTS (PLAYLIST_ID, SONG_ID, NO_URUT, USER_ID) VALUES (4, 159, 3, 3);
INSERT INTO ADD_SONGS_PLAYLISTS (PLAYLIST_ID, SONG_ID, NO_URUT, USER_ID) VALUES (4, 80, 4, 3);
INSERT INTO ADD_SONGS_PLAYLISTS (PLAYLIST_ID, SONG_ID, NO_URUT, USER_ID) VALUES (4, 77, 5, 3);
INSERT INTO ADD_SONGS_PLAYLISTS (PLAYLIST_ID, SONG_ID, NO_URUT, USER_ID) VALUES (4, 211, 6, 3);
INSERT INTO ADD_SONGS_PLAYLISTS (PLAYLIST_ID, SONG_ID, NO_URUT, USER_ID) VALUES (4, 24, 7, 3);
INSERT INTO PLAYLISTS (PLAYLIST_ID, USER_ID, PLAYLIST_TITLE, ISPUBLIC, ISCOLLABORATIVE, PLAYLIST_DESC, ISONPROFILE, PLAYLIST_DATE_CREATED) VALUES (5, 4, 'Voluptates qui unde', TRUE, FALSE, 'My generated playlist', TRUE, '2025-10-01');
INSERT INTO ADD_SONGS_PLAYLISTS (PLAYLIST_ID, SONG_ID, NO_URUT, USER_ID) VALUES (5, 24, 1, 4);
INSERT INTO ADD_SONGS_PLAYLISTS (PLAYLIST_ID, SONG_ID, NO_URUT, USER_ID) VALUES (5, 187, 2, 4);
INSERT INTO ADD_SONGS_PLAYLISTS (PLAYLIST_ID, SONG_ID, NO_URUT, USER_ID) VALUES (5, 113, 3, 4);
INSERT INTO ADD_SONGS_PLAYLISTS (PLAYLIST_ID, SONG_ID, NO_URUT, USER_ID) VALUES (5, 88, 4, 4);
INSERT INTO ADD_SONGS_PLAYLISTS (PLAYLIST_ID, SONG_ID, NO_URUT, USER_ID) VALUES (5, 42, 5, 4);
INSERT INTO ADD_SONGS_PLAYLISTS (PLAYLIST_ID, SONG_ID, NO_URUT, USER_ID) VALUES (5, 182, 6, 4);
INSERT INTO ADD_SONGS_PLAYLISTS (PLAYLIST_ID, SONG_ID, NO_URUT, USER_ID) VALUES (5, 98, 7, 4);
INSERT INTO PLAYLISTS (PLAYLIST_ID, USER_ID, PLAYLIST_TITLE, ISPUBLIC, ISCOLLABORATIVE, PLAYLIST_DESC, ISONPROFILE, PLAYLIST_DATE_CREATED) VALUES (6, 5, 'Cupiditate accusamus', TRUE, FALSE, 'My generated playlist', TRUE, '2025-07-26');
INSERT INTO ADD_SONGS_PLAYLISTS (PLAYLIST_ID, SONG_ID, NO_URUT, USER_ID) VALUES (6, 69, 1, 5);
INSERT INTO ADD_SONGS_PLAYLISTS (PLAYLIST_ID, SONG_ID, NO_URUT, USER_ID) VALUES (6, 159, 2, 5);
INSERT INTO ADD_SONGS_PLAYLISTS (PLAYLIST_ID, SONG_ID, NO_URUT, USER_ID) VALUES (6, 165, 3, 5);
INSERT INTO ADD_SONGS_PLAYLISTS (PLAYLIST_ID, SONG_ID, NO_URUT, USER_ID) VALUES (6, 166, 4, 5);
INSERT INTO ADD_SONGS_PLAYLISTS (PLAYLIST_ID, SONG_ID, NO_URUT, USER_ID) VALUES (6, 71, 5, 5);
INSERT INTO PLAYLISTS (PLAYLIST_ID, USER_ID, PLAYLIST_TITLE, ISPUBLIC, ISCOLLABORATIVE, PLAYLIST_DESC, ISONPROFILE, PLAYLIST_DATE_CREATED) VALUES (7, 6, 'Consectetur vero', TRUE, FALSE, 'My generated playlist', TRUE, '2025-10-29');
INSERT INTO ADD_SONGS_PLAYLISTS (PLAYLIST_ID, SONG_ID, NO_URUT, USER_ID) VALUES (7, 58, 1, 6);
INSERT INTO ADD_SONGS_PLAYLISTS (PLAYLIST_ID, SONG_ID, NO_URUT, USER_ID) VALUES (7, 76, 2, 6);
INSERT INTO ADD_SONGS_PLAYLISTS (PLAYLIST_ID, SONG_ID, NO_URUT, USER_ID) VALUES (7, 144, 3, 6);
INSERT INTO ADD_SONGS_PLAYLISTS (PLAYLIST_ID, SONG_ID, NO_URUT, USER_ID) VALUES (7, 194, 4, 6);
INSERT INTO ADD_SONGS_PLAYLISTS (PLAYLIST_ID, SONG_ID, NO_URUT, USER_ID) VALUES (7, 23, 5, 6);
INSERT INTO ADD_SONGS_PLAYLISTS (PLAYLIST_ID, SONG_ID, NO_URUT, USER_ID) VALUES (7, 11, 6, 6);
INSERT INTO PLAYLISTS (PLAYLIST_ID, USER_ID, PLAYLIST_TITLE, ISPUBLIC, ISCOLLABORATIVE, PLAYLIST_DESC, ISONPROFILE, PLAYLIST_DATE_CREATED) VALUES (8, 7, 'Eos magnam distinctio tenetur', TRUE, FALSE, 'My generated playlist', TRUE, '2025-05-27');
INSERT INTO ADD_SONGS_PLAYLISTS (PLAYLIST_ID, SONG_ID, NO_URUT, USER_ID) VALUES (8, 131, 1, 7);
INSERT INTO ADD_SONGS_PLAYLISTS (PLAYLIST_ID, SONG_ID, NO_URUT, USER_ID) VALUES (8, 61, 2, 7);
INSERT INTO ADD_SONGS_PLAYLISTS (PLAYLIST_ID, SONG_ID, NO_URUT, USER_ID) VALUES (8, 262, 3, 7);
INSERT INTO ADD_SONGS_PLAYLISTS (PLAYLIST_ID, SONG_ID, NO_URUT, USER_ID) VALUES (8, 11, 4, 7);
INSERT INTO PLAYLISTS (PLAYLIST_ID, USER_ID, PLAYLIST_TITLE, ISPUBLIC, ISCOLLABORATIVE, PLAYLIST_DESC, ISONPROFILE, PLAYLIST_DATE_CREATED) VALUES (9, 7, 'Accusamus reprehenderit voluptatibus quidem', TRUE, FALSE, 'My generated playlist', TRUE, '2025-05-14');
INSERT INTO ADD_SONGS_PLAYLISTS (PLAYLIST_ID, SONG_ID, NO_URUT, USER_ID) VALUES (9, 57, 1, 7);
INSERT INTO ADD_SONGS_PLAYLISTS (PLAYLIST_ID, SONG_ID, NO_URUT, USER_ID) VALUES (9, 22, 2, 7);
INSERT INTO ADD_SONGS_PLAYLISTS (PLAYLIST_ID, SONG_ID, NO_URUT, USER_ID) VALUES (9, 111, 3, 7);
INSERT INTO ADD_SONGS_PLAYLISTS (PLAYLIST_ID, SONG_ID, NO_URUT, USER_ID) VALUES (9, 69, 4, 7);
INSERT INTO ADD_SONGS_PLAYLISTS (PLAYLIST_ID, SONG_ID, NO_URUT, USER_ID) VALUES (9, 223, 5, 7);
INSERT INTO ADD_SONGS_PLAYLISTS (PLAYLIST_ID, SONG_ID, NO_URUT, USER_ID) VALUES (9, 114, 6, 7);
INSERT INTO ADD_SONGS_PLAYLISTS (PLAYLIST_ID, SONG_ID, NO_URUT, USER_ID) VALUES (9, 45, 7, 7);
INSERT INTO PLAYLISTS (PLAYLIST_ID, USER_ID, PLAYLIST_TITLE, ISPUBLIC, ISCOLLABORATIVE, PLAYLIST_DESC, ISONPROFILE, PLAYLIST_DATE_CREATED) VALUES (10, 8, 'Commodi veniam', TRUE, FALSE, 'My generated playlist', TRUE, '2025-04-30');
INSERT INTO ADD_SONGS_PLAYLISTS (PLAYLIST_ID, SONG_ID, NO_URUT, USER_ID) VALUES (10, 261, 1, 8);
INSERT INTO ADD_SONGS_PLAYLISTS (PLAYLIST_ID, SONG_ID, NO_URUT, USER_ID) VALUES (10, 100, 2, 8);
INSERT INTO ADD_SONGS_PLAYLISTS (PLAYLIST_ID, SONG_ID, NO_URUT, USER_ID) VALUES (10, 184, 3, 8);
INSERT INTO ADD_SONGS_PLAYLISTS (PLAYLIST_ID, SONG_ID, NO_URUT, USER_ID) VALUES (10, 168, 4, 8);
INSERT INTO ADD_SONGS_PLAYLISTS (PLAYLIST_ID, SONG_ID, NO_URUT, USER_ID) VALUES (10, 49, 5, 8);
INSERT INTO ADD_SONGS_PLAYLISTS (PLAYLIST_ID, SONG_ID, NO_URUT, USER_ID) VALUES (10, 255, 6, 8);
INSERT INTO PLAYLISTS (PLAYLIST_ID, USER_ID, PLAYLIST_TITLE, ISPUBLIC, ISCOLLABORATIVE, PLAYLIST_DESC, ISONPROFILE, PLAYLIST_DATE_CREATED) VALUES (11, 8, 'Quidem id fuga a', TRUE, FALSE, 'My generated playlist', TRUE, '2025-09-19');
INSERT INTO ADD_SONGS_PLAYLISTS (PLAYLIST_ID, SONG_ID, NO_URUT, USER_ID) VALUES (11, 231, 1, 8);
INSERT INTO ADD_SONGS_PLAYLISTS (PLAYLIST_ID, SONG_ID, NO_URUT, USER_ID) VALUES (11, 97, 2, 8);
INSERT INTO ADD_SONGS_PLAYLISTS (PLAYLIST_ID, SONG_ID, NO_URUT, USER_ID) VALUES (11, 129, 3, 8);
INSERT INTO ADD_SONGS_PLAYLISTS (PLAYLIST_ID, SONG_ID, NO_URUT, USER_ID) VALUES (11, 252, 4, 8);
INSERT INTO ADD_SONGS_PLAYLISTS (PLAYLIST_ID, SONG_ID, NO_URUT, USER_ID) VALUES (11, 17, 5, 8);
INSERT INTO ADD_SONGS_PLAYLISTS (PLAYLIST_ID, SONG_ID, NO_URUT, USER_ID) VALUES (11, 149, 6, 8);
INSERT INTO ADD_SONGS_PLAYLISTS (PLAYLIST_ID, SONG_ID, NO_URUT, USER_ID) VALUES (11, 75, 7, 8);
INSERT INTO PLAYLISTS (PLAYLIST_ID, USER_ID, PLAYLIST_TITLE, ISPUBLIC, ISCOLLABORATIVE, PLAYLIST_DESC, ISONPROFILE, PLAYLIST_DATE_CREATED) VALUES (12, 9, 'Facilis laborum', TRUE, FALSE, 'My generated playlist', TRUE, '2025-01-07');
INSERT INTO ADD_SONGS_PLAYLISTS (PLAYLIST_ID, SONG_ID, NO_URUT, USER_ID) VALUES (12, 169, 1, 9);
INSERT INTO ADD_SONGS_PLAYLISTS (PLAYLIST_ID, SONG_ID, NO_URUT, USER_ID) VALUES (12, 85, 2, 9);
INSERT INTO ADD_SONGS_PLAYLISTS (PLAYLIST_ID, SONG_ID, NO_URUT, USER_ID) VALUES (12, 171, 3, 9);
INSERT INTO ADD_SONGS_PLAYLISTS (PLAYLIST_ID, SONG_ID, NO_URUT, USER_ID) VALUES (12, 139, 4, 9);
INSERT INTO ADD_SONGS_PLAYLISTS (PLAYLIST_ID, SONG_ID, NO_URUT, USER_ID) VALUES (12, 129, 5, 9);
INSERT INTO PLAYLISTS (PLAYLIST_ID, USER_ID, PLAYLIST_TITLE, ISPUBLIC, ISCOLLABORATIVE, PLAYLIST_DESC, ISONPROFILE, PLAYLIST_DATE_CREATED) VALUES (13, 9, 'Eos praesentium', TRUE, FALSE, 'My generated playlist', TRUE, '2025-08-01');
INSERT INTO ADD_SONGS_PLAYLISTS (PLAYLIST_ID, SONG_ID, NO_URUT, USER_ID) VALUES (13, 15, 1, 9);
INSERT INTO ADD_SONGS_PLAYLISTS (PLAYLIST_ID, SONG_ID, NO_URUT, USER_ID) VALUES (13, 192, 2, 9);
INSERT INTO ADD_SONGS_PLAYLISTS (PLAYLIST_ID, SONG_ID, NO_URUT, USER_ID) VALUES (13, 49, 3, 9);
INSERT INTO ADD_SONGS_PLAYLISTS (PLAYLIST_ID, SONG_ID, NO_URUT, USER_ID) VALUES (13, 227, 4, 9);
INSERT INTO ADD_SONGS_PLAYLISTS (PLAYLIST_ID, SONG_ID, NO_URUT, USER_ID) VALUES (13, 147, 5, 9);
INSERT INTO ADD_SONGS_PLAYLISTS (PLAYLIST_ID, SONG_ID, NO_URUT, USER_ID) VALUES (13, 59, 6, 9);
INSERT INTO ADD_SONGS_PLAYLISTS (PLAYLIST_ID, SONG_ID, NO_URUT, USER_ID) VALUES (13, 244, 7, 9);
INSERT INTO PLAYLISTS (PLAYLIST_ID, USER_ID, PLAYLIST_TITLE, ISPUBLIC, ISCOLLABORATIVE, PLAYLIST_DESC, ISONPROFILE, PLAYLIST_DATE_CREATED) VALUES (14, 10, 'Eum architecto', TRUE, FALSE, 'My generated playlist', TRUE, '2025-01-13');
INSERT INTO ADD_SONGS_PLAYLISTS (PLAYLIST_ID, SONG_ID, NO_URUT, USER_ID) VALUES (14, 255, 1, 10);
INSERT INTO ADD_SONGS_PLAYLISTS (PLAYLIST_ID, SONG_ID, NO_URUT, USER_ID) VALUES (14, 251, 2, 10);
INSERT INTO ADD_SONGS_PLAYLISTS (PLAYLIST_ID, SONG_ID, NO_URUT, USER_ID) VALUES (14, 7, 3, 10);
INSERT INTO ADD_SONGS_PLAYLISTS (PLAYLIST_ID, SONG_ID, NO_URUT, USER_ID) VALUES (14, 137, 4, 10);
INSERT INTO PLAYLISTS (PLAYLIST_ID, USER_ID, PLAYLIST_TITLE, ISPUBLIC, ISCOLLABORATIVE, PLAYLIST_DESC, ISONPROFILE, PLAYLIST_DATE_CREATED) VALUES (15, 11, 'Exercitationem sed', TRUE, FALSE, 'My generated playlist', TRUE, '2025-09-25');
INSERT INTO ADD_SONGS_PLAYLISTS (PLAYLIST_ID, SONG_ID, NO_URUT, USER_ID) VALUES (15, 103, 1, 11);
INSERT INTO ADD_SONGS_PLAYLISTS (PLAYLIST_ID, SONG_ID, NO_URUT, USER_ID) VALUES (15, 164, 2, 11);
INSERT INTO ADD_SONGS_PLAYLISTS (PLAYLIST_ID, SONG_ID, NO_URUT, USER_ID) VALUES (15, 38, 3, 11);
INSERT INTO ADD_SONGS_PLAYLISTS (PLAYLIST_ID, SONG_ID, NO_URUT, USER_ID) VALUES (15, 91, 4, 11);
INSERT INTO ADD_SONGS_PLAYLISTS (PLAYLIST_ID, SONG_ID, NO_URUT, USER_ID) VALUES (15, 235, 5, 11);
INSERT INTO ADD_SONGS_PLAYLISTS (PLAYLIST_ID, SONG_ID, NO_URUT, USER_ID) VALUES (15, 106, 6, 11);
INSERT INTO ADD_SONGS_PLAYLISTS (PLAYLIST_ID, SONG_ID, NO_URUT, USER_ID) VALUES (15, 56, 7, 11);
INSERT INTO PLAYLISTS (PLAYLIST_ID, USER_ID, PLAYLIST_TITLE, ISPUBLIC, ISCOLLABORATIVE, PLAYLIST_DESC, ISONPROFILE, PLAYLIST_DATE_CREATED) VALUES (16, 12, 'Officia', TRUE, FALSE, 'My generated playlist', TRUE, '2025-07-02');
INSERT INTO ADD_SONGS_PLAYLISTS (PLAYLIST_ID, SONG_ID, NO_URUT, USER_ID) VALUES (16, 6, 1, 12);
INSERT INTO ADD_SONGS_PLAYLISTS (PLAYLIST_ID, SONG_ID, NO_URUT, USER_ID) VALUES (16, 248, 2, 12);
INSERT INTO ADD_SONGS_PLAYLISTS (PLAYLIST_ID, SONG_ID, NO_URUT, USER_ID) VALUES (16, 226, 3, 12);
INSERT INTO ADD_SONGS_PLAYLISTS (PLAYLIST_ID, SONG_ID, NO_URUT, USER_ID) VALUES (16, 220, 4, 12);
INSERT INTO ADD_SONGS_PLAYLISTS (PLAYLIST_ID, SONG_ID, NO_URUT, USER_ID) VALUES (16, 53, 5, 12);
INSERT INTO ADD_SONGS_PLAYLISTS (PLAYLIST_ID, SONG_ID, NO_URUT, USER_ID) VALUES (16, 167, 6, 12);
INSERT INTO ADD_SONGS_PLAYLISTS (PLAYLIST_ID, SONG_ID, NO_URUT, USER_ID) VALUES (16, 203, 7, 12);
INSERT INTO PLAYLISTS (PLAYLIST_ID, USER_ID, PLAYLIST_TITLE, ISPUBLIC, ISCOLLABORATIVE, PLAYLIST_DESC, ISONPROFILE, PLAYLIST_DATE_CREATED) VALUES (17, 12, 'Aspernatur magni', TRUE, FALSE, 'My generated playlist', TRUE, '2025-04-24');
INSERT INTO ADD_SONGS_PLAYLISTS (PLAYLIST_ID, SONG_ID, NO_URUT, USER_ID) VALUES (17, 49, 1, 12);
INSERT INTO ADD_SONGS_PLAYLISTS (PLAYLIST_ID, SONG_ID, NO_URUT, USER_ID) VALUES (17, 165, 2, 12);
INSERT INTO ADD_SONGS_PLAYLISTS (PLAYLIST_ID, SONG_ID, NO_URUT, USER_ID) VALUES (17, 246, 3, 12);
INSERT INTO ADD_SONGS_PLAYLISTS (PLAYLIST_ID, SONG_ID, NO_URUT, USER_ID) VALUES (17, 253, 4, 12);
INSERT INTO ADD_SONGS_PLAYLISTS (PLAYLIST_ID, SONG_ID, NO_URUT, USER_ID) VALUES (17, 52, 5, 12);
INSERT INTO ADD_SONGS_PLAYLISTS (PLAYLIST_ID, SONG_ID, NO_URUT, USER_ID) VALUES (17, 74, 6, 12);
INSERT INTO ADD_SONGS_PLAYLISTS (PLAYLIST_ID, SONG_ID, NO_URUT, USER_ID) VALUES (17, 6, 7, 12);
INSERT INTO PLAYLISTS (PLAYLIST_ID, USER_ID, PLAYLIST_TITLE, ISPUBLIC, ISCOLLABORATIVE, PLAYLIST_DESC, ISONPROFILE, PLAYLIST_DATE_CREATED) VALUES (18, 13, 'Illo quae', TRUE, FALSE, 'My generated playlist', TRUE, '2025-05-02');
INSERT INTO ADD_SONGS_PLAYLISTS (PLAYLIST_ID, SONG_ID, NO_URUT, USER_ID) VALUES (18, 60, 1, 13);
INSERT INTO ADD_SONGS_PLAYLISTS (PLAYLIST_ID, SONG_ID, NO_URUT, USER_ID) VALUES (18, 234, 2, 13);
INSERT INTO ADD_SONGS_PLAYLISTS (PLAYLIST_ID, SONG_ID, NO_URUT, USER_ID) VALUES (18, 151, 3, 13);
INSERT INTO ADD_SONGS_PLAYLISTS (PLAYLIST_ID, SONG_ID, NO_URUT, USER_ID) VALUES (18, 249, 4, 13);
INSERT INTO PLAYLISTS (PLAYLIST_ID, USER_ID, PLAYLIST_TITLE, ISPUBLIC, ISCOLLABORATIVE, PLAYLIST_DESC, ISONPROFILE, PLAYLIST_DATE_CREATED) VALUES (19, 14, 'Debitis repellendus nihil', TRUE, FALSE, 'My generated playlist', TRUE, '2025-08-08');
INSERT INTO ADD_SONGS_PLAYLISTS (PLAYLIST_ID, SONG_ID, NO_URUT, USER_ID) VALUES (19, 169, 1, 14);
INSERT INTO ADD_SONGS_PLAYLISTS (PLAYLIST_ID, SONG_ID, NO_URUT, USER_ID) VALUES (19, 170, 2, 14);
INSERT INTO ADD_SONGS_PLAYLISTS (PLAYLIST_ID, SONG_ID, NO_URUT, USER_ID) VALUES (19, 23, 3, 14);
INSERT INTO ADD_SONGS_PLAYLISTS (PLAYLIST_ID, SONG_ID, NO_URUT, USER_ID) VALUES (19, 190, 4, 14);
INSERT INTO ADD_SONGS_PLAYLISTS (PLAYLIST_ID, SONG_ID, NO_URUT, USER_ID) VALUES (19, 154, 5, 14);
INSERT INTO PLAYLISTS (PLAYLIST_ID, USER_ID, PLAYLIST_TITLE, ISPUBLIC, ISCOLLABORATIVE, PLAYLIST_DESC, ISONPROFILE, PLAYLIST_DATE_CREATED) VALUES (20, 14, 'Libero', TRUE, FALSE, 'My generated playlist', TRUE, '2025-01-12');
INSERT INTO ADD_SONGS_PLAYLISTS (PLAYLIST_ID, SONG_ID, NO_URUT, USER_ID) VALUES (20, 88, 1, 14);
INSERT INTO ADD_SONGS_PLAYLISTS (PLAYLIST_ID, SONG_ID, NO_URUT, USER_ID) VALUES (20, 198, 2, 14);
INSERT INTO ADD_SONGS_PLAYLISTS (PLAYLIST_ID, SONG_ID, NO_URUT, USER_ID) VALUES (20, 238, 3, 14);
INSERT INTO ADD_SONGS_PLAYLISTS (PLAYLIST_ID, SONG_ID, NO_URUT, USER_ID) VALUES (20, 193, 4, 14);
INSERT INTO PLAYLISTS (PLAYLIST_ID, USER_ID, PLAYLIST_TITLE, ISPUBLIC, ISCOLLABORATIVE, PLAYLIST_DESC, ISONPROFILE, PLAYLIST_DATE_CREATED) VALUES (21, 15, 'Veritatis aperiam', TRUE, FALSE, 'My generated playlist', TRUE, '2025-10-19');
INSERT INTO ADD_SONGS_PLAYLISTS (PLAYLIST_ID, SONG_ID, NO_URUT, USER_ID) VALUES (21, 39, 1, 15);
INSERT INTO ADD_SONGS_PLAYLISTS (PLAYLIST_ID, SONG_ID, NO_URUT, USER_ID) VALUES (21, 150, 2, 15);
INSERT INTO ADD_SONGS_PLAYLISTS (PLAYLIST_ID, SONG_ID, NO_URUT, USER_ID) VALUES (21, 137, 3, 15);
INSERT INTO ADD_SONGS_PLAYLISTS (PLAYLIST_ID, SONG_ID, NO_URUT, USER_ID) VALUES (21, 166, 4, 15);
INSERT INTO ADD_SONGS_PLAYLISTS (PLAYLIST_ID, SONG_ID, NO_URUT, USER_ID) VALUES (21, 26, 5, 15);
INSERT INTO ADD_SONGS_PLAYLISTS (PLAYLIST_ID, SONG_ID, NO_URUT, USER_ID) VALUES (21, 202, 6, 15);
INSERT INTO PLAYLISTS (PLAYLIST_ID, USER_ID, PLAYLIST_TITLE, ISPUBLIC, ISCOLLABORATIVE, PLAYLIST_DESC, ISONPROFILE, PLAYLIST_DATE_CREATED) VALUES (22, 15, 'Incidunt quis', TRUE, FALSE, 'My generated playlist', TRUE, '2025-08-06');
INSERT INTO ADD_SONGS_PLAYLISTS (PLAYLIST_ID, SONG_ID, NO_URUT, USER_ID) VALUES (22, 83, 1, 15);
INSERT INTO ADD_SONGS_PLAYLISTS (PLAYLIST_ID, SONG_ID, NO_URUT, USER_ID) VALUES (22, 123, 2, 15);
INSERT INTO ADD_SONGS_PLAYLISTS (PLAYLIST_ID, SONG_ID, NO_URUT, USER_ID) VALUES (22, 28, 3, 15);
INSERT INTO PLAYLISTS (PLAYLIST_ID, USER_ID, PLAYLIST_TITLE, ISPUBLIC, ISCOLLABORATIVE, PLAYLIST_DESC, ISONPROFILE, PLAYLIST_DATE_CREATED) VALUES (23, 16, 'Praesentium id rem', TRUE, FALSE, 'My generated playlist', TRUE, '2025-06-12');
INSERT INTO ADD_SONGS_PLAYLISTS (PLAYLIST_ID, SONG_ID, NO_URUT, USER_ID) VALUES (23, 86, 1, 16);
INSERT INTO ADD_SONGS_PLAYLISTS (PLAYLIST_ID, SONG_ID, NO_URUT, USER_ID) VALUES (23, 16, 2, 16);
INSERT INTO ADD_SONGS_PLAYLISTS (PLAYLIST_ID, SONG_ID, NO_URUT, USER_ID) VALUES (23, 134, 3, 16);
INSERT INTO ADD_SONGS_PLAYLISTS (PLAYLIST_ID, SONG_ID, NO_URUT, USER_ID) VALUES (23, 38, 4, 16);
INSERT INTO ADD_SONGS_PLAYLISTS (PLAYLIST_ID, SONG_ID, NO_URUT, USER_ID) VALUES (23, 42, 5, 16);
INSERT INTO ADD_SONGS_PLAYLISTS (PLAYLIST_ID, SONG_ID, NO_URUT, USER_ID) VALUES (23, 92, 6, 16);
INSERT INTO ADD_SONGS_PLAYLISTS (PLAYLIST_ID, SONG_ID, NO_URUT, USER_ID) VALUES (23, 212, 7, 16);
INSERT INTO PLAYLISTS (PLAYLIST_ID, USER_ID, PLAYLIST_TITLE, ISPUBLIC, ISCOLLABORATIVE, PLAYLIST_DESC, ISONPROFILE, PLAYLIST_DATE_CREATED) VALUES (24, 17, 'Sequi mollitia', TRUE, FALSE, 'My generated playlist', TRUE, '2025-03-20');
INSERT INTO ADD_SONGS_PLAYLISTS (PLAYLIST_ID, SONG_ID, NO_URUT, USER_ID) VALUES (24, 184, 1, 17);
INSERT INTO ADD_SONGS_PLAYLISTS (PLAYLIST_ID, SONG_ID, NO_URUT, USER_ID) VALUES (24, 226, 2, 17);
INSERT INTO ADD_SONGS_PLAYLISTS (PLAYLIST_ID, SONG_ID, NO_URUT, USER_ID) VALUES (24, 164, 3, 17);
INSERT INTO ADD_SONGS_PLAYLISTS (PLAYLIST_ID, SONG_ID, NO_URUT, USER_ID) VALUES (24, 20, 4, 17);
INSERT INTO ADD_SONGS_PLAYLISTS (PLAYLIST_ID, SONG_ID, NO_URUT, USER_ID) VALUES (24, 171, 5, 17);
INSERT INTO ADD_SONGS_PLAYLISTS (PLAYLIST_ID, SONG_ID, NO_URUT, USER_ID) VALUES (24, 134, 6, 17);
INSERT INTO ADD_SONGS_PLAYLISTS (PLAYLIST_ID, SONG_ID, NO_URUT, USER_ID) VALUES (24, 246, 7, 17);
INSERT INTO ADD_SONGS_PLAYLISTS (PLAYLIST_ID, SONG_ID, NO_URUT, USER_ID) VALUES (24, 225, 8, 17);
INSERT INTO PLAYLISTS (PLAYLIST_ID, USER_ID, PLAYLIST_TITLE, ISPUBLIC, ISCOLLABORATIVE, PLAYLIST_DESC, ISONPROFILE, PLAYLIST_DATE_CREATED) VALUES (25, 17, 'Repudiandae quod fuga', TRUE, FALSE, 'My generated playlist', TRUE, '2025-05-17');
INSERT INTO ADD_SONGS_PLAYLISTS (PLAYLIST_ID, SONG_ID, NO_URUT, USER_ID) VALUES (25, 217, 1, 17);
INSERT INTO ADD_SONGS_PLAYLISTS (PLAYLIST_ID, SONG_ID, NO_URUT, USER_ID) VALUES (25, 240, 2, 17);
INSERT INTO ADD_SONGS_PLAYLISTS (PLAYLIST_ID, SONG_ID, NO_URUT, USER_ID) VALUES (25, 103, 3, 17);
INSERT INTO ADD_SONGS_PLAYLISTS (PLAYLIST_ID, SONG_ID, NO_URUT, USER_ID) VALUES (25, 143, 4, 17);
INSERT INTO ADD_SONGS_PLAYLISTS (PLAYLIST_ID, SONG_ID, NO_URUT, USER_ID) VALUES (25, 76, 5, 17);
INSERT INTO ADD_SONGS_PLAYLISTS (PLAYLIST_ID, SONG_ID, NO_URUT, USER_ID) VALUES (25, 172, 6, 17);
INSERT INTO ADD_SONGS_PLAYLISTS (PLAYLIST_ID, SONG_ID, NO_URUT, USER_ID) VALUES (25, 226, 7, 17);
INSERT INTO ADD_SONGS_PLAYLISTS (PLAYLIST_ID, SONG_ID, NO_URUT, USER_ID) VALUES (25, 227, 8, 17);
INSERT INTO PLAYLISTS (PLAYLIST_ID, USER_ID, PLAYLIST_TITLE, ISPUBLIC, ISCOLLABORATIVE, PLAYLIST_DESC, ISONPROFILE, PLAYLIST_DATE_CREATED) VALUES (26, 18, 'Quia ratione', TRUE, FALSE, 'My generated playlist', TRUE, '2025-06-15');
INSERT INTO ADD_SONGS_PLAYLISTS (PLAYLIST_ID, SONG_ID, NO_URUT, USER_ID) VALUES (26, 178, 1, 18);
INSERT INTO ADD_SONGS_PLAYLISTS (PLAYLIST_ID, SONG_ID, NO_URUT, USER_ID) VALUES (26, 65, 2, 18);
INSERT INTO ADD_SONGS_PLAYLISTS (PLAYLIST_ID, SONG_ID, NO_URUT, USER_ID) VALUES (26, 175, 3, 18);
INSERT INTO ADD_SONGS_PLAYLISTS (PLAYLIST_ID, SONG_ID, NO_URUT, USER_ID) VALUES (26, 22, 4, 18);
INSERT INTO ADD_SONGS_PLAYLISTS (PLAYLIST_ID, SONG_ID, NO_URUT, USER_ID) VALUES (26, 189, 5, 18);
INSERT INTO PLAYLISTS (PLAYLIST_ID, USER_ID, PLAYLIST_TITLE, ISPUBLIC, ISCOLLABORATIVE, PLAYLIST_DESC, ISONPROFILE, PLAYLIST_DATE_CREATED) VALUES (27, 18, 'Quo alias', TRUE, FALSE, 'My generated playlist', TRUE, '2025-10-02');
INSERT INTO ADD_SONGS_PLAYLISTS (PLAYLIST_ID, SONG_ID, NO_URUT, USER_ID) VALUES (27, 49, 1, 18);
INSERT INTO ADD_SONGS_PLAYLISTS (PLAYLIST_ID, SONG_ID, NO_URUT, USER_ID) VALUES (27, 164, 2, 18);
INSERT INTO ADD_SONGS_PLAYLISTS (PLAYLIST_ID, SONG_ID, NO_URUT, USER_ID) VALUES (27, 244, 3, 18);
INSERT INTO ADD_SONGS_PLAYLISTS (PLAYLIST_ID, SONG_ID, NO_URUT, USER_ID) VALUES (27, 142, 4, 18);
INSERT INTO ADD_SONGS_PLAYLISTS (PLAYLIST_ID, SONG_ID, NO_URUT, USER_ID) VALUES (27, 157, 5, 18);
INSERT INTO ADD_SONGS_PLAYLISTS (PLAYLIST_ID, SONG_ID, NO_URUT, USER_ID) VALUES (27, 113, 6, 18);
INSERT INTO PLAYLISTS (PLAYLIST_ID, USER_ID, PLAYLIST_TITLE, ISPUBLIC, ISCOLLABORATIVE, PLAYLIST_DESC, ISONPROFILE, PLAYLIST_DATE_CREATED) VALUES (28, 19, 'Voluptatibus blanditiis', TRUE, FALSE, 'My generated playlist', TRUE, '2025-08-21');
INSERT INTO ADD_SONGS_PLAYLISTS (PLAYLIST_ID, SONG_ID, NO_URUT, USER_ID) VALUES (28, 182, 1, 19);
INSERT INTO ADD_SONGS_PLAYLISTS (PLAYLIST_ID, SONG_ID, NO_URUT, USER_ID) VALUES (28, 197, 2, 19);
INSERT INTO ADD_SONGS_PLAYLISTS (PLAYLIST_ID, SONG_ID, NO_URUT, USER_ID) VALUES (28, 211, 3, 19);
INSERT INTO ADD_SONGS_PLAYLISTS (PLAYLIST_ID, SONG_ID, NO_URUT, USER_ID) VALUES (28, 63, 4, 19);
INSERT INTO ADD_SONGS_PLAYLISTS (PLAYLIST_ID, SONG_ID, NO_URUT, USER_ID) VALUES (28, 86, 5, 19);
INSERT INTO ADD_SONGS_PLAYLISTS (PLAYLIST_ID, SONG_ID, NO_URUT, USER_ID) VALUES (28, 153, 6, 19);
INSERT INTO PLAYLISTS (PLAYLIST_ID, USER_ID, PLAYLIST_TITLE, ISPUBLIC, ISCOLLABORATIVE, PLAYLIST_DESC, ISONPROFILE, PLAYLIST_DATE_CREATED) VALUES (29, 20, 'Expedita saepe', TRUE, FALSE, 'My generated playlist', TRUE, '2025-10-30');
INSERT INTO ADD_SONGS_PLAYLISTS (PLAYLIST_ID, SONG_ID, NO_URUT, USER_ID) VALUES (29, 67, 1, 20);
INSERT INTO ADD_SONGS_PLAYLISTS (PLAYLIST_ID, SONG_ID, NO_URUT, USER_ID) VALUES (29, 8, 2, 20);
INSERT INTO ADD_SONGS_PLAYLISTS (PLAYLIST_ID, SONG_ID, NO_URUT, USER_ID) VALUES (29, 82, 3, 20);
INSERT INTO ADD_SONGS_PLAYLISTS (PLAYLIST_ID, SONG_ID, NO_URUT, USER_ID) VALUES (29, 181, 4, 20);
INSERT INTO ADD_SONGS_PLAYLISTS (PLAYLIST_ID, SONG_ID, NO_URUT, USER_ID) VALUES (29, 221, 5, 20);
INSERT INTO ADD_SONGS_PLAYLISTS (PLAYLIST_ID, SONG_ID, NO_URUT, USER_ID) VALUES (29, 45, 6, 20);
INSERT INTO ADD_SONGS_PLAYLISTS (PLAYLIST_ID, SONG_ID, NO_URUT, USER_ID) VALUES (29, 130, 7, 20);
INSERT INTO ADD_SONGS_PLAYLISTS (PLAYLIST_ID, SONG_ID, NO_URUT, USER_ID) VALUES (29, 161, 8, 20);
INSERT INTO PLAYLISTS (PLAYLIST_ID, USER_ID, PLAYLIST_TITLE, ISPUBLIC, ISCOLLABORATIVE, PLAYLIST_DESC, ISONPROFILE, PLAYLIST_DATE_CREATED) VALUES (30, 21, 'Tempore', TRUE, FALSE, 'My generated playlist', TRUE, '2025-03-03');
INSERT INTO ADD_SONGS_PLAYLISTS (PLAYLIST_ID, SONG_ID, NO_URUT, USER_ID) VALUES (30, 62, 1, 21);
INSERT INTO ADD_SONGS_PLAYLISTS (PLAYLIST_ID, SONG_ID, NO_URUT, USER_ID) VALUES (30, 217, 2, 21);
INSERT INTO ADD_SONGS_PLAYLISTS (PLAYLIST_ID, SONG_ID, NO_URUT, USER_ID) VALUES (30, 95, 3, 21);
INSERT INTO ADD_SONGS_PLAYLISTS (PLAYLIST_ID, SONG_ID, NO_URUT, USER_ID) VALUES (30, 254, 4, 21);
INSERT INTO ADD_SONGS_PLAYLISTS (PLAYLIST_ID, SONG_ID, NO_URUT, USER_ID) VALUES (30, 144, 5, 21);
INSERT INTO ADD_SONGS_PLAYLISTS (PLAYLIST_ID, SONG_ID, NO_URUT, USER_ID) VALUES (30, 226, 6, 21);
INSERT INTO ADD_SONGS_PLAYLISTS (PLAYLIST_ID, SONG_ID, NO_URUT, USER_ID) VALUES (30, 47, 7, 21);
INSERT INTO PLAYLISTS (PLAYLIST_ID, USER_ID, PLAYLIST_TITLE, ISPUBLIC, ISCOLLABORATIVE, PLAYLIST_DESC, ISONPROFILE, PLAYLIST_DATE_CREATED) VALUES (31, 22, 'Placeat officiis dicta', TRUE, FALSE, 'My generated playlist', TRUE, '2025-08-05');
INSERT INTO ADD_SONGS_PLAYLISTS (PLAYLIST_ID, SONG_ID, NO_URUT, USER_ID) VALUES (31, 114, 1, 22);
INSERT INTO ADD_SONGS_PLAYLISTS (PLAYLIST_ID, SONG_ID, NO_URUT, USER_ID) VALUES (31, 130, 2, 22);
INSERT INTO ADD_SONGS_PLAYLISTS (PLAYLIST_ID, SONG_ID, NO_URUT, USER_ID) VALUES (31, 41, 3, 22);
INSERT INTO ADD_SONGS_PLAYLISTS (PLAYLIST_ID, SONG_ID, NO_URUT, USER_ID) VALUES (31, 9, 4, 22);
INSERT INTO ADD_SONGS_PLAYLISTS (PLAYLIST_ID, SONG_ID, NO_URUT, USER_ID) VALUES (31, 158, 5, 22);
INSERT INTO PLAYLISTS (PLAYLIST_ID, USER_ID, PLAYLIST_TITLE, ISPUBLIC, ISCOLLABORATIVE, PLAYLIST_DESC, ISONPROFILE, PLAYLIST_DATE_CREATED) VALUES (32, 22, 'Qui fugiat', TRUE, FALSE, 'My generated playlist', TRUE, '2025-02-12');
INSERT INTO ADD_SONGS_PLAYLISTS (PLAYLIST_ID, SONG_ID, NO_URUT, USER_ID) VALUES (32, 79, 1, 22);
INSERT INTO ADD_SONGS_PLAYLISTS (PLAYLIST_ID, SONG_ID, NO_URUT, USER_ID) VALUES (32, 103, 2, 22);
INSERT INTO ADD_SONGS_PLAYLISTS (PLAYLIST_ID, SONG_ID, NO_URUT, USER_ID) VALUES (32, 211, 3, 22);
INSERT INTO ADD_SONGS_PLAYLISTS (PLAYLIST_ID, SONG_ID, NO_URUT, USER_ID) VALUES (32, 19, 4, 22);
INSERT INTO ADD_SONGS_PLAYLISTS (PLAYLIST_ID, SONG_ID, NO_URUT, USER_ID) VALUES (32, 162, 5, 22);
INSERT INTO ADD_SONGS_PLAYLISTS (PLAYLIST_ID, SONG_ID, NO_URUT, USER_ID) VALUES (32, 17, 6, 22);
INSERT INTO ADD_SONGS_PLAYLISTS (PLAYLIST_ID, SONG_ID, NO_URUT, USER_ID) VALUES (32, 235, 7, 22);
INSERT INTO PLAYLISTS (PLAYLIST_ID, USER_ID, PLAYLIST_TITLE, ISPUBLIC, ISCOLLABORATIVE, PLAYLIST_DESC, ISONPROFILE, PLAYLIST_DATE_CREATED) VALUES (33, 23, 'Enim officiis quae', TRUE, FALSE, 'My generated playlist', TRUE, '2025-01-06');
INSERT INTO ADD_SONGS_PLAYLISTS (PLAYLIST_ID, SONG_ID, NO_URUT, USER_ID) VALUES (33, 243, 1, 23);
INSERT INTO ADD_SONGS_PLAYLISTS (PLAYLIST_ID, SONG_ID, NO_URUT, USER_ID) VALUES (33, 27, 2, 23);
INSERT INTO ADD_SONGS_PLAYLISTS (PLAYLIST_ID, SONG_ID, NO_URUT, USER_ID) VALUES (33, 123, 3, 23);
INSERT INTO PLAYLISTS (PLAYLIST_ID, USER_ID, PLAYLIST_TITLE, ISPUBLIC, ISCOLLABORATIVE, PLAYLIST_DESC, ISONPROFILE, PLAYLIST_DATE_CREATED) VALUES (34, 24, 'Magni ducimus voluptatum', TRUE, FALSE, 'My generated playlist', TRUE, '2025-05-18');
INSERT INTO ADD_SONGS_PLAYLISTS (PLAYLIST_ID, SONG_ID, NO_URUT, USER_ID) VALUES (34, 263, 1, 24);
INSERT INTO ADD_SONGS_PLAYLISTS (PLAYLIST_ID, SONG_ID, NO_URUT, USER_ID) VALUES (34, 225, 2, 24);
INSERT INTO ADD_SONGS_PLAYLISTS (PLAYLIST_ID, SONG_ID, NO_URUT, USER_ID) VALUES (34, 195, 3, 24);
INSERT INTO ADD_SONGS_PLAYLISTS (PLAYLIST_ID, SONG_ID, NO_URUT, USER_ID) VALUES (34, 42, 4, 24);
INSERT INTO PLAYLISTS (PLAYLIST_ID, USER_ID, PLAYLIST_TITLE, ISPUBLIC, ISCOLLABORATIVE, PLAYLIST_DESC, ISONPROFILE, PLAYLIST_DATE_CREATED) VALUES (35, 25, 'At maiores fugit', TRUE, FALSE, 'My generated playlist', TRUE, '2025-10-24');
INSERT INTO ADD_SONGS_PLAYLISTS (PLAYLIST_ID, SONG_ID, NO_URUT, USER_ID) VALUES (35, 1, 1, 25);
INSERT INTO ADD_SONGS_PLAYLISTS (PLAYLIST_ID, SONG_ID, NO_URUT, USER_ID) VALUES (35, 149, 2, 25);
INSERT INTO ADD_SONGS_PLAYLISTS (PLAYLIST_ID, SONG_ID, NO_URUT, USER_ID) VALUES (35, 213, 3, 25);
INSERT INTO ADD_SONGS_PLAYLISTS (PLAYLIST_ID, SONG_ID, NO_URUT, USER_ID) VALUES (35, 253, 4, 25);
INSERT INTO ADD_SONGS_PLAYLISTS (PLAYLIST_ID, SONG_ID, NO_URUT, USER_ID) VALUES (35, 188, 5, 25);
INSERT INTO ADD_SONGS_PLAYLISTS (PLAYLIST_ID, SONG_ID, NO_URUT, USER_ID) VALUES (35, 245, 6, 25);
INSERT INTO ADD_SONGS_PLAYLISTS (PLAYLIST_ID, SONG_ID, NO_URUT, USER_ID) VALUES (35, 141, 7, 25);
INSERT INTO PLAYLISTS (PLAYLIST_ID, USER_ID, PLAYLIST_TITLE, ISPUBLIC, ISCOLLABORATIVE, PLAYLIST_DESC, ISONPROFILE, PLAYLIST_DATE_CREATED) VALUES (36, 26, 'Doloremque qui libero', TRUE, FALSE, 'My generated playlist', TRUE, '2025-04-27');
INSERT INTO ADD_SONGS_PLAYLISTS (PLAYLIST_ID, SONG_ID, NO_URUT, USER_ID) VALUES (36, 187, 1, 26);
INSERT INTO ADD_SONGS_PLAYLISTS (PLAYLIST_ID, SONG_ID, NO_URUT, USER_ID) VALUES (36, 37, 2, 26);
INSERT INTO ADD_SONGS_PLAYLISTS (PLAYLIST_ID, SONG_ID, NO_URUT, USER_ID) VALUES (36, 120, 3, 26);
INSERT INTO ADD_SONGS_PLAYLISTS (PLAYLIST_ID, SONG_ID, NO_URUT, USER_ID) VALUES (36, 145, 4, 26);
INSERT INTO ADD_SONGS_PLAYLISTS (PLAYLIST_ID, SONG_ID, NO_URUT, USER_ID) VALUES (36, 236, 5, 26);
INSERT INTO ADD_SONGS_PLAYLISTS (PLAYLIST_ID, SONG_ID, NO_URUT, USER_ID) VALUES (36, 239, 6, 26);
INSERT INTO ADD_SONGS_PLAYLISTS (PLAYLIST_ID, SONG_ID, NO_URUT, USER_ID) VALUES (36, 225, 7, 26);
INSERT INTO ADD_SONGS_PLAYLISTS (PLAYLIST_ID, SONG_ID, NO_URUT, USER_ID) VALUES (36, 163, 8, 26);
INSERT INTO PLAYLISTS (PLAYLIST_ID, USER_ID, PLAYLIST_TITLE, ISPUBLIC, ISCOLLABORATIVE, PLAYLIST_DESC, ISONPROFILE, PLAYLIST_DATE_CREATED) VALUES (37, 27, 'Dolorum quae', TRUE, FALSE, 'My generated playlist', TRUE, '2025-09-04');
INSERT INTO ADD_SONGS_PLAYLISTS (PLAYLIST_ID, SONG_ID, NO_URUT, USER_ID) VALUES (37, 50, 1, 27);
INSERT INTO ADD_SONGS_PLAYLISTS (PLAYLIST_ID, SONG_ID, NO_URUT, USER_ID) VALUES (37, 215, 2, 27);
INSERT INTO ADD_SONGS_PLAYLISTS (PLAYLIST_ID, SONG_ID, NO_URUT, USER_ID) VALUES (37, 13, 3, 27);
INSERT INTO ADD_SONGS_PLAYLISTS (PLAYLIST_ID, SONG_ID, NO_URUT, USER_ID) VALUES (37, 149, 4, 27);
INSERT INTO ADD_SONGS_PLAYLISTS (PLAYLIST_ID, SONG_ID, NO_URUT, USER_ID) VALUES (37, 213, 5, 27);
INSERT INTO ADD_SONGS_PLAYLISTS (PLAYLIST_ID, SONG_ID, NO_URUT, USER_ID) VALUES (37, 14, 6, 27);
INSERT INTO PLAYLISTS (PLAYLIST_ID, USER_ID, PLAYLIST_TITLE, ISPUBLIC, ISCOLLABORATIVE, PLAYLIST_DESC, ISONPROFILE, PLAYLIST_DATE_CREATED) VALUES (38, 28, 'Et', TRUE, FALSE, 'My generated playlist', TRUE, '2025-01-25');
INSERT INTO ADD_SONGS_PLAYLISTS (PLAYLIST_ID, SONG_ID, NO_URUT, USER_ID) VALUES (38, 16, 1, 28);
INSERT INTO ADD_SONGS_PLAYLISTS (PLAYLIST_ID, SONG_ID, NO_URUT, USER_ID) VALUES (38, 180, 2, 28);
INSERT INTO ADD_SONGS_PLAYLISTS (PLAYLIST_ID, SONG_ID, NO_URUT, USER_ID) VALUES (38, 88, 3, 28);
INSERT INTO ADD_SONGS_PLAYLISTS (PLAYLIST_ID, SONG_ID, NO_URUT, USER_ID) VALUES (38, 147, 4, 28);
INSERT INTO ADD_SONGS_PLAYLISTS (PLAYLIST_ID, SONG_ID, NO_URUT, USER_ID) VALUES (38, 255, 5, 28);
INSERT INTO ADD_SONGS_PLAYLISTS (PLAYLIST_ID, SONG_ID, NO_URUT, USER_ID) VALUES (38, 40, 6, 28);
INSERT INTO ADD_SONGS_PLAYLISTS (PLAYLIST_ID, SONG_ID, NO_URUT, USER_ID) VALUES (38, 178, 7, 28);
INSERT INTO PLAYLISTS (PLAYLIST_ID, USER_ID, PLAYLIST_TITLE, ISPUBLIC, ISCOLLABORATIVE, PLAYLIST_DESC, ISONPROFILE, PLAYLIST_DATE_CREATED) VALUES (39, 28, 'Consequatur et', TRUE, FALSE, 'My generated playlist', TRUE, '2025-09-28');
INSERT INTO ADD_SONGS_PLAYLISTS (PLAYLIST_ID, SONG_ID, NO_URUT, USER_ID) VALUES (39, 71, 1, 28);
INSERT INTO ADD_SONGS_PLAYLISTS (PLAYLIST_ID, SONG_ID, NO_URUT, USER_ID) VALUES (39, 96, 2, 28);
INSERT INTO ADD_SONGS_PLAYLISTS (PLAYLIST_ID, SONG_ID, NO_URUT, USER_ID) VALUES (39, 140, 3, 28);
INSERT INTO ADD_SONGS_PLAYLISTS (PLAYLIST_ID, SONG_ID, NO_URUT, USER_ID) VALUES (39, 192, 4, 28);
INSERT INTO ADD_SONGS_PLAYLISTS (PLAYLIST_ID, SONG_ID, NO_URUT, USER_ID) VALUES (39, 211, 5, 28);
INSERT INTO ADD_SONGS_PLAYLISTS (PLAYLIST_ID, SONG_ID, NO_URUT, USER_ID) VALUES (39, 51, 6, 28);
INSERT INTO ADD_SONGS_PLAYLISTS (PLAYLIST_ID, SONG_ID, NO_URUT, USER_ID) VALUES (39, 212, 7, 28);
INSERT INTO PLAYLISTS (PLAYLIST_ID, USER_ID, PLAYLIST_TITLE, ISPUBLIC, ISCOLLABORATIVE, PLAYLIST_DESC, ISONPROFILE, PLAYLIST_DATE_CREATED) VALUES (40, 29, 'Necessitatibus quis', TRUE, FALSE, 'My generated playlist', TRUE, '2025-09-02');
INSERT INTO ADD_SONGS_PLAYLISTS (PLAYLIST_ID, SONG_ID, NO_URUT, USER_ID) VALUES (40, 54, 1, 29);
INSERT INTO ADD_SONGS_PLAYLISTS (PLAYLIST_ID, SONG_ID, NO_URUT, USER_ID) VALUES (40, 243, 2, 29);
INSERT INTO ADD_SONGS_PLAYLISTS (PLAYLIST_ID, SONG_ID, NO_URUT, USER_ID) VALUES (40, 69, 3, 29);
INSERT INTO PLAYLISTS (PLAYLIST_ID, USER_ID, PLAYLIST_TITLE, ISPUBLIC, ISCOLLABORATIVE, PLAYLIST_DESC, ISONPROFILE, PLAYLIST_DATE_CREATED) VALUES (41, 30, 'Necessitatibus repellat', TRUE, FALSE, 'My generated playlist', TRUE, '2025-01-22');
INSERT INTO ADD_SONGS_PLAYLISTS (PLAYLIST_ID, SONG_ID, NO_URUT, USER_ID) VALUES (41, 175, 1, 30);
INSERT INTO ADD_SONGS_PLAYLISTS (PLAYLIST_ID, SONG_ID, NO_URUT, USER_ID) VALUES (41, 196, 2, 30);
INSERT INTO ADD_SONGS_PLAYLISTS (PLAYLIST_ID, SONG_ID, NO_URUT, USER_ID) VALUES (41, 23, 3, 30);
INSERT INTO ADD_SONGS_PLAYLISTS (PLAYLIST_ID, SONG_ID, NO_URUT, USER_ID) VALUES (41, 87, 4, 30);
INSERT INTO PLAYLISTS (PLAYLIST_ID, USER_ID, PLAYLIST_TITLE, ISPUBLIC, ISCOLLABORATIVE, PLAYLIST_DESC, ISONPROFILE, PLAYLIST_DATE_CREATED) VALUES (42, 31, 'Deleniti id maiores', TRUE, FALSE, 'My generated playlist', TRUE, '2025-03-19');
INSERT INTO ADD_SONGS_PLAYLISTS (PLAYLIST_ID, SONG_ID, NO_URUT, USER_ID) VALUES (42, 109, 1, 31);
INSERT INTO ADD_SONGS_PLAYLISTS (PLAYLIST_ID, SONG_ID, NO_URUT, USER_ID) VALUES (42, 16, 2, 31);
INSERT INTO ADD_SONGS_PLAYLISTS (PLAYLIST_ID, SONG_ID, NO_URUT, USER_ID) VALUES (42, 78, 3, 31);
INSERT INTO ADD_SONGS_PLAYLISTS (PLAYLIST_ID, SONG_ID, NO_URUT, USER_ID) VALUES (42, 77, 4, 31);
INSERT INTO ADD_SONGS_PLAYLISTS (PLAYLIST_ID, SONG_ID, NO_URUT, USER_ID) VALUES (42, 93, 5, 31);
INSERT INTO ADD_SONGS_PLAYLISTS (PLAYLIST_ID, SONG_ID, NO_URUT, USER_ID) VALUES (42, 155, 6, 31);
INSERT INTO ADD_SONGS_PLAYLISTS (PLAYLIST_ID, SONG_ID, NO_URUT, USER_ID) VALUES (42, 227, 7, 31);
INSERT INTO PLAYLISTS (PLAYLIST_ID, USER_ID, PLAYLIST_TITLE, ISPUBLIC, ISCOLLABORATIVE, PLAYLIST_DESC, ISONPROFILE, PLAYLIST_DATE_CREATED) VALUES (43, 32, 'Quia unde quisquam', TRUE, FALSE, 'My generated playlist', TRUE, '2025-07-23');
INSERT INTO ADD_SONGS_PLAYLISTS (PLAYLIST_ID, SONG_ID, NO_URUT, USER_ID) VALUES (43, 79, 1, 32);
INSERT INTO ADD_SONGS_PLAYLISTS (PLAYLIST_ID, SONG_ID, NO_URUT, USER_ID) VALUES (43, 194, 2, 32);
INSERT INTO ADD_SONGS_PLAYLISTS (PLAYLIST_ID, SONG_ID, NO_URUT, USER_ID) VALUES (43, 226, 3, 32);
INSERT INTO PLAYLISTS (PLAYLIST_ID, USER_ID, PLAYLIST_TITLE, ISPUBLIC, ISCOLLABORATIVE, PLAYLIST_DESC, ISONPROFILE, PLAYLIST_DATE_CREATED) VALUES (44, 33, 'Minus nam explicabo', TRUE, FALSE, 'My generated playlist', TRUE, '2025-01-31');
INSERT INTO ADD_SONGS_PLAYLISTS (PLAYLIST_ID, SONG_ID, NO_URUT, USER_ID) VALUES (44, 150, 1, 33);
INSERT INTO ADD_SONGS_PLAYLISTS (PLAYLIST_ID, SONG_ID, NO_URUT, USER_ID) VALUES (44, 116, 2, 33);
INSERT INTO ADD_SONGS_PLAYLISTS (PLAYLIST_ID, SONG_ID, NO_URUT, USER_ID) VALUES (44, 169, 3, 33);
INSERT INTO ADD_SONGS_PLAYLISTS (PLAYLIST_ID, SONG_ID, NO_URUT, USER_ID) VALUES (44, 3, 4, 33);
INSERT INTO ADD_SONGS_PLAYLISTS (PLAYLIST_ID, SONG_ID, NO_URUT, USER_ID) VALUES (44, 204, 5, 33);
INSERT INTO ADD_SONGS_PLAYLISTS (PLAYLIST_ID, SONG_ID, NO_URUT, USER_ID) VALUES (44, 216, 6, 33);
INSERT INTO PLAYLISTS (PLAYLIST_ID, USER_ID, PLAYLIST_TITLE, ISPUBLIC, ISCOLLABORATIVE, PLAYLIST_DESC, ISONPROFILE, PLAYLIST_DATE_CREATED) VALUES (45, 34, 'Velit dignissimos ex', TRUE, FALSE, 'My generated playlist', TRUE, '2025-04-16');
INSERT INTO ADD_SONGS_PLAYLISTS (PLAYLIST_ID, SONG_ID, NO_URUT, USER_ID) VALUES (45, 110, 1, 34);
INSERT INTO ADD_SONGS_PLAYLISTS (PLAYLIST_ID, SONG_ID, NO_URUT, USER_ID) VALUES (45, 94, 2, 34);
INSERT INTO ADD_SONGS_PLAYLISTS (PLAYLIST_ID, SONG_ID, NO_URUT, USER_ID) VALUES (45, 91, 3, 34);
INSERT INTO ADD_SONGS_PLAYLISTS (PLAYLIST_ID, SONG_ID, NO_URUT, USER_ID) VALUES (45, 6, 4, 34);
INSERT INTO ADD_SONGS_PLAYLISTS (PLAYLIST_ID, SONG_ID, NO_URUT, USER_ID) VALUES (45, 60, 5, 34);
INSERT INTO ADD_SONGS_PLAYLISTS (PLAYLIST_ID, SONG_ID, NO_URUT, USER_ID) VALUES (45, 146, 6, 34);
INSERT INTO ADD_SONGS_PLAYLISTS (PLAYLIST_ID, SONG_ID, NO_URUT, USER_ID) VALUES (45, 99, 7, 34);
INSERT INTO PLAYLISTS (PLAYLIST_ID, USER_ID, PLAYLIST_TITLE, ISPUBLIC, ISCOLLABORATIVE, PLAYLIST_DESC, ISONPROFILE, PLAYLIST_DATE_CREATED) VALUES (46, 34, 'Atque', TRUE, FALSE, 'My generated playlist', TRUE, '2025-04-27');
INSERT INTO ADD_SONGS_PLAYLISTS (PLAYLIST_ID, SONG_ID, NO_URUT, USER_ID) VALUES (46, 52, 1, 34);
INSERT INTO ADD_SONGS_PLAYLISTS (PLAYLIST_ID, SONG_ID, NO_URUT, USER_ID) VALUES (46, 31, 2, 34);
INSERT INTO ADD_SONGS_PLAYLISTS (PLAYLIST_ID, SONG_ID, NO_URUT, USER_ID) VALUES (46, 3, 3, 34);
INSERT INTO PLAYLISTS (PLAYLIST_ID, USER_ID, PLAYLIST_TITLE, ISPUBLIC, ISCOLLABORATIVE, PLAYLIST_DESC, ISONPROFILE, PLAYLIST_DATE_CREATED) VALUES (47, 35, 'Atque at', TRUE, FALSE, 'My generated playlist', TRUE, '2025-11-23');
INSERT INTO ADD_SONGS_PLAYLISTS (PLAYLIST_ID, SONG_ID, NO_URUT, USER_ID) VALUES (47, 162, 1, 35);
INSERT INTO ADD_SONGS_PLAYLISTS (PLAYLIST_ID, SONG_ID, NO_URUT, USER_ID) VALUES (47, 163, 2, 35);
INSERT INTO ADD_SONGS_PLAYLISTS (PLAYLIST_ID, SONG_ID, NO_URUT, USER_ID) VALUES (47, 127, 3, 35);
INSERT INTO ADD_SONGS_PLAYLISTS (PLAYLIST_ID, SONG_ID, NO_URUT, USER_ID) VALUES (47, 184, 4, 35);
INSERT INTO PLAYLISTS (PLAYLIST_ID, USER_ID, PLAYLIST_TITLE, ISPUBLIC, ISCOLLABORATIVE, PLAYLIST_DESC, ISONPROFILE, PLAYLIST_DATE_CREATED) VALUES (48, 35, 'Eos veniam tempore', TRUE, FALSE, 'My generated playlist', TRUE, '2025-11-10');
INSERT INTO ADD_SONGS_PLAYLISTS (PLAYLIST_ID, SONG_ID, NO_URUT, USER_ID) VALUES (48, 42, 1, 35);
INSERT INTO ADD_SONGS_PLAYLISTS (PLAYLIST_ID, SONG_ID, NO_URUT, USER_ID) VALUES (48, 193, 2, 35);
INSERT INTO ADD_SONGS_PLAYLISTS (PLAYLIST_ID, SONG_ID, NO_URUT, USER_ID) VALUES (48, 205, 3, 35);
INSERT INTO ADD_SONGS_PLAYLISTS (PLAYLIST_ID, SONG_ID, NO_URUT, USER_ID) VALUES (48, 66, 4, 35);
INSERT INTO PLAYLISTS (PLAYLIST_ID, USER_ID, PLAYLIST_TITLE, ISPUBLIC, ISCOLLABORATIVE, PLAYLIST_DESC, ISONPROFILE, PLAYLIST_DATE_CREATED) VALUES (49, 36, 'Occaecati quos', TRUE, FALSE, 'My generated playlist', TRUE, '2025-01-28');
INSERT INTO ADD_SONGS_PLAYLISTS (PLAYLIST_ID, SONG_ID, NO_URUT, USER_ID) VALUES (49, 56, 1, 36);
INSERT INTO ADD_SONGS_PLAYLISTS (PLAYLIST_ID, SONG_ID, NO_URUT, USER_ID) VALUES (49, 70, 2, 36);
INSERT INTO ADD_SONGS_PLAYLISTS (PLAYLIST_ID, SONG_ID, NO_URUT, USER_ID) VALUES (49, 208, 3, 36);
INSERT INTO ADD_SONGS_PLAYLISTS (PLAYLIST_ID, SONG_ID, NO_URUT, USER_ID) VALUES (49, 240, 4, 36);
INSERT INTO ADD_SONGS_PLAYLISTS (PLAYLIST_ID, SONG_ID, NO_URUT, USER_ID) VALUES (49, 81, 5, 36);
INSERT INTO ADD_SONGS_PLAYLISTS (PLAYLIST_ID, SONG_ID, NO_URUT, USER_ID) VALUES (49, 84, 6, 36);
INSERT INTO ADD_SONGS_PLAYLISTS (PLAYLIST_ID, SONG_ID, NO_URUT, USER_ID) VALUES (49, 164, 7, 36);
INSERT INTO PLAYLISTS (PLAYLIST_ID, USER_ID, PLAYLIST_TITLE, ISPUBLIC, ISCOLLABORATIVE, PLAYLIST_DESC, ISONPROFILE, PLAYLIST_DATE_CREATED) VALUES (50, 37, 'Saepe tempora consequatur perspiciatis', TRUE, FALSE, 'My generated playlist', TRUE, '2025-03-20');
INSERT INTO ADD_SONGS_PLAYLISTS (PLAYLIST_ID, SONG_ID, NO_URUT, USER_ID) VALUES (50, 153, 1, 37);
INSERT INTO ADD_SONGS_PLAYLISTS (PLAYLIST_ID, SONG_ID, NO_URUT, USER_ID) VALUES (50, 161, 2, 37);
INSERT INTO ADD_SONGS_PLAYLISTS (PLAYLIST_ID, SONG_ID, NO_URUT, USER_ID) VALUES (50, 176, 3, 37);
INSERT INTO PLAYLISTS (PLAYLIST_ID, USER_ID, PLAYLIST_TITLE, ISPUBLIC, ISCOLLABORATIVE, PLAYLIST_DESC, ISONPROFILE, PLAYLIST_DATE_CREATED) VALUES (51, 38, 'Dicta veritatis accusantium', TRUE, FALSE, 'My generated playlist', TRUE, '2025-10-02');
INSERT INTO ADD_SONGS_PLAYLISTS (PLAYLIST_ID, SONG_ID, NO_URUT, USER_ID) VALUES (51, 94, 1, 38);
INSERT INTO ADD_SONGS_PLAYLISTS (PLAYLIST_ID, SONG_ID, NO_URUT, USER_ID) VALUES (51, 123, 2, 38);
INSERT INTO ADD_SONGS_PLAYLISTS (PLAYLIST_ID, SONG_ID, NO_URUT, USER_ID) VALUES (51, 15, 3, 38);
INSERT INTO ADD_SONGS_PLAYLISTS (PLAYLIST_ID, SONG_ID, NO_URUT, USER_ID) VALUES (51, 201, 4, 38);
INSERT INTO ADD_SONGS_PLAYLISTS (PLAYLIST_ID, SONG_ID, NO_URUT, USER_ID) VALUES (51, 53, 5, 38);
INSERT INTO PLAYLISTS (PLAYLIST_ID, USER_ID, PLAYLIST_TITLE, ISPUBLIC, ISCOLLABORATIVE, PLAYLIST_DESC, ISONPROFILE, PLAYLIST_DATE_CREATED) VALUES (52, 38, 'In nostrum libero', TRUE, FALSE, 'My generated playlist', TRUE, '2025-06-08');
INSERT INTO ADD_SONGS_PLAYLISTS (PLAYLIST_ID, SONG_ID, NO_URUT, USER_ID) VALUES (52, 159, 1, 38);
INSERT INTO ADD_SONGS_PLAYLISTS (PLAYLIST_ID, SONG_ID, NO_URUT, USER_ID) VALUES (52, 218, 2, 38);
INSERT INTO ADD_SONGS_PLAYLISTS (PLAYLIST_ID, SONG_ID, NO_URUT, USER_ID) VALUES (52, 240, 3, 38);
INSERT INTO PLAYLISTS (PLAYLIST_ID, USER_ID, PLAYLIST_TITLE, ISPUBLIC, ISCOLLABORATIVE, PLAYLIST_DESC, ISONPROFILE, PLAYLIST_DATE_CREATED) VALUES (53, 39, 'Quis', TRUE, FALSE, 'My generated playlist', TRUE, '2025-08-30');
INSERT INTO ADD_SONGS_PLAYLISTS (PLAYLIST_ID, SONG_ID, NO_URUT, USER_ID) VALUES (53, 43, 1, 39);
INSERT INTO ADD_SONGS_PLAYLISTS (PLAYLIST_ID, SONG_ID, NO_URUT, USER_ID) VALUES (53, 152, 2, 39);
INSERT INTO ADD_SONGS_PLAYLISTS (PLAYLIST_ID, SONG_ID, NO_URUT, USER_ID) VALUES (53, 187, 3, 39);
INSERT INTO ADD_SONGS_PLAYLISTS (PLAYLIST_ID, SONG_ID, NO_URUT, USER_ID) VALUES (53, 242, 4, 39);
INSERT INTO ADD_SONGS_PLAYLISTS (PLAYLIST_ID, SONG_ID, NO_URUT, USER_ID) VALUES (53, 132, 5, 39);
INSERT INTO PLAYLISTS (PLAYLIST_ID, USER_ID, PLAYLIST_TITLE, ISPUBLIC, ISCOLLABORATIVE, PLAYLIST_DESC, ISONPROFILE, PLAYLIST_DATE_CREATED) VALUES (54, 39, 'Accusantium quam', TRUE, FALSE, 'My generated playlist', TRUE, '2025-04-21');
INSERT INTO ADD_SONGS_PLAYLISTS (PLAYLIST_ID, SONG_ID, NO_URUT, USER_ID) VALUES (54, 234, 1, 39);
INSERT INTO ADD_SONGS_PLAYLISTS (PLAYLIST_ID, SONG_ID, NO_URUT, USER_ID) VALUES (54, 172, 2, 39);
INSERT INTO ADD_SONGS_PLAYLISTS (PLAYLIST_ID, SONG_ID, NO_URUT, USER_ID) VALUES (54, 164, 3, 39);
INSERT INTO ADD_SONGS_PLAYLISTS (PLAYLIST_ID, SONG_ID, NO_URUT, USER_ID) VALUES (54, 144, 4, 39);
INSERT INTO ADD_SONGS_PLAYLISTS (PLAYLIST_ID, SONG_ID, NO_URUT, USER_ID) VALUES (54, 237, 5, 39);
INSERT INTO PLAYLISTS (PLAYLIST_ID, USER_ID, PLAYLIST_TITLE, ISPUBLIC, ISCOLLABORATIVE, PLAYLIST_DESC, ISONPROFILE, PLAYLIST_DATE_CREATED) VALUES (55, 40, 'Architecto explicabo culpa', TRUE, FALSE, 'My generated playlist', TRUE, '2025-07-18');
INSERT INTO ADD_SONGS_PLAYLISTS (PLAYLIST_ID, SONG_ID, NO_URUT, USER_ID) VALUES (55, 198, 1, 40);
INSERT INTO ADD_SONGS_PLAYLISTS (PLAYLIST_ID, SONG_ID, NO_URUT, USER_ID) VALUES (55, 246, 2, 40);
INSERT INTO ADD_SONGS_PLAYLISTS (PLAYLIST_ID, SONG_ID, NO_URUT, USER_ID) VALUES (55, 192, 3, 40);
INSERT INTO ADD_SONGS_PLAYLISTS (PLAYLIST_ID, SONG_ID, NO_URUT, USER_ID) VALUES (55, 110, 4, 40);
INSERT INTO ADD_SONGS_PLAYLISTS (PLAYLIST_ID, SONG_ID, NO_URUT, USER_ID) VALUES (55, 49, 5, 40);
INSERT INTO ADD_SONGS_PLAYLISTS (PLAYLIST_ID, SONG_ID, NO_URUT, USER_ID) VALUES (55, 142, 6, 40);
INSERT INTO PLAYLISTS (PLAYLIST_ID, USER_ID, PLAYLIST_TITLE, ISPUBLIC, ISCOLLABORATIVE, PLAYLIST_DESC, ISONPROFILE, PLAYLIST_DATE_CREATED) VALUES (56, 41, 'Inventore quia', TRUE, FALSE, 'My generated playlist', TRUE, '2025-02-05');
INSERT INTO ADD_SONGS_PLAYLISTS (PLAYLIST_ID, SONG_ID, NO_URUT, USER_ID) VALUES (56, 46, 1, 41);
INSERT INTO ADD_SONGS_PLAYLISTS (PLAYLIST_ID, SONG_ID, NO_URUT, USER_ID) VALUES (56, 235, 2, 41);
INSERT INTO ADD_SONGS_PLAYLISTS (PLAYLIST_ID, SONG_ID, NO_URUT, USER_ID) VALUES (56, 8, 3, 41);
INSERT INTO ADD_SONGS_PLAYLISTS (PLAYLIST_ID, SONG_ID, NO_URUT, USER_ID) VALUES (56, 117, 4, 41);
INSERT INTO ADD_SONGS_PLAYLISTS (PLAYLIST_ID, SONG_ID, NO_URUT, USER_ID) VALUES (56, 62, 5, 41);
INSERT INTO ADD_SONGS_PLAYLISTS (PLAYLIST_ID, SONG_ID, NO_URUT, USER_ID) VALUES (56, 212, 6, 41);
INSERT INTO PLAYLISTS (PLAYLIST_ID, USER_ID, PLAYLIST_TITLE, ISPUBLIC, ISCOLLABORATIVE, PLAYLIST_DESC, ISONPROFILE, PLAYLIST_DATE_CREATED) VALUES (57, 42, 'Ipsum iure', TRUE, FALSE, 'My generated playlist', TRUE, '2025-01-08');
INSERT INTO ADD_SONGS_PLAYLISTS (PLAYLIST_ID, SONG_ID, NO_URUT, USER_ID) VALUES (57, 172, 1, 42);
INSERT INTO ADD_SONGS_PLAYLISTS (PLAYLIST_ID, SONG_ID, NO_URUT, USER_ID) VALUES (57, 34, 2, 42);
INSERT INTO ADD_SONGS_PLAYLISTS (PLAYLIST_ID, SONG_ID, NO_URUT, USER_ID) VALUES (57, 220, 3, 42);
INSERT INTO ADD_SONGS_PLAYLISTS (PLAYLIST_ID, SONG_ID, NO_URUT, USER_ID) VALUES (57, 75, 4, 42);
INSERT INTO ADD_SONGS_PLAYLISTS (PLAYLIST_ID, SONG_ID, NO_URUT, USER_ID) VALUES (57, 65, 5, 42);
INSERT INTO ADD_SONGS_PLAYLISTS (PLAYLIST_ID, SONG_ID, NO_URUT, USER_ID) VALUES (57, 37, 6, 42);
INSERT INTO ADD_SONGS_PLAYLISTS (PLAYLIST_ID, SONG_ID, NO_URUT, USER_ID) VALUES (57, 71, 7, 42);
INSERT INTO PLAYLISTS (PLAYLIST_ID, USER_ID, PLAYLIST_TITLE, ISPUBLIC, ISCOLLABORATIVE, PLAYLIST_DESC, ISONPROFILE, PLAYLIST_DATE_CREATED) VALUES (58, 43, 'Incidunt nostrum provident', TRUE, FALSE, 'My generated playlist', TRUE, '2025-10-30');
INSERT INTO ADD_SONGS_PLAYLISTS (PLAYLIST_ID, SONG_ID, NO_URUT, USER_ID) VALUES (58, 32, 1, 43);
INSERT INTO ADD_SONGS_PLAYLISTS (PLAYLIST_ID, SONG_ID, NO_URUT, USER_ID) VALUES (58, 105, 2, 43);
INSERT INTO ADD_SONGS_PLAYLISTS (PLAYLIST_ID, SONG_ID, NO_URUT, USER_ID) VALUES (58, 23, 3, 43);
INSERT INTO ADD_SONGS_PLAYLISTS (PLAYLIST_ID, SONG_ID, NO_URUT, USER_ID) VALUES (58, 181, 4, 43);
INSERT INTO ADD_SONGS_PLAYLISTS (PLAYLIST_ID, SONG_ID, NO_URUT, USER_ID) VALUES (58, 155, 5, 43);
INSERT INTO ADD_SONGS_PLAYLISTS (PLAYLIST_ID, SONG_ID, NO_URUT, USER_ID) VALUES (58, 167, 6, 43);
INSERT INTO PLAYLISTS (PLAYLIST_ID, USER_ID, PLAYLIST_TITLE, ISPUBLIC, ISCOLLABORATIVE, PLAYLIST_DESC, ISONPROFILE, PLAYLIST_DATE_CREATED) VALUES (59, 44, 'A rem ex', TRUE, FALSE, 'My generated playlist', TRUE, '2025-10-03');
INSERT INTO ADD_SONGS_PLAYLISTS (PLAYLIST_ID, SONG_ID, NO_URUT, USER_ID) VALUES (59, 225, 1, 44);
INSERT INTO ADD_SONGS_PLAYLISTS (PLAYLIST_ID, SONG_ID, NO_URUT, USER_ID) VALUES (59, 17, 2, 44);
INSERT INTO ADD_SONGS_PLAYLISTS (PLAYLIST_ID, SONG_ID, NO_URUT, USER_ID) VALUES (59, 50, 3, 44);
INSERT INTO ADD_SONGS_PLAYLISTS (PLAYLIST_ID, SONG_ID, NO_URUT, USER_ID) VALUES (59, 83, 4, 44);
INSERT INTO PLAYLISTS (PLAYLIST_ID, USER_ID, PLAYLIST_TITLE, ISPUBLIC, ISCOLLABORATIVE, PLAYLIST_DESC, ISONPROFILE, PLAYLIST_DATE_CREATED) VALUES (60, 44, 'Consequuntur sunt', TRUE, FALSE, 'My generated playlist', TRUE, '2025-09-06');
INSERT INTO ADD_SONGS_PLAYLISTS (PLAYLIST_ID, SONG_ID, NO_URUT, USER_ID) VALUES (60, 155, 1, 44);
INSERT INTO ADD_SONGS_PLAYLISTS (PLAYLIST_ID, SONG_ID, NO_URUT, USER_ID) VALUES (60, 182, 2, 44);
INSERT INTO ADD_SONGS_PLAYLISTS (PLAYLIST_ID, SONG_ID, NO_URUT, USER_ID) VALUES (60, 92, 3, 44);
INSERT INTO ADD_SONGS_PLAYLISTS (PLAYLIST_ID, SONG_ID, NO_URUT, USER_ID) VALUES (60, 10, 4, 44);
INSERT INTO ADD_SONGS_PLAYLISTS (PLAYLIST_ID, SONG_ID, NO_URUT, USER_ID) VALUES (60, 104, 5, 44);
INSERT INTO ADD_SONGS_PLAYLISTS (PLAYLIST_ID, SONG_ID, NO_URUT, USER_ID) VALUES (60, 231, 6, 44);
INSERT INTO ADD_SONGS_PLAYLISTS (PLAYLIST_ID, SONG_ID, NO_URUT, USER_ID) VALUES (60, 196, 7, 44);
INSERT INTO PLAYLISTS (PLAYLIST_ID, USER_ID, PLAYLIST_TITLE, ISPUBLIC, ISCOLLABORATIVE, PLAYLIST_DESC, ISONPROFILE, PLAYLIST_DATE_CREATED) VALUES (61, 45, 'Cumque amet', TRUE, FALSE, 'My generated playlist', TRUE, '2025-04-20');
INSERT INTO ADD_SONGS_PLAYLISTS (PLAYLIST_ID, SONG_ID, NO_URUT, USER_ID) VALUES (61, 191, 1, 45);
INSERT INTO ADD_SONGS_PLAYLISTS (PLAYLIST_ID, SONG_ID, NO_URUT, USER_ID) VALUES (61, 149, 2, 45);
INSERT INTO ADD_SONGS_PLAYLISTS (PLAYLIST_ID, SONG_ID, NO_URUT, USER_ID) VALUES (61, 4, 3, 45);
INSERT INTO ADD_SONGS_PLAYLISTS (PLAYLIST_ID, SONG_ID, NO_URUT, USER_ID) VALUES (61, 27, 4, 45);
INSERT INTO PLAYLISTS (PLAYLIST_ID, USER_ID, PLAYLIST_TITLE, ISPUBLIC, ISCOLLABORATIVE, PLAYLIST_DESC, ISONPROFILE, PLAYLIST_DATE_CREATED) VALUES (62, 45, 'Iure adipisci', TRUE, FALSE, 'My generated playlist', TRUE, '2025-10-27');
INSERT INTO ADD_SONGS_PLAYLISTS (PLAYLIST_ID, SONG_ID, NO_URUT, USER_ID) VALUES (62, 17, 1, 45);
INSERT INTO ADD_SONGS_PLAYLISTS (PLAYLIST_ID, SONG_ID, NO_URUT, USER_ID) VALUES (62, 58, 2, 45);
INSERT INTO ADD_SONGS_PLAYLISTS (PLAYLIST_ID, SONG_ID, NO_URUT, USER_ID) VALUES (62, 178, 3, 45);
INSERT INTO PLAYLISTS (PLAYLIST_ID, USER_ID, PLAYLIST_TITLE, ISPUBLIC, ISCOLLABORATIVE, PLAYLIST_DESC, ISONPROFILE, PLAYLIST_DATE_CREATED) VALUES (63, 46, 'Hic deserunt amet', TRUE, FALSE, 'My generated playlist', TRUE, '2025-04-25');
INSERT INTO ADD_SONGS_PLAYLISTS (PLAYLIST_ID, SONG_ID, NO_URUT, USER_ID) VALUES (63, 181, 1, 46);
INSERT INTO ADD_SONGS_PLAYLISTS (PLAYLIST_ID, SONG_ID, NO_URUT, USER_ID) VALUES (63, 234, 2, 46);
INSERT INTO ADD_SONGS_PLAYLISTS (PLAYLIST_ID, SONG_ID, NO_URUT, USER_ID) VALUES (63, 182, 3, 46);
INSERT INTO PLAYLISTS (PLAYLIST_ID, USER_ID, PLAYLIST_TITLE, ISPUBLIC, ISCOLLABORATIVE, PLAYLIST_DESC, ISONPROFILE, PLAYLIST_DATE_CREATED) VALUES (64, 47, 'Accusantium et a est', TRUE, FALSE, 'My generated playlist', TRUE, '2025-06-03');
INSERT INTO ADD_SONGS_PLAYLISTS (PLAYLIST_ID, SONG_ID, NO_URUT, USER_ID) VALUES (64, 212, 1, 47);
INSERT INTO ADD_SONGS_PLAYLISTS (PLAYLIST_ID, SONG_ID, NO_URUT, USER_ID) VALUES (64, 137, 2, 47);
INSERT INTO ADD_SONGS_PLAYLISTS (PLAYLIST_ID, SONG_ID, NO_URUT, USER_ID) VALUES (64, 48, 3, 47);
INSERT INTO ADD_SONGS_PLAYLISTS (PLAYLIST_ID, SONG_ID, NO_URUT, USER_ID) VALUES (64, 187, 4, 47);
INSERT INTO ADD_SONGS_PLAYLISTS (PLAYLIST_ID, SONG_ID, NO_URUT, USER_ID) VALUES (64, 164, 5, 47);
INSERT INTO ADD_SONGS_PLAYLISTS (PLAYLIST_ID, SONG_ID, NO_URUT, USER_ID) VALUES (64, 150, 6, 47);
INSERT INTO ADD_SONGS_PLAYLISTS (PLAYLIST_ID, SONG_ID, NO_URUT, USER_ID) VALUES (64, 157, 7, 47);
INSERT INTO ADD_SONGS_PLAYLISTS (PLAYLIST_ID, SONG_ID, NO_URUT, USER_ID) VALUES (64, 217, 8, 47);
INSERT INTO PLAYLISTS (PLAYLIST_ID, USER_ID, PLAYLIST_TITLE, ISPUBLIC, ISCOLLABORATIVE, PLAYLIST_DESC, ISONPROFILE, PLAYLIST_DATE_CREATED) VALUES (65, 47, 'Earum iste delectus', TRUE, FALSE, 'My generated playlist', TRUE, '2025-03-05');
INSERT INTO ADD_SONGS_PLAYLISTS (PLAYLIST_ID, SONG_ID, NO_URUT, USER_ID) VALUES (65, 169, 1, 47);
INSERT INTO ADD_SONGS_PLAYLISTS (PLAYLIST_ID, SONG_ID, NO_URUT, USER_ID) VALUES (65, 222, 2, 47);
INSERT INTO ADD_SONGS_PLAYLISTS (PLAYLIST_ID, SONG_ID, NO_URUT, USER_ID) VALUES (65, 237, 3, 47);
INSERT INTO ADD_SONGS_PLAYLISTS (PLAYLIST_ID, SONG_ID, NO_URUT, USER_ID) VALUES (65, 76, 4, 47);
INSERT INTO ADD_SONGS_PLAYLISTS (PLAYLIST_ID, SONG_ID, NO_URUT, USER_ID) VALUES (65, 40, 5, 47);
INSERT INTO ADD_SONGS_PLAYLISTS (PLAYLIST_ID, SONG_ID, NO_URUT, USER_ID) VALUES (65, 17, 6, 47);
INSERT INTO ADD_SONGS_PLAYLISTS (PLAYLIST_ID, SONG_ID, NO_URUT, USER_ID) VALUES (65, 234, 7, 47);
INSERT INTO PLAYLISTS (PLAYLIST_ID, USER_ID, PLAYLIST_TITLE, ISPUBLIC, ISCOLLABORATIVE, PLAYLIST_DESC, ISONPROFILE, PLAYLIST_DATE_CREATED) VALUES (66, 48, 'Nisi minus', TRUE, FALSE, 'My generated playlist', TRUE, '2025-07-30');
INSERT INTO ADD_SONGS_PLAYLISTS (PLAYLIST_ID, SONG_ID, NO_URUT, USER_ID) VALUES (66, 44, 1, 48);
INSERT INTO ADD_SONGS_PLAYLISTS (PLAYLIST_ID, SONG_ID, NO_URUT, USER_ID) VALUES (66, 20, 2, 48);
INSERT INTO ADD_SONGS_PLAYLISTS (PLAYLIST_ID, SONG_ID, NO_URUT, USER_ID) VALUES (66, 187, 3, 48);
INSERT INTO ADD_SONGS_PLAYLISTS (PLAYLIST_ID, SONG_ID, NO_URUT, USER_ID) VALUES (66, 182, 4, 48);
INSERT INTO ADD_SONGS_PLAYLISTS (PLAYLIST_ID, SONG_ID, NO_URUT, USER_ID) VALUES (66, 139, 5, 48);
INSERT INTO PLAYLISTS (PLAYLIST_ID, USER_ID, PLAYLIST_TITLE, ISPUBLIC, ISCOLLABORATIVE, PLAYLIST_DESC, ISONPROFILE, PLAYLIST_DATE_CREATED) VALUES (67, 49, 'Amet illo beatae', TRUE, FALSE, 'My generated playlist', TRUE, '2025-04-30');
INSERT INTO ADD_SONGS_PLAYLISTS (PLAYLIST_ID, SONG_ID, NO_URUT, USER_ID) VALUES (67, 245, 1, 49);
INSERT INTO ADD_SONGS_PLAYLISTS (PLAYLIST_ID, SONG_ID, NO_URUT, USER_ID) VALUES (67, 34, 2, 49);
INSERT INTO ADD_SONGS_PLAYLISTS (PLAYLIST_ID, SONG_ID, NO_URUT, USER_ID) VALUES (67, 176, 3, 49);
INSERT INTO ADD_SONGS_PLAYLISTS (PLAYLIST_ID, SONG_ID, NO_URUT, USER_ID) VALUES (67, 263, 4, 49);
INSERT INTO ADD_SONGS_PLAYLISTS (PLAYLIST_ID, SONG_ID, NO_URUT, USER_ID) VALUES (67, 116, 5, 49);
INSERT INTO PLAYLISTS (PLAYLIST_ID, USER_ID, PLAYLIST_TITLE, ISPUBLIC, ISCOLLABORATIVE, PLAYLIST_DESC, ISONPROFILE, PLAYLIST_DATE_CREATED) VALUES (68, 50, 'Unde quas', TRUE, FALSE, 'My generated playlist', TRUE, '2025-02-27');
INSERT INTO ADD_SONGS_PLAYLISTS (PLAYLIST_ID, SONG_ID, NO_URUT, USER_ID) VALUES (68, 25, 1, 50);
INSERT INTO ADD_SONGS_PLAYLISTS (PLAYLIST_ID, SONG_ID, NO_URUT, USER_ID) VALUES (68, 70, 2, 50);
INSERT INTO ADD_SONGS_PLAYLISTS (PLAYLIST_ID, SONG_ID, NO_URUT, USER_ID) VALUES (68, 160, 3, 50);
INSERT INTO ADD_SONGS_PLAYLISTS (PLAYLIST_ID, SONG_ID, NO_URUT, USER_ID) VALUES (68, 242, 4, 50);
INSERT INTO ADD_SONGS_PLAYLISTS (PLAYLIST_ID, SONG_ID, NO_URUT, USER_ID) VALUES (68, 36, 5, 50);
INSERT INTO ADD_SONGS_PLAYLISTS (PLAYLIST_ID, SONG_ID, NO_URUT, USER_ID) VALUES (68, 259, 6, 50);
INSERT INTO ADD_SONGS_PLAYLISTS (PLAYLIST_ID, SONG_ID, NO_URUT, USER_ID) VALUES (68, 238, 7, 50);
INSERT INTO LISTENS (USER_ID, SONG_ID, DURATION_LISTENED, "TIMESTAMP") VALUES (20, 50, 249, '2025-12-01 01:57:26');
INSERT INTO LISTENS (USER_ID, SONG_ID, DURATION_LISTENED, "TIMESTAMP") VALUES (1, 185, 146, '2025-12-01 01:59:02');
INSERT INTO LISTENS (USER_ID, SONG_ID, DURATION_LISTENED, "TIMESTAMP") VALUES (42, 190, 59, '2025-12-01 01:53:55');
INSERT INTO LISTENS (USER_ID, SONG_ID, DURATION_LISTENED, "TIMESTAMP") VALUES (24, 79, 80, '2025-12-01 01:57:54');
INSERT INTO LISTENS (USER_ID, SONG_ID, DURATION_LISTENED, "TIMESTAMP") VALUES (43, 125, 218, '2025-12-01 01:56:53');
INSERT INTO LISTENS (USER_ID, SONG_ID, DURATION_LISTENED, "TIMESTAMP") VALUES (47, 27, 18, '2025-12-01 01:55:50');
INSERT INTO LISTENS (USER_ID, SONG_ID, DURATION_LISTENED, "TIMESTAMP") VALUES (18, 179, 81, '2025-12-01 01:54:17');
INSERT INTO LISTENS (USER_ID, SONG_ID, DURATION_LISTENED, "TIMESTAMP") VALUES (26, 213, 50, '2025-12-01 01:56:04');
INSERT INTO LISTENS (USER_ID, SONG_ID, DURATION_LISTENED, "TIMESTAMP") VALUES (50, 112, 231, '2025-12-01 01:54:36');
INSERT INTO LISTENS (USER_ID, SONG_ID, DURATION_LISTENED, "TIMESTAMP") VALUES (7, 128, 242, '2025-12-01 01:55:37');
INSERT INTO LISTENS (USER_ID, SONG_ID, DURATION_LISTENED, "TIMESTAMP") VALUES (7, 259, 128, '2025-12-01 01:58:19');
INSERT INTO LISTENS (USER_ID, SONG_ID, DURATION_LISTENED, "TIMESTAMP") VALUES (25, 216, 274, '2025-12-01 01:56:22');
INSERT INTO LISTENS (USER_ID, SONG_ID, DURATION_LISTENED, "TIMESTAMP") VALUES (22, 168, 84, '2025-12-01 01:54:34');
INSERT INTO LISTENS (USER_ID, SONG_ID, DURATION_LISTENED, "TIMESTAMP") VALUES (38, 146, 277, '2025-12-01 01:58:49');
INSERT INTO LISTENS (USER_ID, SONG_ID, DURATION_LISTENED, "TIMESTAMP") VALUES (17, 224, 251, '2025-12-01 01:56:29');
INSERT INTO LISTENS (USER_ID, SONG_ID, DURATION_LISTENED, "TIMESTAMP") VALUES (39, 235, 95, '2025-12-01 01:55:51');
INSERT INTO LISTENS (USER_ID, SONG_ID, DURATION_LISTENED, "TIMESTAMP") VALUES (5, 85, 264, '2025-12-01 01:56:15');
INSERT INTO LISTENS (USER_ID, SONG_ID, DURATION_LISTENED, "TIMESTAMP") VALUES (8, 258, 214, '2025-12-01 01:58:44');
INSERT INTO LISTENS (USER_ID, SONG_ID, DURATION_LISTENED, "TIMESTAMP") VALUES (49, 85, 153, '2025-12-01 01:58:20');
INSERT INTO LISTENS (USER_ID, SONG_ID, DURATION_LISTENED, "TIMESTAMP") VALUES (25, 84, 134, '2025-12-01 01:59:25');
INSERT INTO LISTENS (USER_ID, SONG_ID, DURATION_LISTENED, "TIMESTAMP") VALUES (10, 123, 297, '2025-12-01 01:55:41');
INSERT INTO LISTENS (USER_ID, SONG_ID, DURATION_LISTENED, "TIMESTAMP") VALUES (12, 47, 38, '2025-12-01 01:58:28');
INSERT INTO LISTENS (USER_ID, SONG_ID, DURATION_LISTENED, "TIMESTAMP") VALUES (36, 239, 22, '2025-12-01 01:59:30');
INSERT INTO LISTENS (USER_ID, SONG_ID, DURATION_LISTENED, "TIMESTAMP") VALUES (13, 107, 59, '2025-12-01 01:53:46');
INSERT INTO LISTENS (USER_ID, SONG_ID, DURATION_LISTENED, "TIMESTAMP") VALUES (30, 95, 298, '2025-12-01 01:54:18');
INSERT INTO LISTENS (USER_ID, SONG_ID, DURATION_LISTENED, "TIMESTAMP") VALUES (9, 93, 185, '2025-12-01 01:58:28');
INSERT INTO LISTENS (USER_ID, SONG_ID, DURATION_LISTENED, "TIMESTAMP") VALUES (29, 255, 282, '2025-12-01 01:59:31');
INSERT INTO LISTENS (USER_ID, SONG_ID, DURATION_LISTENED, "TIMESTAMP") VALUES (18, 202, 235, '2025-12-01 01:55:54');
INSERT INTO LISTENS (USER_ID, SONG_ID, DURATION_LISTENED, "TIMESTAMP") VALUES (30, 113, 92, '2025-12-01 01:54:39');
INSERT INTO LISTENS (USER_ID, SONG_ID, DURATION_LISTENED, "TIMESTAMP") VALUES (5, 60, 48, '2025-12-01 01:57:24');
INSERT INTO LISTENS (USER_ID, SONG_ID, DURATION_LISTENED, "TIMESTAMP") VALUES (15, 158, 26, '2025-12-01 01:56:32');
INSERT INTO LISTENS (USER_ID, SONG_ID, DURATION_LISTENED, "TIMESTAMP") VALUES (26, 122, 147, '2025-12-01 01:55:44');
INSERT INTO LISTENS (USER_ID, SONG_ID, DURATION_LISTENED, "TIMESTAMP") VALUES (8, 252, 251, '2025-12-01 01:56:06');
INSERT INTO LISTENS (USER_ID, SONG_ID, DURATION_LISTENED, "TIMESTAMP") VALUES (2, 164, 46, '2025-12-01 01:59:17');
INSERT INTO LISTENS (USER_ID, SONG_ID, DURATION_LISTENED, "TIMESTAMP") VALUES (5, 189, 180, '2025-12-01 01:55:50');
INSERT INTO LISTENS (USER_ID, SONG_ID, DURATION_LISTENED, "TIMESTAMP") VALUES (42, 50, 98, '2025-12-01 01:58:28');
INSERT INTO LISTENS (USER_ID, SONG_ID, DURATION_LISTENED, "TIMESTAMP") VALUES (27, 42, 180, '2025-12-01 01:57:14');
INSERT INTO LISTENS (USER_ID, SONG_ID, DURATION_LISTENED, "TIMESTAMP") VALUES (5, 259, 10, '2025-12-01 01:55:35');
INSERT INTO LISTENS (USER_ID, SONG_ID, DURATION_LISTENED, "TIMESTAMP") VALUES (8, 184, 176, '2025-12-01 01:56:35');
INSERT INTO LISTENS (USER_ID, SONG_ID, DURATION_LISTENED, "TIMESTAMP") VALUES (27, 181, 194, '2025-12-01 01:59:38');
INSERT INTO LISTENS (USER_ID, SONG_ID, DURATION_LISTENED, "TIMESTAMP") VALUES (10, 238, 191, '2025-12-01 01:58:46');
INSERT INTO LISTENS (USER_ID, SONG_ID, DURATION_LISTENED, "TIMESTAMP") VALUES (33, 166, 16, '2025-12-01 01:58:56');
INSERT INTO LISTENS (USER_ID, SONG_ID, DURATION_LISTENED, "TIMESTAMP") VALUES (2, 27, 189, '2025-12-01 01:54:52');
INSERT INTO LISTENS (USER_ID, SONG_ID, DURATION_LISTENED, "TIMESTAMP") VALUES (9, 175, 187, '2025-12-01 01:58:54');
INSERT INTO LISTENS (USER_ID, SONG_ID, DURATION_LISTENED, "TIMESTAMP") VALUES (31, 137, 62, '2025-12-01 01:57:13');
INSERT INTO LISTENS (USER_ID, SONG_ID, DURATION_LISTENED, "TIMESTAMP") VALUES (42, 3, 22, '2025-12-01 01:55:52');
INSERT INTO LISTENS (USER_ID, SONG_ID, DURATION_LISTENED, "TIMESTAMP") VALUES (28, 64, 215, '2025-12-01 01:58:16');
INSERT INTO LISTENS (USER_ID, SONG_ID, DURATION_LISTENED, "TIMESTAMP") VALUES (35, 112, 102, '2025-12-01 01:57:00');
INSERT INTO LISTENS (USER_ID, SONG_ID, DURATION_LISTENED, "TIMESTAMP") VALUES (29, 158, 92, '2025-12-01 01:55:01');
INSERT INTO LISTENS (USER_ID, SONG_ID, DURATION_LISTENED, "TIMESTAMP") VALUES (22, 140, 252, '2025-12-01 01:54:51');
INSERT INTO LISTENS (USER_ID, SONG_ID, DURATION_LISTENED, "TIMESTAMP") VALUES (28, 260, 99, '2025-12-01 01:54:16');
INSERT INTO LISTENS (USER_ID, SONG_ID, DURATION_LISTENED, "TIMESTAMP") VALUES (10, 136, 190, '2025-12-01 01:58:41');
INSERT INTO LISTENS (USER_ID, SONG_ID, DURATION_LISTENED, "TIMESTAMP") VALUES (7, 32, 20, '2025-12-01 01:55:52');
INSERT INTO LISTENS (USER_ID, SONG_ID, DURATION_LISTENED, "TIMESTAMP") VALUES (26, 39, 161, '2025-12-01 01:55:53');
INSERT INTO LISTENS (USER_ID, SONG_ID, DURATION_LISTENED, "TIMESTAMP") VALUES (12, 204, 198, '2025-12-01 01:55:12');
INSERT INTO LISTENS (USER_ID, SONG_ID, DURATION_LISTENED, "TIMESTAMP") VALUES (10, 100, 247, '2025-12-01 01:59:32');
INSERT INTO LISTENS (USER_ID, SONG_ID, DURATION_LISTENED, "TIMESTAMP") VALUES (15, 134, 168, '2025-12-01 01:59:05');
INSERT INTO LISTENS (USER_ID, SONG_ID, DURATION_LISTENED, "TIMESTAMP") VALUES (26, 139, 280, '2025-12-01 01:58:15');
INSERT INTO LISTENS (USER_ID, SONG_ID, DURATION_LISTENED, "TIMESTAMP") VALUES (26, 210, 13, '2025-12-01 01:57:01');
INSERT INTO LISTENS (USER_ID, SONG_ID, DURATION_LISTENED, "TIMESTAMP") VALUES (8, 131, 129, '2025-12-01 01:58:29');
INSERT INTO LISTENS (USER_ID, SONG_ID, DURATION_LISTENED, "TIMESTAMP") VALUES (30, 97, 269, '2025-12-01 01:58:05');
INSERT INTO LISTENS (USER_ID, SONG_ID, DURATION_LISTENED, "TIMESTAMP") VALUES (25, 223, 191, '2025-12-01 01:55:48');
INSERT INTO LISTENS (USER_ID, SONG_ID, DURATION_LISTENED, "TIMESTAMP") VALUES (10, 111, 188, '2025-12-01 01:58:20');
INSERT INTO LISTENS (USER_ID, SONG_ID, DURATION_LISTENED, "TIMESTAMP") VALUES (6, 139, 43, '2025-12-01 01:56:19');
INSERT INTO LISTENS (USER_ID, SONG_ID, DURATION_LISTENED, "TIMESTAMP") VALUES (3, 173, 200, '2025-12-01 01:55:27');
INSERT INTO LISTENS (USER_ID, SONG_ID, DURATION_LISTENED, "TIMESTAMP") VALUES (45, 122, 71, '2025-12-01 01:55:28');
INSERT INTO LISTENS (USER_ID, SONG_ID, DURATION_LISTENED, "TIMESTAMP") VALUES (42, 206, 197, '2025-12-01 01:54:04');
INSERT INTO LISTENS (USER_ID, SONG_ID, DURATION_LISTENED, "TIMESTAMP") VALUES (8, 21, 278, '2025-12-01 01:56:47');
INSERT INTO LISTENS (USER_ID, SONG_ID, DURATION_LISTENED, "TIMESTAMP") VALUES (23, 123, 287, '2025-12-01 01:56:08');
INSERT INTO LISTENS (USER_ID, SONG_ID, DURATION_LISTENED, "TIMESTAMP") VALUES (24, 119, 45, '2025-12-01 01:55:28');
INSERT INTO LISTENS (USER_ID, SONG_ID, DURATION_LISTENED, "TIMESTAMP") VALUES (1, 37, 34, '2025-12-01 01:55:53');
INSERT INTO LISTENS (USER_ID, SONG_ID, DURATION_LISTENED, "TIMESTAMP") VALUES (21, 36, 115, '2025-12-01 01:53:51');
INSERT INTO LISTENS (USER_ID, SONG_ID, DURATION_LISTENED, "TIMESTAMP") VALUES (17, 261, 233, '2025-12-01 01:54:55');
INSERT INTO LISTENS (USER_ID, SONG_ID, DURATION_LISTENED, "TIMESTAMP") VALUES (30, 81, 137, '2025-12-01 01:56:56');
INSERT INTO LISTENS (USER_ID, SONG_ID, DURATION_LISTENED, "TIMESTAMP") VALUES (11, 23, 265, '2025-12-01 01:57:01');
INSERT INTO LISTENS (USER_ID, SONG_ID, DURATION_LISTENED, "TIMESTAMP") VALUES (30, 191, 237, '2025-12-01 01:56:08');
INSERT INTO LISTENS (USER_ID, SONG_ID, DURATION_LISTENED, "TIMESTAMP") VALUES (44, 120, 99, '2025-12-01 01:56:16');
INSERT INTO LISTENS (USER_ID, SONG_ID, DURATION_LISTENED, "TIMESTAMP") VALUES (26, 45, 176, '2025-12-01 01:57:49');
INSERT INTO LISTENS (USER_ID, SONG_ID, DURATION_LISTENED, "TIMESTAMP") VALUES (26, 22, 137, '2025-12-01 01:59:06');
INSERT INTO LISTENS (USER_ID, SONG_ID, DURATION_LISTENED, "TIMESTAMP") VALUES (39, 246, 123, '2025-12-01 01:56:15');
INSERT INTO LISTENS (USER_ID, SONG_ID, DURATION_LISTENED, "TIMESTAMP") VALUES (23, 254, 34, '2025-12-01 01:56:02');
INSERT INTO LISTENS (USER_ID, SONG_ID, DURATION_LISTENED, "TIMESTAMP") VALUES (45, 126, 244, '2025-12-01 01:56:22');
INSERT INTO LISTENS (USER_ID, SONG_ID, DURATION_LISTENED, "TIMESTAMP") VALUES (10, 222, 191, '2025-12-01 01:58:31');
INSERT INTO LISTENS (USER_ID, SONG_ID, DURATION_LISTENED, "TIMESTAMP") VALUES (20, 46, 232, '2025-12-01 01:55:56');
INSERT INTO LISTENS (USER_ID, SONG_ID, DURATION_LISTENED, "TIMESTAMP") VALUES (22, 196, 74, '2025-12-01 01:56:49');
INSERT INTO LISTENS (USER_ID, SONG_ID, DURATION_LISTENED, "TIMESTAMP") VALUES (37, 166, 69, '2025-12-01 01:55:06');
INSERT INTO LISTENS (USER_ID, SONG_ID, DURATION_LISTENED, "TIMESTAMP") VALUES (29, 195, 246, '2025-12-01 01:58:42');
INSERT INTO LISTENS (USER_ID, SONG_ID, DURATION_LISTENED, "TIMESTAMP") VALUES (14, 191, 253, '2025-12-01 01:54:48');
INSERT INTO LISTENS (USER_ID, SONG_ID, DURATION_LISTENED, "TIMESTAMP") VALUES (9, 14, 248, '2025-12-01 01:57:54');
INSERT INTO LISTENS (USER_ID, SONG_ID, DURATION_LISTENED, "TIMESTAMP") VALUES (45, 248, 300, '2025-12-01 01:57:58');
INSERT INTO LISTENS (USER_ID, SONG_ID, DURATION_LISTENED, "TIMESTAMP") VALUES (50, 115, 235, '2025-12-01 01:53:48');
INSERT INTO LISTENS (USER_ID, SONG_ID, DURATION_LISTENED, "TIMESTAMP") VALUES (48, 204, 84, '2025-12-01 01:53:57');
INSERT INTO LISTENS (USER_ID, SONG_ID, DURATION_LISTENED, "TIMESTAMP") VALUES (13, 164, 202, '2025-12-01 01:59:42');
INSERT INTO LISTENS (USER_ID, SONG_ID, DURATION_LISTENED, "TIMESTAMP") VALUES (14, 113, 92, '2025-12-01 01:57:51');
INSERT INTO LISTENS (USER_ID, SONG_ID, DURATION_LISTENED, "TIMESTAMP") VALUES (23, 244, 172, '2025-12-01 01:56:19');
INSERT INTO LISTENS (USER_ID, SONG_ID, DURATION_LISTENED, "TIMESTAMP") VALUES (47, 169, 59, '2025-12-01 01:56:02');
INSERT INTO LISTENS (USER_ID, SONG_ID, DURATION_LISTENED, "TIMESTAMP") VALUES (43, 66, 61, '2025-12-01 01:57:29');
INSERT INTO LISTENS (USER_ID, SONG_ID, DURATION_LISTENED, "TIMESTAMP") VALUES (13, 26, 167, '2025-12-01 01:57:16');
INSERT INTO LISTENS (USER_ID, SONG_ID, DURATION_LISTENED, "TIMESTAMP") VALUES (22, 181, 214, '2025-12-01 01:59:28');
INSERT INTO LISTENS (USER_ID, SONG_ID, DURATION_LISTENED, "TIMESTAMP") VALUES (1, 76, 24, '2025-12-01 01:55:27');
INSERT INTO LISTENS (USER_ID, SONG_ID, DURATION_LISTENED, "TIMESTAMP") VALUES (9, 6, 107, '2025-12-01 01:55:15');
INSERT INTO LISTENS (USER_ID, SONG_ID, DURATION_LISTENED, "TIMESTAMP") VALUES (49, 161, 39, '2025-12-01 01:59:37');
INSERT INTO LISTENS (USER_ID, SONG_ID, DURATION_LISTENED, "TIMESTAMP") VALUES (5, 66, 72, '2025-12-01 01:55:53');
INSERT INTO LISTENS (USER_ID, SONG_ID, DURATION_LISTENED, "TIMESTAMP") VALUES (3, 9, 269, '2025-12-01 01:55:28');
INSERT INTO LISTENS (USER_ID, SONG_ID, DURATION_LISTENED, "TIMESTAMP") VALUES (33, 59, 144, '2025-12-01 01:55:32');
INSERT INTO LISTENS (USER_ID, SONG_ID, DURATION_LISTENED, "TIMESTAMP") VALUES (22, 47, 183, '2025-12-01 01:58:49');
INSERT INTO LISTENS (USER_ID, SONG_ID, DURATION_LISTENED, "TIMESTAMP") VALUES (22, 237, 214, '2025-12-01 01:56:12');
INSERT INTO LISTENS (USER_ID, SONG_ID, DURATION_LISTENED, "TIMESTAMP") VALUES (50, 201, 193, '2025-12-01 01:56:27');
INSERT INTO LISTENS (USER_ID, SONG_ID, DURATION_LISTENED, "TIMESTAMP") VALUES (46, 17, 204, '2025-12-01 01:58:08');
INSERT INTO LISTENS (USER_ID, SONG_ID, DURATION_LISTENED, "TIMESTAMP") VALUES (26, 250, 143, '2025-12-01 01:56:24');
INSERT INTO LISTENS (USER_ID, SONG_ID, DURATION_LISTENED, "TIMESTAMP") VALUES (32, 15, 184, '2025-12-01 01:58:19');
INSERT INTO LISTENS (USER_ID, SONG_ID, DURATION_LISTENED, "TIMESTAMP") VALUES (22, 81, 53, '2025-12-01 01:55:47');
INSERT INTO LISTENS (USER_ID, SONG_ID, DURATION_LISTENED, "TIMESTAMP") VALUES (40, 192, 252, '2025-12-01 01:56:43');
INSERT INTO LISTENS (USER_ID, SONG_ID, DURATION_LISTENED, "TIMESTAMP") VALUES (13, 18, 118, '2025-12-01 01:56:49');
INSERT INTO LISTENS (USER_ID, SONG_ID, DURATION_LISTENED, "TIMESTAMP") VALUES (10, 100, 84, '2025-12-01 01:57:27');
INSERT INTO LISTENS (USER_ID, SONG_ID, DURATION_LISTENED, "TIMESTAMP") VALUES (50, 39, 270, '2025-12-01 01:55:59');
INSERT INTO LISTENS (USER_ID, SONG_ID, DURATION_LISTENED, "TIMESTAMP") VALUES (25, 72, 171, '2025-12-01 01:54:29');
INSERT INTO LISTENS (USER_ID, SONG_ID, DURATION_LISTENED, "TIMESTAMP") VALUES (20, 130, 43, '2025-12-01 01:54:23');
INSERT INTO LISTENS (USER_ID, SONG_ID, DURATION_LISTENED, "TIMESTAMP") VALUES (2, 186, 154, '2025-12-01 01:53:55');
INSERT INTO LISTENS (USER_ID, SONG_ID, DURATION_LISTENED, "TIMESTAMP") VALUES (19, 56, 135, '2025-12-01 01:58:13');
INSERT INTO LISTENS (USER_ID, SONG_ID, DURATION_LISTENED, "TIMESTAMP") VALUES (39, 63, 197, '2025-12-01 01:56:40');
INSERT INTO LISTENS (USER_ID, SONG_ID, DURATION_LISTENED, "TIMESTAMP") VALUES (39, 106, 20, '2025-12-01 01:57:45');
INSERT INTO LISTENS (USER_ID, SONG_ID, DURATION_LISTENED, "TIMESTAMP") VALUES (35, 96, 96, '2025-12-01 01:55:19');
INSERT INTO LISTENS (USER_ID, SONG_ID, DURATION_LISTENED, "TIMESTAMP") VALUES (6, 131, 143, '2025-12-01 01:57:38');
INSERT INTO LISTENS (USER_ID, SONG_ID, DURATION_LISTENED, "TIMESTAMP") VALUES (28, 158, 54, '2025-12-01 01:54:58');
INSERT INTO LISTENS (USER_ID, SONG_ID, DURATION_LISTENED, "TIMESTAMP") VALUES (7, 107, 214, '2025-12-01 01:53:50');
INSERT INTO LISTENS (USER_ID, SONG_ID, DURATION_LISTENED, "TIMESTAMP") VALUES (43, 40, 134, '2025-12-01 01:56:30');
INSERT INTO LISTENS (USER_ID, SONG_ID, DURATION_LISTENED, "TIMESTAMP") VALUES (6, 125, 83, '2025-12-01 01:56:34');
INSERT INTO LISTENS (USER_ID, SONG_ID, DURATION_LISTENED, "TIMESTAMP") VALUES (33, 235, 114, '2025-12-01 01:56:00');
INSERT INTO LISTENS (USER_ID, SONG_ID, DURATION_LISTENED, "TIMESTAMP") VALUES (9, 132, 164, '2025-12-01 01:54:13');
INSERT INTO LISTENS (USER_ID, SONG_ID, DURATION_LISTENED, "TIMESTAMP") VALUES (27, 54, 15, '2025-12-01 01:58:49');
INSERT INTO LISTENS (USER_ID, SONG_ID, DURATION_LISTENED, "TIMESTAMP") VALUES (43, 27, 148, '2025-12-01 01:53:50');
INSERT INTO LISTENS (USER_ID, SONG_ID, DURATION_LISTENED, "TIMESTAMP") VALUES (15, 110, 245, '2025-12-01 01:57:09');
INSERT INTO LISTENS (USER_ID, SONG_ID, DURATION_LISTENED, "TIMESTAMP") VALUES (38, 254, 115, '2025-12-01 01:54:23');
INSERT INTO LISTENS (USER_ID, SONG_ID, DURATION_LISTENED, "TIMESTAMP") VALUES (15, 130, 41, '2025-12-01 01:55:07');
INSERT INTO LISTENS (USER_ID, SONG_ID, DURATION_LISTENED, "TIMESTAMP") VALUES (37, 34, 288, '2025-12-01 01:55:29');
INSERT INTO LISTENS (USER_ID, SONG_ID, DURATION_LISTENED, "TIMESTAMP") VALUES (13, 36, 94, '2025-12-01 01:56:37');
INSERT INTO LISTENS (USER_ID, SONG_ID, DURATION_LISTENED, "TIMESTAMP") VALUES (26, 217, 15, '2025-12-01 01:58:25');
INSERT INTO LISTENS (USER_ID, SONG_ID, DURATION_LISTENED, "TIMESTAMP") VALUES (40, 27, 20, '2025-12-01 01:58:47');
INSERT INTO LISTENS (USER_ID, SONG_ID, DURATION_LISTENED, "TIMESTAMP") VALUES (11, 219, 167, '2025-12-01 01:58:12');
INSERT INTO LISTENS (USER_ID, SONG_ID, DURATION_LISTENED, "TIMESTAMP") VALUES (21, 126, 118, '2025-12-01 01:58:03');
INSERT INTO LISTENS (USER_ID, SONG_ID, DURATION_LISTENED, "TIMESTAMP") VALUES (36, 87, 106, '2025-12-01 01:58:41');
INSERT INTO LISTENS (USER_ID, SONG_ID, DURATION_LISTENED, "TIMESTAMP") VALUES (23, 54, 126, '2025-12-01 01:58:56');
INSERT INTO LISTENS (USER_ID, SONG_ID, DURATION_LISTENED, "TIMESTAMP") VALUES (42, 78, 69, '2025-12-01 01:57:27');
INSERT INTO LISTENS (USER_ID, SONG_ID, DURATION_LISTENED, "TIMESTAMP") VALUES (40, 176, 216, '2025-12-01 01:59:32');
INSERT INTO LISTENS (USER_ID, SONG_ID, DURATION_LISTENED, "TIMESTAMP") VALUES (19, 192, 179, '2025-12-01 01:59:06');
INSERT INTO LISTENS (USER_ID, SONG_ID, DURATION_LISTENED, "TIMESTAMP") VALUES (34, 138, 81, '2025-12-01 01:54:15');
INSERT INTO LISTENS (USER_ID, SONG_ID, DURATION_LISTENED, "TIMESTAMP") VALUES (10, 108, 257, '2025-12-01 01:59:15');
INSERT INTO LISTENS (USER_ID, SONG_ID, DURATION_LISTENED, "TIMESTAMP") VALUES (16, 129, 72, '2025-12-01 01:55:59');
INSERT INTO LISTENS (USER_ID, SONG_ID, DURATION_LISTENED, "TIMESTAMP") VALUES (17, 170, 61, '2025-12-01 01:58:20');
INSERT INTO LISTENS (USER_ID, SONG_ID, DURATION_LISTENED, "TIMESTAMP") VALUES (9, 263, 61, '2025-12-01 01:58:26');
INSERT INTO LISTENS (USER_ID, SONG_ID, DURATION_LISTENED, "TIMESTAMP") VALUES (2, 91, 137, '2025-12-01 01:57:12');
INSERT INTO LISTENS (USER_ID, SONG_ID, DURATION_LISTENED, "TIMESTAMP") VALUES (33, 173, 60, '2025-12-01 01:55:58');
INSERT INTO LISTENS (USER_ID, SONG_ID, DURATION_LISTENED, "TIMESTAMP") VALUES (11, 261, 266, '2025-12-01 01:55:26');
INSERT INTO LISTENS (USER_ID, SONG_ID, DURATION_LISTENED, "TIMESTAMP") VALUES (47, 49, 116, '2025-12-01 01:59:09');
INSERT INTO LISTENS (USER_ID, SONG_ID, DURATION_LISTENED, "TIMESTAMP") VALUES (22, 68, 214, '2025-12-01 01:57:57');
INSERT INTO LISTENS (USER_ID, SONG_ID, DURATION_LISTENED, "TIMESTAMP") VALUES (4, 164, 175, '2025-12-01 01:58:58');
INSERT INTO LISTENS (USER_ID, SONG_ID, DURATION_LISTENED, "TIMESTAMP") VALUES (23, 146, 108, '2025-12-01 01:55:30');
INSERT INTO LISTENS (USER_ID, SONG_ID, DURATION_LISTENED, "TIMESTAMP") VALUES (19, 160, 233, '2025-12-01 01:56:20');
INSERT INTO LISTENS (USER_ID, SONG_ID, DURATION_LISTENED, "TIMESTAMP") VALUES (8, 240, 298, '2025-12-01 01:53:47');
INSERT INTO LISTENS (USER_ID, SONG_ID, DURATION_LISTENED, "TIMESTAMP") VALUES (6, 37, 14, '2025-12-01 01:54:30');
INSERT INTO LISTENS (USER_ID, SONG_ID, DURATION_LISTENED, "TIMESTAMP") VALUES (21, 143, 286, '2025-12-01 01:55:58');
INSERT INTO LISTENS (USER_ID, SONG_ID, DURATION_LISTENED, "TIMESTAMP") VALUES (6, 104, 120, '2025-12-01 01:59:05');
INSERT INTO LISTENS (USER_ID, SONG_ID, DURATION_LISTENED, "TIMESTAMP") VALUES (39, 216, 20, '2025-12-01 01:58:37');
INSERT INTO LISTENS (USER_ID, SONG_ID, DURATION_LISTENED, "TIMESTAMP") VALUES (36, 201, 160, '2025-12-01 01:53:50');
INSERT INTO LISTENS (USER_ID, SONG_ID, DURATION_LISTENED, "TIMESTAMP") VALUES (39, 7, 234, '2025-12-01 01:57:08');
INSERT INTO LISTENS (USER_ID, SONG_ID, DURATION_LISTENED, "TIMESTAMP") VALUES (48, 160, 267, '2025-12-01 01:56:23');
INSERT INTO LISTENS (USER_ID, SONG_ID, DURATION_LISTENED, "TIMESTAMP") VALUES (6, 127, 208, '2025-12-01 01:58:28');
INSERT INTO LISTENS (USER_ID, SONG_ID, DURATION_LISTENED, "TIMESTAMP") VALUES (14, 139, 98, '2025-12-01 01:57:33');
INSERT INTO LISTENS (USER_ID, SONG_ID, DURATION_LISTENED, "TIMESTAMP") VALUES (48, 19, 202, '2025-12-01 01:54:29');
INSERT INTO LISTENS (USER_ID, SONG_ID, DURATION_LISTENED, "TIMESTAMP") VALUES (17, 52, 248, '2025-12-01 01:56:08');
INSERT INTO LISTENS (USER_ID, SONG_ID, DURATION_LISTENED, "TIMESTAMP") VALUES (7, 231, 31, '2025-12-01 01:54:28');
INSERT INTO LISTENS (USER_ID, SONG_ID, DURATION_LISTENED, "TIMESTAMP") VALUES (27, 202, 214, '2025-12-01 01:56:39');
INSERT INTO LISTENS (USER_ID, SONG_ID, DURATION_LISTENED, "TIMESTAMP") VALUES (21, 89, 250, '2025-12-01 01:59:31');
INSERT INTO LISTENS (USER_ID, SONG_ID, DURATION_LISTENED, "TIMESTAMP") VALUES (33, 198, 262, '2025-12-01 01:56:34');
INSERT INTO LISTENS (USER_ID, SONG_ID, DURATION_LISTENED, "TIMESTAMP") VALUES (31, 185, 149, '2025-12-01 01:58:31');
INSERT INTO LISTENS (USER_ID, SONG_ID, DURATION_LISTENED, "TIMESTAMP") VALUES (11, 41, 82, '2025-12-01 01:56:37');
INSERT INTO LISTENS (USER_ID, SONG_ID, DURATION_LISTENED, "TIMESTAMP") VALUES (9, 192, 67, '2025-12-01 01:56:37');
INSERT INTO LISTENS (USER_ID, SONG_ID, DURATION_LISTENED, "TIMESTAMP") VALUES (25, 126, 208, '2025-12-01 01:59:26');
INSERT INTO LISTENS (USER_ID, SONG_ID, DURATION_LISTENED, "TIMESTAMP") VALUES (16, 252, 265, '2025-12-01 01:58:05');
INSERT INTO LISTENS (USER_ID, SONG_ID, DURATION_LISTENED, "TIMESTAMP") VALUES (15, 241, 150, '2025-12-01 01:59:18');
INSERT INTO LISTENS (USER_ID, SONG_ID, DURATION_LISTENED, "TIMESTAMP") VALUES (27, 110, 209, '2025-12-01 01:56:58');
INSERT INTO LISTENS (USER_ID, SONG_ID, DURATION_LISTENED, "TIMESTAMP") VALUES (9, 81, 97, '2025-12-01 01:55:37');
INSERT INTO LISTENS (USER_ID, SONG_ID, DURATION_LISTENED, "TIMESTAMP") VALUES (9, 25, 289, '2025-12-01 01:59:41');
INSERT INTO LISTENS (USER_ID, SONG_ID, DURATION_LISTENED, "TIMESTAMP") VALUES (21, 82, 20, '2025-12-01 01:54:56');
INSERT INTO LISTENS (USER_ID, SONG_ID, DURATION_LISTENED, "TIMESTAMP") VALUES (31, 183, 144, '2025-12-01 01:59:21');
INSERT INTO LISTENS (USER_ID, SONG_ID, DURATION_LISTENED, "TIMESTAMP") VALUES (20, 47, 241, '2025-12-01 01:53:53');
INSERT INTO LISTENS (USER_ID, SONG_ID, DURATION_LISTENED, "TIMESTAMP") VALUES (50, 44, 131, '2025-12-01 01:58:10');
INSERT INTO LISTENS (USER_ID, SONG_ID, DURATION_LISTENED, "TIMESTAMP") VALUES (46, 49, 65, '2025-12-01 01:56:31');
INSERT INTO LISTENS (USER_ID, SONG_ID, DURATION_LISTENED, "TIMESTAMP") VALUES (3, 194, 247, '2025-12-01 01:57:59');
INSERT INTO LISTENS (USER_ID, SONG_ID, DURATION_LISTENED, "TIMESTAMP") VALUES (35, 228, 11, '2025-12-01 01:58:44');
INSERT INTO LISTENS (USER_ID, SONG_ID, DURATION_LISTENED, "TIMESTAMP") VALUES (26, 30, 40, '2025-12-01 01:54:15');
INSERT INTO LISTENS (USER_ID, SONG_ID, DURATION_LISTENED, "TIMESTAMP") VALUES (38, 57, 285, '2025-12-01 01:56:56');
INSERT INTO LISTENS (USER_ID, SONG_ID, DURATION_LISTENED, "TIMESTAMP") VALUES (45, 20, 259, '2025-12-01 01:57:22');
INSERT INTO LISTENS (USER_ID, SONG_ID, DURATION_LISTENED, "TIMESTAMP") VALUES (49, 192, 217, '2025-12-01 01:54:04');
INSERT INTO LISTENS (USER_ID, SONG_ID, DURATION_LISTENED, "TIMESTAMP") VALUES (32, 147, 188, '2025-12-01 01:57:08');
INSERT INTO LISTENS (USER_ID, SONG_ID, DURATION_LISTENED, "TIMESTAMP") VALUES (16, 188, 30, '2025-12-01 01:59:34');
INSERT INTO LISTENS (USER_ID, SONG_ID, DURATION_LISTENED, "TIMESTAMP") VALUES (36, 79, 244, '2025-12-01 01:54:29');
INSERT INTO LISTENS (USER_ID, SONG_ID, DURATION_LISTENED, "TIMESTAMP") VALUES (17, 150, 220, '2025-12-01 01:54:33');
INSERT INTO LISTENS (USER_ID, SONG_ID, DURATION_LISTENED, "TIMESTAMP") VALUES (19, 17, 217, '2025-12-01 01:59:05');
INSERT INTO LISTENS (USER_ID, SONG_ID, DURATION_LISTENED, "TIMESTAMP") VALUES (45, 182, 127, '2025-12-01 01:55:47');
INSERT INTO LISTENS (USER_ID, SONG_ID, DURATION_LISTENED, "TIMESTAMP") VALUES (9, 16, 268, '2025-12-01 01:59:42');
INSERT INTO LISTENS (USER_ID, SONG_ID, DURATION_LISTENED, "TIMESTAMP") VALUES (3, 219, 94, '2025-12-01 01:59:04');
INSERT INTO LISTENS (USER_ID, SONG_ID, DURATION_LISTENED, "TIMESTAMP") VALUES (36, 239, 177, '2025-12-01 01:56:39');
INSERT INTO LISTENS (USER_ID, SONG_ID, DURATION_LISTENED, "TIMESTAMP") VALUES (22, 90, 227, '2025-12-01 01:55:30');
INSERT INTO LISTENS (USER_ID, SONG_ID, DURATION_LISTENED, "TIMESTAMP") VALUES (40, 67, 79, '2025-12-01 01:55:04');
INSERT INTO LISTENS (USER_ID, SONG_ID, DURATION_LISTENED, "TIMESTAMP") VALUES (13, 230, 23, '2025-12-01 01:59:38');
INSERT INTO LISTENS (USER_ID, SONG_ID, DURATION_LISTENED, "TIMESTAMP") VALUES (16, 111, 180, '2025-12-01 01:56:07');
INSERT INTO LISTENS (USER_ID, SONG_ID, DURATION_LISTENED, "TIMESTAMP") VALUES (32, 19, 88, '2025-12-01 01:59:16');
INSERT INTO LISTENS (USER_ID, SONG_ID, DURATION_LISTENED, "TIMESTAMP") VALUES (37, 109, 46, '2025-12-01 01:59:23');
INSERT INTO LISTENS (USER_ID, SONG_ID, DURATION_LISTENED, "TIMESTAMP") VALUES (46, 78, 195, '2025-12-01 01:54:55');
INSERT INTO LISTENS (USER_ID, SONG_ID, DURATION_LISTENED, "TIMESTAMP") VALUES (30, 129, 177, '2025-12-01 01:57:08');
INSERT INTO LISTENS (USER_ID, SONG_ID, DURATION_LISTENED, "TIMESTAMP") VALUES (12, 199, 275, '2025-12-01 01:58:24');
INSERT INTO LISTENS (USER_ID, SONG_ID, DURATION_LISTENED, "TIMESTAMP") VALUES (22, 152, 159, '2025-12-01 01:56:34');
INSERT INTO LISTENS (USER_ID, SONG_ID, DURATION_LISTENED, "TIMESTAMP") VALUES (40, 254, 115, '2025-12-01 01:58:16');
INSERT INTO LISTENS (USER_ID, SONG_ID, DURATION_LISTENED, "TIMESTAMP") VALUES (8, 254, 39, '2025-12-01 01:56:59');
INSERT INTO LISTENS (USER_ID, SONG_ID, DURATION_LISTENED, "TIMESTAMP") VALUES (41, 246, 196, '2025-12-01 01:54:10');
INSERT INTO LISTENS (USER_ID, SONG_ID, DURATION_LISTENED, "TIMESTAMP") VALUES (12, 25, 166, '2025-12-01 01:57:20');
INSERT INTO LISTENS (USER_ID, SONG_ID, DURATION_LISTENED, "TIMESTAMP") VALUES (46, 199, 183, '2025-12-01 01:56:38');
INSERT INTO LISTENS (USER_ID, SONG_ID, DURATION_LISTENED, "TIMESTAMP") VALUES (22, 186, 46, '2025-12-01 01:58:56');
INSERT INTO LISTENS (USER_ID, SONG_ID, DURATION_LISTENED, "TIMESTAMP") VALUES (46, 241, 182, '2025-12-01 01:59:42');
INSERT INTO LISTENS (USER_ID, SONG_ID, DURATION_LISTENED, "TIMESTAMP") VALUES (24, 22, 89, '2025-12-01 01:58:49');
INSERT INTO LISTENS (USER_ID, SONG_ID, DURATION_LISTENED, "TIMESTAMP") VALUES (24, 211, 13, '2025-12-01 01:53:49');
INSERT INTO LISTENS (USER_ID, SONG_ID, DURATION_LISTENED, "TIMESTAMP") VALUES (16, 25, 54, '2025-12-01 01:57:28');
INSERT INTO LISTENS (USER_ID, SONG_ID, DURATION_LISTENED, "TIMESTAMP") VALUES (10, 136, 118, '2025-12-01 01:54:44');
INSERT INTO LISTENS (USER_ID, SONG_ID, DURATION_LISTENED, "TIMESTAMP") VALUES (8, 49, 299, '2025-12-01 01:56:26');
INSERT INTO LISTENS (USER_ID, SONG_ID, DURATION_LISTENED, "TIMESTAMP") VALUES (28, 186, 169, '2025-12-01 01:55:12');
INSERT INTO LISTENS (USER_ID, SONG_ID, DURATION_LISTENED, "TIMESTAMP") VALUES (43, 45, 135, '2025-12-01 01:55:12');
INSERT INTO LISTENS (USER_ID, SONG_ID, DURATION_LISTENED, "TIMESTAMP") VALUES (9, 158, 287, '2025-12-01 01:57:09');
INSERT INTO LISTENS (USER_ID, SONG_ID, DURATION_LISTENED, "TIMESTAMP") VALUES (38, 82, 200, '2025-12-01 01:58:58');
INSERT INTO LISTENS (USER_ID, SONG_ID, DURATION_LISTENED, "TIMESTAMP") VALUES (28, 240, 262, '2025-12-01 01:57:38');
INSERT INTO LISTENS (USER_ID, SONG_ID, DURATION_LISTENED, "TIMESTAMP") VALUES (26, 247, 160, '2025-12-01 01:56:50');
INSERT INTO LISTENS (USER_ID, SONG_ID, DURATION_LISTENED, "TIMESTAMP") VALUES (26, 3, 162, '2025-12-01 01:58:55');
INSERT INTO LISTENS (USER_ID, SONG_ID, DURATION_LISTENED, "TIMESTAMP") VALUES (45, 139, 180, '2025-12-01 01:58:48');
INSERT INTO LISTENS (USER_ID, SONG_ID, DURATION_LISTENED, "TIMESTAMP") VALUES (39, 14, 164, '2025-12-01 01:53:59');
INSERT INTO LISTENS (USER_ID, SONG_ID, DURATION_LISTENED, "TIMESTAMP") VALUES (26, 216, 144, '2025-12-01 01:57:33');
INSERT INTO LISTENS (USER_ID, SONG_ID, DURATION_LISTENED, "TIMESTAMP") VALUES (28, 34, 155, '2025-12-01 01:56:13');
INSERT INTO LISTENS (USER_ID, SONG_ID, DURATION_LISTENED, "TIMESTAMP") VALUES (26, 51, 297, '2025-12-01 01:59:11');
INSERT INTO LISTENS (USER_ID, SONG_ID, DURATION_LISTENED, "TIMESTAMP") VALUES (28, 212, 168, '2025-12-01 01:56:39');
INSERT INTO LISTENS (USER_ID, SONG_ID, DURATION_LISTENED, "TIMESTAMP") VALUES (41, 216, 182, '2025-12-01 01:59:25');
INSERT INTO LISTENS (USER_ID, SONG_ID, DURATION_LISTENED, "TIMESTAMP") VALUES (26, 152, 77, '2025-12-01 01:55:58');
INSERT INTO LISTENS (USER_ID, SONG_ID, DURATION_LISTENED, "TIMESTAMP") VALUES (34, 28, 219, '2025-12-01 01:55:38');
INSERT INTO LISTENS (USER_ID, SONG_ID, DURATION_LISTENED, "TIMESTAMP") VALUES (9, 13, 136, '2025-12-01 01:56:34');
INSERT INTO LISTENS (USER_ID, SONG_ID, DURATION_LISTENED, "TIMESTAMP") VALUES (47, 99, 19, '2025-12-01 01:58:07');
INSERT INTO LISTENS (USER_ID, SONG_ID, DURATION_LISTENED, "TIMESTAMP") VALUES (16, 163, 42, '2025-12-01 01:57:21');
INSERT INTO LISTENS (USER_ID, SONG_ID, DURATION_LISTENED, "TIMESTAMP") VALUES (37, 241, 45, '2025-12-01 01:58:59');
INSERT INTO LISTENS (USER_ID, SONG_ID, DURATION_LISTENED, "TIMESTAMP") VALUES (17, 83, 58, '2025-12-01 01:56:17');
INSERT INTO LISTENS (USER_ID, SONG_ID, DURATION_LISTENED, "TIMESTAMP") VALUES (2, 125, 48, '2025-12-01 01:55:13');
INSERT INTO LISTENS (USER_ID, SONG_ID, DURATION_LISTENED, "TIMESTAMP") VALUES (28, 133, 27, '2025-12-01 01:55:56');
INSERT INTO LISTENS (USER_ID, SONG_ID, DURATION_LISTENED, "TIMESTAMP") VALUES (27, 112, 42, '2025-12-01 01:56:37');
INSERT INTO LISTENS (USER_ID, SONG_ID, DURATION_LISTENED, "TIMESTAMP") VALUES (40, 219, 127, '2025-12-01 01:58:45');
INSERT INTO LISTENS (USER_ID, SONG_ID, DURATION_LISTENED, "TIMESTAMP") VALUES (17, 6, 150, '2025-12-01 01:54:43');
INSERT INTO LISTENS (USER_ID, SONG_ID, DURATION_LISTENED, "TIMESTAMP") VALUES (40, 170, 253, '2025-12-01 01:59:00');
INSERT INTO LISTENS (USER_ID, SONG_ID, DURATION_LISTENED, "TIMESTAMP") VALUES (26, 259, 11, '2025-12-01 01:54:49');
INSERT INTO LISTENS (USER_ID, SONG_ID, DURATION_LISTENED, "TIMESTAMP") VALUES (21, 58, 31, '2025-12-01 01:57:53');
INSERT INTO LISTENS (USER_ID, SONG_ID, DURATION_LISTENED, "TIMESTAMP") VALUES (15, 73, 19, '2025-12-01 01:54:25');
INSERT INTO LISTENS (USER_ID, SONG_ID, DURATION_LISTENED, "TIMESTAMP") VALUES (24, 108, 247, '2025-12-01 01:55:24');
INSERT INTO LISTENS (USER_ID, SONG_ID, DURATION_LISTENED, "TIMESTAMP") VALUES (7, 67, 97, '2025-12-01 01:55:48');
INSERT INTO LISTENS (USER_ID, SONG_ID, DURATION_LISTENED, "TIMESTAMP") VALUES (13, 45, 82, '2025-12-01 01:58:06');
INSERT INTO LISTENS (USER_ID, SONG_ID, DURATION_LISTENED, "TIMESTAMP") VALUES (34, 164, 270, '2025-12-01 01:57:20');
INSERT INTO LISTENS (USER_ID, SONG_ID, DURATION_LISTENED, "TIMESTAMP") VALUES (20, 95, 236, '2025-12-01 01:56:21');
INSERT INTO LISTENS (USER_ID, SONG_ID, DURATION_LISTENED, "TIMESTAMP") VALUES (23, 188, 157, '2025-12-01 01:58:00');
INSERT INTO LISTENS (USER_ID, SONG_ID, DURATION_LISTENED, "TIMESTAMP") VALUES (30, 9, 236, '2025-12-01 01:57:03');
INSERT INTO LISTENS (USER_ID, SONG_ID, DURATION_LISTENED, "TIMESTAMP") VALUES (1, 231, 37, '2025-12-01 01:56:49');
INSERT INTO LISTENS (USER_ID, SONG_ID, DURATION_LISTENED, "TIMESTAMP") VALUES (5, 188, 92, '2025-12-01 01:54:21');
INSERT INTO LISTENS (USER_ID, SONG_ID, DURATION_LISTENED, "TIMESTAMP") VALUES (2, 255, 193, '2025-12-01 01:56:55');
INSERT INTO LISTENS (USER_ID, SONG_ID, DURATION_LISTENED, "TIMESTAMP") VALUES (44, 29, 282, '2025-12-01 01:56:15');
INSERT INTO LISTENS (USER_ID, SONG_ID, DURATION_LISTENED, "TIMESTAMP") VALUES (39, 1, 89, '2025-12-01 01:56:38');
INSERT INTO LISTENS (USER_ID, SONG_ID, DURATION_LISTENED, "TIMESTAMP") VALUES (16, 156, 297, '2025-12-01 01:58:47');
INSERT INTO LISTENS (USER_ID, SONG_ID, DURATION_LISTENED, "TIMESTAMP") VALUES (14, 109, 253, '2025-12-01 01:55:33');
INSERT INTO LISTENS (USER_ID, SONG_ID, DURATION_LISTENED, "TIMESTAMP") VALUES (30, 64, 189, '2025-12-01 01:57:43');
INSERT INTO LISTENS (USER_ID, SONG_ID, DURATION_LISTENED, "TIMESTAMP") VALUES (30, 103, 266, '2025-12-01 01:55:42');
INSERT INTO LISTENS (USER_ID, SONG_ID, DURATION_LISTENED, "TIMESTAMP") VALUES (50, 244, 229, '2025-12-01 01:58:47');
INSERT INTO LISTENS (USER_ID, SONG_ID, DURATION_LISTENED, "TIMESTAMP") VALUES (17, 50, 275, '2025-12-01 01:58:29');
INSERT INTO LISTENS (USER_ID, SONG_ID, DURATION_LISTENED, "TIMESTAMP") VALUES (19, 82, 65, '2025-12-01 01:56:14');
INSERT INTO LISTENS (USER_ID, SONG_ID, DURATION_LISTENED, "TIMESTAMP") VALUES (36, 213, 114, '2025-12-01 01:58:28');
INSERT INTO LISTENS (USER_ID, SONG_ID, DURATION_LISTENED, "TIMESTAMP") VALUES (5, 14, 275, '2025-12-01 01:56:39');
INSERT INTO LISTENS (USER_ID, SONG_ID, DURATION_LISTENED, "TIMESTAMP") VALUES (30, 102, 262, '2025-12-01 01:54:45');
INSERT INTO LISTENS (USER_ID, SONG_ID, DURATION_LISTENED, "TIMESTAMP") VALUES (14, 215, 154, '2025-12-01 01:58:13');
INSERT INTO LISTENS (USER_ID, SONG_ID, DURATION_LISTENED, "TIMESTAMP") VALUES (46, 195, 233, '2025-12-01 01:58:36');
INSERT INTO LISTENS (USER_ID, SONG_ID, DURATION_LISTENED, "TIMESTAMP") VALUES (34, 168, 271, '2025-12-01 01:58:31');
INSERT INTO LISTENS (USER_ID, SONG_ID, DURATION_LISTENED, "TIMESTAMP") VALUES (44, 128, 118, '2025-12-01 01:59:18');
INSERT INTO LISTENS (USER_ID, SONG_ID, DURATION_LISTENED, "TIMESTAMP") VALUES (18, 25, 56, '2025-12-01 01:58:02');
INSERT INTO LISTENS (USER_ID, SONG_ID, DURATION_LISTENED, "TIMESTAMP") VALUES (3, 121, 123, '2025-12-01 01:59:13');
INSERT INTO LISTENS (USER_ID, SONG_ID, DURATION_LISTENED, "TIMESTAMP") VALUES (48, 172, 163, '2025-12-01 01:57:11');
INSERT INTO LISTENS (USER_ID, SONG_ID, DURATION_LISTENED, "TIMESTAMP") VALUES (9, 233, 280, '2025-12-01 01:55:49');
INSERT INTO LISTENS (USER_ID, SONG_ID, DURATION_LISTENED, "TIMESTAMP") VALUES (19, 153, 92, '2025-12-01 01:56:20');
INSERT INTO LISTENS (USER_ID, SONG_ID, DURATION_LISTENED, "TIMESTAMP") VALUES (5, 126, 249, '2025-12-01 01:59:05');
INSERT INTO LISTENS (USER_ID, SONG_ID, DURATION_LISTENED, "TIMESTAMP") VALUES (43, 29, 25, '2025-12-01 01:57:23');
INSERT INTO LISTENS (USER_ID, SONG_ID, DURATION_LISTENED, "TIMESTAMP") VALUES (11, 83, 111, '2025-12-01 01:53:56');
INSERT INTO LISTENS (USER_ID, SONG_ID, DURATION_LISTENED, "TIMESTAMP") VALUES (17, 9, 52, '2025-12-01 01:59:03');
INSERT INTO LISTENS (USER_ID, SONG_ID, DURATION_LISTENED, "TIMESTAMP") VALUES (40, 181, 155, '2025-12-01 01:53:50');
INSERT INTO LISTENS (USER_ID, SONG_ID, DURATION_LISTENED, "TIMESTAMP") VALUES (31, 192, 52, '2025-12-01 01:54:49');
INSERT INTO LISTENS (USER_ID, SONG_ID, DURATION_LISTENED, "TIMESTAMP") VALUES (11, 18, 170, '2025-12-01 01:53:43');
INSERT INTO LISTENS (USER_ID, SONG_ID, DURATION_LISTENED, "TIMESTAMP") VALUES (1, 24, 73, '2025-12-01 01:58:00');
INSERT INTO LISTENS (USER_ID, SONG_ID, DURATION_LISTENED, "TIMESTAMP") VALUES (14, 154, 69, '2025-12-01 01:55:57');
INSERT INTO LISTENS (USER_ID, SONG_ID, DURATION_LISTENED, "TIMESTAMP") VALUES (40, 33, 207, '2025-12-01 01:55:08');
INSERT INTO LISTENS (USER_ID, SONG_ID, DURATION_LISTENED, "TIMESTAMP") VALUES (43, 47, 124, '2025-12-01 01:59:29');
INSERT INTO LISTENS (USER_ID, SONG_ID, DURATION_LISTENED, "TIMESTAMP") VALUES (25, 238, 40, '2025-12-01 01:59:13');
INSERT INTO LISTENS (USER_ID, SONG_ID, DURATION_LISTENED, "TIMESTAMP") VALUES (40, 134, 96, '2025-12-01 01:58:58');
INSERT INTO LISTENS (USER_ID, SONG_ID, DURATION_LISTENED, "TIMESTAMP") VALUES (8, 206, 91, '2025-12-01 01:54:20');
INSERT INTO LISTENS (USER_ID, SONG_ID, DURATION_LISTENED, "TIMESTAMP") VALUES (7, 109, 199, '2025-12-01 01:54:36');
INSERT INTO LISTENS (USER_ID, SONG_ID, DURATION_LISTENED, "TIMESTAMP") VALUES (29, 40, 176, '2025-12-01 01:54:47');
INSERT INTO LISTENS (USER_ID, SONG_ID, DURATION_LISTENED, "TIMESTAMP") VALUES (13, 179, 59, '2025-12-01 01:58:38');
INSERT INTO LISTENS (USER_ID, SONG_ID, DURATION_LISTENED, "TIMESTAMP") VALUES (36, 263, 205, '2025-12-01 01:54:29');
INSERT INTO LISTENS (USER_ID, SONG_ID, DURATION_LISTENED, "TIMESTAMP") VALUES (23, 231, 288, '2025-12-01 01:55:08');
INSERT INTO LISTENS (USER_ID, SONG_ID, DURATION_LISTENED, "TIMESTAMP") VALUES (19, 161, 61, '2025-12-01 01:57:18');
INSERT INTO LISTENS (USER_ID, SONG_ID, DURATION_LISTENED, "TIMESTAMP") VALUES (43, 93, 293, '2025-12-01 01:55:44');
INSERT INTO LISTENS (USER_ID, SONG_ID, DURATION_LISTENED, "TIMESTAMP") VALUES (6, 222, 48, '2025-12-01 01:57:34');
INSERT INTO LISTENS (USER_ID, SONG_ID, DURATION_LISTENED, "TIMESTAMP") VALUES (23, 70, 194, '2025-12-01 01:59:38');
INSERT INTO LISTENS (USER_ID, SONG_ID, DURATION_LISTENED, "TIMESTAMP") VALUES (3, 42, 135, '2025-12-01 01:57:48');
INSERT INTO LISTENS (USER_ID, SONG_ID, DURATION_LISTENED, "TIMESTAMP") VALUES (48, 165, 288, '2025-12-01 01:58:51');
INSERT INTO LISTENS (USER_ID, SONG_ID, DURATION_LISTENED, "TIMESTAMP") VALUES (37, 70, 175, '2025-12-01 01:55:51');
INSERT INTO LISTENS (USER_ID, SONG_ID, DURATION_LISTENED, "TIMESTAMP") VALUES (29, 30, 120, '2025-12-01 01:54:27');
INSERT INTO LISTENS (USER_ID, SONG_ID, DURATION_LISTENED, "TIMESTAMP") VALUES (31, 76, 221, '2025-12-01 01:57:49');
INSERT INTO LISTENS (USER_ID, SONG_ID, DURATION_LISTENED, "TIMESTAMP") VALUES (13, 113, 18, '2025-12-01 01:54:37');
INSERT INTO LISTENS (USER_ID, SONG_ID, DURATION_LISTENED, "TIMESTAMP") VALUES (9, 235, 142, '2025-12-01 01:57:13');
INSERT INTO LISTENS (USER_ID, SONG_ID, DURATION_LISTENED, "TIMESTAMP") VALUES (49, 59, 243, '2025-12-01 01:59:26');
INSERT INTO LISTENS (USER_ID, SONG_ID, DURATION_LISTENED, "TIMESTAMP") VALUES (5, 96, 260, '2025-12-01 01:56:53');
INSERT INTO LISTENS (USER_ID, SONG_ID, DURATION_LISTENED, "TIMESTAMP") VALUES (30, 203, 78, '2025-12-01 01:58:30');
INSERT INTO LISTENS (USER_ID, SONG_ID, DURATION_LISTENED, "TIMESTAMP") VALUES (33, 6, 170, '2025-12-01 01:54:18');
INSERT INTO LISTENS (USER_ID, SONG_ID, DURATION_LISTENED, "TIMESTAMP") VALUES (29, 116, 207, '2025-12-01 01:56:00');
INSERT INTO LISTENS (USER_ID, SONG_ID, DURATION_LISTENED, "TIMESTAMP") VALUES (30, 106, 248, '2025-12-01 01:54:54');
INSERT INTO LISTENS (USER_ID, SONG_ID, DURATION_LISTENED, "TIMESTAMP") VALUES (12, 69, 46, '2025-12-01 01:57:23');
INSERT INTO LISTENS (USER_ID, SONG_ID, DURATION_LISTENED, "TIMESTAMP") VALUES (37, 86, 62, '2025-12-01 01:57:33');
INSERT INTO LISTENS (USER_ID, SONG_ID, DURATION_LISTENED, "TIMESTAMP") VALUES (17, 117, 251, '2025-12-01 01:55:18');
INSERT INTO LISTENS (USER_ID, SONG_ID, DURATION_LISTENED, "TIMESTAMP") VALUES (22, 238, 21, '2025-12-01 01:57:43');
INSERT INTO LISTENS (USER_ID, SONG_ID, DURATION_LISTENED, "TIMESTAMP") VALUES (36, 23, 168, '2025-12-01 01:54:54');
INSERT INTO LISTENS (USER_ID, SONG_ID, DURATION_LISTENED, "TIMESTAMP") VALUES (49, 33, 136, '2025-12-01 01:56:20');
INSERT INTO LISTENS (USER_ID, SONG_ID, DURATION_LISTENED, "TIMESTAMP") VALUES (15, 63, 229, '2025-12-01 01:54:46');
INSERT INTO LISTENS (USER_ID, SONG_ID, DURATION_LISTENED, "TIMESTAMP") VALUES (36, 5, 263, '2025-12-01 01:54:55');
INSERT INTO LISTENS (USER_ID, SONG_ID, DURATION_LISTENED, "TIMESTAMP") VALUES (28, 192, 292, '2025-12-01 01:58:29');
INSERT INTO LISTENS (USER_ID, SONG_ID, DURATION_LISTENED, "TIMESTAMP") VALUES (25, 156, 60, '2025-12-01 01:54:13');
INSERT INTO LISTENS (USER_ID, SONG_ID, DURATION_LISTENED, "TIMESTAMP") VALUES (4, 27, 145, '2025-12-01 01:58:49');
INSERT INTO LISTENS (USER_ID, SONG_ID, DURATION_LISTENED, "TIMESTAMP") VALUES (46, 224, 256, '2025-12-01 01:58:54');
INSERT INTO LISTENS (USER_ID, SONG_ID, DURATION_LISTENED, "TIMESTAMP") VALUES (34, 92, 40, '2025-12-01 01:54:11');
INSERT INTO LISTENS (USER_ID, SONG_ID, DURATION_LISTENED, "TIMESTAMP") VALUES (45, 49, 139, '2025-12-01 01:56:21');
INSERT INTO LISTENS (USER_ID, SONG_ID, DURATION_LISTENED, "TIMESTAMP") VALUES (48, 223, 219, '2025-12-01 01:58:42');
INSERT INTO LISTENS (USER_ID, SONG_ID, DURATION_LISTENED, "TIMESTAMP") VALUES (48, 45, 94, '2025-12-01 01:57:30');
INSERT INTO LISTENS (USER_ID, SONG_ID, DURATION_LISTENED, "TIMESTAMP") VALUES (25, 3, 84, '2025-12-01 01:56:49');
INSERT INTO LISTENS (USER_ID, SONG_ID, DURATION_LISTENED, "TIMESTAMP") VALUES (16, 71, 47, '2025-12-01 01:57:04');
INSERT INTO LISTENS (USER_ID, SONG_ID, DURATION_LISTENED, "TIMESTAMP") VALUES (9, 170, 177, '2025-12-01 01:55:11');
INSERT INTO LISTENS (USER_ID, SONG_ID, DURATION_LISTENED, "TIMESTAMP") VALUES (2, 237, 159, '2025-12-01 01:55:59');
INSERT INTO LISTENS (USER_ID, SONG_ID, DURATION_LISTENED, "TIMESTAMP") VALUES (50, 33, 205, '2025-12-01 01:57:29');
INSERT INTO LISTENS (USER_ID, SONG_ID, DURATION_LISTENED, "TIMESTAMP") VALUES (2, 216, 79, '2025-12-01 01:58:42');
INSERT INTO LISTENS (USER_ID, SONG_ID, DURATION_LISTENED, "TIMESTAMP") VALUES (18, 154, 233, '2025-12-01 01:54:47');
INSERT INTO LISTENS (USER_ID, SONG_ID, DURATION_LISTENED, "TIMESTAMP") VALUES (32, 211, 195, '2025-12-01 01:54:32');
INSERT INTO LISTENS (USER_ID, SONG_ID, DURATION_LISTENED, "TIMESTAMP") VALUES (27, 133, 127, '2025-12-01 01:59:15');
INSERT INTO LISTENS (USER_ID, SONG_ID, DURATION_LISTENED, "TIMESTAMP") VALUES (45, 66, 26, '2025-12-01 01:58:18');
INSERT INTO LISTENS (USER_ID, SONG_ID, DURATION_LISTENED, "TIMESTAMP") VALUES (16, 103, 66, '2025-12-01 01:58:11');
INSERT INTO LISTENS (USER_ID, SONG_ID, DURATION_LISTENED, "TIMESTAMP") VALUES (48, 139, 41, '2025-12-01 01:58:35');
INSERT INTO LISTENS (USER_ID, SONG_ID, DURATION_LISTENED, "TIMESTAMP") VALUES (23, 184, 263, '2025-12-01 01:58:47');
INSERT INTO LISTENS (USER_ID, SONG_ID, DURATION_LISTENED, "TIMESTAMP") VALUES (3, 145, 178, '2025-12-01 01:56:21');
INSERT INTO LISTENS (USER_ID, SONG_ID, DURATION_LISTENED, "TIMESTAMP") VALUES (39, 219, 295, '2025-12-01 01:56:23');
INSERT INTO LISTENS (USER_ID, SONG_ID, DURATION_LISTENED, "TIMESTAMP") VALUES (32, 40, 187, '2025-12-01 01:56:47');
INSERT INTO LISTENS (USER_ID, SONG_ID, DURATION_LISTENED, "TIMESTAMP") VALUES (16, 28, 110, '2025-12-01 01:54:46');
INSERT INTO LISTENS (USER_ID, SONG_ID, DURATION_LISTENED, "TIMESTAMP") VALUES (23, 214, 215, '2025-12-01 01:57:19');
INSERT INTO LISTENS (USER_ID, SONG_ID, DURATION_LISTENED, "TIMESTAMP") VALUES (14, 78, 227, '2025-12-01 01:56:49');
INSERT INTO LISTENS (USER_ID, SONG_ID, DURATION_LISTENED, "TIMESTAMP") VALUES (23, 9, 214, '2025-12-01 01:56:47');
INSERT INTO LISTENS (USER_ID, SONG_ID, DURATION_LISTENED, "TIMESTAMP") VALUES (15, 3, 251, '2025-12-01 01:59:14');
INSERT INTO LISTENS (USER_ID, SONG_ID, DURATION_LISTENED, "TIMESTAMP") VALUES (38, 211, 270, '2025-12-01 01:55:37');
INSERT INTO LISTENS (USER_ID, SONG_ID, DURATION_LISTENED, "TIMESTAMP") VALUES (16, 70, 211, '2025-12-01 01:56:25');
INSERT INTO LISTENS (USER_ID, SONG_ID, DURATION_LISTENED, "TIMESTAMP") VALUES (1, 127, 158, '2025-12-01 01:53:53');
INSERT INTO LISTENS (USER_ID, SONG_ID, DURATION_LISTENED, "TIMESTAMP") VALUES (18, 149, 215, '2025-12-01 01:56:04');
INSERT INTO LISTENS (USER_ID, SONG_ID, DURATION_LISTENED, "TIMESTAMP") VALUES (40, 78, 183, '2025-12-01 01:59:27');
INSERT INTO LISTENS (USER_ID, SONG_ID, DURATION_LISTENED, "TIMESTAMP") VALUES (30, 42, 38, '2025-12-01 01:58:52');
INSERT INTO LISTENS (USER_ID, SONG_ID, DURATION_LISTENED, "TIMESTAMP") VALUES (11, 51, 92, '2025-12-01 01:57:53');
INSERT INTO LISTENS (USER_ID, SONG_ID, DURATION_LISTENED, "TIMESTAMP") VALUES (16, 167, 219, '2025-12-01 01:57:55');
INSERT INTO LISTENS (USER_ID, SONG_ID, DURATION_LISTENED, "TIMESTAMP") VALUES (39, 27, 17, '2025-12-01 01:55:58');
INSERT INTO LISTENS (USER_ID, SONG_ID, DURATION_LISTENED, "TIMESTAMP") VALUES (42, 195, 266, '2025-12-01 01:57:35');
INSERT INTO LISTENS (USER_ID, SONG_ID, DURATION_LISTENED, "TIMESTAMP") VALUES (8, 167, 65, '2025-12-01 01:59:27');
INSERT INTO LISTENS (USER_ID, SONG_ID, DURATION_LISTENED, "TIMESTAMP") VALUES (39, 181, 107, '2025-12-01 01:55:01');
INSERT INTO LISTENS (USER_ID, SONG_ID, DURATION_LISTENED, "TIMESTAMP") VALUES (21, 110, 159, '2025-12-01 01:55:02');
INSERT INTO LISTENS (USER_ID, SONG_ID, DURATION_LISTENED, "TIMESTAMP") VALUES (31, 51, 73, '2025-12-01 01:57:44');
INSERT INTO LISTENS (USER_ID, SONG_ID, DURATION_LISTENED, "TIMESTAMP") VALUES (14, 14, 12, '2025-12-01 01:57:05');
INSERT INTO LISTENS (USER_ID, SONG_ID, DURATION_LISTENED, "TIMESTAMP") VALUES (43, 213, 43, '2025-12-01 01:56:29');
INSERT INTO LISTENS (USER_ID, SONG_ID, DURATION_LISTENED, "TIMESTAMP") VALUES (35, 116, 183, '2025-12-01 01:55:15');
INSERT INTO LISTENS (USER_ID, SONG_ID, DURATION_LISTENED, "TIMESTAMP") VALUES (42, 2, 224, '2025-12-01 01:56:25');
INSERT INTO LISTENS (USER_ID, SONG_ID, DURATION_LISTENED, "TIMESTAMP") VALUES (20, 90, 192, '2025-12-01 01:56:35');
INSERT INTO LISTENS (USER_ID, SONG_ID, DURATION_LISTENED, "TIMESTAMP") VALUES (47, 51, 253, '2025-12-01 01:54:14');
INSERT INTO LISTENS (USER_ID, SONG_ID, DURATION_LISTENED, "TIMESTAMP") VALUES (23, 24, 168, '2025-12-01 01:53:45');
INSERT INTO LISTENS (USER_ID, SONG_ID, DURATION_LISTENED, "TIMESTAMP") VALUES (7, 45, 157, '2025-12-01 01:54:51');
INSERT INTO LISTENS (USER_ID, SONG_ID, DURATION_LISTENED, "TIMESTAMP") VALUES (5, 58, 289, '2025-12-01 01:58:29');
INSERT INTO LISTENS (USER_ID, SONG_ID, DURATION_LISTENED, "TIMESTAMP") VALUES (8, 26, 164, '2025-12-01 01:57:30');
INSERT INTO LISTENS (USER_ID, SONG_ID, DURATION_LISTENED, "TIMESTAMP") VALUES (3, 61, 93, '2025-12-01 01:57:42');
INSERT INTO LISTENS (USER_ID, SONG_ID, DURATION_LISTENED, "TIMESTAMP") VALUES (14, 37, 53, '2025-12-01 01:56:23');
INSERT INTO LISTENS (USER_ID, SONG_ID, DURATION_LISTENED, "TIMESTAMP") VALUES (50, 172, 85, '2025-12-01 01:57:52');
INSERT INTO LISTENS (USER_ID, SONG_ID, DURATION_LISTENED, "TIMESTAMP") VALUES (18, 50, 170, '2025-12-01 01:54:11');
INSERT INTO LISTENS (USER_ID, SONG_ID, DURATION_LISTENED, "TIMESTAMP") VALUES (9, 66, 171, '2025-12-01 01:59:03');
INSERT INTO LISTENS (USER_ID, SONG_ID, DURATION_LISTENED, "TIMESTAMP") VALUES (35, 3, 65, '2025-12-01 01:56:58');
INSERT INTO LISTENS (USER_ID, SONG_ID, DURATION_LISTENED, "TIMESTAMP") VALUES (39, 177, 86, '2025-12-01 01:57:01');
INSERT INTO LISTENS (USER_ID, SONG_ID, DURATION_LISTENED, "TIMESTAMP") VALUES (39, 48, 174, '2025-12-01 01:57:56');
INSERT INTO LISTENS (USER_ID, SONG_ID, DURATION_LISTENED, "TIMESTAMP") VALUES (36, 146, 247, '2025-12-01 01:59:39');
INSERT INTO LISTENS (USER_ID, SONG_ID, DURATION_LISTENED, "TIMESTAMP") VALUES (23, 106, 166, '2025-12-01 01:57:50');
INSERT INTO LISTENS (USER_ID, SONG_ID, DURATION_LISTENED, "TIMESTAMP") VALUES (44, 136, 113, '2025-12-01 01:59:16');
INSERT INTO LISTENS (USER_ID, SONG_ID, DURATION_LISTENED, "TIMESTAMP") VALUES (17, 179, 264, '2025-12-01 01:55:06');
INSERT INTO LISTENS (USER_ID, SONG_ID, DURATION_LISTENED, "TIMESTAMP") VALUES (17, 235, 164, '2025-12-01 01:57:19');
INSERT INTO LISTENS (USER_ID, SONG_ID, DURATION_LISTENED, "TIMESTAMP") VALUES (22, 59, 264, '2025-12-01 01:59:19');
INSERT INTO LISTENS (USER_ID, SONG_ID, DURATION_LISTENED, "TIMESTAMP") VALUES (18, 70, 66, '2025-12-01 01:57:24');
INSERT INTO LISTENS (USER_ID, SONG_ID, DURATION_LISTENED, "TIMESTAMP") VALUES (12, 21, 240, '2025-12-01 01:55:00');
INSERT INTO LIKE_SONGS (USER_ID, SONG_ID) VALUES (1, 247) ON CONFLICT DO NOTHING;
INSERT INTO LIKE_SONGS (USER_ID, SONG_ID) VALUES (1, 5) ON CONFLICT DO NOTHING;
INSERT INTO LIKE_SONGS (USER_ID, SONG_ID) VALUES (1, 187) ON CONFLICT DO NOTHING;
INSERT INTO LIKE_SONGS (USER_ID, SONG_ID) VALUES (1, 53) ON CONFLICT DO NOTHING;
INSERT INTO LIKE_SONGS (USER_ID, SONG_ID) VALUES (1, 147) ON CONFLICT DO NOTHING;
INSERT INTO RATE_SONGS (USER_ID, SONG_ID, SONG_RATING) VALUES (1, 201, 92) ON CONFLICT DO NOTHING;
INSERT INTO RATE_SONGS (USER_ID, SONG_ID, SONG_RATING) VALUES (1, 156, 58) ON CONFLICT DO NOTHING;
INSERT INTO RATE_SONGS (USER_ID, SONG_ID, SONG_RATING) VALUES (1, 151, 6) ON CONFLICT DO NOTHING;
INSERT INTO LIKE_SONGS (USER_ID, SONG_ID) VALUES (2, 225) ON CONFLICT DO NOTHING;
INSERT INTO LIKE_SONGS (USER_ID, SONG_ID) VALUES (2, 103) ON CONFLICT DO NOTHING;
INSERT INTO LIKE_SONGS (USER_ID, SONG_ID) VALUES (2, 68) ON CONFLICT DO NOTHING;
INSERT INTO LIKE_SONGS (USER_ID, SONG_ID) VALUES (2, 257) ON CONFLICT DO NOTHING;
INSERT INTO LIKE_SONGS (USER_ID, SONG_ID) VALUES (2, 250) ON CONFLICT DO NOTHING;
INSERT INTO RATE_SONGS (USER_ID, SONG_ID, SONG_RATING) VALUES (2, 9, 55) ON CONFLICT DO NOTHING;
INSERT INTO RATE_SONGS (USER_ID, SONG_ID, SONG_RATING) VALUES (2, 182, 62) ON CONFLICT DO NOTHING;
INSERT INTO RATE_SONGS (USER_ID, SONG_ID, SONG_RATING) VALUES (2, 212, 7) ON CONFLICT DO NOTHING;
INSERT INTO LIKE_SONGS (USER_ID, SONG_ID) VALUES (3, 58) ON CONFLICT DO NOTHING;
INSERT INTO LIKE_SONGS (USER_ID, SONG_ID) VALUES (3, 218) ON CONFLICT DO NOTHING;
INSERT INTO LIKE_SONGS (USER_ID, SONG_ID) VALUES (3, 222) ON CONFLICT DO NOTHING;
INSERT INTO LIKE_SONGS (USER_ID, SONG_ID) VALUES (3, 25) ON CONFLICT DO NOTHING;
INSERT INTO LIKE_SONGS (USER_ID, SONG_ID) VALUES (3, 31) ON CONFLICT DO NOTHING;
INSERT INTO RATE_SONGS (USER_ID, SONG_ID, SONG_RATING) VALUES (3, 60, 13) ON CONFLICT DO NOTHING;
INSERT INTO RATE_SONGS (USER_ID, SONG_ID, SONG_RATING) VALUES (3, 196, 23) ON CONFLICT DO NOTHING;
INSERT INTO RATE_SONGS (USER_ID, SONG_ID, SONG_RATING) VALUES (3, 249, 33) ON CONFLICT DO NOTHING;
INSERT INTO LIKE_SONGS (USER_ID, SONG_ID) VALUES (4, 70) ON CONFLICT DO NOTHING;
INSERT INTO LIKE_SONGS (USER_ID, SONG_ID) VALUES (4, 195) ON CONFLICT DO NOTHING;
INSERT INTO LIKE_SONGS (USER_ID, SONG_ID) VALUES (4, 259) ON CONFLICT DO NOTHING;
INSERT INTO LIKE_SONGS (USER_ID, SONG_ID) VALUES (4, 254) ON CONFLICT DO NOTHING;
INSERT INTO LIKE_SONGS (USER_ID, SONG_ID) VALUES (4, 59) ON CONFLICT DO NOTHING;
INSERT INTO RATE_SONGS (USER_ID, SONG_ID, SONG_RATING) VALUES (4, 77, 67) ON CONFLICT DO NOTHING;
INSERT INTO RATE_SONGS (USER_ID, SONG_ID, SONG_RATING) VALUES (4, 189, 70) ON CONFLICT DO NOTHING;
INSERT INTO RATE_SONGS (USER_ID, SONG_ID, SONG_RATING) VALUES (4, 164, 44) ON CONFLICT DO NOTHING;
INSERT INTO LIKE_SONGS (USER_ID, SONG_ID) VALUES (5, 105) ON CONFLICT DO NOTHING;
INSERT INTO LIKE_SONGS (USER_ID, SONG_ID) VALUES (5, 120) ON CONFLICT DO NOTHING;
INSERT INTO LIKE_SONGS (USER_ID, SONG_ID) VALUES (5, 3) ON CONFLICT DO NOTHING;
INSERT INTO LIKE_SONGS (USER_ID, SONG_ID) VALUES (5, 28) ON CONFLICT DO NOTHING;
INSERT INTO LIKE_SONGS (USER_ID, SONG_ID) VALUES (5, 239) ON CONFLICT DO NOTHING;
INSERT INTO RATE_SONGS (USER_ID, SONG_ID, SONG_RATING) VALUES (5, 50, 32) ON CONFLICT DO NOTHING;
INSERT INTO RATE_SONGS (USER_ID, SONG_ID, SONG_RATING) VALUES (5, 125, 6) ON CONFLICT DO NOTHING;
INSERT INTO RATE_SONGS (USER_ID, SONG_ID, SONG_RATING) VALUES (5, 119, 75) ON CONFLICT DO NOTHING;
INSERT INTO LIKE_SONGS (USER_ID, SONG_ID) VALUES (6, 102) ON CONFLICT DO NOTHING;
INSERT INTO LIKE_SONGS (USER_ID, SONG_ID) VALUES (6, 76) ON CONFLICT DO NOTHING;
INSERT INTO LIKE_SONGS (USER_ID, SONG_ID) VALUES (6, 217) ON CONFLICT DO NOTHING;
INSERT INTO LIKE_SONGS (USER_ID, SONG_ID) VALUES (6, 95) ON CONFLICT DO NOTHING;
INSERT INTO LIKE_SONGS (USER_ID, SONG_ID) VALUES (6, 190) ON CONFLICT DO NOTHING;
INSERT INTO RATE_SONGS (USER_ID, SONG_ID, SONG_RATING) VALUES (6, 100, 98) ON CONFLICT DO NOTHING;
INSERT INTO RATE_SONGS (USER_ID, SONG_ID, SONG_RATING) VALUES (6, 103, 10) ON CONFLICT DO NOTHING;
INSERT INTO RATE_SONGS (USER_ID, SONG_ID, SONG_RATING) VALUES (6, 96, 13) ON CONFLICT DO NOTHING;
INSERT INTO LIKE_SONGS (USER_ID, SONG_ID) VALUES (7, 8) ON CONFLICT DO NOTHING;
INSERT INTO LIKE_SONGS (USER_ID, SONG_ID) VALUES (7, 134) ON CONFLICT DO NOTHING;
INSERT INTO LIKE_SONGS (USER_ID, SONG_ID) VALUES (7, 38) ON CONFLICT DO NOTHING;
INSERT INTO LIKE_SONGS (USER_ID, SONG_ID) VALUES (7, 198) ON CONFLICT DO NOTHING;
INSERT INTO LIKE_SONGS (USER_ID, SONG_ID) VALUES (7, 116) ON CONFLICT DO NOTHING;
INSERT INTO RATE_SONGS (USER_ID, SONG_ID, SONG_RATING) VALUES (7, 23, 99) ON CONFLICT DO NOTHING;
INSERT INTO RATE_SONGS (USER_ID, SONG_ID, SONG_RATING) VALUES (7, 214, 29) ON CONFLICT DO NOTHING;
INSERT INTO RATE_SONGS (USER_ID, SONG_ID, SONG_RATING) VALUES (7, 252, 95) ON CONFLICT DO NOTHING;
INSERT INTO LIKE_SONGS (USER_ID, SONG_ID) VALUES (8, 39) ON CONFLICT DO NOTHING;
INSERT INTO LIKE_SONGS (USER_ID, SONG_ID) VALUES (8, 35) ON CONFLICT DO NOTHING;
INSERT INTO LIKE_SONGS (USER_ID, SONG_ID) VALUES (8, 66) ON CONFLICT DO NOTHING;
INSERT INTO LIKE_SONGS (USER_ID, SONG_ID) VALUES (8, 60) ON CONFLICT DO NOTHING;
INSERT INTO LIKE_SONGS (USER_ID, SONG_ID) VALUES (8, 6) ON CONFLICT DO NOTHING;
INSERT INTO RATE_SONGS (USER_ID, SONG_ID, SONG_RATING) VALUES (8, 69, 30) ON CONFLICT DO NOTHING;
INSERT INTO RATE_SONGS (USER_ID, SONG_ID, SONG_RATING) VALUES (8, 253, 51) ON CONFLICT DO NOTHING;
INSERT INTO RATE_SONGS (USER_ID, SONG_ID, SONG_RATING) VALUES (8, 62, 47) ON CONFLICT DO NOTHING;
INSERT INTO LIKE_SONGS (USER_ID, SONG_ID) VALUES (9, 121) ON CONFLICT DO NOTHING;
INSERT INTO LIKE_SONGS (USER_ID, SONG_ID) VALUES (9, 192) ON CONFLICT DO NOTHING;
INSERT INTO LIKE_SONGS (USER_ID, SONG_ID) VALUES (9, 124) ON CONFLICT DO NOTHING;
INSERT INTO LIKE_SONGS (USER_ID, SONG_ID) VALUES (9, 42) ON CONFLICT DO NOTHING;
INSERT INTO LIKE_SONGS (USER_ID, SONG_ID) VALUES (9, 110) ON CONFLICT DO NOTHING;
INSERT INTO RATE_SONGS (USER_ID, SONG_ID, SONG_RATING) VALUES (9, 252, 74) ON CONFLICT DO NOTHING;
INSERT INTO RATE_SONGS (USER_ID, SONG_ID, SONG_RATING) VALUES (9, 35, 11) ON CONFLICT DO NOTHING;
INSERT INTO RATE_SONGS (USER_ID, SONG_ID, SONG_RATING) VALUES (9, 122, 96) ON CONFLICT DO NOTHING;
INSERT INTO LIKE_SONGS (USER_ID, SONG_ID) VALUES (10, 90) ON CONFLICT DO NOTHING;
INSERT INTO LIKE_SONGS (USER_ID, SONG_ID) VALUES (10, 125) ON CONFLICT DO NOTHING;
INSERT INTO LIKE_SONGS (USER_ID, SONG_ID) VALUES (10, 169) ON CONFLICT DO NOTHING;
INSERT INTO LIKE_SONGS (USER_ID, SONG_ID) VALUES (10, 211) ON CONFLICT DO NOTHING;
INSERT INTO LIKE_SONGS (USER_ID, SONG_ID) VALUES (10, 120) ON CONFLICT DO NOTHING;
INSERT INTO RATE_SONGS (USER_ID, SONG_ID, SONG_RATING) VALUES (10, 8, 57) ON CONFLICT DO NOTHING;
INSERT INTO RATE_SONGS (USER_ID, SONG_ID, SONG_RATING) VALUES (10, 218, 40) ON CONFLICT DO NOTHING;
INSERT INTO RATE_SONGS (USER_ID, SONG_ID, SONG_RATING) VALUES (10, 4, 17) ON CONFLICT DO NOTHING;
INSERT INTO LIKE_SONGS (USER_ID, SONG_ID) VALUES (11, 131) ON CONFLICT DO NOTHING;
INSERT INTO LIKE_SONGS (USER_ID, SONG_ID) VALUES (11, 231) ON CONFLICT DO NOTHING;
INSERT INTO LIKE_SONGS (USER_ID, SONG_ID) VALUES (11, 77) ON CONFLICT DO NOTHING;
INSERT INTO LIKE_SONGS (USER_ID, SONG_ID) VALUES (11, 177) ON CONFLICT DO NOTHING;
INSERT INTO LIKE_SONGS (USER_ID, SONG_ID) VALUES (11, 91) ON CONFLICT DO NOTHING;
INSERT INTO RATE_SONGS (USER_ID, SONG_ID, SONG_RATING) VALUES (11, 111, 99) ON CONFLICT DO NOTHING;
INSERT INTO RATE_SONGS (USER_ID, SONG_ID, SONG_RATING) VALUES (11, 224, 68) ON CONFLICT DO NOTHING;
INSERT INTO RATE_SONGS (USER_ID, SONG_ID, SONG_RATING) VALUES (11, 171, 16) ON CONFLICT DO NOTHING;
INSERT INTO LIKE_SONGS (USER_ID, SONG_ID) VALUES (12, 6) ON CONFLICT DO NOTHING;
INSERT INTO LIKE_SONGS (USER_ID, SONG_ID) VALUES (12, 167) ON CONFLICT DO NOTHING;
INSERT INTO LIKE_SONGS (USER_ID, SONG_ID) VALUES (12, 210) ON CONFLICT DO NOTHING;
INSERT INTO LIKE_SONGS (USER_ID, SONG_ID) VALUES (12, 144) ON CONFLICT DO NOTHING;
INSERT INTO LIKE_SONGS (USER_ID, SONG_ID) VALUES (12, 162) ON CONFLICT DO NOTHING;
INSERT INTO RATE_SONGS (USER_ID, SONG_ID, SONG_RATING) VALUES (12, 22, 3) ON CONFLICT DO NOTHING;
INSERT INTO RATE_SONGS (USER_ID, SONG_ID, SONG_RATING) VALUES (12, 204, 32) ON CONFLICT DO NOTHING;
INSERT INTO RATE_SONGS (USER_ID, SONG_ID, SONG_RATING) VALUES (12, 7, 62) ON CONFLICT DO NOTHING;
INSERT INTO LIKE_SONGS (USER_ID, SONG_ID) VALUES (13, 201) ON CONFLICT DO NOTHING;
INSERT INTO LIKE_SONGS (USER_ID, SONG_ID) VALUES (13, 77) ON CONFLICT DO NOTHING;
INSERT INTO LIKE_SONGS (USER_ID, SONG_ID) VALUES (13, 87) ON CONFLICT DO NOTHING;
INSERT INTO LIKE_SONGS (USER_ID, SONG_ID) VALUES (13, 130) ON CONFLICT DO NOTHING;
INSERT INTO LIKE_SONGS (USER_ID, SONG_ID) VALUES (13, 248) ON CONFLICT DO NOTHING;
INSERT INTO RATE_SONGS (USER_ID, SONG_ID, SONG_RATING) VALUES (13, 144, 66) ON CONFLICT DO NOTHING;
INSERT INTO RATE_SONGS (USER_ID, SONG_ID, SONG_RATING) VALUES (13, 138, 100) ON CONFLICT DO NOTHING;
INSERT INTO RATE_SONGS (USER_ID, SONG_ID, SONG_RATING) VALUES (13, 215, 2) ON CONFLICT DO NOTHING;
INSERT INTO LIKE_SONGS (USER_ID, SONG_ID) VALUES (14, 29) ON CONFLICT DO NOTHING;
INSERT INTO LIKE_SONGS (USER_ID, SONG_ID) VALUES (14, 191) ON CONFLICT DO NOTHING;
INSERT INTO LIKE_SONGS (USER_ID, SONG_ID) VALUES (14, 162) ON CONFLICT DO NOTHING;
INSERT INTO LIKE_SONGS (USER_ID, SONG_ID) VALUES (14, 20) ON CONFLICT DO NOTHING;
INSERT INTO LIKE_SONGS (USER_ID, SONG_ID) VALUES (14, 174) ON CONFLICT DO NOTHING;
INSERT INTO RATE_SONGS (USER_ID, SONG_ID, SONG_RATING) VALUES (14, 168, 90) ON CONFLICT DO NOTHING;
INSERT INTO RATE_SONGS (USER_ID, SONG_ID, SONG_RATING) VALUES (14, 101, 46) ON CONFLICT DO NOTHING;
INSERT INTO RATE_SONGS (USER_ID, SONG_ID, SONG_RATING) VALUES (14, 14, 17) ON CONFLICT DO NOTHING;
INSERT INTO LIKE_SONGS (USER_ID, SONG_ID) VALUES (15, 31) ON CONFLICT DO NOTHING;
INSERT INTO LIKE_SONGS (USER_ID, SONG_ID) VALUES (15, 18) ON CONFLICT DO NOTHING;
INSERT INTO LIKE_SONGS (USER_ID, SONG_ID) VALUES (15, 165) ON CONFLICT DO NOTHING;
INSERT INTO LIKE_SONGS (USER_ID, SONG_ID) VALUES (15, 134) ON CONFLICT DO NOTHING;
INSERT INTO LIKE_SONGS (USER_ID, SONG_ID) VALUES (15, 53) ON CONFLICT DO NOTHING;
INSERT INTO RATE_SONGS (USER_ID, SONG_ID, SONG_RATING) VALUES (15, 13, 58) ON CONFLICT DO NOTHING;
INSERT INTO RATE_SONGS (USER_ID, SONG_ID, SONG_RATING) VALUES (15, 7, 32) ON CONFLICT DO NOTHING;
INSERT INTO RATE_SONGS (USER_ID, SONG_ID, SONG_RATING) VALUES (15, 205, 55) ON CONFLICT DO NOTHING;
INSERT INTO LIKE_SONGS (USER_ID, SONG_ID) VALUES (16, 22) ON CONFLICT DO NOTHING;
INSERT INTO LIKE_SONGS (USER_ID, SONG_ID) VALUES (16, 148) ON CONFLICT DO NOTHING;
INSERT INTO LIKE_SONGS (USER_ID, SONG_ID) VALUES (16, 19) ON CONFLICT DO NOTHING;
INSERT INTO LIKE_SONGS (USER_ID, SONG_ID) VALUES (16, 120) ON CONFLICT DO NOTHING;
INSERT INTO LIKE_SONGS (USER_ID, SONG_ID) VALUES (16, 70) ON CONFLICT DO NOTHING;
INSERT INTO RATE_SONGS (USER_ID, SONG_ID, SONG_RATING) VALUES (16, 141, 82) ON CONFLICT DO NOTHING;
INSERT INTO RATE_SONGS (USER_ID, SONG_ID, SONG_RATING) VALUES (16, 65, 66) ON CONFLICT DO NOTHING;
INSERT INTO RATE_SONGS (USER_ID, SONG_ID, SONG_RATING) VALUES (16, 54, 58) ON CONFLICT DO NOTHING;
INSERT INTO LIKE_SONGS (USER_ID, SONG_ID) VALUES (17, 131) ON CONFLICT DO NOTHING;
INSERT INTO LIKE_SONGS (USER_ID, SONG_ID) VALUES (17, 44) ON CONFLICT DO NOTHING;
INSERT INTO LIKE_SONGS (USER_ID, SONG_ID) VALUES (17, 106) ON CONFLICT DO NOTHING;
INSERT INTO LIKE_SONGS (USER_ID, SONG_ID) VALUES (17, 28) ON CONFLICT DO NOTHING;
INSERT INTO LIKE_SONGS (USER_ID, SONG_ID) VALUES (17, 232) ON CONFLICT DO NOTHING;
INSERT INTO RATE_SONGS (USER_ID, SONG_ID, SONG_RATING) VALUES (17, 211, 59) ON CONFLICT DO NOTHING;
INSERT INTO RATE_SONGS (USER_ID, SONG_ID, SONG_RATING) VALUES (17, 72, 10) ON CONFLICT DO NOTHING;
INSERT INTO RATE_SONGS (USER_ID, SONG_ID, SONG_RATING) VALUES (17, 78, 70) ON CONFLICT DO NOTHING;
INSERT INTO LIKE_SONGS (USER_ID, SONG_ID) VALUES (18, 98) ON CONFLICT DO NOTHING;
INSERT INTO LIKE_SONGS (USER_ID, SONG_ID) VALUES (18, 196) ON CONFLICT DO NOTHING;
INSERT INTO LIKE_SONGS (USER_ID, SONG_ID) VALUES (18, 51) ON CONFLICT DO NOTHING;
INSERT INTO LIKE_SONGS (USER_ID, SONG_ID) VALUES (18, 44) ON CONFLICT DO NOTHING;
INSERT INTO LIKE_SONGS (USER_ID, SONG_ID) VALUES (18, 167) ON CONFLICT DO NOTHING;
INSERT INTO RATE_SONGS (USER_ID, SONG_ID, SONG_RATING) VALUES (18, 45, 97) ON CONFLICT DO NOTHING;
INSERT INTO RATE_SONGS (USER_ID, SONG_ID, SONG_RATING) VALUES (18, 193, 29) ON CONFLICT DO NOTHING;
INSERT INTO RATE_SONGS (USER_ID, SONG_ID, SONG_RATING) VALUES (18, 158, 4) ON CONFLICT DO NOTHING;
INSERT INTO LIKE_SONGS (USER_ID, SONG_ID) VALUES (19, 91) ON CONFLICT DO NOTHING;
INSERT INTO LIKE_SONGS (USER_ID, SONG_ID) VALUES (19, 259) ON CONFLICT DO NOTHING;
INSERT INTO LIKE_SONGS (USER_ID, SONG_ID) VALUES (19, 255) ON CONFLICT DO NOTHING;
INSERT INTO LIKE_SONGS (USER_ID, SONG_ID) VALUES (19, 95) ON CONFLICT DO NOTHING;
INSERT INTO LIKE_SONGS (USER_ID, SONG_ID) VALUES (19, 113) ON CONFLICT DO NOTHING;
INSERT INTO RATE_SONGS (USER_ID, SONG_ID, SONG_RATING) VALUES (19, 7, 39) ON CONFLICT DO NOTHING;
INSERT INTO RATE_SONGS (USER_ID, SONG_ID, SONG_RATING) VALUES (19, 105, 51) ON CONFLICT DO NOTHING;
INSERT INTO RATE_SONGS (USER_ID, SONG_ID, SONG_RATING) VALUES (19, 86, 34) ON CONFLICT DO NOTHING;
INSERT INTO LIKE_SONGS (USER_ID, SONG_ID) VALUES (20, 220) ON CONFLICT DO NOTHING;
INSERT INTO LIKE_SONGS (USER_ID, SONG_ID) VALUES (20, 196) ON CONFLICT DO NOTHING;
INSERT INTO LIKE_SONGS (USER_ID, SONG_ID) VALUES (20, 85) ON CONFLICT DO NOTHING;
INSERT INTO LIKE_SONGS (USER_ID, SONG_ID) VALUES (20, 160) ON CONFLICT DO NOTHING;
INSERT INTO LIKE_SONGS (USER_ID, SONG_ID) VALUES (20, 44) ON CONFLICT DO NOTHING;
INSERT INTO RATE_SONGS (USER_ID, SONG_ID, SONG_RATING) VALUES (20, 245, 58) ON CONFLICT DO NOTHING;
INSERT INTO RATE_SONGS (USER_ID, SONG_ID, SONG_RATING) VALUES (20, 133, 62) ON CONFLICT DO NOTHING;
INSERT INTO RATE_SONGS (USER_ID, SONG_ID, SONG_RATING) VALUES (20, 139, 95) ON CONFLICT DO NOTHING;
INSERT INTO LIKE_SONGS (USER_ID, SONG_ID) VALUES (21, 194) ON CONFLICT DO NOTHING;
INSERT INTO LIKE_SONGS (USER_ID, SONG_ID) VALUES (21, 185) ON CONFLICT DO NOTHING;
INSERT INTO LIKE_SONGS (USER_ID, SONG_ID) VALUES (21, 109) ON CONFLICT DO NOTHING;
INSERT INTO LIKE_SONGS (USER_ID, SONG_ID) VALUES (21, 153) ON CONFLICT DO NOTHING;
INSERT INTO LIKE_SONGS (USER_ID, SONG_ID) VALUES (21, 6) ON CONFLICT DO NOTHING;
INSERT INTO RATE_SONGS (USER_ID, SONG_ID, SONG_RATING) VALUES (21, 193, 64) ON CONFLICT DO NOTHING;
INSERT INTO RATE_SONGS (USER_ID, SONG_ID, SONG_RATING) VALUES (21, 174, 48) ON CONFLICT DO NOTHING;
INSERT INTO RATE_SONGS (USER_ID, SONG_ID, SONG_RATING) VALUES (21, 187, 73) ON CONFLICT DO NOTHING;
INSERT INTO LIKE_SONGS (USER_ID, SONG_ID) VALUES (22, 165) ON CONFLICT DO NOTHING;
INSERT INTO LIKE_SONGS (USER_ID, SONG_ID) VALUES (22, 55) ON CONFLICT DO NOTHING;
INSERT INTO LIKE_SONGS (USER_ID, SONG_ID) VALUES (22, 121) ON CONFLICT DO NOTHING;
INSERT INTO LIKE_SONGS (USER_ID, SONG_ID) VALUES (22, 15) ON CONFLICT DO NOTHING;
INSERT INTO LIKE_SONGS (USER_ID, SONG_ID) VALUES (22, 61) ON CONFLICT DO NOTHING;
INSERT INTO RATE_SONGS (USER_ID, SONG_ID, SONG_RATING) VALUES (22, 225, 14) ON CONFLICT DO NOTHING;
INSERT INTO RATE_SONGS (USER_ID, SONG_ID, SONG_RATING) VALUES (22, 226, 78) ON CONFLICT DO NOTHING;
INSERT INTO RATE_SONGS (USER_ID, SONG_ID, SONG_RATING) VALUES (22, 163, 77) ON CONFLICT DO NOTHING;
INSERT INTO LIKE_SONGS (USER_ID, SONG_ID) VALUES (23, 139) ON CONFLICT DO NOTHING;
INSERT INTO LIKE_SONGS (USER_ID, SONG_ID) VALUES (23, 179) ON CONFLICT DO NOTHING;
INSERT INTO LIKE_SONGS (USER_ID, SONG_ID) VALUES (23, 38) ON CONFLICT DO NOTHING;
INSERT INTO LIKE_SONGS (USER_ID, SONG_ID) VALUES (23, 161) ON CONFLICT DO NOTHING;
INSERT INTO LIKE_SONGS (USER_ID, SONG_ID) VALUES (23, 84) ON CONFLICT DO NOTHING;
INSERT INTO RATE_SONGS (USER_ID, SONG_ID, SONG_RATING) VALUES (23, 135, 31) ON CONFLICT DO NOTHING;
INSERT INTO RATE_SONGS (USER_ID, SONG_ID, SONG_RATING) VALUES (23, 203, 73) ON CONFLICT DO NOTHING;
INSERT INTO RATE_SONGS (USER_ID, SONG_ID, SONG_RATING) VALUES (23, 53, 91) ON CONFLICT DO NOTHING;
INSERT INTO LIKE_SONGS (USER_ID, SONG_ID) VALUES (24, 140) ON CONFLICT DO NOTHING;
INSERT INTO LIKE_SONGS (USER_ID, SONG_ID) VALUES (24, 14) ON CONFLICT DO NOTHING;
INSERT INTO LIKE_SONGS (USER_ID, SONG_ID) VALUES (24, 61) ON CONFLICT DO NOTHING;
INSERT INTO LIKE_SONGS (USER_ID, SONG_ID) VALUES (24, 182) ON CONFLICT DO NOTHING;
INSERT INTO LIKE_SONGS (USER_ID, SONG_ID) VALUES (24, 34) ON CONFLICT DO NOTHING;
INSERT INTO RATE_SONGS (USER_ID, SONG_ID, SONG_RATING) VALUES (24, 109, 46) ON CONFLICT DO NOTHING;
INSERT INTO RATE_SONGS (USER_ID, SONG_ID, SONG_RATING) VALUES (24, 207, 77) ON CONFLICT DO NOTHING;
INSERT INTO RATE_SONGS (USER_ID, SONG_ID, SONG_RATING) VALUES (24, 105, 32) ON CONFLICT DO NOTHING;
INSERT INTO LIKE_SONGS (USER_ID, SONG_ID) VALUES (25, 30) ON CONFLICT DO NOTHING;
INSERT INTO LIKE_SONGS (USER_ID, SONG_ID) VALUES (25, 229) ON CONFLICT DO NOTHING;
INSERT INTO LIKE_SONGS (USER_ID, SONG_ID) VALUES (25, 104) ON CONFLICT DO NOTHING;
INSERT INTO LIKE_SONGS (USER_ID, SONG_ID) VALUES (25, 26) ON CONFLICT DO NOTHING;
INSERT INTO LIKE_SONGS (USER_ID, SONG_ID) VALUES (25, 4) ON CONFLICT DO NOTHING;
INSERT INTO RATE_SONGS (USER_ID, SONG_ID, SONG_RATING) VALUES (25, 96, 28) ON CONFLICT DO NOTHING;
INSERT INTO RATE_SONGS (USER_ID, SONG_ID, SONG_RATING) VALUES (25, 180, 23) ON CONFLICT DO NOTHING;
INSERT INTO RATE_SONGS (USER_ID, SONG_ID, SONG_RATING) VALUES (25, 57, 12) ON CONFLICT DO NOTHING;
INSERT INTO LIKE_SONGS (USER_ID, SONG_ID) VALUES (26, 252) ON CONFLICT DO NOTHING;
INSERT INTO LIKE_SONGS (USER_ID, SONG_ID) VALUES (26, 225) ON CONFLICT DO NOTHING;
INSERT INTO LIKE_SONGS (USER_ID, SONG_ID) VALUES (26, 43) ON CONFLICT DO NOTHING;
INSERT INTO LIKE_SONGS (USER_ID, SONG_ID) VALUES (26, 190) ON CONFLICT DO NOTHING;
INSERT INTO LIKE_SONGS (USER_ID, SONG_ID) VALUES (26, 207) ON CONFLICT DO NOTHING;
INSERT INTO RATE_SONGS (USER_ID, SONG_ID, SONG_RATING) VALUES (26, 24, 12) ON CONFLICT DO NOTHING;
INSERT INTO RATE_SONGS (USER_ID, SONG_ID, SONG_RATING) VALUES (26, 215, 78) ON CONFLICT DO NOTHING;
INSERT INTO RATE_SONGS (USER_ID, SONG_ID, SONG_RATING) VALUES (26, 234, 5) ON CONFLICT DO NOTHING;
INSERT INTO LIKE_SONGS (USER_ID, SONG_ID) VALUES (27, 45) ON CONFLICT DO NOTHING;
INSERT INTO LIKE_SONGS (USER_ID, SONG_ID) VALUES (27, 251) ON CONFLICT DO NOTHING;
INSERT INTO LIKE_SONGS (USER_ID, SONG_ID) VALUES (27, 28) ON CONFLICT DO NOTHING;
INSERT INTO LIKE_SONGS (USER_ID, SONG_ID) VALUES (27, 263) ON CONFLICT DO NOTHING;
INSERT INTO LIKE_SONGS (USER_ID, SONG_ID) VALUES (27, 3) ON CONFLICT DO NOTHING;
INSERT INTO RATE_SONGS (USER_ID, SONG_ID, SONG_RATING) VALUES (27, 254, 77) ON CONFLICT DO NOTHING;
INSERT INTO RATE_SONGS (USER_ID, SONG_ID, SONG_RATING) VALUES (27, 210, 64) ON CONFLICT DO NOTHING;
INSERT INTO RATE_SONGS (USER_ID, SONG_ID, SONG_RATING) VALUES (27, 201, 58) ON CONFLICT DO NOTHING;
INSERT INTO LIKE_SONGS (USER_ID, SONG_ID) VALUES (28, 203) ON CONFLICT DO NOTHING;
INSERT INTO LIKE_SONGS (USER_ID, SONG_ID) VALUES (28, 256) ON CONFLICT DO NOTHING;
INSERT INTO LIKE_SONGS (USER_ID, SONG_ID) VALUES (28, 54) ON CONFLICT DO NOTHING;
INSERT INTO LIKE_SONGS (USER_ID, SONG_ID) VALUES (28, 62) ON CONFLICT DO NOTHING;
INSERT INTO LIKE_SONGS (USER_ID, SONG_ID) VALUES (28, 59) ON CONFLICT DO NOTHING;
INSERT INTO RATE_SONGS (USER_ID, SONG_ID, SONG_RATING) VALUES (28, 198, 55) ON CONFLICT DO NOTHING;
INSERT INTO RATE_SONGS (USER_ID, SONG_ID, SONG_RATING) VALUES (28, 75, 24) ON CONFLICT DO NOTHING;
INSERT INTO RATE_SONGS (USER_ID, SONG_ID, SONG_RATING) VALUES (28, 254, 48) ON CONFLICT DO NOTHING;
INSERT INTO LIKE_SONGS (USER_ID, SONG_ID) VALUES (29, 10) ON CONFLICT DO NOTHING;
INSERT INTO LIKE_SONGS (USER_ID, SONG_ID) VALUES (29, 132) ON CONFLICT DO NOTHING;
INSERT INTO LIKE_SONGS (USER_ID, SONG_ID) VALUES (29, 223) ON CONFLICT DO NOTHING;
INSERT INTO LIKE_SONGS (USER_ID, SONG_ID) VALUES (29, 257) ON CONFLICT DO NOTHING;
INSERT INTO LIKE_SONGS (USER_ID, SONG_ID) VALUES (29, 101) ON CONFLICT DO NOTHING;
INSERT INTO RATE_SONGS (USER_ID, SONG_ID, SONG_RATING) VALUES (29, 17, 2) ON CONFLICT DO NOTHING;
INSERT INTO RATE_SONGS (USER_ID, SONG_ID, SONG_RATING) VALUES (29, 69, 41) ON CONFLICT DO NOTHING;
INSERT INTO RATE_SONGS (USER_ID, SONG_ID, SONG_RATING) VALUES (29, 201, 70) ON CONFLICT DO NOTHING;
INSERT INTO LIKE_SONGS (USER_ID, SONG_ID) VALUES (30, 155) ON CONFLICT DO NOTHING;
INSERT INTO LIKE_SONGS (USER_ID, SONG_ID) VALUES (30, 228) ON CONFLICT DO NOTHING;
INSERT INTO LIKE_SONGS (USER_ID, SONG_ID) VALUES (30, 120) ON CONFLICT DO NOTHING;
INSERT INTO LIKE_SONGS (USER_ID, SONG_ID) VALUES (30, 37) ON CONFLICT DO NOTHING;
INSERT INTO LIKE_SONGS (USER_ID, SONG_ID) VALUES (30, 56) ON CONFLICT DO NOTHING;
INSERT INTO RATE_SONGS (USER_ID, SONG_ID, SONG_RATING) VALUES (30, 119, 32) ON CONFLICT DO NOTHING;
INSERT INTO RATE_SONGS (USER_ID, SONG_ID, SONG_RATING) VALUES (30, 52, 54) ON CONFLICT DO NOTHING;
INSERT INTO RATE_SONGS (USER_ID, SONG_ID, SONG_RATING) VALUES (30, 73, 4) ON CONFLICT DO NOTHING;
INSERT INTO LIKE_SONGS (USER_ID, SONG_ID) VALUES (31, 21) ON CONFLICT DO NOTHING;
INSERT INTO LIKE_SONGS (USER_ID, SONG_ID) VALUES (31, 196) ON CONFLICT DO NOTHING;
INSERT INTO LIKE_SONGS (USER_ID, SONG_ID) VALUES (31, 201) ON CONFLICT DO NOTHING;
INSERT INTO LIKE_SONGS (USER_ID, SONG_ID) VALUES (31, 254) ON CONFLICT DO NOTHING;
INSERT INTO LIKE_SONGS (USER_ID, SONG_ID) VALUES (31, 137) ON CONFLICT DO NOTHING;
INSERT INTO RATE_SONGS (USER_ID, SONG_ID, SONG_RATING) VALUES (31, 138, 22) ON CONFLICT DO NOTHING;
INSERT INTO RATE_SONGS (USER_ID, SONG_ID, SONG_RATING) VALUES (31, 227, 48) ON CONFLICT DO NOTHING;
INSERT INTO RATE_SONGS (USER_ID, SONG_ID, SONG_RATING) VALUES (31, 251, 28) ON CONFLICT DO NOTHING;
INSERT INTO LIKE_SONGS (USER_ID, SONG_ID) VALUES (32, 46) ON CONFLICT DO NOTHING;
INSERT INTO LIKE_SONGS (USER_ID, SONG_ID) VALUES (32, 9) ON CONFLICT DO NOTHING;
INSERT INTO LIKE_SONGS (USER_ID, SONG_ID) VALUES (32, 236) ON CONFLICT DO NOTHING;
INSERT INTO LIKE_SONGS (USER_ID, SONG_ID) VALUES (32, 182) ON CONFLICT DO NOTHING;
INSERT INTO LIKE_SONGS (USER_ID, SONG_ID) VALUES (32, 209) ON CONFLICT DO NOTHING;
INSERT INTO RATE_SONGS (USER_ID, SONG_ID, SONG_RATING) VALUES (32, 196, 56) ON CONFLICT DO NOTHING;
INSERT INTO RATE_SONGS (USER_ID, SONG_ID, SONG_RATING) VALUES (32, 259, 97) ON CONFLICT DO NOTHING;
INSERT INTO RATE_SONGS (USER_ID, SONG_ID, SONG_RATING) VALUES (32, 30, 98) ON CONFLICT DO NOTHING;
INSERT INTO LIKE_SONGS (USER_ID, SONG_ID) VALUES (33, 52) ON CONFLICT DO NOTHING;
INSERT INTO LIKE_SONGS (USER_ID, SONG_ID) VALUES (33, 234) ON CONFLICT DO NOTHING;
INSERT INTO LIKE_SONGS (USER_ID, SONG_ID) VALUES (33, 145) ON CONFLICT DO NOTHING;
INSERT INTO LIKE_SONGS (USER_ID, SONG_ID) VALUES (33, 173) ON CONFLICT DO NOTHING;
INSERT INTO LIKE_SONGS (USER_ID, SONG_ID) VALUES (33, 31) ON CONFLICT DO NOTHING;
INSERT INTO RATE_SONGS (USER_ID, SONG_ID, SONG_RATING) VALUES (33, 185, 4) ON CONFLICT DO NOTHING;
INSERT INTO RATE_SONGS (USER_ID, SONG_ID, SONG_RATING) VALUES (33, 247, 27) ON CONFLICT DO NOTHING;
INSERT INTO RATE_SONGS (USER_ID, SONG_ID, SONG_RATING) VALUES (33, 210, 36) ON CONFLICT DO NOTHING;
INSERT INTO LIKE_SONGS (USER_ID, SONG_ID) VALUES (34, 46) ON CONFLICT DO NOTHING;
INSERT INTO LIKE_SONGS (USER_ID, SONG_ID) VALUES (34, 8) ON CONFLICT DO NOTHING;
INSERT INTO LIKE_SONGS (USER_ID, SONG_ID) VALUES (34, 75) ON CONFLICT DO NOTHING;
INSERT INTO LIKE_SONGS (USER_ID, SONG_ID) VALUES (34, 105) ON CONFLICT DO NOTHING;
INSERT INTO LIKE_SONGS (USER_ID, SONG_ID) VALUES (34, 73) ON CONFLICT DO NOTHING;
INSERT INTO RATE_SONGS (USER_ID, SONG_ID, SONG_RATING) VALUES (34, 27, 88) ON CONFLICT DO NOTHING;
INSERT INTO RATE_SONGS (USER_ID, SONG_ID, SONG_RATING) VALUES (34, 77, 90) ON CONFLICT DO NOTHING;
INSERT INTO RATE_SONGS (USER_ID, SONG_ID, SONG_RATING) VALUES (34, 135, 49) ON CONFLICT DO NOTHING;
INSERT INTO LIKE_SONGS (USER_ID, SONG_ID) VALUES (35, 163) ON CONFLICT DO NOTHING;
INSERT INTO LIKE_SONGS (USER_ID, SONG_ID) VALUES (35, 108) ON CONFLICT DO NOTHING;
INSERT INTO LIKE_SONGS (USER_ID, SONG_ID) VALUES (35, 209) ON CONFLICT DO NOTHING;
INSERT INTO LIKE_SONGS (USER_ID, SONG_ID) VALUES (35, 226) ON CONFLICT DO NOTHING;
INSERT INTO LIKE_SONGS (USER_ID, SONG_ID) VALUES (35, 185) ON CONFLICT DO NOTHING;
INSERT INTO RATE_SONGS (USER_ID, SONG_ID, SONG_RATING) VALUES (35, 187, 46) ON CONFLICT DO NOTHING;
INSERT INTO RATE_SONGS (USER_ID, SONG_ID, SONG_RATING) VALUES (35, 149, 44) ON CONFLICT DO NOTHING;
INSERT INTO RATE_SONGS (USER_ID, SONG_ID, SONG_RATING) VALUES (35, 36, 14) ON CONFLICT DO NOTHING;
INSERT INTO LIKE_SONGS (USER_ID, SONG_ID) VALUES (36, 201) ON CONFLICT DO NOTHING;
INSERT INTO LIKE_SONGS (USER_ID, SONG_ID) VALUES (36, 218) ON CONFLICT DO NOTHING;
INSERT INTO LIKE_SONGS (USER_ID, SONG_ID) VALUES (36, 63) ON CONFLICT DO NOTHING;
INSERT INTO LIKE_SONGS (USER_ID, SONG_ID) VALUES (36, 263) ON CONFLICT DO NOTHING;
INSERT INTO LIKE_SONGS (USER_ID, SONG_ID) VALUES (36, 196) ON CONFLICT DO NOTHING;
INSERT INTO RATE_SONGS (USER_ID, SONG_ID, SONG_RATING) VALUES (36, 179, 43) ON CONFLICT DO NOTHING;
INSERT INTO RATE_SONGS (USER_ID, SONG_ID, SONG_RATING) VALUES (36, 224, 13) ON CONFLICT DO NOTHING;
INSERT INTO RATE_SONGS (USER_ID, SONG_ID, SONG_RATING) VALUES (36, 19, 12) ON CONFLICT DO NOTHING;
INSERT INTO LIKE_SONGS (USER_ID, SONG_ID) VALUES (37, 84) ON CONFLICT DO NOTHING;
INSERT INTO LIKE_SONGS (USER_ID, SONG_ID) VALUES (37, 253) ON CONFLICT DO NOTHING;
INSERT INTO LIKE_SONGS (USER_ID, SONG_ID) VALUES (37, 260) ON CONFLICT DO NOTHING;
INSERT INTO LIKE_SONGS (USER_ID, SONG_ID) VALUES (37, 14) ON CONFLICT DO NOTHING;
INSERT INTO LIKE_SONGS (USER_ID, SONG_ID) VALUES (37, 112) ON CONFLICT DO NOTHING;
INSERT INTO RATE_SONGS (USER_ID, SONG_ID, SONG_RATING) VALUES (37, 190, 94) ON CONFLICT DO NOTHING;
INSERT INTO RATE_SONGS (USER_ID, SONG_ID, SONG_RATING) VALUES (37, 50, 3) ON CONFLICT DO NOTHING;
INSERT INTO RATE_SONGS (USER_ID, SONG_ID, SONG_RATING) VALUES (37, 112, 62) ON CONFLICT DO NOTHING;
INSERT INTO LIKE_SONGS (USER_ID, SONG_ID) VALUES (38, 53) ON CONFLICT DO NOTHING;
INSERT INTO LIKE_SONGS (USER_ID, SONG_ID) VALUES (38, 42) ON CONFLICT DO NOTHING;
INSERT INTO LIKE_SONGS (USER_ID, SONG_ID) VALUES (38, 20) ON CONFLICT DO NOTHING;
INSERT INTO LIKE_SONGS (USER_ID, SONG_ID) VALUES (38, 215) ON CONFLICT DO NOTHING;
INSERT INTO LIKE_SONGS (USER_ID, SONG_ID) VALUES (38, 62) ON CONFLICT DO NOTHING;
INSERT INTO RATE_SONGS (USER_ID, SONG_ID, SONG_RATING) VALUES (38, 15, 88) ON CONFLICT DO NOTHING;
INSERT INTO RATE_SONGS (USER_ID, SONG_ID, SONG_RATING) VALUES (38, 186, 100) ON CONFLICT DO NOTHING;
INSERT INTO RATE_SONGS (USER_ID, SONG_ID, SONG_RATING) VALUES (38, 11, 80) ON CONFLICT DO NOTHING;
INSERT INTO LIKE_SONGS (USER_ID, SONG_ID) VALUES (39, 260) ON CONFLICT DO NOTHING;
INSERT INTO LIKE_SONGS (USER_ID, SONG_ID) VALUES (39, 36) ON CONFLICT DO NOTHING;
INSERT INTO LIKE_SONGS (USER_ID, SONG_ID) VALUES (39, 157) ON CONFLICT DO NOTHING;
INSERT INTO LIKE_SONGS (USER_ID, SONG_ID) VALUES (39, 27) ON CONFLICT DO NOTHING;
INSERT INTO LIKE_SONGS (USER_ID, SONG_ID) VALUES (39, 159) ON CONFLICT DO NOTHING;
INSERT INTO RATE_SONGS (USER_ID, SONG_ID, SONG_RATING) VALUES (39, 155, 23) ON CONFLICT DO NOTHING;
INSERT INTO RATE_SONGS (USER_ID, SONG_ID, SONG_RATING) VALUES (39, 31, 46) ON CONFLICT DO NOTHING;
INSERT INTO RATE_SONGS (USER_ID, SONG_ID, SONG_RATING) VALUES (39, 37, 64) ON CONFLICT DO NOTHING;
INSERT INTO LIKE_SONGS (USER_ID, SONG_ID) VALUES (40, 151) ON CONFLICT DO NOTHING;
INSERT INTO LIKE_SONGS (USER_ID, SONG_ID) VALUES (40, 67) ON CONFLICT DO NOTHING;
INSERT INTO LIKE_SONGS (USER_ID, SONG_ID) VALUES (40, 163) ON CONFLICT DO NOTHING;
INSERT INTO LIKE_SONGS (USER_ID, SONG_ID) VALUES (40, 44) ON CONFLICT DO NOTHING;
INSERT INTO LIKE_SONGS (USER_ID, SONG_ID) VALUES (40, 169) ON CONFLICT DO NOTHING;
INSERT INTO RATE_SONGS (USER_ID, SONG_ID, SONG_RATING) VALUES (40, 56, 75) ON CONFLICT DO NOTHING;
INSERT INTO RATE_SONGS (USER_ID, SONG_ID, SONG_RATING) VALUES (40, 109, 100) ON CONFLICT DO NOTHING;
INSERT INTO RATE_SONGS (USER_ID, SONG_ID, SONG_RATING) VALUES (40, 84, 2) ON CONFLICT DO NOTHING;
INSERT INTO LIKE_SONGS (USER_ID, SONG_ID) VALUES (41, 201) ON CONFLICT DO NOTHING;
INSERT INTO LIKE_SONGS (USER_ID, SONG_ID) VALUES (41, 215) ON CONFLICT DO NOTHING;
INSERT INTO LIKE_SONGS (USER_ID, SONG_ID) VALUES (41, 64) ON CONFLICT DO NOTHING;
INSERT INTO LIKE_SONGS (USER_ID, SONG_ID) VALUES (41, 25) ON CONFLICT DO NOTHING;
INSERT INTO LIKE_SONGS (USER_ID, SONG_ID) VALUES (41, 246) ON CONFLICT DO NOTHING;
INSERT INTO RATE_SONGS (USER_ID, SONG_ID, SONG_RATING) VALUES (41, 155, 2) ON CONFLICT DO NOTHING;
INSERT INTO RATE_SONGS (USER_ID, SONG_ID, SONG_RATING) VALUES (41, 152, 78) ON CONFLICT DO NOTHING;
INSERT INTO RATE_SONGS (USER_ID, SONG_ID, SONG_RATING) VALUES (41, 123, 92) ON CONFLICT DO NOTHING;
INSERT INTO LIKE_SONGS (USER_ID, SONG_ID) VALUES (42, 76) ON CONFLICT DO NOTHING;
INSERT INTO LIKE_SONGS (USER_ID, SONG_ID) VALUES (42, 145) ON CONFLICT DO NOTHING;
INSERT INTO LIKE_SONGS (USER_ID, SONG_ID) VALUES (42, 207) ON CONFLICT DO NOTHING;
INSERT INTO LIKE_SONGS (USER_ID, SONG_ID) VALUES (42, 240) ON CONFLICT DO NOTHING;
INSERT INTO LIKE_SONGS (USER_ID, SONG_ID) VALUES (42, 180) ON CONFLICT DO NOTHING;
INSERT INTO RATE_SONGS (USER_ID, SONG_ID, SONG_RATING) VALUES (42, 258, 79) ON CONFLICT DO NOTHING;
INSERT INTO RATE_SONGS (USER_ID, SONG_ID, SONG_RATING) VALUES (42, 39, 31) ON CONFLICT DO NOTHING;
INSERT INTO RATE_SONGS (USER_ID, SONG_ID, SONG_RATING) VALUES (42, 42, 56) ON CONFLICT DO NOTHING;
INSERT INTO LIKE_SONGS (USER_ID, SONG_ID) VALUES (43, 202) ON CONFLICT DO NOTHING;
INSERT INTO LIKE_SONGS (USER_ID, SONG_ID) VALUES (43, 164) ON CONFLICT DO NOTHING;
INSERT INTO LIKE_SONGS (USER_ID, SONG_ID) VALUES (43, 9) ON CONFLICT DO NOTHING;
INSERT INTO LIKE_SONGS (USER_ID, SONG_ID) VALUES (43, 182) ON CONFLICT DO NOTHING;
INSERT INTO LIKE_SONGS (USER_ID, SONG_ID) VALUES (43, 253) ON CONFLICT DO NOTHING;
INSERT INTO RATE_SONGS (USER_ID, SONG_ID, SONG_RATING) VALUES (43, 119, 64) ON CONFLICT DO NOTHING;
INSERT INTO RATE_SONGS (USER_ID, SONG_ID, SONG_RATING) VALUES (43, 234, 53) ON CONFLICT DO NOTHING;
INSERT INTO RATE_SONGS (USER_ID, SONG_ID, SONG_RATING) VALUES (43, 36, 77) ON CONFLICT DO NOTHING;
INSERT INTO LIKE_SONGS (USER_ID, SONG_ID) VALUES (44, 6) ON CONFLICT DO NOTHING;
INSERT INTO LIKE_SONGS (USER_ID, SONG_ID) VALUES (44, 258) ON CONFLICT DO NOTHING;
INSERT INTO LIKE_SONGS (USER_ID, SONG_ID) VALUES (44, 248) ON CONFLICT DO NOTHING;
INSERT INTO LIKE_SONGS (USER_ID, SONG_ID) VALUES (44, 235) ON CONFLICT DO NOTHING;
INSERT INTO LIKE_SONGS (USER_ID, SONG_ID) VALUES (44, 255) ON CONFLICT DO NOTHING;
INSERT INTO RATE_SONGS (USER_ID, SONG_ID, SONG_RATING) VALUES (44, 168, 40) ON CONFLICT DO NOTHING;
INSERT INTO RATE_SONGS (USER_ID, SONG_ID, SONG_RATING) VALUES (44, 232, 63) ON CONFLICT DO NOTHING;
INSERT INTO RATE_SONGS (USER_ID, SONG_ID, SONG_RATING) VALUES (44, 154, 95) ON CONFLICT DO NOTHING;
INSERT INTO LIKE_SONGS (USER_ID, SONG_ID) VALUES (45, 231) ON CONFLICT DO NOTHING;
INSERT INTO LIKE_SONGS (USER_ID, SONG_ID) VALUES (45, 29) ON CONFLICT DO NOTHING;
INSERT INTO LIKE_SONGS (USER_ID, SONG_ID) VALUES (45, 149) ON CONFLICT DO NOTHING;
INSERT INTO LIKE_SONGS (USER_ID, SONG_ID) VALUES (45, 112) ON CONFLICT DO NOTHING;
INSERT INTO LIKE_SONGS (USER_ID, SONG_ID) VALUES (45, 233) ON CONFLICT DO NOTHING;
INSERT INTO RATE_SONGS (USER_ID, SONG_ID, SONG_RATING) VALUES (45, 90, 25) ON CONFLICT DO NOTHING;
INSERT INTO RATE_SONGS (USER_ID, SONG_ID, SONG_RATING) VALUES (45, 24, 56) ON CONFLICT DO NOTHING;
INSERT INTO RATE_SONGS (USER_ID, SONG_ID, SONG_RATING) VALUES (45, 61, 48) ON CONFLICT DO NOTHING;
INSERT INTO LIKE_SONGS (USER_ID, SONG_ID) VALUES (46, 16) ON CONFLICT DO NOTHING;
INSERT INTO LIKE_SONGS (USER_ID, SONG_ID) VALUES (46, 78) ON CONFLICT DO NOTHING;
INSERT INTO LIKE_SONGS (USER_ID, SONG_ID) VALUES (46, 128) ON CONFLICT DO NOTHING;
INSERT INTO LIKE_SONGS (USER_ID, SONG_ID) VALUES (46, 233) ON CONFLICT DO NOTHING;
INSERT INTO LIKE_SONGS (USER_ID, SONG_ID) VALUES (46, 47) ON CONFLICT DO NOTHING;
INSERT INTO RATE_SONGS (USER_ID, SONG_ID, SONG_RATING) VALUES (46, 85, 54) ON CONFLICT DO NOTHING;
INSERT INTO RATE_SONGS (USER_ID, SONG_ID, SONG_RATING) VALUES (46, 91, 1) ON CONFLICT DO NOTHING;
INSERT INTO RATE_SONGS (USER_ID, SONG_ID, SONG_RATING) VALUES (46, 32, 29) ON CONFLICT DO NOTHING;
INSERT INTO LIKE_SONGS (USER_ID, SONG_ID) VALUES (47, 201) ON CONFLICT DO NOTHING;
INSERT INTO LIKE_SONGS (USER_ID, SONG_ID) VALUES (47, 52) ON CONFLICT DO NOTHING;
INSERT INTO LIKE_SONGS (USER_ID, SONG_ID) VALUES (47, 209) ON CONFLICT DO NOTHING;
INSERT INTO LIKE_SONGS (USER_ID, SONG_ID) VALUES (47, 157) ON CONFLICT DO NOTHING;
INSERT INTO LIKE_SONGS (USER_ID, SONG_ID) VALUES (47, 240) ON CONFLICT DO NOTHING;
INSERT INTO RATE_SONGS (USER_ID, SONG_ID, SONG_RATING) VALUES (47, 97, 19) ON CONFLICT DO NOTHING;
INSERT INTO RATE_SONGS (USER_ID, SONG_ID, SONG_RATING) VALUES (47, 117, 17) ON CONFLICT DO NOTHING;
INSERT INTO RATE_SONGS (USER_ID, SONG_ID, SONG_RATING) VALUES (47, 171, 63) ON CONFLICT DO NOTHING;
INSERT INTO LIKE_SONGS (USER_ID, SONG_ID) VALUES (48, 85) ON CONFLICT DO NOTHING;
INSERT INTO LIKE_SONGS (USER_ID, SONG_ID) VALUES (48, 114) ON CONFLICT DO NOTHING;
INSERT INTO LIKE_SONGS (USER_ID, SONG_ID) VALUES (48, 251) ON CONFLICT DO NOTHING;
INSERT INTO LIKE_SONGS (USER_ID, SONG_ID) VALUES (48, 96) ON CONFLICT DO NOTHING;
INSERT INTO LIKE_SONGS (USER_ID, SONG_ID) VALUES (48, 219) ON CONFLICT DO NOTHING;
INSERT INTO RATE_SONGS (USER_ID, SONG_ID, SONG_RATING) VALUES (48, 116, 43) ON CONFLICT DO NOTHING;
INSERT INTO RATE_SONGS (USER_ID, SONG_ID, SONG_RATING) VALUES (48, 60, 63) ON CONFLICT DO NOTHING;
INSERT INTO RATE_SONGS (USER_ID, SONG_ID, SONG_RATING) VALUES (48, 133, 70) ON CONFLICT DO NOTHING;
INSERT INTO LIKE_SONGS (USER_ID, SONG_ID) VALUES (49, 58) ON CONFLICT DO NOTHING;
INSERT INTO LIKE_SONGS (USER_ID, SONG_ID) VALUES (49, 134) ON CONFLICT DO NOTHING;
INSERT INTO LIKE_SONGS (USER_ID, SONG_ID) VALUES (49, 121) ON CONFLICT DO NOTHING;
INSERT INTO LIKE_SONGS (USER_ID, SONG_ID) VALUES (49, 120) ON CONFLICT DO NOTHING;
INSERT INTO LIKE_SONGS (USER_ID, SONG_ID) VALUES (49, 68) ON CONFLICT DO NOTHING;
INSERT INTO RATE_SONGS (USER_ID, SONG_ID, SONG_RATING) VALUES (49, 116, 84) ON CONFLICT DO NOTHING;
INSERT INTO RATE_SONGS (USER_ID, SONG_ID, SONG_RATING) VALUES (49, 22, 28) ON CONFLICT DO NOTHING;
INSERT INTO RATE_SONGS (USER_ID, SONG_ID, SONG_RATING) VALUES (49, 247, 8) ON CONFLICT DO NOTHING;
INSERT INTO LIKE_SONGS (USER_ID, SONG_ID) VALUES (50, 51) ON CONFLICT DO NOTHING;
INSERT INTO LIKE_SONGS (USER_ID, SONG_ID) VALUES (50, 105) ON CONFLICT DO NOTHING;
INSERT INTO LIKE_SONGS (USER_ID, SONG_ID) VALUES (50, 104) ON CONFLICT DO NOTHING;
INSERT INTO LIKE_SONGS (USER_ID, SONG_ID) VALUES (50, 250) ON CONFLICT DO NOTHING;
INSERT INTO LIKE_SONGS (USER_ID, SONG_ID) VALUES (50, 74) ON CONFLICT DO NOTHING;
INSERT INTO RATE_SONGS (USER_ID, SONG_ID, SONG_RATING) VALUES (50, 35, 80) ON CONFLICT DO NOTHING;
INSERT INTO RATE_SONGS (USER_ID, SONG_ID, SONG_RATING) VALUES (50, 9, 56) ON CONFLICT DO NOTHING;
INSERT INTO RATE_SONGS (USER_ID, SONG_ID, SONG_RATING) VALUES (50, 151, 48) ON CONFLICT DO NOTHING;
INSERT INTO REVIEWS (USER_ID, COLLECTION_ID, RATING, REVIEW) VALUES (1, 61, 82, 'Est ratione non incidunt.');
INSERT INTO REVIEWS (USER_ID, COLLECTION_ID, RATING, REVIEW) VALUES (2, 37, 55, 'Ducimus perspiciatis blanditiis magnam voluptatibus totam quaerat.');
INSERT INTO REVIEWS (USER_ID, COLLECTION_ID, RATING, REVIEW) VALUES (2, 32, 44, 'Tenetur temporibus molestias saepe.');
INSERT INTO REVIEWS (USER_ID, COLLECTION_ID, RATING, REVIEW) VALUES (3, 31, 66, 'Eos exercitationem quae.');
INSERT INTO REVIEWS (USER_ID, COLLECTION_ID, RATING, REVIEW) VALUES (4, 12, 50, 'Atque placeat quidem eius.');
INSERT INTO REVIEWS (USER_ID, COLLECTION_ID, RATING, REVIEW) VALUES (5, 55, 97, 'Necessitatibus eos enim neque dolore.');
INSERT INTO REVIEWS (USER_ID, COLLECTION_ID, RATING, REVIEW) VALUES (6, 57, 30, 'Harum alias accusantium.');
INSERT INTO REVIEWS (USER_ID, COLLECTION_ID, RATING, REVIEW) VALUES (6, 28, 63, 'Iusto quia harum id voluptatem.');
INSERT INTO REVIEWS (USER_ID, COLLECTION_ID, RATING, REVIEW) VALUES (7, 7, 93, 'Culpa id perspiciatis quasi nulla.');
INSERT INTO REVIEWS (USER_ID, COLLECTION_ID, RATING, REVIEW) VALUES (7, 57, 87, 'Ipsa fuga nulla aspernatur aperiam.');
INSERT INTO REVIEWS (USER_ID, COLLECTION_ID, RATING, REVIEW) VALUES (8, 40, 77, 'Doloribus pariatur dolor vel optio necessitatibus.');
INSERT INTO REVIEWS (USER_ID, COLLECTION_ID, RATING, REVIEW) VALUES (9, 37, 75, 'Facere voluptatibus eos nihil cumque voluptatibus.');
INSERT INTO REVIEWS (USER_ID, COLLECTION_ID, RATING, REVIEW) VALUES (9, 19, 71, 'Odio molestiae laudantium.');
INSERT INTO REVIEWS (USER_ID, COLLECTION_ID, RATING, REVIEW) VALUES (10, 25, 82, 'At cum dolores quia ratione.');
INSERT INTO REVIEWS (USER_ID, COLLECTION_ID, RATING, REVIEW) VALUES (10, 53, 70, 'Consequuntur error facere praesentium.');
INSERT INTO REVIEWS (USER_ID, COLLECTION_ID, RATING, REVIEW) VALUES (11, 61, 35, 'Libero reiciendis cumque rem aspernatur.');
INSERT INTO REVIEWS (USER_ID, COLLECTION_ID, RATING, REVIEW) VALUES (12, 21, 42, 'Ratione ad magni officia exercitationem possimus.');
INSERT INTO REVIEWS (USER_ID, COLLECTION_ID, RATING, REVIEW) VALUES (13, 49, 58, 'Debitis tempore nam repellendus soluta repellat alias.');
INSERT INTO REVIEWS (USER_ID, COLLECTION_ID, RATING, REVIEW) VALUES (13, 62, 94, 'Temporibus ducimus voluptas recusandae.');
INSERT INTO REVIEWS (USER_ID, COLLECTION_ID, RATING, REVIEW) VALUES (14, 26, 93, 'Fugit architecto dolore nulla.');
INSERT INTO REVIEWS (USER_ID, COLLECTION_ID, RATING, REVIEW) VALUES (15, 14, 56, 'Repudiandae perspiciatis sequi voluptates pariatur.');
INSERT INTO REVIEWS (USER_ID, COLLECTION_ID, RATING, REVIEW) VALUES (16, 56, 100, 'Quaerat illo reprehenderit non.');
INSERT INTO REVIEWS (USER_ID, COLLECTION_ID, RATING, REVIEW) VALUES (16, 65, 99, 'Nobis pariatur quis laborum numquam.');
INSERT INTO REVIEWS (USER_ID, COLLECTION_ID, RATING, REVIEW) VALUES (17, 57, 54, 'Minus voluptatum voluptatibus nesciunt minima impedit dignissimos.');
INSERT INTO REVIEWS (USER_ID, COLLECTION_ID, RATING, REVIEW) VALUES (18, 55, 71, 'A doloremque nisi facilis possimus eaque.');
INSERT INTO REVIEWS (USER_ID, COLLECTION_ID, RATING, REVIEW) VALUES (19, 19, 20, 'Perferendis beatae ipsa id voluptas.');
INSERT INTO REVIEWS (USER_ID, COLLECTION_ID, RATING, REVIEW) VALUES (19, 35, 37, 'Sunt impedit tenetur odio pariatur velit.');
INSERT INTO REVIEWS (USER_ID, COLLECTION_ID, RATING, REVIEW) VALUES (20, 20, 29, 'Molestias voluptatem quisquam ut repellat quam nobis.');
INSERT INTO REVIEWS (USER_ID, COLLECTION_ID, RATING, REVIEW) VALUES (20, 42, 90, 'Officia consectetur fugit quae sequi exercitationem tenetur impedit.');
INSERT INTO REVIEWS (USER_ID, COLLECTION_ID, RATING, REVIEW) VALUES (21, 44, 71, 'Reiciendis rerum libero perferendis tempora quis.');
INSERT INTO REVIEWS (USER_ID, COLLECTION_ID, RATING, REVIEW) VALUES (22, 31, 80, 'Vel dicta dolorum ab.');
INSERT INTO REVIEWS (USER_ID, COLLECTION_ID, RATING, REVIEW) VALUES (22, 65, 74, 'Beatae aut similique error.');
INSERT INTO REVIEWS (USER_ID, COLLECTION_ID, RATING, REVIEW) VALUES (23, 60, 34, 'Perspiciatis doloribus laudantium possimus quas.');
INSERT INTO REVIEWS (USER_ID, COLLECTION_ID, RATING, REVIEW) VALUES (23, 57, 47, 'Cupiditate nulla facere corporis facilis cumque.');
INSERT INTO REVIEWS (USER_ID, COLLECTION_ID, RATING, REVIEW) VALUES (24, 58, 52, 'Dolor quia hic voluptas incidunt vero porro.');
INSERT INTO REVIEWS (USER_ID, COLLECTION_ID, RATING, REVIEW) VALUES (24, 32, 73, 'Perferendis adipisci quod labore a laboriosam fuga reprehenderit.');
INSERT INTO REVIEWS (USER_ID, COLLECTION_ID, RATING, REVIEW) VALUES (25, 51, 21, 'Natus expedita quisquam ipsum consequuntur dolor excepturi vitae.');
INSERT INTO REVIEWS (USER_ID, COLLECTION_ID, RATING, REVIEW) VALUES (26, 48, 88, 'Unde quasi harum sunt ab non.');
INSERT INTO REVIEWS (USER_ID, COLLECTION_ID, RATING, REVIEW) VALUES (27, 42, 50, 'Deserunt consectetur laboriosam autem labore sequi fuga.');
INSERT INTO REVIEWS (USER_ID, COLLECTION_ID, RATING, REVIEW) VALUES (27, 35, 42, 'Accusamus neque voluptatibus.');
INSERT INTO REVIEWS (USER_ID, COLLECTION_ID, RATING, REVIEW) VALUES (28, 34, 57, 'Enim nesciunt magnam maxime aliquid iusto dolores.');
INSERT INTO REVIEWS (USER_ID, COLLECTION_ID, RATING, REVIEW) VALUES (28, 3, 57, 'Dolorem officia hic quo corrupti repellendus iusto.');
INSERT INTO REVIEWS (USER_ID, COLLECTION_ID, RATING, REVIEW) VALUES (29, 18, 59, 'Neque autem reiciendis facere vero.');
INSERT INTO REVIEWS (USER_ID, COLLECTION_ID, RATING, REVIEW) VALUES (29, 50, 25, 'Accusamus maxime labore beatae.');
INSERT INTO REVIEWS (USER_ID, COLLECTION_ID, RATING, REVIEW) VALUES (30, 51, 60, 'Ipsam quod esse nam ipsa quas.');
INSERT INTO REVIEWS (USER_ID, COLLECTION_ID, RATING, REVIEW) VALUES (30, 27, 49, 'Non accusamus iure reiciendis deleniti natus.');
INSERT INTO REVIEWS (USER_ID, COLLECTION_ID, RATING, REVIEW) VALUES (31, 4, 76, 'Nihil corrupti velit inventore a odit.');
INSERT INTO REVIEWS (USER_ID, COLLECTION_ID, RATING, REVIEW) VALUES (32, 26, 86, 'Quaerat amet deleniti nemo.');
INSERT INTO REVIEWS (USER_ID, COLLECTION_ID, RATING, REVIEW) VALUES (33, 19, 21, 'Aut hic voluptatibus.');
INSERT INTO REVIEWS (USER_ID, COLLECTION_ID, RATING, REVIEW) VALUES (34, 61, 45, 'Fugit tempora velit suscipit dolorem pariatur assumenda.');
INSERT INTO REVIEWS (USER_ID, COLLECTION_ID, RATING, REVIEW) VALUES (34, 12, 93, 'Sint maxime itaque eaque autem.');
INSERT INTO REVIEWS (USER_ID, COLLECTION_ID, RATING, REVIEW) VALUES (35, 39, 93, 'Praesentium atque inventore corrupti iste provident qui repudiandae.');
INSERT INTO REVIEWS (USER_ID, COLLECTION_ID, RATING, REVIEW) VALUES (36, 37, 90, 'Ullam earum totam rem.');
INSERT INTO REVIEWS (USER_ID, COLLECTION_ID, RATING, REVIEW) VALUES (36, 61, 47, 'Illo neque nobis.');
INSERT INTO REVIEWS (USER_ID, COLLECTION_ID, RATING, REVIEW) VALUES (37, 13, 45, 'Suscipit sint aliquid fugiat.');
INSERT INTO REVIEWS (USER_ID, COLLECTION_ID, RATING, REVIEW) VALUES (37, 61, 25, 'Enim voluptas perspiciatis.');
INSERT INTO REVIEWS (USER_ID, COLLECTION_ID, RATING, REVIEW) VALUES (38, 64, 86, 'Repudiandae magni veritatis rem amet.');
INSERT INTO REVIEWS (USER_ID, COLLECTION_ID, RATING, REVIEW) VALUES (39, 26, 97, 'Distinctio unde at quam amet.');
INSERT INTO REVIEWS (USER_ID, COLLECTION_ID, RATING, REVIEW) VALUES (40, 14, 94, 'Debitis animi perferendis repellendus.');
INSERT INTO REVIEWS (USER_ID, COLLECTION_ID, RATING, REVIEW) VALUES (41, 6, 72, 'Esse beatae earum occaecati saepe eveniet.');
INSERT INTO REVIEWS (USER_ID, COLLECTION_ID, RATING, REVIEW) VALUES (41, 38, 58, 'Fuga vel voluptas sed consequuntur placeat doloribus ex.');
INSERT INTO REVIEWS (USER_ID, COLLECTION_ID, RATING, REVIEW) VALUES (42, 59, 34, 'Ipsam sit iusto.');
INSERT INTO REVIEWS (USER_ID, COLLECTION_ID, RATING, REVIEW) VALUES (42, 33, 52, 'Modi recusandae repellat possimus consectetur magnam assumenda quam.');
INSERT INTO REVIEWS (USER_ID, COLLECTION_ID, RATING, REVIEW) VALUES (43, 40, 72, 'Optio voluptatibus sint debitis omnis facere aspernatur.');
INSERT INTO REVIEWS (USER_ID, COLLECTION_ID, RATING, REVIEW) VALUES (43, 38, 46, 'Ullam eveniet neque cum.');
INSERT INTO REVIEWS (USER_ID, COLLECTION_ID, RATING, REVIEW) VALUES (44, 20, 44, 'Ducimus veritatis animi quia quibusdam maxime.');
INSERT INTO REVIEWS (USER_ID, COLLECTION_ID, RATING, REVIEW) VALUES (45, 51, 53, 'Enim quaerat totam nesciunt fugit.');
INSERT INTO REVIEWS (USER_ID, COLLECTION_ID, RATING, REVIEW) VALUES (46, 34, 37, 'Animi exercitationem culpa aliquam quam sit quos facilis.');
INSERT INTO REVIEWS (USER_ID, COLLECTION_ID, RATING, REVIEW) VALUES (46, 29, 20, 'Quidem cum culpa odio blanditiis corrupti eius.');
INSERT INTO REVIEWS (USER_ID, COLLECTION_ID, RATING, REVIEW) VALUES (47, 35, 85, 'Vel doloribus numquam maiores consequatur error sapiente iusto.');
INSERT INTO REVIEWS (USER_ID, COLLECTION_ID, RATING, REVIEW) VALUES (48, 23, 46, 'Nesciunt fugit doloremque.');
INSERT INTO REVIEWS (USER_ID, COLLECTION_ID, RATING, REVIEW) VALUES (49, 43, 34, 'Facere accusamus asperiores placeat officiis excepturi.');
INSERT INTO REVIEWS (USER_ID, COLLECTION_ID, RATING, REVIEW) VALUES (50, 3, 43, 'Nihil ipsum assumenda iure enim assumenda quidem distinctio.');
INSERT INTO LIKE_REVIEWS (REVIEW_ID, USER_ID) VALUES (44, 4) ON CONFLICT DO NOTHING;
INSERT INTO LIKE_REVIEWS (REVIEW_ID, USER_ID) VALUES (49, 18) ON CONFLICT DO NOTHING;
INSERT INTO LIKE_REVIEWS (REVIEW_ID, USER_ID) VALUES (50, 39) ON CONFLICT DO NOTHING;
INSERT INTO LIKE_REVIEWS (REVIEW_ID, USER_ID) VALUES (69, 19) ON CONFLICT DO NOTHING;
INSERT INTO LIKE_REVIEWS (REVIEW_ID, USER_ID) VALUES (70, 4) ON CONFLICT DO NOTHING;
INSERT INTO LIKE_REVIEWS (REVIEW_ID, USER_ID) VALUES (52, 39) ON CONFLICT DO NOTHING;
INSERT INTO LIKE_REVIEWS (REVIEW_ID, USER_ID) VALUES (29, 2) ON CONFLICT DO NOTHING;
INSERT INTO LIKE_REVIEWS (REVIEW_ID, USER_ID) VALUES (45, 12) ON CONFLICT DO NOTHING;
INSERT INTO LIKE_REVIEWS (REVIEW_ID, USER_ID) VALUES (5, 31) ON CONFLICT DO NOTHING;
INSERT INTO LIKE_REVIEWS (REVIEW_ID, USER_ID) VALUES (52, 23) ON CONFLICT DO NOTHING;
INSERT INTO LIKE_REVIEWS (REVIEW_ID, USER_ID) VALUES (71, 7) ON CONFLICT DO NOTHING;
INSERT INTO LIKE_REVIEWS (REVIEW_ID, USER_ID) VALUES (41, 15) ON CONFLICT DO NOTHING;
INSERT INTO LIKE_REVIEWS (REVIEW_ID, USER_ID) VALUES (11, 21) ON CONFLICT DO NOTHING;
INSERT INTO LIKE_REVIEWS (REVIEW_ID, USER_ID) VALUES (67, 12) ON CONFLICT DO NOTHING;
INSERT INTO LIKE_REVIEWS (REVIEW_ID, USER_ID) VALUES (41, 29) ON CONFLICT DO NOTHING;
INSERT INTO LIKE_REVIEWS (REVIEW_ID, USER_ID) VALUES (33, 29) ON CONFLICT DO NOTHING;
INSERT INTO LIKE_REVIEWS (REVIEW_ID, USER_ID) VALUES (37, 36) ON CONFLICT DO NOTHING;
INSERT INTO LIKE_REVIEWS (REVIEW_ID, USER_ID) VALUES (34, 9) ON CONFLICT DO NOTHING;
INSERT INTO LIKE_REVIEWS (REVIEW_ID, USER_ID) VALUES (8, 48) ON CONFLICT DO NOTHING;
INSERT INTO LIKE_REVIEWS (REVIEW_ID, USER_ID) VALUES (40, 11) ON CONFLICT DO NOTHING;
INSERT INTO LIKE_REVIEWS (REVIEW_ID, USER_ID) VALUES (10, 26) ON CONFLICT DO NOTHING;
INSERT INTO LIKE_REVIEWS (REVIEW_ID, USER_ID) VALUES (2, 15) ON CONFLICT DO NOTHING;
INSERT INTO LIKE_REVIEWS (REVIEW_ID, USER_ID) VALUES (60, 13) ON CONFLICT DO NOTHING;
INSERT INTO LIKE_REVIEWS (REVIEW_ID, USER_ID) VALUES (4, 36) ON CONFLICT DO NOTHING;
INSERT INTO LIKE_REVIEWS (REVIEW_ID, USER_ID) VALUES (40, 47) ON CONFLICT DO NOTHING;
INSERT INTO LIKE_REVIEWS (REVIEW_ID, USER_ID) VALUES (32, 45) ON CONFLICT DO NOTHING;
INSERT INTO LIKE_REVIEWS (REVIEW_ID, USER_ID) VALUES (22, 25) ON CONFLICT DO NOTHING;
INSERT INTO LIKE_REVIEWS (REVIEW_ID, USER_ID) VALUES (14, 9) ON CONFLICT DO NOTHING;
INSERT INTO LIKE_REVIEWS (REVIEW_ID, USER_ID) VALUES (10, 48) ON CONFLICT DO NOTHING;
INSERT INTO LIKE_REVIEWS (REVIEW_ID, USER_ID) VALUES (69, 48) ON CONFLICT DO NOTHING;
INSERT INTO LIKE_REVIEWS (REVIEW_ID, USER_ID) VALUES (7, 48) ON CONFLICT DO NOTHING;
INSERT INTO LIKE_REVIEWS (REVIEW_ID, USER_ID) VALUES (32, 9) ON CONFLICT DO NOTHING;
INSERT INTO LIKE_REVIEWS (REVIEW_ID, USER_ID) VALUES (8, 14) ON CONFLICT DO NOTHING;
INSERT INTO LIKE_REVIEWS (REVIEW_ID, USER_ID) VALUES (56, 25) ON CONFLICT DO NOTHING;
INSERT INTO LIKE_REVIEWS (REVIEW_ID, USER_ID) VALUES (10, 12) ON CONFLICT DO NOTHING;
INSERT INTO LIKE_REVIEWS (REVIEW_ID, USER_ID) VALUES (32, 21) ON CONFLICT DO NOTHING;
INSERT INTO LIKE_REVIEWS (REVIEW_ID, USER_ID) VALUES (43, 40) ON CONFLICT DO NOTHING;
INSERT INTO LIKE_REVIEWS (REVIEW_ID, USER_ID) VALUES (4, 48) ON CONFLICT DO NOTHING;
INSERT INTO LIKE_REVIEWS (REVIEW_ID, USER_ID) VALUES (14, 3) ON CONFLICT DO NOTHING;
INSERT INTO LIKE_REVIEWS (REVIEW_ID, USER_ID) VALUES (31, 5) ON CONFLICT DO NOTHING;
INSERT INTO TOURS (TOUR_ID, TOUR_DATE, TOUR_NAME, VENUE) VALUES (1, '2026-02-19', 'Medan Tour', 'CV Dabukke Usada (Persero) Tbk Arena');
INSERT INTO ARTISTS_TOURS (TOUR_ID, ARTIST_ID) VALUES (1, 35) ON CONFLICT DO NOTHING;
INSERT INTO TOURS (TOUR_ID, TOUR_DATE, TOUR_NAME, VENUE) VALUES (2, '2026-02-11', 'Mojokerto Tour', 'UD Anggraini Arena');
INSERT INTO ARTISTS_TOURS (TOUR_ID, ARTIST_ID) VALUES (2, 26) ON CONFLICT DO NOTHING;
INSERT INTO ARTISTS_TOURS (TOUR_ID, ARTIST_ID) VALUES (2, 16) ON CONFLICT DO NOTHING;
INSERT INTO TOURS (TOUR_ID, TOUR_DATE, TOUR_NAME, VENUE) VALUES (3, '2025-12-16', 'Tasikmalaya Tour', 'PT Rahimah Arena');
INSERT INTO ARTISTS_TOURS (TOUR_ID, ARTIST_ID) VALUES (3, 44) ON CONFLICT DO NOTHING;
INSERT INTO ARTISTS_TOURS (TOUR_ID, ARTIST_ID) VALUES (3, 46) ON CONFLICT DO NOTHING;
INSERT INTO TOURS (TOUR_ID, TOUR_DATE, TOUR_NAME, VENUE) VALUES (4, '2026-10-18', 'Jayapura Tour', 'Perum Widodo Hardiansyah Arena');
INSERT INTO ARTISTS_TOURS (TOUR_ID, ARTIST_ID) VALUES (4, 13) ON CONFLICT DO NOTHING;
INSERT INTO ARTISTS_TOURS (TOUR_ID, ARTIST_ID) VALUES (4, 49) ON CONFLICT DO NOTHING;
INSERT INTO TOURS (TOUR_ID, TOUR_DATE, TOUR_NAME, VENUE) VALUES (5, '2026-11-14', 'Parepare Tour', 'PT Prastuti Arena');
INSERT INTO ARTISTS_TOURS (TOUR_ID, ARTIST_ID) VALUES (5, 2) ON CONFLICT DO NOTHING;
INSERT INTO SOCIALS (SOCIAL_ID, ARTIST_ID, SOCIAL_MEDIA_LINK) VALUES (1, 1, 'https://instagram.com/artist_1') ON CONFLICT DO NOTHING;
INSERT INTO SOCIALS (SOCIAL_ID, ARTIST_ID, SOCIAL_MEDIA_LINK) VALUES (2, 2, 'https://instagram.com/artist_2') ON CONFLICT DO NOTHING;
INSERT INTO SOCIALS (SOCIAL_ID, ARTIST_ID, SOCIAL_MEDIA_LINK) VALUES (3, 3, 'https://instagram.com/artist_3') ON CONFLICT DO NOTHING;
INSERT INTO SOCIALS (SOCIAL_ID, ARTIST_ID, SOCIAL_MEDIA_LINK) VALUES (4, 4, 'https://instagram.com/artist_4') ON CONFLICT DO NOTHING;
INSERT INTO SOCIALS (SOCIAL_ID, ARTIST_ID, SOCIAL_MEDIA_LINK) VALUES (5, 5, 'https://instagram.com/artist_5') ON CONFLICT DO NOTHING;
INSERT INTO SOCIALS (SOCIAL_ID, ARTIST_ID, SOCIAL_MEDIA_LINK) VALUES (6, 6, 'https://instagram.com/artist_6') ON CONFLICT DO NOTHING;
INSERT INTO SOCIALS (SOCIAL_ID, ARTIST_ID, SOCIAL_MEDIA_LINK) VALUES (7, 7, 'https://instagram.com/artist_7') ON CONFLICT DO NOTHING;
INSERT INTO SOCIALS (SOCIAL_ID, ARTIST_ID, SOCIAL_MEDIA_LINK) VALUES (8, 8, 'https://instagram.com/artist_8') ON CONFLICT DO NOTHING;
INSERT INTO SOCIALS (SOCIAL_ID, ARTIST_ID, SOCIAL_MEDIA_LINK) VALUES (9, 9, 'https://instagram.com/artist_9') ON CONFLICT DO NOTHING;
INSERT INTO SOCIALS (SOCIAL_ID, ARTIST_ID, SOCIAL_MEDIA_LINK) VALUES (10, 10, 'https://instagram.com/artist_10') ON CONFLICT DO NOTHING;
INSERT INTO SOCIALS (SOCIAL_ID, ARTIST_ID, SOCIAL_MEDIA_LINK) VALUES (11, 11, 'https://instagram.com/artist_11') ON CONFLICT DO NOTHING;
INSERT INTO SOCIALS (SOCIAL_ID, ARTIST_ID, SOCIAL_MEDIA_LINK) VALUES (12, 12, 'https://instagram.com/artist_12') ON CONFLICT DO NOTHING;
INSERT INTO SOCIALS (SOCIAL_ID, ARTIST_ID, SOCIAL_MEDIA_LINK) VALUES (13, 13, 'https://instagram.com/artist_13') ON CONFLICT DO NOTHING;
INSERT INTO SOCIALS (SOCIAL_ID, ARTIST_ID, SOCIAL_MEDIA_LINK) VALUES (14, 14, 'https://instagram.com/artist_14') ON CONFLICT DO NOTHING;
INSERT INTO SOCIALS (SOCIAL_ID, ARTIST_ID, SOCIAL_MEDIA_LINK) VALUES (15, 15, 'https://instagram.com/artist_15') ON CONFLICT DO NOTHING;
INSERT INTO SOCIALS (SOCIAL_ID, ARTIST_ID, SOCIAL_MEDIA_LINK) VALUES (16, 16, 'https://instagram.com/artist_16') ON CONFLICT DO NOTHING;
INSERT INTO SOCIALS (SOCIAL_ID, ARTIST_ID, SOCIAL_MEDIA_LINK) VALUES (17, 17, 'https://instagram.com/artist_17') ON CONFLICT DO NOTHING;
INSERT INTO SOCIALS (SOCIAL_ID, ARTIST_ID, SOCIAL_MEDIA_LINK) VALUES (18, 18, 'https://instagram.com/artist_18') ON CONFLICT DO NOTHING;
INSERT INTO SOCIALS (SOCIAL_ID, ARTIST_ID, SOCIAL_MEDIA_LINK) VALUES (19, 19, 'https://instagram.com/artist_19') ON CONFLICT DO NOTHING;
INSERT INTO SOCIALS (SOCIAL_ID, ARTIST_ID, SOCIAL_MEDIA_LINK) VALUES (20, 20, 'https://instagram.com/artist_20') ON CONFLICT DO NOTHING;
INSERT INTO SOCIALS (SOCIAL_ID, ARTIST_ID, SOCIAL_MEDIA_LINK) VALUES (21, 21, 'https://instagram.com/artist_21') ON CONFLICT DO NOTHING;
INSERT INTO SOCIALS (SOCIAL_ID, ARTIST_ID, SOCIAL_MEDIA_LINK) VALUES (22, 22, 'https://instagram.com/artist_22') ON CONFLICT DO NOTHING;
INSERT INTO SOCIALS (SOCIAL_ID, ARTIST_ID, SOCIAL_MEDIA_LINK) VALUES (23, 23, 'https://instagram.com/artist_23') ON CONFLICT DO NOTHING;
INSERT INTO SOCIALS (SOCIAL_ID, ARTIST_ID, SOCIAL_MEDIA_LINK) VALUES (24, 24, 'https://instagram.com/artist_24') ON CONFLICT DO NOTHING;
INSERT INTO SOCIALS (SOCIAL_ID, ARTIST_ID, SOCIAL_MEDIA_LINK) VALUES (25, 25, 'https://instagram.com/artist_25') ON CONFLICT DO NOTHING;
INSERT INTO SOCIALS (SOCIAL_ID, ARTIST_ID, SOCIAL_MEDIA_LINK) VALUES (26, 26, 'https://instagram.com/artist_26') ON CONFLICT DO NOTHING;
INSERT INTO SOCIALS (SOCIAL_ID, ARTIST_ID, SOCIAL_MEDIA_LINK) VALUES (27, 27, 'https://instagram.com/artist_27') ON CONFLICT DO NOTHING;
INSERT INTO SOCIALS (SOCIAL_ID, ARTIST_ID, SOCIAL_MEDIA_LINK) VALUES (28, 28, 'https://instagram.com/artist_28') ON CONFLICT DO NOTHING;
INSERT INTO SOCIALS (SOCIAL_ID, ARTIST_ID, SOCIAL_MEDIA_LINK) VALUES (29, 29, 'https://instagram.com/artist_29') ON CONFLICT DO NOTHING;
INSERT INTO SOCIALS (SOCIAL_ID, ARTIST_ID, SOCIAL_MEDIA_LINK) VALUES (30, 30, 'https://instagram.com/artist_30') ON CONFLICT DO NOTHING;
INSERT INTO SOCIALS (SOCIAL_ID, ARTIST_ID, SOCIAL_MEDIA_LINK) VALUES (31, 31, 'https://instagram.com/artist_31') ON CONFLICT DO NOTHING;
INSERT INTO SOCIALS (SOCIAL_ID, ARTIST_ID, SOCIAL_MEDIA_LINK) VALUES (32, 32, 'https://instagram.com/artist_32') ON CONFLICT DO NOTHING;
INSERT INTO SOCIALS (SOCIAL_ID, ARTIST_ID, SOCIAL_MEDIA_LINK) VALUES (33, 33, 'https://instagram.com/artist_33') ON CONFLICT DO NOTHING;
INSERT INTO SOCIALS (SOCIAL_ID, ARTIST_ID, SOCIAL_MEDIA_LINK) VALUES (34, 34, 'https://instagram.com/artist_34') ON CONFLICT DO NOTHING;
INSERT INTO SOCIALS (SOCIAL_ID, ARTIST_ID, SOCIAL_MEDIA_LINK) VALUES (35, 35, 'https://instagram.com/artist_35') ON CONFLICT DO NOTHING;
INSERT INTO SOCIALS (SOCIAL_ID, ARTIST_ID, SOCIAL_MEDIA_LINK) VALUES (36, 36, 'https://instagram.com/artist_36') ON CONFLICT DO NOTHING;
INSERT INTO SOCIALS (SOCIAL_ID, ARTIST_ID, SOCIAL_MEDIA_LINK) VALUES (37, 37, 'https://instagram.com/artist_37') ON CONFLICT DO NOTHING;
INSERT INTO SOCIALS (SOCIAL_ID, ARTIST_ID, SOCIAL_MEDIA_LINK) VALUES (38, 38, 'https://instagram.com/artist_38') ON CONFLICT DO NOTHING;
INSERT INTO SOCIALS (SOCIAL_ID, ARTIST_ID, SOCIAL_MEDIA_LINK) VALUES (39, 39, 'https://instagram.com/artist_39') ON CONFLICT DO NOTHING;
INSERT INTO SOCIALS (SOCIAL_ID, ARTIST_ID, SOCIAL_MEDIA_LINK) VALUES (40, 40, 'https://instagram.com/artist_40') ON CONFLICT DO NOTHING;
INSERT INTO SOCIALS (SOCIAL_ID, ARTIST_ID, SOCIAL_MEDIA_LINK) VALUES (41, 41, 'https://instagram.com/artist_41') ON CONFLICT DO NOTHING;
INSERT INTO SOCIALS (SOCIAL_ID, ARTIST_ID, SOCIAL_MEDIA_LINK) VALUES (42, 42, 'https://instagram.com/artist_42') ON CONFLICT DO NOTHING;
INSERT INTO SOCIALS (SOCIAL_ID, ARTIST_ID, SOCIAL_MEDIA_LINK) VALUES (43, 43, 'https://instagram.com/artist_43') ON CONFLICT DO NOTHING;
INSERT INTO SOCIALS (SOCIAL_ID, ARTIST_ID, SOCIAL_MEDIA_LINK) VALUES (44, 44, 'https://instagram.com/artist_44') ON CONFLICT DO NOTHING;
INSERT INTO SOCIALS (SOCIAL_ID, ARTIST_ID, SOCIAL_MEDIA_LINK) VALUES (45, 45, 'https://instagram.com/artist_45') ON CONFLICT DO NOTHING;
INSERT INTO SOCIALS (SOCIAL_ID, ARTIST_ID, SOCIAL_MEDIA_LINK) VALUES (46, 46, 'https://instagram.com/artist_46') ON CONFLICT DO NOTHING;
INSERT INTO SOCIALS (SOCIAL_ID, ARTIST_ID, SOCIAL_MEDIA_LINK) VALUES (47, 47, 'https://instagram.com/artist_47') ON CONFLICT DO NOTHING;
INSERT INTO SOCIALS (SOCIAL_ID, ARTIST_ID, SOCIAL_MEDIA_LINK) VALUES (48, 48, 'https://instagram.com/artist_48') ON CONFLICT DO NOTHING;
INSERT INTO SOCIALS (SOCIAL_ID, ARTIST_ID, SOCIAL_MEDIA_LINK) VALUES (49, 49, 'https://instagram.com/artist_49') ON CONFLICT DO NOTHING;
INSERT INTO SOCIALS (SOCIAL_ID, ARTIST_ID, SOCIAL_MEDIA_LINK) VALUES (50, 50, 'https://instagram.com/artist_50') ON CONFLICT DO NOTHING;
INSERT INTO SOCIALS (SOCIAL_ID, ARTIST_ID, SOCIAL_MEDIA_LINK) VALUES (51, 51, 'https://instagram.com/artist_51') ON CONFLICT DO NOTHING;
INSERT INTO SOCIALS (SOCIAL_ID, ARTIST_ID, SOCIAL_MEDIA_LINK) VALUES (52, 52, 'https://instagram.com/artist_52') ON CONFLICT DO NOTHING;
INSERT INTO SOCIALS (SOCIAL_ID, ARTIST_ID, SOCIAL_MEDIA_LINK) VALUES (53, 53, 'https://instagram.com/artist_53') ON CONFLICT DO NOTHING;
INSERT INTO SOCIALS (SOCIAL_ID, ARTIST_ID, SOCIAL_MEDIA_LINK) VALUES (54, 54, 'https://instagram.com/artist_54') ON CONFLICT DO NOTHING;
INSERT INTO FOLLOW_ARTISTS (USER_ID, ARTIST_ID) VALUES (1, 9) ON CONFLICT DO NOTHING;
INSERT INTO FOLLOW_ARTISTS (USER_ID, ARTIST_ID) VALUES (1, 26) ON CONFLICT DO NOTHING;
INSERT INTO FOLLOW_ARTISTS (USER_ID, ARTIST_ID) VALUES (1, 6) ON CONFLICT DO NOTHING;
INSERT INTO FOLLOW_USERS (FOLLOWER_ID, FOLLOWED_ID) VALUES (1, 40) ON CONFLICT DO NOTHING;
INSERT INTO FOLLOW_USERS (FOLLOWER_ID, FOLLOWED_ID) VALUES (1, 10) ON CONFLICT DO NOTHING;
INSERT INTO FOLLOW_ARTISTS (USER_ID, ARTIST_ID) VALUES (2, 24) ON CONFLICT DO NOTHING;
INSERT INTO FOLLOW_ARTISTS (USER_ID, ARTIST_ID) VALUES (2, 32) ON CONFLICT DO NOTHING;
INSERT INTO FOLLOW_ARTISTS (USER_ID, ARTIST_ID) VALUES (2, 36) ON CONFLICT DO NOTHING;
INSERT INTO FOLLOW_USERS (FOLLOWER_ID, FOLLOWED_ID) VALUES (2, 38) ON CONFLICT DO NOTHING;
INSERT INTO FOLLOW_USERS (FOLLOWER_ID, FOLLOWED_ID) VALUES (2, 50) ON CONFLICT DO NOTHING;
INSERT INTO FOLLOW_ARTISTS (USER_ID, ARTIST_ID) VALUES (3, 19) ON CONFLICT DO NOTHING;
INSERT INTO FOLLOW_ARTISTS (USER_ID, ARTIST_ID) VALUES (3, 24) ON CONFLICT DO NOTHING;
INSERT INTO FOLLOW_ARTISTS (USER_ID, ARTIST_ID) VALUES (3, 45) ON CONFLICT DO NOTHING;
INSERT INTO FOLLOW_USERS (FOLLOWER_ID, FOLLOWED_ID) VALUES (3, 24) ON CONFLICT DO NOTHING;
INSERT INTO FOLLOW_USERS (FOLLOWER_ID, FOLLOWED_ID) VALUES (3, 25) ON CONFLICT DO NOTHING;
INSERT INTO FOLLOW_ARTISTS (USER_ID, ARTIST_ID) VALUES (4, 33) ON CONFLICT DO NOTHING;
INSERT INTO FOLLOW_ARTISTS (USER_ID, ARTIST_ID) VALUES (4, 4) ON CONFLICT DO NOTHING;
INSERT INTO FOLLOW_ARTISTS (USER_ID, ARTIST_ID) VALUES (4, 5) ON CONFLICT DO NOTHING;
INSERT INTO FOLLOW_USERS (FOLLOWER_ID, FOLLOWED_ID) VALUES (4, 18) ON CONFLICT DO NOTHING;
INSERT INTO FOLLOW_ARTISTS (USER_ID, ARTIST_ID) VALUES (5, 51) ON CONFLICT DO NOTHING;
INSERT INTO FOLLOW_ARTISTS (USER_ID, ARTIST_ID) VALUES (5, 44) ON CONFLICT DO NOTHING;
INSERT INTO FOLLOW_ARTISTS (USER_ID, ARTIST_ID) VALUES (5, 5) ON CONFLICT DO NOTHING;
INSERT INTO FOLLOW_USERS (FOLLOWER_ID, FOLLOWED_ID) VALUES (5, 47) ON CONFLICT DO NOTHING;
INSERT INTO FOLLOW_USERS (FOLLOWER_ID, FOLLOWED_ID) VALUES (5, 21) ON CONFLICT DO NOTHING;
INSERT INTO FOLLOW_ARTISTS (USER_ID, ARTIST_ID) VALUES (6, 9) ON CONFLICT DO NOTHING;
INSERT INTO FOLLOW_ARTISTS (USER_ID, ARTIST_ID) VALUES (6, 43) ON CONFLICT DO NOTHING;
INSERT INTO FOLLOW_ARTISTS (USER_ID, ARTIST_ID) VALUES (6, 37) ON CONFLICT DO NOTHING;
INSERT INTO FOLLOW_USERS (FOLLOWER_ID, FOLLOWED_ID) VALUES (6, 1) ON CONFLICT DO NOTHING;
INSERT INTO FOLLOW_USERS (FOLLOWER_ID, FOLLOWED_ID) VALUES (6, 27) ON CONFLICT DO NOTHING;
INSERT INTO FOLLOW_ARTISTS (USER_ID, ARTIST_ID) VALUES (7, 22) ON CONFLICT DO NOTHING;
INSERT INTO FOLLOW_ARTISTS (USER_ID, ARTIST_ID) VALUES (7, 39) ON CONFLICT DO NOTHING;
INSERT INTO FOLLOW_ARTISTS (USER_ID, ARTIST_ID) VALUES (7, 33) ON CONFLICT DO NOTHING;
INSERT INTO FOLLOW_USERS (FOLLOWER_ID, FOLLOWED_ID) VALUES (7, 2) ON CONFLICT DO NOTHING;
INSERT INTO FOLLOW_USERS (FOLLOWER_ID, FOLLOWED_ID) VALUES (7, 14) ON CONFLICT DO NOTHING;
INSERT INTO FOLLOW_ARTISTS (USER_ID, ARTIST_ID) VALUES (8, 52) ON CONFLICT DO NOTHING;
INSERT INTO FOLLOW_ARTISTS (USER_ID, ARTIST_ID) VALUES (8, 5) ON CONFLICT DO NOTHING;
INSERT INTO FOLLOW_ARTISTS (USER_ID, ARTIST_ID) VALUES (8, 39) ON CONFLICT DO NOTHING;
INSERT INTO FOLLOW_USERS (FOLLOWER_ID, FOLLOWED_ID) VALUES (8, 10) ON CONFLICT DO NOTHING;
INSERT INTO FOLLOW_USERS (FOLLOWER_ID, FOLLOWED_ID) VALUES (8, 15) ON CONFLICT DO NOTHING;
INSERT INTO FOLLOW_ARTISTS (USER_ID, ARTIST_ID) VALUES (9, 33) ON CONFLICT DO NOTHING;
INSERT INTO FOLLOW_ARTISTS (USER_ID, ARTIST_ID) VALUES (9, 23) ON CONFLICT DO NOTHING;
INSERT INTO FOLLOW_ARTISTS (USER_ID, ARTIST_ID) VALUES (9, 41) ON CONFLICT DO NOTHING;
INSERT INTO FOLLOW_USERS (FOLLOWER_ID, FOLLOWED_ID) VALUES (9, 26) ON CONFLICT DO NOTHING;
INSERT INTO FOLLOW_USERS (FOLLOWER_ID, FOLLOWED_ID) VALUES (9, 24) ON CONFLICT DO NOTHING;
INSERT INTO FOLLOW_ARTISTS (USER_ID, ARTIST_ID) VALUES (10, 44) ON CONFLICT DO NOTHING;
INSERT INTO FOLLOW_ARTISTS (USER_ID, ARTIST_ID) VALUES (10, 33) ON CONFLICT DO NOTHING;
INSERT INTO FOLLOW_ARTISTS (USER_ID, ARTIST_ID) VALUES (10, 43) ON CONFLICT DO NOTHING;
INSERT INTO FOLLOW_USERS (FOLLOWER_ID, FOLLOWED_ID) VALUES (10, 19) ON CONFLICT DO NOTHING;
INSERT INTO FOLLOW_USERS (FOLLOWER_ID, FOLLOWED_ID) VALUES (10, 12) ON CONFLICT DO NOTHING;
INSERT INTO FOLLOW_ARTISTS (USER_ID, ARTIST_ID) VALUES (11, 52) ON CONFLICT DO NOTHING;
INSERT INTO FOLLOW_ARTISTS (USER_ID, ARTIST_ID) VALUES (11, 1) ON CONFLICT DO NOTHING;
INSERT INTO FOLLOW_ARTISTS (USER_ID, ARTIST_ID) VALUES (11, 13) ON CONFLICT DO NOTHING;
INSERT INTO FOLLOW_USERS (FOLLOWER_ID, FOLLOWED_ID) VALUES (11, 9) ON CONFLICT DO NOTHING;
INSERT INTO FOLLOW_USERS (FOLLOWER_ID, FOLLOWED_ID) VALUES (11, 28) ON CONFLICT DO NOTHING;
INSERT INTO FOLLOW_ARTISTS (USER_ID, ARTIST_ID) VALUES (12, 1) ON CONFLICT DO NOTHING;
INSERT INTO FOLLOW_ARTISTS (USER_ID, ARTIST_ID) VALUES (12, 12) ON CONFLICT DO NOTHING;
INSERT INTO FOLLOW_ARTISTS (USER_ID, ARTIST_ID) VALUES (12, 5) ON CONFLICT DO NOTHING;
INSERT INTO FOLLOW_USERS (FOLLOWER_ID, FOLLOWED_ID) VALUES (12, 45) ON CONFLICT DO NOTHING;
INSERT INTO FOLLOW_USERS (FOLLOWER_ID, FOLLOWED_ID) VALUES (12, 32) ON CONFLICT DO NOTHING;
INSERT INTO FOLLOW_ARTISTS (USER_ID, ARTIST_ID) VALUES (13, 12) ON CONFLICT DO NOTHING;
INSERT INTO FOLLOW_ARTISTS (USER_ID, ARTIST_ID) VALUES (13, 5) ON CONFLICT DO NOTHING;
INSERT INTO FOLLOW_ARTISTS (USER_ID, ARTIST_ID) VALUES (13, 46) ON CONFLICT DO NOTHING;
INSERT INTO FOLLOW_USERS (FOLLOWER_ID, FOLLOWED_ID) VALUES (13, 19) ON CONFLICT DO NOTHING;
INSERT INTO FOLLOW_USERS (FOLLOWER_ID, FOLLOWED_ID) VALUES (13, 44) ON CONFLICT DO NOTHING;
INSERT INTO FOLLOW_ARTISTS (USER_ID, ARTIST_ID) VALUES (14, 8) ON CONFLICT DO NOTHING;
INSERT INTO FOLLOW_ARTISTS (USER_ID, ARTIST_ID) VALUES (14, 40) ON CONFLICT DO NOTHING;
INSERT INTO FOLLOW_ARTISTS (USER_ID, ARTIST_ID) VALUES (14, 17) ON CONFLICT DO NOTHING;
INSERT INTO FOLLOW_USERS (FOLLOWER_ID, FOLLOWED_ID) VALUES (14, 45) ON CONFLICT DO NOTHING;
INSERT INTO FOLLOW_USERS (FOLLOWER_ID, FOLLOWED_ID) VALUES (14, 36) ON CONFLICT DO NOTHING;
INSERT INTO FOLLOW_ARTISTS (USER_ID, ARTIST_ID) VALUES (15, 17) ON CONFLICT DO NOTHING;
INSERT INTO FOLLOW_ARTISTS (USER_ID, ARTIST_ID) VALUES (15, 26) ON CONFLICT DO NOTHING;
INSERT INTO FOLLOW_ARTISTS (USER_ID, ARTIST_ID) VALUES (15, 5) ON CONFLICT DO NOTHING;
INSERT INTO FOLLOW_USERS (FOLLOWER_ID, FOLLOWED_ID) VALUES (15, 21) ON CONFLICT DO NOTHING;
INSERT INTO FOLLOW_USERS (FOLLOWER_ID, FOLLOWED_ID) VALUES (15, 33) ON CONFLICT DO NOTHING;
INSERT INTO FOLLOW_ARTISTS (USER_ID, ARTIST_ID) VALUES (16, 1) ON CONFLICT DO NOTHING;
INSERT INTO FOLLOW_ARTISTS (USER_ID, ARTIST_ID) VALUES (16, 21) ON CONFLICT DO NOTHING;
INSERT INTO FOLLOW_ARTISTS (USER_ID, ARTIST_ID) VALUES (16, 53) ON CONFLICT DO NOTHING;
INSERT INTO FOLLOW_USERS (FOLLOWER_ID, FOLLOWED_ID) VALUES (16, 34) ON CONFLICT DO NOTHING;
INSERT INTO FOLLOW_USERS (FOLLOWER_ID, FOLLOWED_ID) VALUES (16, 44) ON CONFLICT DO NOTHING;
INSERT INTO FOLLOW_ARTISTS (USER_ID, ARTIST_ID) VALUES (17, 36) ON CONFLICT DO NOTHING;
INSERT INTO FOLLOW_ARTISTS (USER_ID, ARTIST_ID) VALUES (17, 47) ON CONFLICT DO NOTHING;
INSERT INTO FOLLOW_ARTISTS (USER_ID, ARTIST_ID) VALUES (17, 30) ON CONFLICT DO NOTHING;
INSERT INTO FOLLOW_USERS (FOLLOWER_ID, FOLLOWED_ID) VALUES (17, 5) ON CONFLICT DO NOTHING;
INSERT INTO FOLLOW_USERS (FOLLOWER_ID, FOLLOWED_ID) VALUES (17, 23) ON CONFLICT DO NOTHING;
INSERT INTO FOLLOW_ARTISTS (USER_ID, ARTIST_ID) VALUES (18, 34) ON CONFLICT DO NOTHING;
INSERT INTO FOLLOW_ARTISTS (USER_ID, ARTIST_ID) VALUES (18, 29) ON CONFLICT DO NOTHING;
INSERT INTO FOLLOW_ARTISTS (USER_ID, ARTIST_ID) VALUES (18, 14) ON CONFLICT DO NOTHING;
INSERT INTO FOLLOW_USERS (FOLLOWER_ID, FOLLOWED_ID) VALUES (18, 5) ON CONFLICT DO NOTHING;
INSERT INTO FOLLOW_USERS (FOLLOWER_ID, FOLLOWED_ID) VALUES (18, 33) ON CONFLICT DO NOTHING;
INSERT INTO FOLLOW_ARTISTS (USER_ID, ARTIST_ID) VALUES (19, 45) ON CONFLICT DO NOTHING;
INSERT INTO FOLLOW_ARTISTS (USER_ID, ARTIST_ID) VALUES (19, 7) ON CONFLICT DO NOTHING;
INSERT INTO FOLLOW_ARTISTS (USER_ID, ARTIST_ID) VALUES (19, 10) ON CONFLICT DO NOTHING;
INSERT INTO FOLLOW_USERS (FOLLOWER_ID, FOLLOWED_ID) VALUES (19, 36) ON CONFLICT DO NOTHING;
INSERT INTO FOLLOW_USERS (FOLLOWER_ID, FOLLOWED_ID) VALUES (19, 33) ON CONFLICT DO NOTHING;
INSERT INTO FOLLOW_ARTISTS (USER_ID, ARTIST_ID) VALUES (20, 43) ON CONFLICT DO NOTHING;
INSERT INTO FOLLOW_ARTISTS (USER_ID, ARTIST_ID) VALUES (20, 17) ON CONFLICT DO NOTHING;
INSERT INTO FOLLOW_ARTISTS (USER_ID, ARTIST_ID) VALUES (20, 47) ON CONFLICT DO NOTHING;
INSERT INTO FOLLOW_USERS (FOLLOWER_ID, FOLLOWED_ID) VALUES (20, 35) ON CONFLICT DO NOTHING;
INSERT INTO FOLLOW_USERS (FOLLOWER_ID, FOLLOWED_ID) VALUES (20, 40) ON CONFLICT DO NOTHING;
INSERT INTO FOLLOW_ARTISTS (USER_ID, ARTIST_ID) VALUES (21, 35) ON CONFLICT DO NOTHING;
INSERT INTO FOLLOW_ARTISTS (USER_ID, ARTIST_ID) VALUES (21, 2) ON CONFLICT DO NOTHING;
INSERT INTO FOLLOW_ARTISTS (USER_ID, ARTIST_ID) VALUES (21, 18) ON CONFLICT DO NOTHING;
INSERT INTO FOLLOW_USERS (FOLLOWER_ID, FOLLOWED_ID) VALUES (21, 48) ON CONFLICT DO NOTHING;
INSERT INTO FOLLOW_USERS (FOLLOWER_ID, FOLLOWED_ID) VALUES (21, 28) ON CONFLICT DO NOTHING;
INSERT INTO FOLLOW_ARTISTS (USER_ID, ARTIST_ID) VALUES (22, 6) ON CONFLICT DO NOTHING;
INSERT INTO FOLLOW_ARTISTS (USER_ID, ARTIST_ID) VALUES (22, 16) ON CONFLICT DO NOTHING;
INSERT INTO FOLLOW_ARTISTS (USER_ID, ARTIST_ID) VALUES (22, 26) ON CONFLICT DO NOTHING;
INSERT INTO FOLLOW_USERS (FOLLOWER_ID, FOLLOWED_ID) VALUES (22, 19) ON CONFLICT DO NOTHING;
INSERT INTO FOLLOW_USERS (FOLLOWER_ID, FOLLOWED_ID) VALUES (22, 30) ON CONFLICT DO NOTHING;
INSERT INTO FOLLOW_ARTISTS (USER_ID, ARTIST_ID) VALUES (23, 19) ON CONFLICT DO NOTHING;
INSERT INTO FOLLOW_ARTISTS (USER_ID, ARTIST_ID) VALUES (23, 8) ON CONFLICT DO NOTHING;
INSERT INTO FOLLOW_ARTISTS (USER_ID, ARTIST_ID) VALUES (23, 36) ON CONFLICT DO NOTHING;
INSERT INTO FOLLOW_USERS (FOLLOWER_ID, FOLLOWED_ID) VALUES (23, 26) ON CONFLICT DO NOTHING;
INSERT INTO FOLLOW_USERS (FOLLOWER_ID, FOLLOWED_ID) VALUES (23, 47) ON CONFLICT DO NOTHING;
INSERT INTO FOLLOW_ARTISTS (USER_ID, ARTIST_ID) VALUES (24, 33) ON CONFLICT DO NOTHING;
INSERT INTO FOLLOW_ARTISTS (USER_ID, ARTIST_ID) VALUES (24, 6) ON CONFLICT DO NOTHING;
INSERT INTO FOLLOW_ARTISTS (USER_ID, ARTIST_ID) VALUES (24, 46) ON CONFLICT DO NOTHING;
INSERT INTO FOLLOW_USERS (FOLLOWER_ID, FOLLOWED_ID) VALUES (24, 45) ON CONFLICT DO NOTHING;
INSERT INTO FOLLOW_USERS (FOLLOWER_ID, FOLLOWED_ID) VALUES (24, 42) ON CONFLICT DO NOTHING;
INSERT INTO FOLLOW_ARTISTS (USER_ID, ARTIST_ID) VALUES (25, 54) ON CONFLICT DO NOTHING;
INSERT INTO FOLLOW_ARTISTS (USER_ID, ARTIST_ID) VALUES (25, 40) ON CONFLICT DO NOTHING;
INSERT INTO FOLLOW_ARTISTS (USER_ID, ARTIST_ID) VALUES (25, 10) ON CONFLICT DO NOTHING;
INSERT INTO FOLLOW_USERS (FOLLOWER_ID, FOLLOWED_ID) VALUES (25, 48) ON CONFLICT DO NOTHING;
INSERT INTO FOLLOW_USERS (FOLLOWER_ID, FOLLOWED_ID) VALUES (25, 12) ON CONFLICT DO NOTHING;
INSERT INTO FOLLOW_ARTISTS (USER_ID, ARTIST_ID) VALUES (26, 42) ON CONFLICT DO NOTHING;
INSERT INTO FOLLOW_ARTISTS (USER_ID, ARTIST_ID) VALUES (26, 18) ON CONFLICT DO NOTHING;
INSERT INTO FOLLOW_ARTISTS (USER_ID, ARTIST_ID) VALUES (26, 4) ON CONFLICT DO NOTHING;
INSERT INTO FOLLOW_USERS (FOLLOWER_ID, FOLLOWED_ID) VALUES (26, 29) ON CONFLICT DO NOTHING;
INSERT INTO FOLLOW_USERS (FOLLOWER_ID, FOLLOWED_ID) VALUES (26, 24) ON CONFLICT DO NOTHING;
INSERT INTO FOLLOW_ARTISTS (USER_ID, ARTIST_ID) VALUES (27, 1) ON CONFLICT DO NOTHING;
INSERT INTO FOLLOW_ARTISTS (USER_ID, ARTIST_ID) VALUES (27, 6) ON CONFLICT DO NOTHING;
INSERT INTO FOLLOW_ARTISTS (USER_ID, ARTIST_ID) VALUES (27, 10) ON CONFLICT DO NOTHING;
INSERT INTO FOLLOW_USERS (FOLLOWER_ID, FOLLOWED_ID) VALUES (27, 11) ON CONFLICT DO NOTHING;
INSERT INTO FOLLOW_USERS (FOLLOWER_ID, FOLLOWED_ID) VALUES (27, 26) ON CONFLICT DO NOTHING;
INSERT INTO FOLLOW_ARTISTS (USER_ID, ARTIST_ID) VALUES (28, 49) ON CONFLICT DO NOTHING;
INSERT INTO FOLLOW_ARTISTS (USER_ID, ARTIST_ID) VALUES (28, 48) ON CONFLICT DO NOTHING;
INSERT INTO FOLLOW_ARTISTS (USER_ID, ARTIST_ID) VALUES (28, 6) ON CONFLICT DO NOTHING;
INSERT INTO FOLLOW_USERS (FOLLOWER_ID, FOLLOWED_ID) VALUES (28, 35) ON CONFLICT DO NOTHING;
INSERT INTO FOLLOW_USERS (FOLLOWER_ID, FOLLOWED_ID) VALUES (28, 13) ON CONFLICT DO NOTHING;
INSERT INTO FOLLOW_ARTISTS (USER_ID, ARTIST_ID) VALUES (29, 7) ON CONFLICT DO NOTHING;
INSERT INTO FOLLOW_ARTISTS (USER_ID, ARTIST_ID) VALUES (29, 40) ON CONFLICT DO NOTHING;
INSERT INTO FOLLOW_ARTISTS (USER_ID, ARTIST_ID) VALUES (29, 19) ON CONFLICT DO NOTHING;
INSERT INTO FOLLOW_USERS (FOLLOWER_ID, FOLLOWED_ID) VALUES (29, 45) ON CONFLICT DO NOTHING;
INSERT INTO FOLLOW_USERS (FOLLOWER_ID, FOLLOWED_ID) VALUES (29, 20) ON CONFLICT DO NOTHING;
INSERT INTO FOLLOW_ARTISTS (USER_ID, ARTIST_ID) VALUES (30, 54) ON CONFLICT DO NOTHING;
INSERT INTO FOLLOW_ARTISTS (USER_ID, ARTIST_ID) VALUES (30, 12) ON CONFLICT DO NOTHING;
INSERT INTO FOLLOW_ARTISTS (USER_ID, ARTIST_ID) VALUES (30, 48) ON CONFLICT DO NOTHING;
INSERT INTO FOLLOW_USERS (FOLLOWER_ID, FOLLOWED_ID) VALUES (30, 19) ON CONFLICT DO NOTHING;
INSERT INTO FOLLOW_USERS (FOLLOWER_ID, FOLLOWED_ID) VALUES (30, 48) ON CONFLICT DO NOTHING;
INSERT INTO FOLLOW_ARTISTS (USER_ID, ARTIST_ID) VALUES (31, 52) ON CONFLICT DO NOTHING;
INSERT INTO FOLLOW_ARTISTS (USER_ID, ARTIST_ID) VALUES (31, 13) ON CONFLICT DO NOTHING;
INSERT INTO FOLLOW_ARTISTS (USER_ID, ARTIST_ID) VALUES (31, 28) ON CONFLICT DO NOTHING;
INSERT INTO FOLLOW_USERS (FOLLOWER_ID, FOLLOWED_ID) VALUES (31, 45) ON CONFLICT DO NOTHING;
INSERT INTO FOLLOW_USERS (FOLLOWER_ID, FOLLOWED_ID) VALUES (31, 25) ON CONFLICT DO NOTHING;
INSERT INTO FOLLOW_ARTISTS (USER_ID, ARTIST_ID) VALUES (32, 16) ON CONFLICT DO NOTHING;
INSERT INTO FOLLOW_ARTISTS (USER_ID, ARTIST_ID) VALUES (32, 51) ON CONFLICT DO NOTHING;
INSERT INTO FOLLOW_ARTISTS (USER_ID, ARTIST_ID) VALUES (32, 52) ON CONFLICT DO NOTHING;
INSERT INTO FOLLOW_USERS (FOLLOWER_ID, FOLLOWED_ID) VALUES (32, 20) ON CONFLICT DO NOTHING;
INSERT INTO FOLLOW_USERS (FOLLOWER_ID, FOLLOWED_ID) VALUES (32, 37) ON CONFLICT DO NOTHING;
INSERT INTO FOLLOW_ARTISTS (USER_ID, ARTIST_ID) VALUES (33, 6) ON CONFLICT DO NOTHING;
INSERT INTO FOLLOW_ARTISTS (USER_ID, ARTIST_ID) VALUES (33, 18) ON CONFLICT DO NOTHING;
INSERT INTO FOLLOW_ARTISTS (USER_ID, ARTIST_ID) VALUES (33, 11) ON CONFLICT DO NOTHING;
INSERT INTO FOLLOW_USERS (FOLLOWER_ID, FOLLOWED_ID) VALUES (33, 4) ON CONFLICT DO NOTHING;
INSERT INTO FOLLOW_USERS (FOLLOWER_ID, FOLLOWED_ID) VALUES (33, 5) ON CONFLICT DO NOTHING;
INSERT INTO FOLLOW_ARTISTS (USER_ID, ARTIST_ID) VALUES (34, 52) ON CONFLICT DO NOTHING;
INSERT INTO FOLLOW_ARTISTS (USER_ID, ARTIST_ID) VALUES (34, 39) ON CONFLICT DO NOTHING;
INSERT INTO FOLLOW_ARTISTS (USER_ID, ARTIST_ID) VALUES (34, 16) ON CONFLICT DO NOTHING;
INSERT INTO FOLLOW_USERS (FOLLOWER_ID, FOLLOWED_ID) VALUES (34, 13) ON CONFLICT DO NOTHING;
INSERT INTO FOLLOW_USERS (FOLLOWER_ID, FOLLOWED_ID) VALUES (34, 42) ON CONFLICT DO NOTHING;
INSERT INTO FOLLOW_ARTISTS (USER_ID, ARTIST_ID) VALUES (35, 31) ON CONFLICT DO NOTHING;
INSERT INTO FOLLOW_ARTISTS (USER_ID, ARTIST_ID) VALUES (35, 36) ON CONFLICT DO NOTHING;
INSERT INTO FOLLOW_ARTISTS (USER_ID, ARTIST_ID) VALUES (35, 40) ON CONFLICT DO NOTHING;
INSERT INTO FOLLOW_USERS (FOLLOWER_ID, FOLLOWED_ID) VALUES (35, 10) ON CONFLICT DO NOTHING;
INSERT INTO FOLLOW_USERS (FOLLOWER_ID, FOLLOWED_ID) VALUES (35, 28) ON CONFLICT DO NOTHING;
INSERT INTO FOLLOW_ARTISTS (USER_ID, ARTIST_ID) VALUES (36, 51) ON CONFLICT DO NOTHING;
INSERT INTO FOLLOW_ARTISTS (USER_ID, ARTIST_ID) VALUES (36, 53) ON CONFLICT DO NOTHING;
INSERT INTO FOLLOW_ARTISTS (USER_ID, ARTIST_ID) VALUES (36, 26) ON CONFLICT DO NOTHING;
INSERT INTO FOLLOW_USERS (FOLLOWER_ID, FOLLOWED_ID) VALUES (36, 38) ON CONFLICT DO NOTHING;
INSERT INTO FOLLOW_USERS (FOLLOWER_ID, FOLLOWED_ID) VALUES (36, 2) ON CONFLICT DO NOTHING;
INSERT INTO FOLLOW_ARTISTS (USER_ID, ARTIST_ID) VALUES (37, 25) ON CONFLICT DO NOTHING;
INSERT INTO FOLLOW_ARTISTS (USER_ID, ARTIST_ID) VALUES (37, 43) ON CONFLICT DO NOTHING;
INSERT INTO FOLLOW_ARTISTS (USER_ID, ARTIST_ID) VALUES (37, 46) ON CONFLICT DO NOTHING;
INSERT INTO FOLLOW_USERS (FOLLOWER_ID, FOLLOWED_ID) VALUES (37, 23) ON CONFLICT DO NOTHING;
INSERT INTO FOLLOW_USERS (FOLLOWER_ID, FOLLOWED_ID) VALUES (37, 13) ON CONFLICT DO NOTHING;
INSERT INTO FOLLOW_ARTISTS (USER_ID, ARTIST_ID) VALUES (38, 21) ON CONFLICT DO NOTHING;
INSERT INTO FOLLOW_ARTISTS (USER_ID, ARTIST_ID) VALUES (38, 16) ON CONFLICT DO NOTHING;
INSERT INTO FOLLOW_ARTISTS (USER_ID, ARTIST_ID) VALUES (38, 7) ON CONFLICT DO NOTHING;
INSERT INTO FOLLOW_USERS (FOLLOWER_ID, FOLLOWED_ID) VALUES (38, 30) ON CONFLICT DO NOTHING;
INSERT INTO FOLLOW_USERS (FOLLOWER_ID, FOLLOWED_ID) VALUES (38, 26) ON CONFLICT DO NOTHING;
INSERT INTO FOLLOW_ARTISTS (USER_ID, ARTIST_ID) VALUES (39, 35) ON CONFLICT DO NOTHING;
INSERT INTO FOLLOW_ARTISTS (USER_ID, ARTIST_ID) VALUES (39, 2) ON CONFLICT DO NOTHING;
INSERT INTO FOLLOW_ARTISTS (USER_ID, ARTIST_ID) VALUES (39, 32) ON CONFLICT DO NOTHING;
INSERT INTO FOLLOW_USERS (FOLLOWER_ID, FOLLOWED_ID) VALUES (39, 24) ON CONFLICT DO NOTHING;
INSERT INTO FOLLOW_USERS (FOLLOWER_ID, FOLLOWED_ID) VALUES (39, 4) ON CONFLICT DO NOTHING;
INSERT INTO FOLLOW_ARTISTS (USER_ID, ARTIST_ID) VALUES (40, 44) ON CONFLICT DO NOTHING;
INSERT INTO FOLLOW_ARTISTS (USER_ID, ARTIST_ID) VALUES (40, 43) ON CONFLICT DO NOTHING;
INSERT INTO FOLLOW_ARTISTS (USER_ID, ARTIST_ID) VALUES (40, 5) ON CONFLICT DO NOTHING;
INSERT INTO FOLLOW_USERS (FOLLOWER_ID, FOLLOWED_ID) VALUES (40, 28) ON CONFLICT DO NOTHING;
INSERT INTO FOLLOW_USERS (FOLLOWER_ID, FOLLOWED_ID) VALUES (40, 12) ON CONFLICT DO NOTHING;
INSERT INTO FOLLOW_ARTISTS (USER_ID, ARTIST_ID) VALUES (41, 20) ON CONFLICT DO NOTHING;
INSERT INTO FOLLOW_ARTISTS (USER_ID, ARTIST_ID) VALUES (41, 53) ON CONFLICT DO NOTHING;
INSERT INTO FOLLOW_ARTISTS (USER_ID, ARTIST_ID) VALUES (41, 34) ON CONFLICT DO NOTHING;
INSERT INTO FOLLOW_USERS (FOLLOWER_ID, FOLLOWED_ID) VALUES (41, 18) ON CONFLICT DO NOTHING;
INSERT INTO FOLLOW_USERS (FOLLOWER_ID, FOLLOWED_ID) VALUES (41, 9) ON CONFLICT DO NOTHING;
INSERT INTO FOLLOW_ARTISTS (USER_ID, ARTIST_ID) VALUES (42, 33) ON CONFLICT DO NOTHING;
INSERT INTO FOLLOW_ARTISTS (USER_ID, ARTIST_ID) VALUES (42, 6) ON CONFLICT DO NOTHING;
INSERT INTO FOLLOW_ARTISTS (USER_ID, ARTIST_ID) VALUES (42, 38) ON CONFLICT DO NOTHING;
INSERT INTO FOLLOW_USERS (FOLLOWER_ID, FOLLOWED_ID) VALUES (42, 30) ON CONFLICT DO NOTHING;
INSERT INTO FOLLOW_USERS (FOLLOWER_ID, FOLLOWED_ID) VALUES (42, 38) ON CONFLICT DO NOTHING;
INSERT INTO FOLLOW_ARTISTS (USER_ID, ARTIST_ID) VALUES (43, 18) ON CONFLICT DO NOTHING;
INSERT INTO FOLLOW_ARTISTS (USER_ID, ARTIST_ID) VALUES (43, 4) ON CONFLICT DO NOTHING;
INSERT INTO FOLLOW_ARTISTS (USER_ID, ARTIST_ID) VALUES (43, 14) ON CONFLICT DO NOTHING;
INSERT INTO FOLLOW_USERS (FOLLOWER_ID, FOLLOWED_ID) VALUES (43, 39) ON CONFLICT DO NOTHING;
INSERT INTO FOLLOW_USERS (FOLLOWER_ID, FOLLOWED_ID) VALUES (43, 41) ON CONFLICT DO NOTHING;
INSERT INTO FOLLOW_ARTISTS (USER_ID, ARTIST_ID) VALUES (44, 52) ON CONFLICT DO NOTHING;
INSERT INTO FOLLOW_ARTISTS (USER_ID, ARTIST_ID) VALUES (44, 8) ON CONFLICT DO NOTHING;
INSERT INTO FOLLOW_ARTISTS (USER_ID, ARTIST_ID) VALUES (44, 21) ON CONFLICT DO NOTHING;
INSERT INTO FOLLOW_USERS (FOLLOWER_ID, FOLLOWED_ID) VALUES (44, 32) ON CONFLICT DO NOTHING;
INSERT INTO FOLLOW_USERS (FOLLOWER_ID, FOLLOWED_ID) VALUES (44, 35) ON CONFLICT DO NOTHING;
INSERT INTO FOLLOW_ARTISTS (USER_ID, ARTIST_ID) VALUES (45, 31) ON CONFLICT DO NOTHING;
INSERT INTO FOLLOW_ARTISTS (USER_ID, ARTIST_ID) VALUES (45, 5) ON CONFLICT DO NOTHING;
INSERT INTO FOLLOW_ARTISTS (USER_ID, ARTIST_ID) VALUES (45, 38) ON CONFLICT DO NOTHING;
INSERT INTO FOLLOW_USERS (FOLLOWER_ID, FOLLOWED_ID) VALUES (45, 9) ON CONFLICT DO NOTHING;
INSERT INTO FOLLOW_USERS (FOLLOWER_ID, FOLLOWED_ID) VALUES (45, 35) ON CONFLICT DO NOTHING;
INSERT INTO FOLLOW_ARTISTS (USER_ID, ARTIST_ID) VALUES (46, 32) ON CONFLICT DO NOTHING;
INSERT INTO FOLLOW_ARTISTS (USER_ID, ARTIST_ID) VALUES (46, 15) ON CONFLICT DO NOTHING;
INSERT INTO FOLLOW_ARTISTS (USER_ID, ARTIST_ID) VALUES (46, 23) ON CONFLICT DO NOTHING;
INSERT INTO FOLLOW_USERS (FOLLOWER_ID, FOLLOWED_ID) VALUES (46, 8) ON CONFLICT DO NOTHING;
INSERT INTO FOLLOW_USERS (FOLLOWER_ID, FOLLOWED_ID) VALUES (46, 50) ON CONFLICT DO NOTHING;
INSERT INTO FOLLOW_ARTISTS (USER_ID, ARTIST_ID) VALUES (47, 48) ON CONFLICT DO NOTHING;
INSERT INTO FOLLOW_ARTISTS (USER_ID, ARTIST_ID) VALUES (47, 11) ON CONFLICT DO NOTHING;
INSERT INTO FOLLOW_ARTISTS (USER_ID, ARTIST_ID) VALUES (47, 50) ON CONFLICT DO NOTHING;
INSERT INTO FOLLOW_USERS (FOLLOWER_ID, FOLLOWED_ID) VALUES (47, 2) ON CONFLICT DO NOTHING;
INSERT INTO FOLLOW_USERS (FOLLOWER_ID, FOLLOWED_ID) VALUES (47, 26) ON CONFLICT DO NOTHING;
INSERT INTO FOLLOW_ARTISTS (USER_ID, ARTIST_ID) VALUES (48, 36) ON CONFLICT DO NOTHING;
INSERT INTO FOLLOW_ARTISTS (USER_ID, ARTIST_ID) VALUES (48, 48) ON CONFLICT DO NOTHING;
INSERT INTO FOLLOW_ARTISTS (USER_ID, ARTIST_ID) VALUES (48, 47) ON CONFLICT DO NOTHING;
INSERT INTO FOLLOW_USERS (FOLLOWER_ID, FOLLOWED_ID) VALUES (48, 46) ON CONFLICT DO NOTHING;
INSERT INTO FOLLOW_USERS (FOLLOWER_ID, FOLLOWED_ID) VALUES (48, 24) ON CONFLICT DO NOTHING;
INSERT INTO FOLLOW_ARTISTS (USER_ID, ARTIST_ID) VALUES (49, 41) ON CONFLICT DO NOTHING;
INSERT INTO FOLLOW_ARTISTS (USER_ID, ARTIST_ID) VALUES (49, 10) ON CONFLICT DO NOTHING;
INSERT INTO FOLLOW_ARTISTS (USER_ID, ARTIST_ID) VALUES (49, 28) ON CONFLICT DO NOTHING;
INSERT INTO FOLLOW_USERS (FOLLOWER_ID, FOLLOWED_ID) VALUES (49, 1) ON CONFLICT DO NOTHING;
INSERT INTO FOLLOW_USERS (FOLLOWER_ID, FOLLOWED_ID) VALUES (49, 36) ON CONFLICT DO NOTHING;
INSERT INTO FOLLOW_ARTISTS (USER_ID, ARTIST_ID) VALUES (50, 39) ON CONFLICT DO NOTHING;
INSERT INTO FOLLOW_ARTISTS (USER_ID, ARTIST_ID) VALUES (50, 45) ON CONFLICT DO NOTHING;
INSERT INTO FOLLOW_ARTISTS (USER_ID, ARTIST_ID) VALUES (50, 33) ON CONFLICT DO NOTHING;
INSERT INTO FOLLOW_USERS (FOLLOWER_ID, FOLLOWED_ID) VALUES (50, 45) ON CONFLICT DO NOTHING;
INSERT INTO FOLLOW_USERS (FOLLOWER_ID, FOLLOWED_ID) VALUES (50, 8) ON CONFLICT DO NOTHING;
INSERT INTO COLLECTION_LIBRARY (USER_ID, COLLECTION_ID) VALUES (1, 5) ON CONFLICT DO NOTHING;
INSERT INTO PL_LIBRARY (USER_ID, PLAYLIST_ID) VALUES (1, 24) ON CONFLICT DO NOTHING;
INSERT INTO COLLECTION_LIBRARY (USER_ID, COLLECTION_ID) VALUES (2, 22) ON CONFLICT DO NOTHING;
INSERT INTO PL_LIBRARY (USER_ID, PLAYLIST_ID) VALUES (2, 46) ON CONFLICT DO NOTHING;
INSERT INTO COLLECTION_LIBRARY (USER_ID, COLLECTION_ID) VALUES (3, 60) ON CONFLICT DO NOTHING;
INSERT INTO PL_LIBRARY (USER_ID, PLAYLIST_ID) VALUES (3, 33) ON CONFLICT DO NOTHING;
INSERT INTO COLLECTION_LIBRARY (USER_ID, COLLECTION_ID) VALUES (4, 22) ON CONFLICT DO NOTHING;
INSERT INTO PL_LIBRARY (USER_ID, PLAYLIST_ID) VALUES (4, 13) ON CONFLICT DO NOTHING;
INSERT INTO COLLECTION_LIBRARY (USER_ID, COLLECTION_ID) VALUES (5, 51) ON CONFLICT DO NOTHING;
INSERT INTO PL_LIBRARY (USER_ID, PLAYLIST_ID) VALUES (5, 33) ON CONFLICT DO NOTHING;
INSERT INTO COLLECTION_LIBRARY (USER_ID, COLLECTION_ID) VALUES (6, 37) ON CONFLICT DO NOTHING;
INSERT INTO PL_LIBRARY (USER_ID, PLAYLIST_ID) VALUES (6, 20) ON CONFLICT DO NOTHING;
INSERT INTO COLLECTION_LIBRARY (USER_ID, COLLECTION_ID) VALUES (7, 15) ON CONFLICT DO NOTHING;
INSERT INTO PL_LIBRARY (USER_ID, PLAYLIST_ID) VALUES (7, 68) ON CONFLICT DO NOTHING;
INSERT INTO COLLECTION_LIBRARY (USER_ID, COLLECTION_ID) VALUES (8, 7) ON CONFLICT DO NOTHING;
INSERT INTO PL_LIBRARY (USER_ID, PLAYLIST_ID) VALUES (8, 50) ON CONFLICT DO NOTHING;
INSERT INTO COLLECTION_LIBRARY (USER_ID, COLLECTION_ID) VALUES (9, 3) ON CONFLICT DO NOTHING;
INSERT INTO PL_LIBRARY (USER_ID, PLAYLIST_ID) VALUES (9, 14) ON CONFLICT DO NOTHING;
INSERT INTO COLLECTION_LIBRARY (USER_ID, COLLECTION_ID) VALUES (10, 23) ON CONFLICT DO NOTHING;
INSERT INTO PL_LIBRARY (USER_ID, PLAYLIST_ID) VALUES (10, 12) ON CONFLICT DO NOTHING;
INSERT INTO COLLECTION_LIBRARY (USER_ID, COLLECTION_ID) VALUES (11, 62) ON CONFLICT DO NOTHING;
INSERT INTO PL_LIBRARY (USER_ID, PLAYLIST_ID) VALUES (11, 47) ON CONFLICT DO NOTHING;
INSERT INTO COLLECTION_LIBRARY (USER_ID, COLLECTION_ID) VALUES (12, 7) ON CONFLICT DO NOTHING;
INSERT INTO PL_LIBRARY (USER_ID, PLAYLIST_ID) VALUES (12, 57) ON CONFLICT DO NOTHING;
INSERT INTO COLLECTION_LIBRARY (USER_ID, COLLECTION_ID) VALUES (13, 12) ON CONFLICT DO NOTHING;
INSERT INTO PL_LIBRARY (USER_ID, PLAYLIST_ID) VALUES (13, 24) ON CONFLICT DO NOTHING;
INSERT INTO COLLECTION_LIBRARY (USER_ID, COLLECTION_ID) VALUES (14, 10) ON CONFLICT DO NOTHING;
INSERT INTO PL_LIBRARY (USER_ID, PLAYLIST_ID) VALUES (14, 50) ON CONFLICT DO NOTHING;
INSERT INTO COLLECTION_LIBRARY (USER_ID, COLLECTION_ID) VALUES (15, 48) ON CONFLICT DO NOTHING;
INSERT INTO PL_LIBRARY (USER_ID, PLAYLIST_ID) VALUES (15, 23) ON CONFLICT DO NOTHING;
INSERT INTO COLLECTION_LIBRARY (USER_ID, COLLECTION_ID) VALUES (16, 13) ON CONFLICT DO NOTHING;
INSERT INTO PL_LIBRARY (USER_ID, PLAYLIST_ID) VALUES (16, 5) ON CONFLICT DO NOTHING;
INSERT INTO COLLECTION_LIBRARY (USER_ID, COLLECTION_ID) VALUES (17, 31) ON CONFLICT DO NOTHING;
INSERT INTO PL_LIBRARY (USER_ID, PLAYLIST_ID) VALUES (17, 55) ON CONFLICT DO NOTHING;
INSERT INTO COLLECTION_LIBRARY (USER_ID, COLLECTION_ID) VALUES (18, 62) ON CONFLICT DO NOTHING;
INSERT INTO PL_LIBRARY (USER_ID, PLAYLIST_ID) VALUES (18, 16) ON CONFLICT DO NOTHING;
INSERT INTO COLLECTION_LIBRARY (USER_ID, COLLECTION_ID) VALUES (19, 59) ON CONFLICT DO NOTHING;
INSERT INTO PL_LIBRARY (USER_ID, PLAYLIST_ID) VALUES (19, 41) ON CONFLICT DO NOTHING;
INSERT INTO COLLECTION_LIBRARY (USER_ID, COLLECTION_ID) VALUES (20, 35) ON CONFLICT DO NOTHING;
INSERT INTO PL_LIBRARY (USER_ID, PLAYLIST_ID) VALUES (20, 54) ON CONFLICT DO NOTHING;
INSERT INTO COLLECTION_LIBRARY (USER_ID, COLLECTION_ID) VALUES (21, 46) ON CONFLICT DO NOTHING;
INSERT INTO PL_LIBRARY (USER_ID, PLAYLIST_ID) VALUES (21, 19) ON CONFLICT DO NOTHING;
INSERT INTO COLLECTION_LIBRARY (USER_ID, COLLECTION_ID) VALUES (22, 24) ON CONFLICT DO NOTHING;
INSERT INTO PL_LIBRARY (USER_ID, PLAYLIST_ID) VALUES (22, 4) ON CONFLICT DO NOTHING;
INSERT INTO COLLECTION_LIBRARY (USER_ID, COLLECTION_ID) VALUES (23, 25) ON CONFLICT DO NOTHING;
INSERT INTO PL_LIBRARY (USER_ID, PLAYLIST_ID) VALUES (23, 2) ON CONFLICT DO NOTHING;
INSERT INTO COLLECTION_LIBRARY (USER_ID, COLLECTION_ID) VALUES (24, 31) ON CONFLICT DO NOTHING;
INSERT INTO PL_LIBRARY (USER_ID, PLAYLIST_ID) VALUES (24, 1) ON CONFLICT DO NOTHING;
INSERT INTO COLLECTION_LIBRARY (USER_ID, COLLECTION_ID) VALUES (25, 56) ON CONFLICT DO NOTHING;
INSERT INTO PL_LIBRARY (USER_ID, PLAYLIST_ID) VALUES (25, 41) ON CONFLICT DO NOTHING;
INSERT INTO COLLECTION_LIBRARY (USER_ID, COLLECTION_ID) VALUES (26, 21) ON CONFLICT DO NOTHING;
INSERT INTO PL_LIBRARY (USER_ID, PLAYLIST_ID) VALUES (26, 34) ON CONFLICT DO NOTHING;
INSERT INTO COLLECTION_LIBRARY (USER_ID, COLLECTION_ID) VALUES (27, 65) ON CONFLICT DO NOTHING;
INSERT INTO PL_LIBRARY (USER_ID, PLAYLIST_ID) VALUES (27, 26) ON CONFLICT DO NOTHING;
INSERT INTO COLLECTION_LIBRARY (USER_ID, COLLECTION_ID) VALUES (28, 24) ON CONFLICT DO NOTHING;
INSERT INTO PL_LIBRARY (USER_ID, PLAYLIST_ID) VALUES (28, 19) ON CONFLICT DO NOTHING;
INSERT INTO COLLECTION_LIBRARY (USER_ID, COLLECTION_ID) VALUES (29, 49) ON CONFLICT DO NOTHING;
INSERT INTO PL_LIBRARY (USER_ID, PLAYLIST_ID) VALUES (29, 61) ON CONFLICT DO NOTHING;
INSERT INTO COLLECTION_LIBRARY (USER_ID, COLLECTION_ID) VALUES (30, 61) ON CONFLICT DO NOTHING;
INSERT INTO PL_LIBRARY (USER_ID, PLAYLIST_ID) VALUES (30, 39) ON CONFLICT DO NOTHING;
INSERT INTO COLLECTION_LIBRARY (USER_ID, COLLECTION_ID) VALUES (31, 27) ON CONFLICT DO NOTHING;
INSERT INTO PL_LIBRARY (USER_ID, PLAYLIST_ID) VALUES (31, 53) ON CONFLICT DO NOTHING;
INSERT INTO COLLECTION_LIBRARY (USER_ID, COLLECTION_ID) VALUES (32, 51) ON CONFLICT DO NOTHING;
INSERT INTO PL_LIBRARY (USER_ID, PLAYLIST_ID) VALUES (32, 30) ON CONFLICT DO NOTHING;
INSERT INTO COLLECTION_LIBRARY (USER_ID, COLLECTION_ID) VALUES (33, 29) ON CONFLICT DO NOTHING;
INSERT INTO PL_LIBRARY (USER_ID, PLAYLIST_ID) VALUES (33, 59) ON CONFLICT DO NOTHING;
INSERT INTO COLLECTION_LIBRARY (USER_ID, COLLECTION_ID) VALUES (34, 29) ON CONFLICT DO NOTHING;
INSERT INTO PL_LIBRARY (USER_ID, PLAYLIST_ID) VALUES (34, 46) ON CONFLICT DO NOTHING;
INSERT INTO COLLECTION_LIBRARY (USER_ID, COLLECTION_ID) VALUES (35, 37) ON CONFLICT DO NOTHING;
INSERT INTO PL_LIBRARY (USER_ID, PLAYLIST_ID) VALUES (35, 37) ON CONFLICT DO NOTHING;
INSERT INTO COLLECTION_LIBRARY (USER_ID, COLLECTION_ID) VALUES (36, 25) ON CONFLICT DO NOTHING;
INSERT INTO PL_LIBRARY (USER_ID, PLAYLIST_ID) VALUES (36, 6) ON CONFLICT DO NOTHING;
INSERT INTO COLLECTION_LIBRARY (USER_ID, COLLECTION_ID) VALUES (37, 45) ON CONFLICT DO NOTHING;
INSERT INTO PL_LIBRARY (USER_ID, PLAYLIST_ID) VALUES (37, 57) ON CONFLICT DO NOTHING;
INSERT INTO COLLECTION_LIBRARY (USER_ID, COLLECTION_ID) VALUES (38, 36) ON CONFLICT DO NOTHING;
INSERT INTO PL_LIBRARY (USER_ID, PLAYLIST_ID) VALUES (38, 28) ON CONFLICT DO NOTHING;
INSERT INTO COLLECTION_LIBRARY (USER_ID, COLLECTION_ID) VALUES (39, 53) ON CONFLICT DO NOTHING;
INSERT INTO PL_LIBRARY (USER_ID, PLAYLIST_ID) VALUES (39, 15) ON CONFLICT DO NOTHING;
INSERT INTO COLLECTION_LIBRARY (USER_ID, COLLECTION_ID) VALUES (40, 46) ON CONFLICT DO NOTHING;
INSERT INTO PL_LIBRARY (USER_ID, PLAYLIST_ID) VALUES (40, 35) ON CONFLICT DO NOTHING;
INSERT INTO COLLECTION_LIBRARY (USER_ID, COLLECTION_ID) VALUES (41, 46) ON CONFLICT DO NOTHING;
INSERT INTO PL_LIBRARY (USER_ID, PLAYLIST_ID) VALUES (41, 54) ON CONFLICT DO NOTHING;
INSERT INTO COLLECTION_LIBRARY (USER_ID, COLLECTION_ID) VALUES (42, 51) ON CONFLICT DO NOTHING;
INSERT INTO PL_LIBRARY (USER_ID, PLAYLIST_ID) VALUES (42, 29) ON CONFLICT DO NOTHING;
INSERT INTO COLLECTION_LIBRARY (USER_ID, COLLECTION_ID) VALUES (43, 33) ON CONFLICT DO NOTHING;
INSERT INTO PL_LIBRARY (USER_ID, PLAYLIST_ID) VALUES (43, 22) ON CONFLICT DO NOTHING;
INSERT INTO COLLECTION_LIBRARY (USER_ID, COLLECTION_ID) VALUES (44, 45) ON CONFLICT DO NOTHING;
INSERT INTO PL_LIBRARY (USER_ID, PLAYLIST_ID) VALUES (44, 36) ON CONFLICT DO NOTHING;
INSERT INTO COLLECTION_LIBRARY (USER_ID, COLLECTION_ID) VALUES (45, 10) ON CONFLICT DO NOTHING;
INSERT INTO PL_LIBRARY (USER_ID, PLAYLIST_ID) VALUES (45, 29) ON CONFLICT DO NOTHING;
INSERT INTO COLLECTION_LIBRARY (USER_ID, COLLECTION_ID) VALUES (46, 37) ON CONFLICT DO NOTHING;
INSERT INTO PL_LIBRARY (USER_ID, PLAYLIST_ID) VALUES (46, 30) ON CONFLICT DO NOTHING;
INSERT INTO COLLECTION_LIBRARY (USER_ID, COLLECTION_ID) VALUES (47, 40) ON CONFLICT DO NOTHING;
INSERT INTO PL_LIBRARY (USER_ID, PLAYLIST_ID) VALUES (47, 4) ON CONFLICT DO NOTHING;
INSERT INTO COLLECTION_LIBRARY (USER_ID, COLLECTION_ID) VALUES (48, 52) ON CONFLICT DO NOTHING;
INSERT INTO PL_LIBRARY (USER_ID, PLAYLIST_ID) VALUES (48, 12) ON CONFLICT DO NOTHING;
INSERT INTO COLLECTION_LIBRARY (USER_ID, COLLECTION_ID) VALUES (49, 11) ON CONFLICT DO NOTHING;
INSERT INTO PL_LIBRARY (USER_ID, PLAYLIST_ID) VALUES (49, 52) ON CONFLICT DO NOTHING;
INSERT INTO COLLECTION_LIBRARY (USER_ID, COLLECTION_ID) VALUES (50, 34) ON CONFLICT DO NOTHING;
INSERT INTO PL_LIBRARY (USER_ID, PLAYLIST_ID) VALUES (50, 22) ON CONFLICT DO NOTHING;
INSERT INTO ARTIST_PROMOTION (ARTIST_ID, COLLECTION_ID, KOMENTAR_PROMOSI) VALUES (1, 1, 'Check my new stuff!') ON CONFLICT DO NOTHING;
INSERT INTO ARTIST_PROMOTION (ARTIST_ID, COLLECTION_ID, KOMENTAR_PROMOSI) VALUES (3, 3, 'Check my new stuff!') ON CONFLICT DO NOTHING;
INSERT INTO ARTIST_PROMOTION (ARTIST_ID, COLLECTION_ID, KOMENTAR_PROMOSI) VALUES (6, 6, 'Check my new stuff!') ON CONFLICT DO NOTHING;
INSERT INTO ARTIST_PROMOTION (ARTIST_ID, COLLECTION_ID, KOMENTAR_PROMOSI) VALUES (8, 8, 'Check my new stuff!') ON CONFLICT DO NOTHING;
INSERT INTO ARTIST_PROMOTION (ARTIST_ID, COLLECTION_ID, KOMENTAR_PROMOSI) VALUES (9, 9, 'Check my new stuff!') ON CONFLICT DO NOTHING;
INSERT INTO ARTIST_PROMOTION (ARTIST_ID, COLLECTION_ID, KOMENTAR_PROMOSI) VALUES (15, 15, 'Check my new stuff!') ON CONFLICT DO NOTHING;
INSERT INTO ARTIST_PROMOTION (ARTIST_ID, COLLECTION_ID, KOMENTAR_PROMOSI) VALUES (19, 19, 'Check my new stuff!') ON CONFLICT DO NOTHING;
INSERT INTO ARTIST_PROMOTION (ARTIST_ID, COLLECTION_ID, KOMENTAR_PROMOSI) VALUES (20, 20, 'Check my new stuff!') ON CONFLICT DO NOTHING;
INSERT INTO ARTIST_PROMOTION (ARTIST_ID, COLLECTION_ID, KOMENTAR_PROMOSI) VALUES (21, 21, 'Check my new stuff!') ON CONFLICT DO NOTHING;
INSERT INTO ARTIST_PROMOTION (ARTIST_ID, COLLECTION_ID, KOMENTAR_PROMOSI) VALUES (22, 22, 'Check my new stuff!') ON CONFLICT DO NOTHING;
INSERT INTO ARTIST_PROMOTION (ARTIST_ID, COLLECTION_ID, KOMENTAR_PROMOSI) VALUES (23, 23, 'Check my new stuff!') ON CONFLICT DO NOTHING;
INSERT INTO ARTIST_PROMOTION (ARTIST_ID, COLLECTION_ID, KOMENTAR_PROMOSI) VALUES (26, 26, 'Check my new stuff!') ON CONFLICT DO NOTHING;
INSERT INTO ARTIST_PROMOTION (ARTIST_ID, COLLECTION_ID, KOMENTAR_PROMOSI) VALUES (27, 28, 'Check my new stuff!') ON CONFLICT DO NOTHING;
INSERT INTO ARTIST_PROMOTION (ARTIST_ID, COLLECTION_ID, KOMENTAR_PROMOSI) VALUES (28, 29, 'Check my new stuff!') ON CONFLICT DO NOTHING;
INSERT INTO ARTIST_PROMOTION (ARTIST_ID, COLLECTION_ID, KOMENTAR_PROMOSI) VALUES (29, 30, 'Check my new stuff!') ON CONFLICT DO NOTHING;
INSERT INTO ARTIST_PROMOTION (ARTIST_ID, COLLECTION_ID, KOMENTAR_PROMOSI) VALUES (34, 35, 'Check my new stuff!') ON CONFLICT DO NOTHING;
INSERT INTO ARTIST_PROMOTION (ARTIST_ID, COLLECTION_ID, KOMENTAR_PROMOSI) VALUES (35, 36, 'Check my new stuff!') ON CONFLICT DO NOTHING;
INSERT INTO ARTIST_PROMOTION (ARTIST_ID, COLLECTION_ID, KOMENTAR_PROMOSI) VALUES (36, 37, 'Check my new stuff!') ON CONFLICT DO NOTHING;
INSERT INTO ARTIST_PROMOTION (ARTIST_ID, COLLECTION_ID, KOMENTAR_PROMOSI) VALUES (39, 40, 'Check my new stuff!') ON CONFLICT DO NOTHING;
INSERT INTO ARTIST_PROMOTION (ARTIST_ID, COLLECTION_ID, KOMENTAR_PROMOSI) VALUES (41, 43, 'Check my new stuff!') ON CONFLICT DO NOTHING;
INSERT INTO ARTIST_PROMOTION (ARTIST_ID, COLLECTION_ID, KOMENTAR_PROMOSI) VALUES (44, 53, 'Check my new stuff!') ON CONFLICT DO NOTHING;
INSERT INTO ARTIST_PROMOTION (ARTIST_ID, COLLECTION_ID, KOMENTAR_PROMOSI) VALUES (47, 50, 'Check my new stuff!') ON CONFLICT DO NOTHING;
INSERT INTO ARTIST_PROMOTION (ARTIST_ID, COLLECTION_ID, KOMENTAR_PROMOSI) VALUES (48, 51, 'Check my new stuff!') ON CONFLICT DO NOTHING;
INSERT INTO ARTIST_PROMOTION (ARTIST_ID, COLLECTION_ID, KOMENTAR_PROMOSI) VALUES (49, 54, 'Check my new stuff!') ON CONFLICT DO NOTHING;
INSERT INTO ARTIST_PROMOTION (ARTIST_ID, COLLECTION_ID, KOMENTAR_PROMOSI) VALUES (50, 55, 'Check my new stuff!') ON CONFLICT DO NOTHING;
INSERT INTO ARTIST_PROMOTION (ARTIST_ID, COLLECTION_ID, KOMENTAR_PROMOSI) VALUES (51, 56, 'Check my new stuff!') ON CONFLICT DO NOTHING;
INSERT INTO ARTIST_PROMOTION (ARTIST_ID, COLLECTION_ID, KOMENTAR_PROMOSI) VALUES (53, 59, 'Check my new stuff!') ON CONFLICT DO NOTHING;
INSERT INTO BLOCK_USERS (BLOCKER_ID, BLOCKED_ID) VALUES (36, 9) ON CONFLICT DO NOTHING;
INSERT INTO BLOCK_USERS (BLOCKER_ID, BLOCKED_ID) VALUES (42, 25) ON CONFLICT DO NOTHING;
INSERT INTO BLOCK_USERS (BLOCKER_ID, BLOCKED_ID) VALUES (35, 45) ON CONFLICT DO NOTHING;
INSERT INTO BLOCK_USERS (BLOCKER_ID, BLOCKED_ID) VALUES (25, 46) ON CONFLICT DO NOTHING;
INSERT INTO BLOCK_USERS (BLOCKER_ID, BLOCKED_ID) VALUES (11, 22) ON CONFLICT DO NOTHING;
INSERT INTO BLOCKLIST_ARTISTS (ARTIST_ID, USER_ID) VALUES (27, 19) ON CONFLICT DO NOTHING;
INSERT INTO BLOCKLIST_ARTISTS (ARTIST_ID, USER_ID) VALUES (2, 4) ON CONFLICT DO NOTHING;
INSERT INTO BLOCKLIST_ARTISTS (ARTIST_ID, USER_ID) VALUES (51, 18) ON CONFLICT DO NOTHING;
INSERT INTO BLOCKLIST_ARTISTS (ARTIST_ID, USER_ID) VALUES (40, 45) ON CONFLICT DO NOTHING;
INSERT INTO BLOCKLIST_ARTISTS (ARTIST_ID, USER_ID) VALUES (38, 3) ON CONFLICT DO NOTHING;
SELECT setval('seq_users_id', (SELECT MAX(USER_ID) FROM USERS));
SELECT setval('seq_artists_id', (SELECT MAX(ARTIST_ID) FROM ARTISTS));
SELECT setval('seq_genres_id', (SELECT MAX(GENRE_ID) FROM GENRES));
SELECT setval('seq_collections_id', (SELECT MAX(COLLECTION_ID) FROM COLLECTIONS));
SELECT setval('seq_songs_id', (SELECT MAX(SONG_ID) FROM SONGS));
SELECT setval('seq_reviews_id', (SELECT MAX(REVIEW_ID) FROM REVIEWS));
SELECT setval('seq_playlists_id', (SELECT MAX(PLAYLIST_ID) FROM PLAYLISTS));
SELECT setval('seq_socials_id', (SELECT MAX(SOCIAL_ID) FROM SOCIALS));
SELECT setval('seq_tours_id', (SELECT MAX(TOUR_ID) FROM TOURS));
SELECT setval('seq_listens_id', (SELECT MAX(LISTEN_ID) FROM LISTENS));
SELECT setval('seq_add_songs_playlist_id', (SELECT MAX(ADD_SONG_PL_ID) FROM ADD_SONGS_PLAYLISTS));
COMMIT;