-- Script Generated by Python Faker
CREATE EXTENSION IF NOT EXISTS pgcrypto;
TRUNCATE TABLE USERS, ARTISTS, GENRES, COLLECTIONS, SONGS, PLAYLISTS, RELEASES, COLLECTIONS_SONGS, CREATE_SONGS, SONGS_GENRES, FOLLOW_ARTISTS, FOLLOW_USERS, LISTENS, LIKE_SONGS, REVIEWS, RATE_SONGS, TOURS, ARTISTS_TOURS, SOCIALS, COLLECTION_LIBRARY, PL_LIBRARY, BLOCK_USERS, BLOCKLIST_ARTISTS, LIKE_REVIEWS RESTART IDENTITY CASCADE;
INSERT INTO USERS (USER_ID, USERNAME, USER_EMAIL, PW_HASH, USER_PFP, REGION, COUNTRY) VALUES (1, 'sudiatiwardi', 'sudiatiwardi_1@example.com', crypt('#!4ranEmkxlZ', gen_salt('bf')), 'https://ui-avatars.com/api/?name=sudiatiwardi&background=random', 'Bengkulu', 'Indonesia'); -- Password Asli: #!4ranEmkxlZ
INSERT INTO USERS (USER_ID, USERNAME, USER_EMAIL, PW_HASH, USER_PFP, REGION, COUNTRY) VALUES (2, 'kacung72', 'kacung72_2@example.com', crypt('J6y9QSRe^s0!', gen_salt('bf')), 'https://ui-avatars.com/api/?name=kacung72&background=random', 'Sulawesi Utara', 'Indonesia'); -- Password Asli: J6y9QSRe^s0!
INSERT INTO USERS (USER_ID, USERNAME, USER_EMAIL, PW_HASH, USER_PFP, REGION, COUNTRY) VALUES (3, 'galarsimanjuntak', 'galarsimanjuntak_3@example.com', crypt('J$ZjOb)Uat1A', gen_salt('bf')), 'https://ui-avatars.com/api/?name=galarsimanjuntak&background=random', 'Sumatera Barat', 'Indonesia'); -- Password Asli: J$ZjOb)Uat1A
INSERT INTO USERS (USER_ID, USERNAME, USER_EMAIL, PW_HASH, USER_PFP, REGION, COUNTRY) VALUES (4, 'asmanutami', 'asmanutami_4@example.com', crypt('*#@V3A*v_w7s', gen_salt('bf')), 'https://ui-avatars.com/api/?name=asmanutami&background=random', 'Bengkulu', 'Indonesia'); -- Password Asli: *#@V3A*v_w7s
INSERT INTO USERS (USER_ID, USERNAME, USER_EMAIL, PW_HASH, USER_PFP, REGION, COUNTRY) VALUES (5, 'safitriwardi', 'safitriwardi_5@example.com', crypt('&*YdL^nog8FA', gen_salt('bf')), 'https://ui-avatars.com/api/?name=safitriwardi&background=random', 'Bengkulu', 'Indonesia'); -- Password Asli: &*YdL^nog8FA
INSERT INTO USERS (USER_ID, USERNAME, USER_EMAIL, PW_HASH, USER_PFP, REGION, COUNTRY) VALUES (6, 'indah25', 'indah25_6@example.com', crypt('@Y%8Yqu9W45o', gen_salt('bf')), 'https://ui-avatars.com/api/?name=indah25&background=random', 'Sumatera Selatan', 'Indonesia'); -- Password Asli: @Y%8Yqu9W45o
INSERT INTO USERS (USER_ID, USERNAME, USER_EMAIL, PW_HASH, USER_PFP, REGION, COUNTRY) VALUES (7, 'iswahyudimartani', 'iswahyudimartani_7@example.com', crypt('^3ZAl8FQ34o+', gen_salt('bf')), 'https://ui-avatars.com/api/?name=iswahyudimartani&background=random', 'Jawa Tengah', 'Indonesia'); -- Password Asli: ^3ZAl8FQ34o+
INSERT INTO USERS (USER_ID, USERNAME, USER_EMAIL, PW_HASH, USER_PFP, REGION, COUNTRY) VALUES (8, 'suryonolaras', 'suryonolaras_8@example.com', crypt('(6Kkw9PvbAxH', gen_salt('bf')), 'https://ui-avatars.com/api/?name=suryonolaras&background=random', 'Sulawesi Barat', 'Indonesia'); -- Password Asli: (6Kkw9PvbAxH
INSERT INTO USERS (USER_ID, USERNAME, USER_EMAIL, PW_HASH, USER_PFP, REGION, COUNTRY) VALUES (9, 'wutami', 'wutami_9@example.com', crypt('!t3KfDwckgOh', gen_salt('bf')), 'https://ui-avatars.com/api/?name=wutami&background=random', 'Aceh', 'Indonesia'); -- Password Asli: !t3KfDwckgOh
INSERT INTO USERS (USER_ID, USERNAME, USER_EMAIL, PW_HASH, USER_PFP, REGION, COUNTRY) VALUES (10, 'kuswandarinajwa', 'kuswandarinajwa_10@example.com', crypt('v&#2Aq(fVr_R', gen_salt('bf')), 'https://ui-avatars.com/api/?name=kuswandarinajwa&background=random', 'Kalimantan Tengah', 'Indonesia'); -- Password Asli: v&#2Aq(fVr_R
INSERT INTO USERS (USER_ID, USERNAME, USER_EMAIL, PW_HASH, USER_PFP, REGION, COUNTRY) VALUES (11, 'hani11', 'hani11_11@example.com', crypt('L6s(2H@g^vW2', gen_salt('bf')), 'https://ui-avatars.com/api/?name=hani11&background=random', 'DKI Jakarta', 'Indonesia'); -- Password Asli: L6s(2H@g^vW2
INSERT INTO USERS (USER_ID, USERNAME, USER_EMAIL, PW_HASH, USER_PFP, REGION, COUNTRY) VALUES (12, 'yuniarkarya', 'yuniarkarya_12@example.com', crypt('rJkf*pdM_2%J', gen_salt('bf')), 'https://ui-avatars.com/api/?name=yuniarkarya&background=random', 'Sulawesi Tengah', 'Indonesia'); -- Password Asli: rJkf*pdM_2%J
INSERT INTO USERS (USER_ID, USERNAME, USER_EMAIL, PW_HASH, USER_PFP, REGION, COUNTRY) VALUES (13, 'kawacasimbolon', 'kawacasimbolon_13@example.com', crypt('74HGGL$e@*kc', gen_salt('bf')), 'https://ui-avatars.com/api/?name=kawacasimbolon&background=random', 'Kepulauan Bangka Belitung', 'Indonesia'); -- Password Asli: 74HGGL$e@*kc
INSERT INTO USERS (USER_ID, USERNAME, USER_EMAIL, PW_HASH, USER_PFP, REGION, COUNTRY) VALUES (14, 'jessica82', 'jessica82_14@example.com', crypt('r)7sJPLg+8n5', gen_salt('bf')), 'https://ui-avatars.com/api/?name=jessica82&background=random', 'DI Yogyakarta', 'Indonesia'); -- Password Asli: r)7sJPLg+8n5
INSERT INTO USERS (USER_ID, USERNAME, USER_EMAIL, PW_HASH, USER_PFP, REGION, COUNTRY) VALUES (15, 'narji35', 'narji35_15@example.com', crypt('pB8EnnHxlY@q', gen_salt('bf')), 'https://ui-avatars.com/api/?name=narji35&background=random', 'Sulawesi Selatan', 'Indonesia'); -- Password Asli: pB8EnnHxlY@q
INSERT INTO ARTISTS (ARTIST_ID, ARTIST_NAME, ARTIST_PFP, MONTHLY_LISTENER_COUNT, ARTIST_EMAIL) VALUES (1, 'Olivia Dean', 'https://i.scdn.co/image/ab6761610000e5eb5c7577ad44daeb7ce4b941a1', 1951060, 'artist1@label.com') ON CONFLICT DO NOTHING;
INSERT INTO GENRES (GENRE_ID, GENRE_NAME) VALUES (1, 'pop soul') ON CONFLICT DO NOTHING;
INSERT INTO COLLECTIONS (COLLECTION_ID, COLLECTION_TITLE, COLLECTION_TYPE, COLLECTION_RELEASE_DATE, COLLECTION_COVER) VALUES (1, 'The Art of Loving', 'Album', '2025-09-26', 'https://i.scdn.co/image/ab67616d0000b2739a336bfb6d40bbd90a507417') ON CONFLICT DO NOTHING;
INSERT INTO RELEASES (ARTIST_ID, COLLECTION_ID) VALUES (1, 1) ON CONFLICT DO NOTHING;
INSERT INTO SONGS (SONG_ID, SONG_TITLE, SONG_DURATION, SONG_FILE, POPULARITY, VALENCE, ACCOUSTICNESS, DANCEABILITY, ENERGY, SONG_RELEASE_DATE) VALUES (1, 'A Couple Minutes', 212, '/default.mp3', 86, 0.824, 0.455, 0.123, 0.979, '2025-09-26') ON CONFLICT DO NOTHING;
INSERT INTO COLLECTIONS_SONGS (COLLECTION_ID, SONG_ID, NOMOR_DISC, NOMOR_TRACK) VALUES (1, 1, 1, 11) ON CONFLICT DO NOTHING;
INSERT INTO CREATE_SONGS (ARTIST_ID, SONG_ID) VALUES (1, 1) ON CONFLICT DO NOTHING;
INSERT INTO ARTISTS (ARTIST_ID, ARTIST_NAME, ARTIST_PFP, MONTHLY_LISTENER_COUNT, ARTIST_EMAIL) VALUES (2, 'Reality Club', 'https://i.scdn.co/image/ab6761610000e5ebd9a9a4eb30f0a26c250e47e1', 645788, 'artist2@label.com') ON CONFLICT DO NOTHING;
INSERT INTO GENRES (GENRE_ID, GENRE_NAME) VALUES (2, 'indonesian indie') ON CONFLICT DO NOTHING;
INSERT INTO COLLECTIONS (COLLECTION_ID, COLLECTION_TITLE, COLLECTION_TYPE, COLLECTION_RELEASE_DATE, COLLECTION_COVER) VALUES (2, 'What Do You Really Know?', 'Album', '2019-08-30', 'https://i.scdn.co/image/ab67616d0000b2736019b1ddb28634421cc291a0') ON CONFLICT DO NOTHING;
INSERT INTO RELEASES (ARTIST_ID, COLLECTION_ID) VALUES (2, 2) ON CONFLICT DO NOTHING;
INSERT INTO SONGS (SONG_ID, SONG_TITLE, SONG_DURATION, SONG_FILE, POPULARITY, VALENCE, ACCOUSTICNESS, DANCEABILITY, ENERGY, SONG_RELEASE_DATE) VALUES (2, 'A Sorrowful Reunion', 259, '/default.mp3', 68, 0.177, 0.926, 0.18, 0.205, '2019-08-30') ON CONFLICT DO NOTHING;
INSERT INTO COLLECTIONS_SONGS (COLLECTION_ID, SONG_ID, NOMOR_DISC, NOMOR_TRACK) VALUES (2, 2, 1, 10) ON CONFLICT DO NOTHING;
INSERT INTO CREATE_SONGS (ARTIST_ID, SONG_ID) VALUES (2, 2) ON CONFLICT DO NOTHING;
INSERT INTO ARTISTS (ARTIST_ID, ARTIST_NAME, ARTIST_PFP, MONTHLY_LISTENER_COUNT, ARTIST_EMAIL) VALUES (3, 'Muhammad Abdul Jabbar', 'https://i.scdn.co/image/ab67616d0000b27342b5f8ca93687f912aa4bba7', 22363, 'artist3@label.com') ON CONFLICT DO NOTHING;
INSERT INTO GENRES (GENRE_ID, GENRE_NAME) VALUES (3, 'sholawat') ON CONFLICT DO NOTHING;
INSERT INTO GENRES (GENRE_ID, GENRE_NAME) VALUES (4, 'khaleeji') ON CONFLICT DO NOTHING;
INSERT INTO COLLECTIONS (COLLECTION_ID, COLLECTION_TITLE, COLLECTION_TYPE, COLLECTION_RELEASE_DATE, COLLECTION_COVER) VALUES (3, 'Asjal Ruwhi', 'Single', '2017-12-12', 'https://i.scdn.co/image/ab67616d0000b27342b5f8ca93687f912aa4bba7') ON CONFLICT DO NOTHING;
INSERT INTO RELEASES (ARTIST_ID, COLLECTION_ID) VALUES (3, 3) ON CONFLICT DO NOTHING;
INSERT INTO SONGS (SONG_ID, SONG_TITLE, SONG_DURATION, SONG_FILE, POPULARITY, VALENCE, ACCOUSTICNESS, DANCEABILITY, ENERGY, SONG_RELEASE_DATE) VALUES (3, 'Asjal Ruwhi', 283, '/default.mp3', 59, 0.171, 0.175, 0.127, 0.375, '2017-12-12') ON CONFLICT DO NOTHING;
INSERT INTO COLLECTIONS_SONGS (COLLECTION_ID, SONG_ID, NOMOR_DISC, NOMOR_TRACK) VALUES (3, 3, 1, 1) ON CONFLICT DO NOTHING;
INSERT INTO CREATE_SONGS (ARTIST_ID, SONG_ID) VALUES (3, 3) ON CONFLICT DO NOTHING;
INSERT INTO ARTISTS (ARTIST_ID, ARTIST_NAME, ARTIST_PFP, MONTHLY_LISTENER_COUNT, ARTIST_EMAIL) VALUES (4, 'Avenged Sevenfold', 'https://i.scdn.co/image/ab6761610000e5eb097658d63473ecb243ed4b1f', 11830472, 'artist4@label.com') ON CONFLICT DO NOTHING;
INSERT INTO GENRES (GENRE_ID, GENRE_NAME) VALUES (5, 'metal') ON CONFLICT DO NOTHING;
INSERT INTO GENRES (GENRE_ID, GENRE_NAME) VALUES (6, 'alternative metal') ON CONFLICT DO NOTHING;
INSERT INTO COLLECTIONS (COLLECTION_ID, COLLECTION_TITLE, COLLECTION_TYPE, COLLECTION_RELEASE_DATE, COLLECTION_COVER) VALUES (4, 'City of Evil', 'Album', '2005-06-06', 'https://i.scdn.co/image/ab67616d0000b27391b3adb195fd4017fd3d6400') ON CONFLICT DO NOTHING;
INSERT INTO RELEASES (ARTIST_ID, COLLECTION_ID) VALUES (4, 4) ON CONFLICT DO NOTHING;
INSERT INTO SONGS (SONG_ID, SONG_TITLE, SONG_DURATION, SONG_FILE, POPULARITY, VALENCE, ACCOUSTICNESS, DANCEABILITY, ENERGY, SONG_RELEASE_DATE) VALUES (4, 'Seize the Day', 334, '/default.mp3', 69, 0.044, 0.847, 0.198, 0.276, '2005-06-06') ON CONFLICT DO NOTHING;
INSERT INTO COLLECTIONS_SONGS (COLLECTION_ID, SONG_ID, NOMOR_DISC, NOMOR_TRACK) VALUES (4, 4, 1, 6) ON CONFLICT DO NOTHING;
INSERT INTO CREATE_SONGS (ARTIST_ID, SONG_ID) VALUES (4, 4) ON CONFLICT DO NOTHING;
INSERT INTO ARTISTS (ARTIST_ID, ARTIST_NAME, ARTIST_PFP, MONTHLY_LISTENER_COUNT, ARTIST_EMAIL) VALUES (5, 'Abeer Nehme', 'https://i.scdn.co/image/ab6761610000e5ebabaf900f5d906fe453500521', 259083, 'artist5@label.com') ON CONFLICT DO NOTHING;
INSERT INTO COLLECTIONS (COLLECTION_ID, COLLECTION_TITLE, COLLECTION_TYPE, COLLECTION_RELEASE_DATE, COLLECTION_COVER) VALUES (5, 'Bi Saraha', 'Album', '2022-11-15', 'https://i.scdn.co/image/ab67616d0000b27355276c54319516e1cfd9b107') ON CONFLICT DO NOTHING;
INSERT INTO RELEASES (ARTIST_ID, COLLECTION_ID) VALUES (5, 5) ON CONFLICT DO NOTHING;
INSERT INTO SONGS (SONG_ID, SONG_TITLE, SONG_DURATION, SONG_FILE, POPULARITY, VALENCE, ACCOUSTICNESS, DANCEABILITY, ENERGY, SONG_RELEASE_DATE) VALUES (5, 'Bi Saraha', 199, '/default.mp3', 65, 0.561, 0.884, 0.69, 0.167, '2022-11-15') ON CONFLICT DO NOTHING;
INSERT INTO COLLECTIONS_SONGS (COLLECTION_ID, SONG_ID, NOMOR_DISC, NOMOR_TRACK) VALUES (5, 5, 1, 3) ON CONFLICT DO NOTHING;
INSERT INTO CREATE_SONGS (ARTIST_ID, SONG_ID) VALUES (5, 5) ON CONFLICT DO NOTHING;
INSERT INTO ARTISTS (ARTIST_ID, ARTIST_NAME, ARTIST_PFP, MONTHLY_LISTENER_COUNT, ARTIST_EMAIL) VALUES (6, 'Ariana Grande', 'https://i.scdn.co/image/ab6761610000e5eb6725802588d7dc1aba076ca5', 107890555, 'artist6@label.com') ON CONFLICT DO NOTHING;
INSERT INTO GENRES (GENRE_ID, GENRE_NAME) VALUES (7, 'pop') ON CONFLICT DO NOTHING;
INSERT INTO COLLECTIONS (COLLECTION_ID, COLLECTION_TITLE, COLLECTION_TYPE, COLLECTION_RELEASE_DATE, COLLECTION_COVER) VALUES (6, 'Yours Truly', 'Album', '2013-01-01', 'https://i.scdn.co/image/ab67616d0000b273ea28881e9e363244a4a2347b') ON CONFLICT DO NOTHING;
INSERT INTO RELEASES (ARTIST_ID, COLLECTION_ID) VALUES (6, 6) ON CONFLICT DO NOTHING;
INSERT INTO SONGS (SONG_ID, SONG_TITLE, SONG_DURATION, SONG_FILE, POPULARITY, VALENCE, ACCOUSTICNESS, DANCEABILITY, ENERGY, SONG_RELEASE_DATE) VALUES (6, 'Almost Is Never Enough', 327, '/default.mp3', 69, 0.205, 0.251, 0.074, 0.602, '2013-01-01') ON CONFLICT DO NOTHING;
INSERT INTO COLLECTIONS_SONGS (COLLECTION_ID, SONG_ID, NOMOR_DISC, NOMOR_TRACK) VALUES (6, 6, 1, 10) ON CONFLICT DO NOTHING;
INSERT INTO CREATE_SONGS (ARTIST_ID, SONG_ID) VALUES (6, 6) ON CONFLICT DO NOTHING;
INSERT INTO COLLECTIONS (COLLECTION_ID, COLLECTION_TITLE, COLLECTION_TYPE, COLLECTION_RELEASE_DATE, COLLECTION_COVER) VALUES (7, 'Avenged Sevenfold', 'Album', '2007-10-26', 'https://i.scdn.co/image/ab67616d0000b27333c52ca8309741c6999ca742') ON CONFLICT DO NOTHING;
INSERT INTO RELEASES (ARTIST_ID, COLLECTION_ID) VALUES (4, 7) ON CONFLICT DO NOTHING;
INSERT INTO SONGS (SONG_ID, SONG_TITLE, SONG_DURATION, SONG_FILE, POPULARITY, VALENCE, ACCOUSTICNESS, DANCEABILITY, ENERGY, SONG_RELEASE_DATE) VALUES (7, 'Gunslinger', 251, '/default.mp3', 71, 0.246, 0.381, 0.062, 0.578, '2007-10-26') ON CONFLICT DO NOTHING;
INSERT INTO COLLECTIONS_SONGS (COLLECTION_ID, SONG_ID, NOMOR_DISC, NOMOR_TRACK) VALUES (7, 7, 1, 5) ON CONFLICT DO NOTHING;
INSERT INTO CREATE_SONGS (ARTIST_ID, SONG_ID) VALUES (4, 7) ON CONFLICT DO NOTHING;
INSERT INTO ARTISTS (ARTIST_ID, ARTIST_NAME, ARTIST_PFP, MONTHLY_LISTENER_COUNT, ARTIST_EMAIL) VALUES (7, 'Mashary Rashid Al-Afassy', 'https://i.scdn.co/image/ab6761610000e5eb3ff60180ffe571a686421560', 70757, 'artist7@label.com') ON CONFLICT DO NOTHING;
INSERT INTO COLLECTIONS (COLLECTION_ID, COLLECTION_TITLE, COLLECTION_TYPE, COLLECTION_RELEASE_DATE, COLLECTION_COVER) VALUES (8, 'Quran Kareem', 'Album', '2016-08-14', 'https://i.scdn.co/image/ab67616d0000b2734c1fbc8c2a9cceba24b58c56') ON CONFLICT DO NOTHING;
INSERT INTO RELEASES (ARTIST_ID, COLLECTION_ID) VALUES (7, 8) ON CONFLICT DO NOTHING;
INSERT INTO SONGS (SONG_ID, SONG_TITLE, SONG_DURATION, SONG_FILE, POPULARITY, VALENCE, ACCOUSTICNESS, DANCEABILITY, ENERGY, SONG_RELEASE_DATE) VALUES (8, 'Albaqarah', 7247, '/default.mp3', 57, 0.735, 0.282, 0.315, 0.138, '2016-08-14') ON CONFLICT DO NOTHING;
INSERT INTO COLLECTIONS_SONGS (COLLECTION_ID, SONG_ID, NOMOR_DISC, NOMOR_TRACK) VALUES (8, 8, 1, 2) ON CONFLICT DO NOTHING;
INSERT INTO CREATE_SONGS (ARTIST_ID, SONG_ID) VALUES (7, 8) ON CONFLICT DO NOTHING;
INSERT INTO ARTISTS (ARTIST_ID, ARTIST_NAME, ARTIST_PFP, MONTHLY_LISTENER_COUNT, ARTIST_EMAIL) VALUES (8, 'Yovie Widianto', 'https://i.scdn.co/image/ab6761610000e5eb9adad46022570f8b8b3209a9', 555188, 'artist8@label.com') ON CONFLICT DO NOTHING;
INSERT INTO GENRES (GENRE_ID, GENRE_NAME) VALUES (8, 'indonesian pop') ON CONFLICT DO NOTHING;
INSERT INTO GENRES (GENRE_ID, GENRE_NAME) VALUES (9, 'indonesian jazz') ON CONFLICT DO NOTHING;
INSERT INTO COLLECTIONS (COLLECTION_ID, COLLECTION_TITLE, COLLECTION_TYPE, COLLECTION_RELEASE_DATE, COLLECTION_COVER) VALUES (9, 'Adu Rayu', 'Single', '2019-02-22', 'https://i.scdn.co/image/ab67616d0000b27325471ac7ba19d98754e94567') ON CONFLICT DO NOTHING;
INSERT INTO RELEASES (ARTIST_ID, COLLECTION_ID) VALUES (8, 9) ON CONFLICT DO NOTHING;
INSERT INTO SONGS (SONG_ID, SONG_TITLE, SONG_DURATION, SONG_FILE, POPULARITY, VALENCE, ACCOUSTICNESS, DANCEABILITY, ENERGY, SONG_RELEASE_DATE) VALUES (9, 'Adu Rayu', 207, '/default.mp3', 67, 0.457, 0.504, 0.794, 0.153, '2019-02-22') ON CONFLICT DO NOTHING;
INSERT INTO COLLECTIONS_SONGS (COLLECTION_ID, SONG_ID, NOMOR_DISC, NOMOR_TRACK) VALUES (9, 9, 1, 1) ON CONFLICT DO NOTHING;
INSERT INTO CREATE_SONGS (ARTIST_ID, SONG_ID) VALUES (8, 9) ON CONFLICT DO NOTHING;
INSERT INTO ARTISTS (ARTIST_ID, ARTIST_NAME, ARTIST_PFP, MONTHLY_LISTENER_COUNT, ARTIST_EMAIL) VALUES (9, 'RR Aresa V8', 'https://i.scdn.co/image/ab6761610000e5eb34ecc98935ed33be44c5355c', 1282, 'artist9@label.com') ON CONFLICT DO NOTHING;
INSERT INTO GENRES (GENRE_ID, GENRE_NAME) VALUES (10, 'breakbeat') ON CONFLICT DO NOTHING;
INSERT INTO GENRES (GENRE_ID, GENRE_NAME) VALUES (11, 'funkot') ON CONFLICT DO NOTHING;
INSERT INTO COLLECTIONS (COLLECTION_ID, COLLECTION_TITLE, COLLECTION_TYPE, COLLECTION_RELEASE_DATE, COLLECTION_COVER) VALUES (10, 'Always Loving You Stadium', 'Single', '2024-09-04', 'https://i.scdn.co/image/ab67616d0000b273596f60138f3f5ca5a9e1ca8e') ON CONFLICT DO NOTHING;
INSERT INTO RELEASES (ARTIST_ID, COLLECTION_ID) VALUES (9, 10) ON CONFLICT DO NOTHING;
INSERT INTO SONGS (SONG_ID, SONG_TITLE, SONG_DURATION, SONG_FILE, POPULARITY, VALENCE, ACCOUSTICNESS, DANCEABILITY, ENERGY, SONG_RELEASE_DATE) VALUES (10, 'Always Loving You Stadium', 355, '/default.mp3', 55, 0.106, 0.317, 0.596, 0.806, '2024-09-04') ON CONFLICT DO NOTHING;
INSERT INTO COLLECTIONS_SONGS (COLLECTION_ID, SONG_ID, NOMOR_DISC, NOMOR_TRACK) VALUES (10, 10, 1, 1) ON CONFLICT DO NOTHING;
INSERT INTO CREATE_SONGS (ARTIST_ID, SONG_ID) VALUES (9, 10) ON CONFLICT DO NOTHING;
INSERT INTO ARTISTS (ARTIST_ID, ARTIST_NAME, ARTIST_PFP, MONTHLY_LISTENER_COUNT, ARTIST_EMAIL) VALUES (10, 'Raisa', 'https://i.scdn.co/image/ab6761610000e5eb8e420e8555d6f49a201ed8ad', 4110476, 'artist10@label.com') ON CONFLICT DO NOTHING;
INSERT INTO GENRES (GENRE_ID, GENRE_NAME) VALUES (12, 'indonesian r&b') ON CONFLICT DO NOTHING;
INSERT INTO COLLECTIONS (COLLECTION_ID, COLLECTION_TITLE, COLLECTION_TYPE, COLLECTION_RELEASE_DATE, COLLECTION_COVER) VALUES (11, 'ambiVert', 'Album', '2025-06-24', 'https://i.scdn.co/image/ab67616d0000b273390b568b7e725b7039585800') ON CONFLICT DO NOTHING;
INSERT INTO RELEASES (ARTIST_ID, COLLECTION_ID) VALUES (10, 11) ON CONFLICT DO NOTHING;
INSERT INTO SONGS (SONG_ID, SONG_TITLE, SONG_DURATION, SONG_FILE, POPULARITY, VALENCE, ACCOUSTICNESS, DANCEABILITY, ENERGY, SONG_RELEASE_DATE) VALUES (11, 'Awal Kisah Selamanya (feat. Barsena Bestandhi)', 290, '/default.mp3', 71, 0.354, 0.955, 0.749, 0.062, '2025-06-24') ON CONFLICT DO NOTHING;
INSERT INTO COLLECTIONS_SONGS (COLLECTION_ID, SONG_ID, NOMOR_DISC, NOMOR_TRACK) VALUES (11, 11, 1, 7) ON CONFLICT DO NOTHING;
INSERT INTO CREATE_SONGS (ARTIST_ID, SONG_ID) VALUES (10, 11) ON CONFLICT DO NOTHING;
INSERT INTO ARTISTS (ARTIST_ID, ARTIST_NAME, ARTIST_PFP, MONTHLY_LISTENER_COUNT, ARTIST_EMAIL) VALUES (11, '.Feast', 'https://i.scdn.co/image/ab6761610000e5eb16f030ca05d4d917cdc2eb5e', 5100085, 'artist11@label.com') ON CONFLICT DO NOTHING;
INSERT INTO GENRES (GENRE_ID, GENRE_NAME) VALUES (13, 'indonesian rock') ON CONFLICT DO NOTHING;
INSERT INTO GENRES (GENRE_ID, GENRE_NAME) VALUES (14, 'indorock') ON CONFLICT DO NOTHING;
INSERT INTO COLLECTIONS (COLLECTION_ID, COLLECTION_TITLE, COLLECTION_TYPE, COLLECTION_RELEASE_DATE, COLLECTION_COVER) VALUES (12, 'Membangun & Menghancurkan', 'Album', '2024-08-30', 'https://i.scdn.co/image/ab67616d0000b273c800b90e2092a5328f699117') ON CONFLICT DO NOTHING;
INSERT INTO RELEASES (ARTIST_ID, COLLECTION_ID) VALUES (11, 12) ON CONFLICT DO NOTHING;
INSERT INTO SONGS (SONG_ID, SONG_TITLE, SONG_DURATION, SONG_FILE, POPULARITY, VALENCE, ACCOUSTICNESS, DANCEABILITY, ENERGY, SONG_RELEASE_DATE) VALUES (12, 'Arteri', 270, '/default.mp3', 67, 0.235, 0.548, 0.208, 0.965, '2024-08-30') ON CONFLICT DO NOTHING;
INSERT INTO COLLECTIONS_SONGS (COLLECTION_ID, SONG_ID, NOMOR_DISC, NOMOR_TRACK) VALUES (12, 12, 1, 4) ON CONFLICT DO NOTHING;
INSERT INTO CREATE_SONGS (ARTIST_ID, SONG_ID) VALUES (11, 12) ON CONFLICT DO NOTHING;
INSERT INTO ARTISTS (ARTIST_ID, ARTIST_NAME, ARTIST_PFP, MONTHLY_LISTENER_COUNT, ARTIST_EMAIL) VALUES (12, 'Chrisye', 'https://i.scdn.co/image/ab6761610000e5eb4b432a19f1b2afd943d194d1', 2330232, 'artist12@label.com') ON CONFLICT DO NOTHING;
INSERT INTO GENRES (GENRE_ID, GENRE_NAME) VALUES (15, 'pop kreatif') ON CONFLICT DO NOTHING;
INSERT INTO COLLECTIONS (COLLECTION_ID, COLLECTION_TITLE, COLLECTION_TYPE, COLLECTION_RELEASE_DATE, COLLECTION_COVER) VALUES (13, 'Konser Tur 2001 Legendary', 'Album', '2001-01-12', 'https://i.scdn.co/image/ab67616d0000b273604a25ca6825471b4a74b69d') ON CONFLICT DO NOTHING;
INSERT INTO RELEASES (ARTIST_ID, COLLECTION_ID) VALUES (12, 13) ON CONFLICT DO NOTHING;
INSERT INTO SONGS (SONG_ID, SONG_TITLE, SONG_DURATION, SONG_FILE, POPULARITY, VALENCE, ACCOUSTICNESS, DANCEABILITY, ENERGY, SONG_RELEASE_DATE) VALUES (13, 'Andai Aku Bisa', 276, '/default.mp3', 67, 0.553, 0.905, 0.459, 0.685, '2001-01-12') ON CONFLICT DO NOTHING;
INSERT INTO COLLECTIONS_SONGS (COLLECTION_ID, SONG_ID, NOMOR_DISC, NOMOR_TRACK) VALUES (13, 13, 1, 2) ON CONFLICT DO NOTHING;
INSERT INTO CREATE_SONGS (ARTIST_ID, SONG_ID) VALUES (12, 13) ON CONFLICT DO NOTHING;
INSERT INTO ARTISTS (ARTIST_ID, ARTIST_NAME, ARTIST_PFP, MONTHLY_LISTENER_COUNT, ARTIST_EMAIL) VALUES (13, 'Soegi Bornean', 'https://i.scdn.co/image/ab6761610000e5eb4a46f51fc2371e5b4ef733a3', 249416, 'artist13@label.com') ON CONFLICT DO NOTHING;
INSERT INTO COLLECTIONS (COLLECTION_ID, COLLECTION_TITLE, COLLECTION_TYPE, COLLECTION_RELEASE_DATE, COLLECTION_COVER) VALUES (14, 'Asmalibrasi', 'Single', '2019-07-26', 'https://i.scdn.co/image/ab67616d0000b27359605b76ee27d2c5ffac5d26') ON CONFLICT DO NOTHING;
INSERT INTO RELEASES (ARTIST_ID, COLLECTION_ID) VALUES (13, 14) ON CONFLICT DO NOTHING;
INSERT INTO SONGS (SONG_ID, SONG_TITLE, SONG_DURATION, SONG_FILE, POPULARITY, VALENCE, ACCOUSTICNESS, DANCEABILITY, ENERGY, SONG_RELEASE_DATE) VALUES (14, 'Asmalibrasi', 254, '/default.mp3', 65, 0.157, 0.462, 0.606, 0.377, '2019-07-26') ON CONFLICT DO NOTHING;
INSERT INTO COLLECTIONS_SONGS (COLLECTION_ID, SONG_ID, NOMOR_DISC, NOMOR_TRACK) VALUES (14, 14, 1, 1) ON CONFLICT DO NOTHING;
INSERT INTO CREATE_SONGS (ARTIST_ID, SONG_ID) VALUES (13, 14) ON CONFLICT DO NOTHING;
INSERT INTO ARTISTS (ARTIST_ID, ARTIST_NAME, ARTIST_PFP, MONTHLY_LISTENER_COUNT, ARTIST_EMAIL) VALUES (14, 'Lomba Sihir', 'https://i.scdn.co/image/ab6761610000e5ebc8275e79110bd3649e979975', 483022, 'artist14@label.com') ON CONFLICT DO NOTHING;
INSERT INTO COLLECTIONS (COLLECTION_ID, COLLECTION_TITLE, COLLECTION_TYPE, COLLECTION_RELEASE_DATE, COLLECTION_COVER) VALUES (15, 'Obrolan Jam 3 Pagi', 'Album', '2025-05-06', 'https://i.scdn.co/image/ab67616d0000b2730974d9c2ed2931adb196b25f') ON CONFLICT DO NOTHING;
INSERT INTO RELEASES (ARTIST_ID, COLLECTION_ID) VALUES (14, 15) ON CONFLICT DO NOTHING;
INSERT INTO SONGS (SONG_ID, SONG_TITLE, SONG_DURATION, SONG_FILE, POPULARITY, VALENCE, ACCOUSTICNESS, DANCEABILITY, ENERGY, SONG_RELEASE_DATE) VALUES (15, 'Andai Saja', 237, '/default.mp3', 62, 0.51, 0.465, 0.149, 0.764, '2025-05-06') ON CONFLICT DO NOTHING;
INSERT INTO COLLECTIONS_SONGS (COLLECTION_ID, SONG_ID, NOMOR_DISC, NOMOR_TRACK) VALUES (15, 15, 1, 11) ON CONFLICT DO NOTHING;
INSERT INTO CREATE_SONGS (ARTIST_ID, SONG_ID) VALUES (14, 15) ON CONFLICT DO NOTHING;
INSERT INTO ARTISTS (ARTIST_ID, ARTIST_NAME, ARTIST_PFP, MONTHLY_LISTENER_COUNT, ARTIST_EMAIL) VALUES (15, 'Armada', 'https://i.scdn.co/image/ab6761610000e5ebf9848fb41f797729e7e80a2c', 3572397, 'artist15@label.com') ON CONFLICT DO NOTHING;
INSERT INTO GENRES (GENRE_ID, GENRE_NAME) VALUES (16, 'malay') ON CONFLICT DO NOTHING;
INSERT INTO GENRES (GENRE_ID, GENRE_NAME) VALUES (17, 'malay pop') ON CONFLICT DO NOTHING;
INSERT INTO COLLECTIONS (COLLECTION_ID, COLLECTION_TITLE, COLLECTION_TYPE, COLLECTION_RELEASE_DATE, COLLECTION_COVER) VALUES (16, 'Maju Terus Pantang Mundur (Deluxe Version)', 'Album', '2018-02-23', 'https://i.scdn.co/image/ab67616d0000b27399b893bbb0fb9244c2601c2b') ON CONFLICT DO NOTHING;
INSERT INTO RELEASES (ARTIST_ID, COLLECTION_ID) VALUES (15, 16) ON CONFLICT DO NOTHING;
INSERT INTO SONGS (SONG_ID, SONG_TITLE, SONG_DURATION, SONG_FILE, POPULARITY, VALENCE, ACCOUSTICNESS, DANCEABILITY, ENERGY, SONG_RELEASE_DATE) VALUES (16, 'Asal Kau Bahagia', 245, '/default.mp3', 71, 0.796, 0.784, 0.555, 0.829, '2018-02-23') ON CONFLICT DO NOTHING;
INSERT INTO COLLECTIONS_SONGS (COLLECTION_ID, SONG_ID, NOMOR_DISC, NOMOR_TRACK) VALUES (16, 16, 1, 8) ON CONFLICT DO NOTHING;
INSERT INTO CREATE_SONGS (ARTIST_ID, SONG_ID) VALUES (15, 16) ON CONFLICT DO NOTHING;
INSERT INTO ARTISTS (ARTIST_ID, ARTIST_NAME, ARTIST_PFP, MONTHLY_LISTENER_COUNT, ARTIST_EMAIL) VALUES (16, 'Hanan Attaki', 'https://i.scdn.co/image/ab67616d0000b273be73d833e855781cb498298b', 54369, 'artist16@label.com') ON CONFLICT DO NOTHING;
INSERT INTO COLLECTIONS (COLLECTION_ID, COLLECTION_TITLE, COLLECTION_TYPE, COLLECTION_RELEASE_DATE, COLLECTION_COVER) VALUES (17, 'Ayat Kursi', 'Single', '2019-02-15', 'https://i.scdn.co/image/ab67616d0000b273bf7edcfeb04bb6c39125a9bf') ON CONFLICT DO NOTHING;
INSERT INTO RELEASES (ARTIST_ID, COLLECTION_ID) VALUES (16, 17) ON CONFLICT DO NOTHING;
INSERT INTO SONGS (SONG_ID, SONG_TITLE, SONG_DURATION, SONG_FILE, POPULARITY, VALENCE, ACCOUSTICNESS, DANCEABILITY, ENERGY, SONG_RELEASE_DATE) VALUES (17, 'Ayat Kursi', 67, '/default.mp3', 53, 0.434, 0.374, 0.516, 0.875, '2019-02-15') ON CONFLICT DO NOTHING;
INSERT INTO COLLECTIONS_SONGS (COLLECTION_ID, SONG_ID, NOMOR_DISC, NOMOR_TRACK) VALUES (17, 17, 1, 1) ON CONFLICT DO NOTHING;
INSERT INTO CREATE_SONGS (ARTIST_ID, SONG_ID) VALUES (16, 17) ON CONFLICT DO NOTHING;
INSERT INTO COLLECTIONS (COLLECTION_ID, COLLECTION_TITLE, COLLECTION_TYPE, COLLECTION_RELEASE_DATE, COLLECTION_COVER) VALUES (18, 'Al-Mulk', 'Single', '2018-01-01', 'https://i.scdn.co/image/ab67616d0000b273f9961e702417e9f30b8eba4c') ON CONFLICT DO NOTHING;
INSERT INTO RELEASES (ARTIST_ID, COLLECTION_ID) VALUES (16, 18) ON CONFLICT DO NOTHING;
INSERT INTO SONGS (SONG_ID, SONG_TITLE, SONG_DURATION, SONG_FILE, POPULARITY, VALENCE, ACCOUSTICNESS, DANCEABILITY, ENERGY, SONG_RELEASE_DATE) VALUES (18, 'Al-Mulk', 542, '/default.mp3', 49, 0.122, 0.153, 0.458, 0.039, '2018-01-01') ON CONFLICT DO NOTHING;
INSERT INTO COLLECTIONS_SONGS (COLLECTION_ID, SONG_ID, NOMOR_DISC, NOMOR_TRACK) VALUES (18, 18, 1, 1) ON CONFLICT DO NOTHING;
INSERT INTO CREATE_SONGS (ARTIST_ID, SONG_ID) VALUES (16, 18) ON CONFLICT DO NOTHING;
INSERT INTO ARTISTS (ARTIST_ID, ARTIST_NAME, ARTIST_PFP, MONTHLY_LISTENER_COUNT, ARTIST_EMAIL) VALUES (17, 'sma$her', 'https://i.scdn.co/image/ab6761610000e5ebfd62f9075059f435ac9211bd', 362626, 'artist17@label.com') ON CONFLICT DO NOTHING;
INSERT INTO GENRES (GENRE_ID, GENRE_NAME) VALUES (18, 'phonk') ON CONFLICT DO NOTHING;
INSERT INTO GENRES (GENRE_ID, GENRE_NAME) VALUES (19, 'brazilian phonk') ON CONFLICT DO NOTHING;
INSERT INTO COLLECTIONS (COLLECTION_ID, COLLECTION_TITLE, COLLECTION_TYPE, COLLECTION_RELEASE_DATE, COLLECTION_COVER) VALUES (19, 'ACELERADA', 'Single', '2025-06-27', 'https://i.scdn.co/image/ab67616d0000b27325690b825d3912a4fd6f7ba9') ON CONFLICT DO NOTHING;
INSERT INTO RELEASES (ARTIST_ID, COLLECTION_ID) VALUES (17, 19) ON CONFLICT DO NOTHING;
INSERT INTO SONGS (SONG_ID, SONG_TITLE, SONG_DURATION, SONG_FILE, POPULARITY, VALENCE, ACCOUSTICNESS, DANCEABILITY, ENERGY, SONG_RELEASE_DATE) VALUES (19, 'ACELERADA', 61, '/default.mp3', 85, 0.662, 0.959, 0.216, 0.98, '2025-06-27') ON CONFLICT DO NOTHING;
INSERT INTO COLLECTIONS_SONGS (COLLECTION_ID, SONG_ID, NOMOR_DISC, NOMOR_TRACK) VALUES (19, 19, 1, 1) ON CONFLICT DO NOTHING;
INSERT INTO CREATE_SONGS (ARTIST_ID, SONG_ID) VALUES (17, 19) ON CONFLICT DO NOTHING;
INSERT INTO ARTISTS (ARTIST_ID, ARTIST_NAME, ARTIST_PFP, MONTHLY_LISTENER_COUNT, ARTIST_EMAIL) VALUES (18, 'NaFF', 'https://i.scdn.co/image/ab6761610000e5eb59bdf7e5aae6e0848201dd4f', 1902356, 'artist18@label.com') ON CONFLICT DO NOTHING;
INSERT INTO COLLECTIONS (COLLECTION_ID, COLLECTION_TITLE, COLLECTION_TYPE, COLLECTION_RELEASE_DATE, COLLECTION_COVER) VALUES (20, 'Isyarat Hati', 'Album', '2006-03-27', 'https://i.scdn.co/image/ab67616d0000b2733fdee3a1eae6c6ecffdeadc3') ON CONFLICT DO NOTHING;
INSERT INTO RELEASES (ARTIST_ID, COLLECTION_ID) VALUES (18, 20) ON CONFLICT DO NOTHING;
INSERT INTO SONGS (SONG_ID, SONG_TITLE, SONG_DURATION, SONG_FILE, POPULARITY, VALENCE, ACCOUSTICNESS, DANCEABILITY, ENERGY, SONG_RELEASE_DATE) VALUES (20, 'Akhirnya Ku Menemukanmu', 306, '/default.mp3', 70, 0.131, 0.405, 0.54, 0.963, '2006-03-27') ON CONFLICT DO NOTHING;
INSERT INTO COLLECTIONS_SONGS (COLLECTION_ID, SONG_ID, NOMOR_DISC, NOMOR_TRACK) VALUES (20, 20, 1, 2) ON CONFLICT DO NOTHING;
INSERT INTO CREATE_SONGS (ARTIST_ID, SONG_ID) VALUES (18, 20) ON CONFLICT DO NOTHING;
INSERT INTO ARTISTS (ARTIST_ID, ARTIST_NAME, ARTIST_PFP, MONTHLY_LISTENER_COUNT, ARTIST_EMAIL) VALUES (19, 'Nadin Amizah', 'https://i.scdn.co/image/ab6761610000e5eb226dcfeea35e2dd268051744', 11357049, 'artist19@label.com') ON CONFLICT DO NOTHING;
INSERT INTO COLLECTIONS (COLLECTION_ID, COLLECTION_TITLE, COLLECTION_TYPE, COLLECTION_RELEASE_DATE, COLLECTION_COVER) VALUES (21, 'Untuk Dunia, Cinta, dan Kotornya', 'Album', '2023-10-13', 'https://i.scdn.co/image/ab67616d0000b27394847679fe7b10e27d9803f5') ON CONFLICT DO NOTHING;
INSERT INTO RELEASES (ARTIST_ID, COLLECTION_ID) VALUES (19, 21) ON CONFLICT DO NOTHING;
INSERT INTO SONGS (SONG_ID, SONG_TITLE, SONG_DURATION, SONG_FILE, POPULARITY, VALENCE, ACCOUSTICNESS, DANCEABILITY, ENERGY, SONG_RELEASE_DATE) VALUES (21, 'Ah', 227, '/default.mp3', 66, 0.193, 0.886, 0.782, 0.629, '2023-10-13') ON CONFLICT DO NOTHING;
INSERT INTO COLLECTIONS_SONGS (COLLECTION_ID, SONG_ID, NOMOR_DISC, NOMOR_TRACK) VALUES (21, 21, 1, 4) ON CONFLICT DO NOTHING;
INSERT INTO CREATE_SONGS (ARTIST_ID, SONG_ID) VALUES (19, 21) ON CONFLICT DO NOTHING;
INSERT INTO ARTISTS (ARTIST_ID, ARTIST_NAME, ARTIST_PFP, MONTHLY_LISTENER_COUNT, ARTIST_EMAIL) VALUES (20, 'Tom Odell', 'https://i.scdn.co/image/ab6761610000e5eb89633578648b0b51f53d167f', 4348517, 'artist20@label.com') ON CONFLICT DO NOTHING;
INSERT INTO COLLECTIONS (COLLECTION_ID, COLLECTION_TITLE, COLLECTION_TYPE, COLLECTION_RELEASE_DATE, COLLECTION_COVER) VALUES (22, 'Long Way Down (Deluxe)', 'Album', '2013-06-24', 'https://i.scdn.co/image/ab67616d0000b2731917a0f3f4152622a040913f') ON CONFLICT DO NOTHING;
INSERT INTO RELEASES (ARTIST_ID, COLLECTION_ID) VALUES (20, 22) ON CONFLICT DO NOTHING;
INSERT INTO SONGS (SONG_ID, SONG_TITLE, SONG_DURATION, SONG_FILE, POPULARITY, VALENCE, ACCOUSTICNESS, DANCEABILITY, ENERGY, SONG_RELEASE_DATE) VALUES (22, 'Another Love', 244, '/default.mp3', 88, 0.928, 0.438, 0.818, 0.405, '2013-06-24') ON CONFLICT DO NOTHING;
INSERT INTO COLLECTIONS_SONGS (COLLECTION_ID, SONG_ID, NOMOR_DISC, NOMOR_TRACK) VALUES (22, 22, 1, 3) ON CONFLICT DO NOTHING;
INSERT INTO CREATE_SONGS (ARTIST_ID, SONG_ID) VALUES (20, 22) ON CONFLICT DO NOTHING;
INSERT INTO ARTISTS (ARTIST_ID, ARTIST_NAME, ARTIST_PFP, MONTHLY_LISTENER_COUNT, ARTIST_EMAIL) VALUES (21, 'D''Bagindas', 'https://i.scdn.co/image/ab67616d0000b273e8d5e910655cf2c0df7cd235', 1162102, 'artist21@label.com') ON CONFLICT DO NOTHING;
INSERT INTO GENRES (GENRE_ID, GENRE_NAME) VALUES (20, 'dangdut') ON CONFLICT DO NOTHING;
INSERT INTO COLLECTIONS (COLLECTION_ID, COLLECTION_TITLE, COLLECTION_TYPE, COLLECTION_RELEASE_DATE, COLLECTION_COVER) VALUES (23, 'Best Of D''Bagindas', 'Compilation', '2024-02-23', 'https://i.scdn.co/image/ab67616d0000b27305b529f8012a5f8c3a25f72d') ON CONFLICT DO NOTHING;
INSERT INTO RELEASES (ARTIST_ID, COLLECTION_ID) VALUES (21, 23) ON CONFLICT DO NOTHING;
INSERT INTO SONGS (SONG_ID, SONG_TITLE, SONG_DURATION, SONG_FILE, POPULARITY, VALENCE, ACCOUSTICNESS, DANCEABILITY, ENERGY, SONG_RELEASE_DATE) VALUES (23, 'Ay', 231, '/default.mp3', 42, 0.116, 0.792, 0.688, 0.162, '2024-02-23') ON CONFLICT DO NOTHING;
INSERT INTO COLLECTIONS_SONGS (COLLECTION_ID, SONG_ID, NOMOR_DISC, NOMOR_TRACK) VALUES (23, 23, 1, 9) ON CONFLICT DO NOTHING;
INSERT INTO CREATE_SONGS (ARTIST_ID, SONG_ID) VALUES (21, 23) ON CONFLICT DO NOTHING;
INSERT INTO ARTISTS (ARTIST_ID, ARTIST_NAME, ARTIST_PFP, MONTHLY_LISTENER_COUNT, ARTIST_EMAIL) VALUES (22, 'Andmesh', 'https://i.scdn.co/image/ab6761610000e5ebf89ddd2d4c1723297636f4ff', 7341278, 'artist22@label.com') ON CONFLICT DO NOTHING;
INSERT INTO COLLECTIONS (COLLECTION_ID, COLLECTION_TITLE, COLLECTION_TYPE, COLLECTION_RELEASE_DATE, COLLECTION_COVER) VALUES (24, 'Andaikan Kau Datang (From "Miracle in Cell No. 7")', 'Single', '2022-08-29', 'https://i.scdn.co/image/ab67616d0000b273b4dac8d140f3de41ef2861df') ON CONFLICT DO NOTHING;
INSERT INTO RELEASES (ARTIST_ID, COLLECTION_ID) VALUES (22, 24) ON CONFLICT DO NOTHING;
INSERT INTO SONGS (SONG_ID, SONG_TITLE, SONG_DURATION, SONG_FILE, POPULARITY, VALENCE, ACCOUSTICNESS, DANCEABILITY, ENERGY, SONG_RELEASE_DATE) VALUES (24, 'Andaikan Kau Datang - From "Miracle in Cell No. 7"', 247, '/default.mp3', 51, 0.143, 0.984, 0.475, 0.867, '2022-08-29') ON CONFLICT DO NOTHING;
INSERT INTO COLLECTIONS_SONGS (COLLECTION_ID, SONG_ID, NOMOR_DISC, NOMOR_TRACK) VALUES (24, 24, 1, 1) ON CONFLICT DO NOTHING;
INSERT INTO CREATE_SONGS (ARTIST_ID, SONG_ID) VALUES (22, 24) ON CONFLICT DO NOTHING;
INSERT INTO ARTISTS (ARTIST_ID, ARTIST_NAME, ARTIST_PFP, MONTHLY_LISTENER_COUNT, ARTIST_EMAIL) VALUES (23, 'Alan Walker', 'https://i.scdn.co/image/ab6761610000e5eb572a8eae56feae217f618078', 41348073, 'artist23@label.com') ON CONFLICT DO NOTHING;
INSERT INTO COLLECTIONS (COLLECTION_ID, COLLECTION_TITLE, COLLECTION_TYPE, COLLECTION_RELEASE_DATE, COLLECTION_COVER) VALUES (25, 'Different World', 'Album', '2018-12-14', 'https://i.scdn.co/image/ab67616d0000b273a108e07c661f9fc54de9c43a') ON CONFLICT DO NOTHING;
INSERT INTO RELEASES (ARTIST_ID, COLLECTION_ID) VALUES (23, 25) ON CONFLICT DO NOTHING;
INSERT INTO SONGS (SONG_ID, SONG_TITLE, SONG_DURATION, SONG_FILE, POPULARITY, VALENCE, ACCOUSTICNESS, DANCEABILITY, ENERGY, SONG_RELEASE_DATE) VALUES (25, 'Alone', 160, '/default.mp3', 76, 0.651, 0.873, 0.169, 0.251, '2018-12-14') ON CONFLICT DO NOTHING;
INSERT INTO COLLECTIONS_SONGS (COLLECTION_ID, SONG_ID, NOMOR_DISC, NOMOR_TRACK) VALUES (25, 25, 1, 12) ON CONFLICT DO NOTHING;
INSERT INTO CREATE_SONGS (ARTIST_ID, SONG_ID) VALUES (23, 25) ON CONFLICT DO NOTHING;
INSERT INTO ARTISTS (ARTIST_ID, ARTIST_NAME, ARTIST_PFP, MONTHLY_LISTENER_COUNT, ARTIST_EMAIL) VALUES (24, 'Ace of Base', 'https://i.scdn.co/image/df9a1dd7f15d98cdbef3ee8c44adae7dec4142d6', 1132126, 'artist24@label.com') ON CONFLICT DO NOTHING;
INSERT INTO GENRES (GENRE_ID, GENRE_NAME) VALUES (21, 'eurodance') ON CONFLICT DO NOTHING;
INSERT INTO GENRES (GENRE_ID, GENRE_NAME) VALUES (22, 'europop') ON CONFLICT DO NOTHING;
INSERT INTO COLLECTIONS (COLLECTION_ID, COLLECTION_TITLE, COLLECTION_TYPE, COLLECTION_RELEASE_DATE, COLLECTION_COVER) VALUES (26, 'All That She Wants (The Remixes)', 'Single', '1992-01-01', 'https://i.scdn.co/image/ab67616d0000b2731947ea675100ded194b52d88') ON CONFLICT DO NOTHING;
INSERT INTO RELEASES (ARTIST_ID, COLLECTION_ID) VALUES (24, 26) ON CONFLICT DO NOTHING;
INSERT INTO SONGS (SONG_ID, SONG_TITLE, SONG_DURATION, SONG_FILE, POPULARITY, VALENCE, ACCOUSTICNESS, DANCEABILITY, ENERGY, SONG_RELEASE_DATE) VALUES (26, 'All That She Wants', 211, '/default.mp3', 56, 0.156, 0.91, 0.927, 0.196, '1992-01-01') ON CONFLICT DO NOTHING;
INSERT INTO COLLECTIONS_SONGS (COLLECTION_ID, SONG_ID, NOMOR_DISC, NOMOR_TRACK) VALUES (26, 26, 1, 1) ON CONFLICT DO NOTHING;
INSERT INTO CREATE_SONGS (ARTIST_ID, SONG_ID) VALUES (24, 26) ON CONFLICT DO NOTHING;
INSERT INTO ARTISTS (ARTIST_ID, ARTIST_NAME, ARTIST_PFP, MONTHLY_LISTENER_COUNT, ARTIST_EMAIL) VALUES (25, 'Coldplay', 'https://i.scdn.co/image/ab6761610000e5eb1ba8fc5f5c73e7e9313cc6eb', 61256282, 'artist25@label.com') ON CONFLICT DO NOTHING;
INSERT INTO COLLECTIONS (COLLECTION_ID, COLLECTION_TITLE, COLLECTION_TYPE, COLLECTION_RELEASE_DATE, COLLECTION_COVER) VALUES (27, 'Ghost Stories', 'Album', '2014-05-16', 'https://i.scdn.co/image/ab67616d0000b273e5a95573f1b91234630fd2cf') ON CONFLICT DO NOTHING;
INSERT INTO RELEASES (ARTIST_ID, COLLECTION_ID) VALUES (25, 27) ON CONFLICT DO NOTHING;
INSERT INTO SONGS (SONG_ID, SONG_TITLE, SONG_DURATION, SONG_FILE, POPULARITY, VALENCE, ACCOUSTICNESS, DANCEABILITY, ENERGY, SONG_RELEASE_DATE) VALUES (27, 'A Sky Full of Stars', 267, '/default.mp3', 86, 0.564, 0.484, 0.408, 0.402, '2014-05-16') ON CONFLICT DO NOTHING;
INSERT INTO COLLECTIONS_SONGS (COLLECTION_ID, SONG_ID, NOMOR_DISC, NOMOR_TRACK) VALUES (27, 27, 1, 8) ON CONFLICT DO NOTHING;
INSERT INTO CREATE_SONGS (ARTIST_ID, SONG_ID) VALUES (25, 27) ON CONFLICT DO NOTHING;
INSERT INTO ARTISTS (ARTIST_ID, ARTIST_NAME, ARTIST_PFP, MONTHLY_LISTENER_COUNT, ARTIST_EMAIL) VALUES (26, 'Taylor Swift', 'https://i.scdn.co/image/ab6761610000e5ebe2e8e7ff002a4afda1c7147e', 146900170, 'artist26@label.com') ON CONFLICT DO NOTHING;
INSERT INTO COLLECTIONS (COLLECTION_ID, COLLECTION_TITLE, COLLECTION_TYPE, COLLECTION_RELEASE_DATE, COLLECTION_COVER) VALUES (28, 'Red (Taylor''s Version)', 'Album', '2021-11-12', 'https://i.scdn.co/image/ab67616d0000b273563151cc3a0528d8228998c8') ON CONFLICT DO NOTHING;
INSERT INTO RELEASES (ARTIST_ID, COLLECTION_ID) VALUES (26, 28) ON CONFLICT DO NOTHING;
INSERT INTO SONGS (SONG_ID, SONG_TITLE, SONG_DURATION, SONG_FILE, POPULARITY, VALENCE, ACCOUSTICNESS, DANCEABILITY, ENERGY, SONG_RELEASE_DATE) VALUES (28, 'All Too Well (Taylor''s Version)', 329, '/default.mp3', 64, 0.94, 0.906, 0.753, 0.437, '2021-11-12') ON CONFLICT DO NOTHING;
INSERT INTO COLLECTIONS_SONGS (COLLECTION_ID, SONG_ID, NOMOR_DISC, NOMOR_TRACK) VALUES (28, 28, 1, 5) ON CONFLICT DO NOTHING;
INSERT INTO CREATE_SONGS (ARTIST_ID, SONG_ID) VALUES (26, 28) ON CONFLICT DO NOTHING;
INSERT INTO ARTISTS (ARTIST_ID, ARTIST_NAME, ARTIST_PFP, MONTHLY_LISTENER_COUNT, ARTIST_EMAIL) VALUES (27, 'Zivilia', 'https://i.scdn.co/image/ab67616d0000b2736735968eed8194726615ce17', 486546, 'artist27@label.com') ON CONFLICT DO NOTHING;
INSERT INTO COLLECTIONS (COLLECTION_ID, COLLECTION_TITLE, COLLECTION_TYPE, COLLECTION_RELEASE_DATE, COLLECTION_COVER) VALUES (29, 'Trilogy', 'Single', '2013-06-12', 'https://i.scdn.co/image/ab67616d0000b273f53fc42b6992cb0fd82ae67f') ON CONFLICT DO NOTHING;
INSERT INTO RELEASES (ARTIST_ID, COLLECTION_ID) VALUES (27, 29) ON CONFLICT DO NOTHING;
INSERT INTO SONGS (SONG_ID, SONG_TITLE, SONG_DURATION, SONG_FILE, POPULARITY, VALENCE, ACCOUSTICNESS, DANCEABILITY, ENERGY, SONG_RELEASE_DATE) VALUES (29, 'Aishiteru 3', 234, '/default.mp3', 64, 0.539, 0.025, 0.74, 0.178, '2013-06-12') ON CONFLICT DO NOTHING;
INSERT INTO COLLECTIONS_SONGS (COLLECTION_ID, SONG_ID, NOMOR_DISC, NOMOR_TRACK) VALUES (29, 29, 1, 3) ON CONFLICT DO NOTHING;
INSERT INTO CREATE_SONGS (ARTIST_ID, SONG_ID) VALUES (27, 29) ON CONFLICT DO NOTHING;
INSERT INTO COLLECTIONS (COLLECTION_ID, COLLECTION_TITLE, COLLECTION_TYPE, COLLECTION_RELEASE_DATE, COLLECTION_COVER) VALUES (30, 'Another Love (Live from Top of the Pops: Christmas Special, 2013)', 'Single', '2013-01-01', 'https://i.scdn.co/image/ab6742d3000053b7ba4a1d4b58e39ec5f0fc6d59') ON CONFLICT DO NOTHING;
INSERT INTO RELEASES (ARTIST_ID, COLLECTION_ID) VALUES (20, 30) ON CONFLICT DO NOTHING;
INSERT INTO SONGS (SONG_ID, SONG_TITLE, SONG_DURATION, SONG_FILE, POPULARITY, VALENCE, ACCOUSTICNESS, DANCEABILITY, ENERGY, SONG_RELEASE_DATE) VALUES (30, 'Another Love - Live from Top of the Pops: Christmas Special, 2013', 229, '/default.mp3', 24, 0.519, 0.469, 0.358, 0.675, '2013-01-01') ON CONFLICT DO NOTHING;
INSERT INTO COLLECTIONS_SONGS (COLLECTION_ID, SONG_ID, NOMOR_DISC, NOMOR_TRACK) VALUES (30, 30, 1, 1) ON CONFLICT DO NOTHING;
INSERT INTO CREATE_SONGS (ARTIST_ID, SONG_ID) VALUES (20, 30) ON CONFLICT DO NOTHING;
INSERT INTO ARTISTS (ARTIST_ID, ARTIST_NAME, ARTIST_PFP, MONTHLY_LISTENER_COUNT, ARTIST_EMAIL) VALUES (28, 'Arctic Monkeys', 'https://i.scdn.co/image/ab6761610000e5eb7da39dea0a72f581535fb11f', 32354368, 'artist28@label.com') ON CONFLICT DO NOTHING;
INSERT INTO GENRES (GENRE_ID, GENRE_NAME) VALUES (23, 'indie') ON CONFLICT DO NOTHING;
INSERT INTO GENRES (GENRE_ID, GENRE_NAME) VALUES (24, 'garage rock') ON CONFLICT DO NOTHING;
INSERT INTO COLLECTIONS (COLLECTION_ID, COLLECTION_TITLE, COLLECTION_TYPE, COLLECTION_RELEASE_DATE, COLLECTION_COVER) VALUES (31, 'AM', 'Album', '2013-09-09', 'https://i.scdn.co/image/ab67616d0000b2734ae1c4c5c45aabe565499163') ON CONFLICT DO NOTHING;
INSERT INTO RELEASES (ARTIST_ID, COLLECTION_ID) VALUES (28, 31) ON CONFLICT DO NOTHING;
INSERT INTO SONGS (SONG_ID, SONG_TITLE, SONG_DURATION, SONG_FILE, POPULARITY, VALENCE, ACCOUSTICNESS, DANCEABILITY, ENERGY, SONG_RELEASE_DATE) VALUES (31, 'No. 1 Party Anthem', 243, '/default.mp3', 87, 0.797, 0.957, 0.3, 0.292, '2013-09-09') ON CONFLICT DO NOTHING;
INSERT INTO COLLECTIONS_SONGS (COLLECTION_ID, SONG_ID, NOMOR_DISC, NOMOR_TRACK) VALUES (31, 31, 1, 6) ON CONFLICT DO NOTHING;
INSERT INTO CREATE_SONGS (ARTIST_ID, SONG_ID) VALUES (28, 31) ON CONFLICT DO NOTHING;
INSERT INTO SONGS (SONG_ID, SONG_TITLE, SONG_DURATION, SONG_FILE, POPULARITY, VALENCE, ACCOUSTICNESS, DANCEABILITY, ENERGY, SONG_RELEASE_DATE) VALUES (32, 'I Wanna Be Yours', 183, '/default.mp3', 92, 0.389, 0.004, 0.399, 0.77, '2013-09-09') ON CONFLICT DO NOTHING;
INSERT INTO COLLECTIONS_SONGS (COLLECTION_ID, SONG_ID, NOMOR_DISC, NOMOR_TRACK) VALUES (31, 32, 1, 12) ON CONFLICT DO NOTHING;
INSERT INTO CREATE_SONGS (ARTIST_ID, SONG_ID) VALUES (28, 32) ON CONFLICT DO NOTHING;
INSERT INTO ARTISTS (ARTIST_ID, ARTIST_NAME, ARTIST_PFP, MONTHLY_LISTENER_COUNT, ARTIST_EMAIL) VALUES (29, 'Kendrick Lamar', 'https://i.scdn.co/image/ab6761610000e5eb39ba6dcd4355c03de0b50918', 45023550, 'artist29@label.com') ON CONFLICT DO NOTHING;
INSERT INTO GENRES (GENRE_ID, GENRE_NAME) VALUES (25, 'hip hop') ON CONFLICT DO NOTHING;
INSERT INTO GENRES (GENRE_ID, GENRE_NAME) VALUES (26, 'west coast hip hop') ON CONFLICT DO NOTHING;
INSERT INTO COLLECTIONS (COLLECTION_ID, COLLECTION_TITLE, COLLECTION_TYPE, COLLECTION_RELEASE_DATE, COLLECTION_COVER) VALUES (32, 'Black Panther The Album Music From And Inspired By', 'Album', '2018-02-09', 'https://i.scdn.co/image/ab67616d0000b273c027ad28821777b00dcaa888') ON CONFLICT DO NOTHING;
INSERT INTO RELEASES (ARTIST_ID, COLLECTION_ID) VALUES (29, 32) ON CONFLICT DO NOTHING;
INSERT INTO SONGS (SONG_ID, SONG_TITLE, SONG_DURATION, SONG_FILE, POPULARITY, VALENCE, ACCOUSTICNESS, DANCEABILITY, ENERGY, SONG_RELEASE_DATE) VALUES (33, 'All The Stars (with SZA) - From "Black Panther: The Album"', 232, '/default.mp3', 89, 0.226, 0.173, 0.282, 0.594, '2018-02-09') ON CONFLICT DO NOTHING;
INSERT INTO COLLECTIONS_SONGS (COLLECTION_ID, SONG_ID, NOMOR_DISC, NOMOR_TRACK) VALUES (32, 33, 1, 2) ON CONFLICT DO NOTHING;
INSERT INTO CREATE_SONGS (ARTIST_ID, SONG_ID) VALUES (29, 33) ON CONFLICT DO NOTHING;
INSERT INTO ARTISTS (ARTIST_ID, ARTIST_NAME, ARTIST_PFP, MONTHLY_LISTENER_COUNT, ARTIST_EMAIL) VALUES (30, 'Elevation Worship', 'https://i.scdn.co/image/ab6761610000e5eb6fa137c74960a6a81f11ee70', 5163604, 'artist30@label.com') ON CONFLICT DO NOTHING;
INSERT INTO GENRES (GENRE_ID, GENRE_NAME) VALUES (27, 'worship') ON CONFLICT DO NOTHING;
INSERT INTO GENRES (GENRE_ID, GENRE_NAME) VALUES (28, 'christian') ON CONFLICT DO NOTHING;
INSERT INTO GENRES (GENRE_ID, GENRE_NAME) VALUES (29, 'ccm') ON CONFLICT DO NOTHING;
INSERT INTO GENRES (GENRE_ID, GENRE_NAME) VALUES (30, 'gospel') ON CONFLICT DO NOTHING;
INSERT INTO GENRES (GENRE_ID, GENRE_NAME) VALUES (31, 'pop worship') ON CONFLICT DO NOTHING;
INSERT INTO COLLECTIONS (COLLECTION_ID, COLLECTION_TITLE, COLLECTION_TYPE, COLLECTION_RELEASE_DATE, COLLECTION_COVER) VALUES (33, 'Another Stone (feat. Chris Brown) [Live]', 'Single', '2024-07-12', 'https://i.scdn.co/image/ab6742d3000053b7974c62b079c8c0ed1bb28a4e') ON CONFLICT DO NOTHING;
INSERT INTO RELEASES (ARTIST_ID, COLLECTION_ID) VALUES (30, 33) ON CONFLICT DO NOTHING;
INSERT INTO SONGS (SONG_ID, SONG_TITLE, SONG_DURATION, SONG_FILE, POPULARITY, VALENCE, ACCOUSTICNESS, DANCEABILITY, ENERGY, SONG_RELEASE_DATE) VALUES (34, 'Another Stone (feat. Chris Brown) - Live', 375, '/default.mp3', 8, 0.258, 0.572, 0.508, 0.649, '2024-07-12') ON CONFLICT DO NOTHING;
INSERT INTO COLLECTIONS_SONGS (COLLECTION_ID, SONG_ID, NOMOR_DISC, NOMOR_TRACK) VALUES (33, 34, 1, 1) ON CONFLICT DO NOTHING;
INSERT INTO CREATE_SONGS (ARTIST_ID, SONG_ID) VALUES (30, 34) ON CONFLICT DO NOTHING;
INSERT INTO ARTISTS (ARTIST_ID, ARTIST_NAME, ARTIST_PFP, MONTHLY_LISTENER_COUNT, ARTIST_EMAIL) VALUES (31, 'The Weeknd', 'https://i.scdn.co/image/ab6761610000e5eb9e528993a2820267b97f6aae', 114242793, 'artist31@label.com') ON CONFLICT DO NOTHING;
INSERT INTO COLLECTIONS (COLLECTION_ID, COLLECTION_TITLE, COLLECTION_TYPE, COLLECTION_RELEASE_DATE, COLLECTION_COVER) VALUES (34, 'After Hours (Short Film)', 'Single', '2020-03-04', 'https://i.scdn.co/image/ab6742d3000053b73eae058402b5d6c6bdf4432e') ON CONFLICT DO NOTHING;
INSERT INTO RELEASES (ARTIST_ID, COLLECTION_ID) VALUES (31, 34) ON CONFLICT DO NOTHING;
INSERT INTO SONGS (SONG_ID, SONG_TITLE, SONG_DURATION, SONG_FILE, POPULARITY, VALENCE, ACCOUSTICNESS, DANCEABILITY, ENERGY, SONG_RELEASE_DATE) VALUES (35, 'After Hours - Short Film', 301, '/default.mp3', 19, 0.072, 0.937, 0.312, 0.133, '2020-03-04') ON CONFLICT DO NOTHING;
INSERT INTO COLLECTIONS_SONGS (COLLECTION_ID, SONG_ID, NOMOR_DISC, NOMOR_TRACK) VALUES (34, 35, 1, 1) ON CONFLICT DO NOTHING;
INSERT INTO CREATE_SONGS (ARTIST_ID, SONG_ID) VALUES (31, 35) ON CONFLICT DO NOTHING;
INSERT INTO ARTISTS (ARTIST_ID, ARTIST_NAME, ARTIST_PFP, MONTHLY_LISTENER_COUNT, ARTIST_EMAIL) VALUES (32, 'Avril Lavigne', 'https://i.scdn.co/image/ab6761610000e5ebcea575e8c9519d4367984256', 12057953, 'artist32@label.com') ON CONFLICT DO NOTHING;
INSERT INTO COLLECTIONS (COLLECTION_ID, COLLECTION_TITLE, COLLECTION_TYPE, COLLECTION_RELEASE_DATE, COLLECTION_COVER) VALUES (35, 'Alice', 'Single', '2010-04-07', 'https://i.scdn.co/image/ab6742d3000053b756e342127b2e3353e0ac5342') ON CONFLICT DO NOTHING;
INSERT INTO RELEASES (ARTIST_ID, COLLECTION_ID) VALUES (32, 35) ON CONFLICT DO NOTHING;
INSERT INTO SONGS (SONG_ID, SONG_TITLE, SONG_DURATION, SONG_FILE, POPULARITY, VALENCE, ACCOUSTICNESS, DANCEABILITY, ENERGY, SONG_RELEASE_DATE) VALUES (36, 'Alice', 212, '/default.mp3', 18, 0.14, 0.359, 0.069, 0.85, '2010-04-07') ON CONFLICT DO NOTHING;
INSERT INTO COLLECTIONS_SONGS (COLLECTION_ID, SONG_ID, NOMOR_DISC, NOMOR_TRACK) VALUES (35, 36, 1, 1) ON CONFLICT DO NOTHING;
INSERT INTO CREATE_SONGS (ARTIST_ID, SONG_ID) VALUES (32, 36) ON CONFLICT DO NOTHING;
INSERT INTO ARTISTS (ARTIST_ID, ARTIST_NAME, ARTIST_PFP, MONTHLY_LISTENER_COUNT, ARTIST_EMAIL) VALUES (33, 'Foo Fighters', 'https://i.scdn.co/image/ab6761610000e5eb2c7bb73afef60ef97ad6dcb2', 13032443, 'artist33@label.com') ON CONFLICT DO NOTHING;
INSERT INTO GENRES (GENRE_ID, GENRE_NAME) VALUES (32, 'rock') ON CONFLICT DO NOTHING;
INSERT INTO GENRES (GENRE_ID, GENRE_NAME) VALUES (33, 'post-grunge') ON CONFLICT DO NOTHING;
INSERT INTO GENRES (GENRE_ID, GENRE_NAME) VALUES (34, 'alternative rock') ON CONFLICT DO NOTHING;
INSERT INTO GENRES (GENRE_ID, GENRE_NAME) VALUES (35, 'grunge') ON CONFLICT DO NOTHING;
INSERT INTO COLLECTIONS (COLLECTION_ID, COLLECTION_TITLE, COLLECTION_TYPE, COLLECTION_RELEASE_DATE, COLLECTION_COVER) VALUES (36, 'All My Life (Live At Wembley Stadium, 2008)', 'Single', '2008-01-01', 'https://i.scdn.co/image/ab6742d3000053b7c45c06d3a7df52423f709d18') ON CONFLICT DO NOTHING;
INSERT INTO RELEASES (ARTIST_ID, COLLECTION_ID) VALUES (33, 36) ON CONFLICT DO NOTHING;
INSERT INTO SONGS (SONG_ID, SONG_TITLE, SONG_DURATION, SONG_FILE, POPULARITY, VALENCE, ACCOUSTICNESS, DANCEABILITY, ENERGY, SONG_RELEASE_DATE) VALUES (37, 'All My Life - Live At Wembley Stadium, 2008', 253, '/default.mp3', 14, 0.049, 0.394, 0.382, 0.399, '2008-01-01') ON CONFLICT DO NOTHING;
INSERT INTO COLLECTIONS_SONGS (COLLECTION_ID, SONG_ID, NOMOR_DISC, NOMOR_TRACK) VALUES (36, 37, 1, 1) ON CONFLICT DO NOTHING;
INSERT INTO CREATE_SONGS (ARTIST_ID, SONG_ID) VALUES (33, 37) ON CONFLICT DO NOTHING;
INSERT INTO ARTISTS (ARTIST_ID, ARTIST_NAME, ARTIST_PFP, MONTHLY_LISTENER_COUNT, ARTIST_EMAIL) VALUES (34, 'Cage The Elephant', 'https://i.scdn.co/image/ab6761610000e5eb766df8f443e0160f7b35545d', 4317121, 'artist34@label.com') ON CONFLICT DO NOTHING;
INSERT INTO COLLECTIONS (COLLECTION_ID, COLLECTION_TITLE, COLLECTION_TYPE, COLLECTION_RELEASE_DATE, COLLECTION_COVER) VALUES (37, 'Ain''t No Rest for the Wicked (Live From The Basement At Grimey''s)', 'Single', '2011-02-01', 'https://i.scdn.co/image/ab6742d3000053b73bfaf77533d6717f8304e2fb') ON CONFLICT DO NOTHING;
INSERT INTO RELEASES (ARTIST_ID, COLLECTION_ID) VALUES (34, 37) ON CONFLICT DO NOTHING;
INSERT INTO SONGS (SONG_ID, SONG_TITLE, SONG_DURATION, SONG_FILE, POPULARITY, VALENCE, ACCOUSTICNESS, DANCEABILITY, ENERGY, SONG_RELEASE_DATE) VALUES (38, 'Ain''t No Rest for the Wicked - Live From The Basement At Grimey''s', 203, '/default.mp3', 2, 0.997, 0.827, 0.096, 0.096, '2011-02-01') ON CONFLICT DO NOTHING;
INSERT INTO COLLECTIONS_SONGS (COLLECTION_ID, SONG_ID, NOMOR_DISC, NOMOR_TRACK) VALUES (37, 38, 1, 1) ON CONFLICT DO NOTHING;
INSERT INTO CREATE_SONGS (ARTIST_ID, SONG_ID) VALUES (34, 38) ON CONFLICT DO NOTHING;
INSERT INTO ARTISTS (ARTIST_ID, ARTIST_NAME, ARTIST_PFP, MONTHLY_LISTENER_COUNT, ARTIST_EMAIL) VALUES (35, 'Post Malone', 'https://i.scdn.co/image/ab6761610000e5ebe17c0aa1714a03d62b5ce4e0', 47836688, 'artist35@label.com') ON CONFLICT DO NOTHING;
INSERT INTO COLLECTIONS (COLLECTION_ID, COLLECTION_TITLE, COLLECTION_TYPE, COLLECTION_RELEASE_DATE, COLLECTION_COVER) VALUES (38, 'Ain’t How It Ends', 'Single', '2024-10-04', 'https://i.scdn.co/image/ab6742d3000053b7c9e94fdeb8b8f65c5beaab40') ON CONFLICT DO NOTHING;
INSERT INTO RELEASES (ARTIST_ID, COLLECTION_ID) VALUES (35, 38) ON CONFLICT DO NOTHING;
INSERT INTO SONGS (SONG_ID, SONG_TITLE, SONG_DURATION, SONG_FILE, POPULARITY, VALENCE, ACCOUSTICNESS, DANCEABILITY, ENERGY, SONG_RELEASE_DATE) VALUES (39, 'Ain’t How It Ends - F-1Trillion Album Livestream', 226, '/default.mp3', 21, 0.148, 0.889, 0.167, 0.319, '2024-10-04') ON CONFLICT DO NOTHING;
INSERT INTO COLLECTIONS_SONGS (COLLECTION_ID, SONG_ID, NOMOR_DISC, NOMOR_TRACK) VALUES (38, 39, 1, 1) ON CONFLICT DO NOTHING;
INSERT INTO CREATE_SONGS (ARTIST_ID, SONG_ID) VALUES (35, 39) ON CONFLICT DO NOTHING;
INSERT INTO ARTISTS (ARTIST_ID, ARTIST_NAME, ARTIST_PFP, MONTHLY_LISTENER_COUNT, ARTIST_EMAIL) VALUES (36, 'Pentatonix', 'https://i.scdn.co/image/ab6761610000e5ebb3106bc5be728505c84b5585', 3983523, 'artist36@label.com') ON CONFLICT DO NOTHING;
INSERT INTO GENRES (GENRE_ID, GENRE_NAME) VALUES (36, 'christmas') ON CONFLICT DO NOTHING;
INSERT INTO COLLECTIONS (COLLECTION_ID, COLLECTION_TITLE, COLLECTION_TYPE, COLLECTION_RELEASE_DATE, COLLECTION_COVER) VALUES (39, 'A Very Short Animated Pentatonix Christmas Film', 'Single', '2019-11-26', 'https://i.scdn.co/image/ab6742d3000053b7d66772c02d97d9a4cd534241') ON CONFLICT DO NOTHING;
INSERT INTO RELEASES (ARTIST_ID, COLLECTION_ID) VALUES (36, 39) ON CONFLICT DO NOTHING;
INSERT INTO SONGS (SONG_ID, SONG_TITLE, SONG_DURATION, SONG_FILE, POPULARITY, VALENCE, ACCOUSTICNESS, DANCEABILITY, ENERGY, SONG_RELEASE_DATE) VALUES (40, 'A Very Short Animated Pentatonix Christmas Film', 158, '/default.mp3', 11, 0.056, 0.157, 0.72, 0.042, '2019-11-26') ON CONFLICT DO NOTHING;
INSERT INTO COLLECTIONS_SONGS (COLLECTION_ID, SONG_ID, NOMOR_DISC, NOMOR_TRACK) VALUES (39, 40, 1, 1) ON CONFLICT DO NOTHING;
INSERT INTO CREATE_SONGS (ARTIST_ID, SONG_ID) VALUES (36, 40) ON CONFLICT DO NOTHING;
INSERT INTO ARTISTS (ARTIST_ID, ARTIST_NAME, ARTIST_PFP, MONTHLY_LISTENER_COUNT, ARTIST_EMAIL) VALUES (37, 'KAROL G', 'https://i.scdn.co/image/ab6761610000e5eb66041ce9eb4497057cbc3496', 60932975, 'artist37@label.com') ON CONFLICT DO NOTHING;
INSERT INTO GENRES (GENRE_ID, GENRE_NAME) VALUES (37, 'reggaeton') ON CONFLICT DO NOTHING;
INSERT INTO GENRES (GENRE_ID, GENRE_NAME) VALUES (38, 'latin') ON CONFLICT DO NOTHING;
INSERT INTO GENRES (GENRE_ID, GENRE_NAME) VALUES (39, 'urbano latino') ON CONFLICT DO NOTHING;
INSERT INTO COLLECTIONS (COLLECTION_ID, COLLECTION_TITLE, COLLECTION_TYPE, COLLECTION_RELEASE_DATE, COLLECTION_COVER) VALUES (40, 'AMARGURA (En Vivo)', 'Single', '2023-05-19', 'https://i.scdn.co/image/ab6742d3000053b7b92602a8b04c799f91810e3a') ON CONFLICT DO NOTHING;
INSERT INTO RELEASES (ARTIST_ID, COLLECTION_ID) VALUES (37, 40) ON CONFLICT DO NOTHING;
INSERT INTO SONGS (SONG_ID, SONG_TITLE, SONG_DURATION, SONG_FILE, POPULARITY, VALENCE, ACCOUSTICNESS, DANCEABILITY, ENERGY, SONG_RELEASE_DATE) VALUES (41, 'AMARGURA - En Vivo', 240, '/default.mp3', 35, 0.756, 0.216, 0.282, 0.477, '2023-05-19') ON CONFLICT DO NOTHING;
INSERT INTO COLLECTIONS_SONGS (COLLECTION_ID, SONG_ID, NOMOR_DISC, NOMOR_TRACK) VALUES (40, 41, 1, 1) ON CONFLICT DO NOTHING;
INSERT INTO CREATE_SONGS (ARTIST_ID, SONG_ID) VALUES (37, 41) ON CONFLICT DO NOTHING;
INSERT INTO ARTISTS (ARTIST_ID, ARTIST_NAME, ARTIST_PFP, MONTHLY_LISTENER_COUNT, ARTIST_EMAIL) VALUES (38, 'Tove Lo', 'https://i.scdn.co/image/ab6761610000e5eb2360c963315739fc33b01687', 3688325, 'artist38@label.com') ON CONFLICT DO NOTHING;
INSERT INTO COLLECTIONS (COLLECTION_ID, COLLECTION_TITLE, COLLECTION_TYPE, COLLECTION_RELEASE_DATE, COLLECTION_COVER) VALUES (41, 'Anywhere u go (Live in South America)', 'Single', '2020-04-30', 'https://i.scdn.co/image/ab6742d3000053b736ee1ffe27d8164ea4cd4ce5') ON CONFLICT DO NOTHING;
INSERT INTO RELEASES (ARTIST_ID, COLLECTION_ID) VALUES (38, 41) ON CONFLICT DO NOTHING;
INSERT INTO SONGS (SONG_ID, SONG_TITLE, SONG_DURATION, SONG_FILE, POPULARITY, VALENCE, ACCOUSTICNESS, DANCEABILITY, ENERGY, SONG_RELEASE_DATE) VALUES (42, 'Anywhere u go - Live in South America', 197, '/default.mp3', 6, 0.987, 0.615, 0.503, 0.284, '2020-04-30') ON CONFLICT DO NOTHING;
INSERT INTO COLLECTIONS_SONGS (COLLECTION_ID, SONG_ID, NOMOR_DISC, NOMOR_TRACK) VALUES (41, 42, 1, 1) ON CONFLICT DO NOTHING;
INSERT INTO CREATE_SONGS (ARTIST_ID, SONG_ID) VALUES (38, 42) ON CONFLICT DO NOTHING;
INSERT INTO ARTISTS (ARTIST_ID, ARTIST_NAME, ARTIST_PFP, MONTHLY_LISTENER_COUNT, ARTIST_EMAIL) VALUES (39, 'Virgoun', 'https://i.scdn.co/image/ab6761610000e5eba99ec2b3bd22a84739aac218', 15155315, 'artist39@label.com') ON CONFLICT DO NOTHING;
INSERT INTO GENRES (GENRE_ID, GENRE_NAME) VALUES (40, 'malaysian pop') ON CONFLICT DO NOTHING;
INSERT INTO COLLECTIONS (COLLECTION_ID, COLLECTION_TITLE, COLLECTION_TYPE, COLLECTION_RELEASE_DATE, COLLECTION_COVER) VALUES (42, 'Selamat (Selamat Tinggal)', 'Single', '2019-06-17', 'https://i.scdn.co/image/ab67616d0000b2739df93f68b7a2e0f8d4eafbab') ON CONFLICT DO NOTHING;
INSERT INTO RELEASES (ARTIST_ID, COLLECTION_ID) VALUES (39, 42) ON CONFLICT DO NOTHING;
INSERT INTO SONGS (SONG_ID, SONG_TITLE, SONG_DURATION, SONG_FILE, POPULARITY, VALENCE, ACCOUSTICNESS, DANCEABILITY, ENERGY, SONG_RELEASE_DATE) VALUES (43, 'Selamat (Selamat Tinggal)', 313, '/default.mp3', 81, 0.302, 0.211, 0.732, 0.06, '2019-06-17') ON CONFLICT DO NOTHING;
INSERT INTO COLLECTIONS_SONGS (COLLECTION_ID, SONG_ID, NOMOR_DISC, NOMOR_TRACK) VALUES (42, 43, 1, 1) ON CONFLICT DO NOTHING;
INSERT INTO CREATE_SONGS (ARTIST_ID, SONG_ID) VALUES (39, 43) ON CONFLICT DO NOTHING;
INSERT INTO ARTISTS (ARTIST_ID, ARTIST_NAME, ARTIST_PFP, MONTHLY_LISTENER_COUNT, ARTIST_EMAIL) VALUES (40, 'Green Day', 'https://i.scdn.co/image/ab6761610000e5eb6ff0cd5ef2ecf733804984bb', 17451819, 'artist40@label.com') ON CONFLICT DO NOTHING;
INSERT INTO GENRES (GENRE_ID, GENRE_NAME) VALUES (41, 'punk') ON CONFLICT DO NOTHING;
INSERT INTO GENRES (GENRE_ID, GENRE_NAME) VALUES (42, 'pop punk') ON CONFLICT DO NOTHING;
INSERT INTO COLLECTIONS (COLLECTION_ID, COLLECTION_TITLE, COLLECTION_TYPE, COLLECTION_RELEASE_DATE, COLLECTION_COVER) VALUES (43, 'American Idiot', 'Single', '2005-01-01', 'https://i.scdn.co/image/ab6742d3000053b75f9dead638194f8b61d5d77c') ON CONFLICT DO NOTHING;
INSERT INTO RELEASES (ARTIST_ID, COLLECTION_ID) VALUES (40, 43) ON CONFLICT DO NOTHING;
INSERT INTO SONGS (SONG_ID, SONG_TITLE, SONG_DURATION, SONG_FILE, POPULARITY, VALENCE, ACCOUSTICNESS, DANCEABILITY, ENERGY, SONG_RELEASE_DATE) VALUES (44, 'American Idiot', 182, '/default.mp3', 14, 0.554, 0.422, 0.44, 0.014, '2005-01-01') ON CONFLICT DO NOTHING;
INSERT INTO COLLECTIONS_SONGS (COLLECTION_ID, SONG_ID, NOMOR_DISC, NOMOR_TRACK) VALUES (43, 44, 1, 1) ON CONFLICT DO NOTHING;
INSERT INTO CREATE_SONGS (ARTIST_ID, SONG_ID) VALUES (40, 44) ON CONFLICT DO NOTHING;
INSERT INTO ARTISTS (ARTIST_ID, ARTIST_NAME, ARTIST_PFP, MONTHLY_LISTENER_COUNT, ARTIST_EMAIL) VALUES (41, 'Ernie Zakri', 'https://i.scdn.co/image/ab6761610000e5ebd4e158ec0916e15687ca82e0', 416056, 'artist41@label.com') ON CONFLICT DO NOTHING;
INSERT INTO GENRES (GENRE_ID, GENRE_NAME) VALUES (43, 'malay rap') ON CONFLICT DO NOTHING;
INSERT INTO COLLECTIONS (COLLECTION_ID, COLLECTION_TITLE, COLLECTION_TYPE, COLLECTION_RELEASE_DATE, COLLECTION_COVER) VALUES (44, 'Aura', 'Album', '2023-11-03', 'https://i.scdn.co/image/ab67616d0000b273b2854c3503911cc7625992e2') ON CONFLICT DO NOTHING;
INSERT INTO RELEASES (ARTIST_ID, COLLECTION_ID) VALUES (41, 44) ON CONFLICT DO NOTHING;
INSERT INTO SONGS (SONG_ID, SONG_TITLE, SONG_DURATION, SONG_FILE, POPULARITY, VALENCE, ACCOUSTICNESS, DANCEABILITY, ENERGY, SONG_RELEASE_DATE) VALUES (45, 'Masing Masing', 234, '/default.mp3', 73, 0.88, 0.243, 0.251, 0.073, '2023-11-03') ON CONFLICT DO NOTHING;
INSERT INTO COLLECTIONS_SONGS (COLLECTION_ID, SONG_ID, NOMOR_DISC, NOMOR_TRACK) VALUES (44, 45, 1, 3) ON CONFLICT DO NOTHING;
INSERT INTO CREATE_SONGS (ARTIST_ID, SONG_ID) VALUES (41, 45) ON CONFLICT DO NOTHING;
INSERT INTO ARTISTS (ARTIST_ID, ARTIST_NAME, ARTIST_PFP, MONTHLY_LISTENER_COUNT, ARTIST_EMAIL) VALUES (42, 'Silet Open Up', 'https://i.scdn.co/image/ab6761610000e5eb9b59e1007a20d7a5d8720dc8', 284304, 'artist42@label.com') ON CONFLICT DO NOTHING;
INSERT INTO GENRES (GENRE_ID, GENRE_NAME) VALUES (44, 'lagu timur') ON CONFLICT DO NOTHING;
INSERT INTO GENRES (GENRE_ID, GENRE_NAME) VALUES (45, 'hipdut') ON CONFLICT DO NOTHING;
INSERT INTO GENRES (GENRE_ID, GENRE_NAME) VALUES (46, 'maluku') ON CONFLICT DO NOTHING;
INSERT INTO GENRES (GENRE_ID, GENRE_NAME) VALUES (47, 'koplo') ON CONFLICT DO NOTHING;
INSERT INTO COLLECTIONS (COLLECTION_ID, COLLECTION_TITLE, COLLECTION_TYPE, COLLECTION_RELEASE_DATE, COLLECTION_COVER) VALUES (45, 'TABOLA BALE', 'Single', '2025-04-03', 'https://i.scdn.co/image/ab67616d0000b27310df7b8e9b3ed2588888a8ae') ON CONFLICT DO NOTHING;
INSERT INTO RELEASES (ARTIST_ID, COLLECTION_ID) VALUES (42, 45) ON CONFLICT DO NOTHING;
INSERT INTO SONGS (SONG_ID, SONG_TITLE, SONG_DURATION, SONG_FILE, POPULARITY, VALENCE, ACCOUSTICNESS, DANCEABILITY, ENERGY, SONG_RELEASE_DATE) VALUES (46, 'TABOLA BALE', 274, '/default.mp3', 85, 0.738, 0.44, 0.852, 0.524, '2025-04-03') ON CONFLICT DO NOTHING;
INSERT INTO COLLECTIONS_SONGS (COLLECTION_ID, SONG_ID, NOMOR_DISC, NOMOR_TRACK) VALUES (45, 46, 1, 1) ON CONFLICT DO NOTHING;
INSERT INTO CREATE_SONGS (ARTIST_ID, SONG_ID) VALUES (42, 46) ON CONFLICT DO NOTHING;
INSERT INTO ARTISTS (ARTIST_ID, ARTIST_NAME, ARTIST_PFP, MONTHLY_LISTENER_COUNT, ARTIST_EMAIL) VALUES (43, 'Andra & The Backbone', 'https://i.scdn.co/image/ab67616d0000b2730df7dec70511dd4f2e69dc34', 2361180, 'artist43@label.com') ON CONFLICT DO NOTHING;
INSERT INTO COLLECTIONS (COLLECTION_ID, COLLECTION_TITLE, COLLECTION_TYPE, COLLECTION_RELEASE_DATE, COLLECTION_COVER) VALUES (46, 'Andra & The Backbone', 'Album', '2006-12-28', 'https://i.scdn.co/image/ab67616d0000b2730df7dec70511dd4f2e69dc34') ON CONFLICT DO NOTHING;
INSERT INTO RELEASES (ARTIST_ID, COLLECTION_ID) VALUES (43, 46) ON CONFLICT DO NOTHING;
INSERT INTO SONGS (SONG_ID, SONG_TITLE, SONG_DURATION, SONG_FILE, POPULARITY, VALENCE, ACCOUSTICNESS, DANCEABILITY, ENERGY, SONG_RELEASE_DATE) VALUES (47, 'Sempurna', 268, '/default.mp3', 79, 0.093, 0.092, 0.925, 0.333, '2006-12-28') ON CONFLICT DO NOTHING;
INSERT INTO COLLECTIONS_SONGS (COLLECTION_ID, SONG_ID, NOMOR_DISC, NOMOR_TRACK) VALUES (46, 47, 1, 10) ON CONFLICT DO NOTHING;
INSERT INTO CREATE_SONGS (ARTIST_ID, SONG_ID) VALUES (43, 47) ON CONFLICT DO NOTHING;
INSERT INTO SONGS (SONG_ID, SONG_TITLE, SONG_DURATION, SONG_FILE, POPULARITY, VALENCE, ACCOUSTICNESS, DANCEABILITY, ENERGY, SONG_RELEASE_DATE) VALUES (48, 'Tarot', 288, '/default.mp3', 84, 0.798, 0.697, 0.224, 0.717, '2024-08-30') ON CONFLICT DO NOTHING;
INSERT INTO COLLECTIONS_SONGS (COLLECTION_ID, SONG_ID, NOMOR_DISC, NOMOR_TRACK) VALUES (12, 48, 1, 12) ON CONFLICT DO NOTHING;
INSERT INTO CREATE_SONGS (ARTIST_ID, SONG_ID) VALUES (11, 48) ON CONFLICT DO NOTHING;
INSERT INTO ARTISTS (ARTIST_ID, ARTIST_NAME, ARTIST_PFP, MONTHLY_LISTENER_COUNT, ARTIST_EMAIL) VALUES (44, 'Hindia', 'https://i.scdn.co/image/ab6761610000e5eb8022c4a018990cd93a9ddfe0', 11551080, 'artist44@label.com') ON CONFLICT DO NOTHING;
INSERT INTO COLLECTIONS (COLLECTION_ID, COLLECTION_TITLE, COLLECTION_TYPE, COLLECTION_RELEASE_DATE, COLLECTION_COVER) VALUES (47, 'Lagipula Hidup Akan Berakhir', 'Album', '2023-07-07', 'https://i.scdn.co/image/ab67616d0000b273d58121433ea3e6c4822ac494') ON CONFLICT DO NOTHING;
INSERT INTO RELEASES (ARTIST_ID, COLLECTION_ID) VALUES (44, 47) ON CONFLICT DO NOTHING;
INSERT INTO SONGS (SONG_ID, SONG_TITLE, SONG_DURATION, SONG_FILE, POPULARITY, VALENCE, ACCOUSTICNESS, DANCEABILITY, ENERGY, SONG_RELEASE_DATE) VALUES (49, 'Cincin', 266, '/default.mp3', 83, 0.779, 0.946, 0.351, 0.417, '2023-07-07') ON CONFLICT DO NOTHING;
INSERT INTO COLLECTIONS_SONGS (COLLECTION_ID, SONG_ID, NOMOR_DISC, NOMOR_TRACK) VALUES (47, 49, 1, 9) ON CONFLICT DO NOTHING;
INSERT INTO CREATE_SONGS (ARTIST_ID, SONG_ID) VALUES (44, 49) ON CONFLICT DO NOTHING;
INSERT INTO ARTISTS (ARTIST_ID, ARTIST_NAME, ARTIST_PFP, MONTHLY_LISTENER_COUNT, ARTIST_EMAIL) VALUES (45, 'Anggi Marito', 'https://i.scdn.co/image/ab6761610000e5eb203050d0cabe72e57c99ce44', 1534425, 'artist45@label.com') ON CONFLICT DO NOTHING;
INSERT INTO COLLECTIONS (COLLECTION_ID, COLLECTION_TITLE, COLLECTION_TYPE, COLLECTION_RELEASE_DATE, COLLECTION_COVER) VALUES (48, 'Tak Segampang Itu', 'Single', '2022-12-02', 'https://i.scdn.co/image/ab67616d0000b2732844c4e4e984ea408ab7fd6f') ON CONFLICT DO NOTHING;
INSERT INTO RELEASES (ARTIST_ID, COLLECTION_ID) VALUES (45, 48) ON CONFLICT DO NOTHING;
INSERT INTO SONGS (SONG_ID, SONG_TITLE, SONG_DURATION, SONG_FILE, POPULARITY, VALENCE, ACCOUSTICNESS, DANCEABILITY, ENERGY, SONG_RELEASE_DATE) VALUES (50, 'Tak Segampang Itu', 231, '/default.mp3', 79, 0.849, 0.222, 0.723, 0.031, '2022-12-02') ON CONFLICT DO NOTHING;
INSERT INTO COLLECTIONS_SONGS (COLLECTION_ID, SONG_ID, NOMOR_DISC, NOMOR_TRACK) VALUES (48, 50, 1, 1) ON CONFLICT DO NOTHING;
INSERT INTO CREATE_SONGS (ARTIST_ID, SONG_ID) VALUES (45, 50) ON CONFLICT DO NOTHING;
INSERT INTO SONGS_GENRES (SONG_ID, GENRE_ID) VALUES (1, 15) ON CONFLICT DO NOTHING;
INSERT INTO SONGS_GENRES (SONG_ID, GENRE_ID) VALUES (1, 43) ON CONFLICT DO NOTHING;
INSERT INTO SONGS_GENRES (SONG_ID, GENRE_ID) VALUES (1, 13) ON CONFLICT DO NOTHING;
INSERT INTO SONGS_GENRES (SONG_ID, GENRE_ID) VALUES (2, 30) ON CONFLICT DO NOTHING;
INSERT INTO SONGS_GENRES (SONG_ID, GENRE_ID) VALUES (2, 13) ON CONFLICT DO NOTHING;
INSERT INTO SONGS_GENRES (SONG_ID, GENRE_ID) VALUES (3, 32) ON CONFLICT DO NOTHING;
INSERT INTO SONGS_GENRES (SONG_ID, GENRE_ID) VALUES (3, 20) ON CONFLICT DO NOTHING;
INSERT INTO SONGS_GENRES (SONG_ID, GENRE_ID) VALUES (4, 22) ON CONFLICT DO NOTHING;
INSERT INTO SONGS_GENRES (SONG_ID, GENRE_ID) VALUES (4, 11) ON CONFLICT DO NOTHING;
INSERT INTO SONGS_GENRES (SONG_ID, GENRE_ID) VALUES (4, 43) ON CONFLICT DO NOTHING;
INSERT INTO SONGS_GENRES (SONG_ID, GENRE_ID) VALUES (5, 42) ON CONFLICT DO NOTHING;
INSERT INTO SONGS_GENRES (SONG_ID, GENRE_ID) VALUES (5, 30) ON CONFLICT DO NOTHING;
INSERT INTO SONGS_GENRES (SONG_ID, GENRE_ID) VALUES (6, 28) ON CONFLICT DO NOTHING;
INSERT INTO SONGS_GENRES (SONG_ID, GENRE_ID) VALUES (7, 31) ON CONFLICT DO NOTHING;
INSERT INTO SONGS_GENRES (SONG_ID, GENRE_ID) VALUES (7, 14) ON CONFLICT DO NOTHING;
INSERT INTO SONGS_GENRES (SONG_ID, GENRE_ID) VALUES (8, 16) ON CONFLICT DO NOTHING;
INSERT INTO SONGS_GENRES (SONG_ID, GENRE_ID) VALUES (8, 21) ON CONFLICT DO NOTHING;
INSERT INTO SONGS_GENRES (SONG_ID, GENRE_ID) VALUES (9, 4) ON CONFLICT DO NOTHING;
INSERT INTO SONGS_GENRES (SONG_ID, GENRE_ID) VALUES (9, 44) ON CONFLICT DO NOTHING;
INSERT INTO SONGS_GENRES (SONG_ID, GENRE_ID) VALUES (10, 33) ON CONFLICT DO NOTHING;
INSERT INTO SONGS_GENRES (SONG_ID, GENRE_ID) VALUES (10, 9) ON CONFLICT DO NOTHING;
INSERT INTO SONGS_GENRES (SONG_ID, GENRE_ID) VALUES (10, 43) ON CONFLICT DO NOTHING;
INSERT INTO SONGS_GENRES (SONG_ID, GENRE_ID) VALUES (11, 23) ON CONFLICT DO NOTHING;
INSERT INTO SONGS_GENRES (SONG_ID, GENRE_ID) VALUES (12, 12) ON CONFLICT DO NOTHING;
INSERT INTO SONGS_GENRES (SONG_ID, GENRE_ID) VALUES (13, 13) ON CONFLICT DO NOTHING;
INSERT INTO SONGS_GENRES (SONG_ID, GENRE_ID) VALUES (13, 34) ON CONFLICT DO NOTHING;
INSERT INTO SONGS_GENRES (SONG_ID, GENRE_ID) VALUES (14, 47) ON CONFLICT DO NOTHING;
INSERT INTO SONGS_GENRES (SONG_ID, GENRE_ID) VALUES (14, 43) ON CONFLICT DO NOTHING;
INSERT INTO SONGS_GENRES (SONG_ID, GENRE_ID) VALUES (15, 44) ON CONFLICT DO NOTHING;
INSERT INTO SONGS_GENRES (SONG_ID, GENRE_ID) VALUES (15, 28) ON CONFLICT DO NOTHING;
INSERT INTO SONGS_GENRES (SONG_ID, GENRE_ID) VALUES (16, 30) ON CONFLICT DO NOTHING;
INSERT INTO SONGS_GENRES (SONG_ID, GENRE_ID) VALUES (16, 21) ON CONFLICT DO NOTHING;
INSERT INTO SONGS_GENRES (SONG_ID, GENRE_ID) VALUES (16, 4) ON CONFLICT DO NOTHING;
INSERT INTO SONGS_GENRES (SONG_ID, GENRE_ID) VALUES (17, 4) ON CONFLICT DO NOTHING;
INSERT INTO SONGS_GENRES (SONG_ID, GENRE_ID) VALUES (17, 45) ON CONFLICT DO NOTHING;
INSERT INTO SONGS_GENRES (SONG_ID, GENRE_ID) VALUES (18, 36) ON CONFLICT DO NOTHING;
INSERT INTO SONGS_GENRES (SONG_ID, GENRE_ID) VALUES (18, 37) ON CONFLICT DO NOTHING;
INSERT INTO SONGS_GENRES (SONG_ID, GENRE_ID) VALUES (19, 8) ON CONFLICT DO NOTHING;
INSERT INTO SONGS_GENRES (SONG_ID, GENRE_ID) VALUES (19, 31) ON CONFLICT DO NOTHING;
INSERT INTO SONGS_GENRES (SONG_ID, GENRE_ID) VALUES (20, 14) ON CONFLICT DO NOTHING;
INSERT INTO SONGS_GENRES (SONG_ID, GENRE_ID) VALUES (21, 35) ON CONFLICT DO NOTHING;
INSERT INTO SONGS_GENRES (SONG_ID, GENRE_ID) VALUES (22, 29) ON CONFLICT DO NOTHING;
INSERT INTO SONGS_GENRES (SONG_ID, GENRE_ID) VALUES (22, 21) ON CONFLICT DO NOTHING;
INSERT INTO SONGS_GENRES (SONG_ID, GENRE_ID) VALUES (23, 14) ON CONFLICT DO NOTHING;
INSERT INTO SONGS_GENRES (SONG_ID, GENRE_ID) VALUES (24, 25) ON CONFLICT DO NOTHING;
INSERT INTO SONGS_GENRES (SONG_ID, GENRE_ID) VALUES (24, 44) ON CONFLICT DO NOTHING;
INSERT INTO SONGS_GENRES (SONG_ID, GENRE_ID) VALUES (24, 12) ON CONFLICT DO NOTHING;
INSERT INTO SONGS_GENRES (SONG_ID, GENRE_ID) VALUES (25, 38) ON CONFLICT DO NOTHING;
INSERT INTO SONGS_GENRES (SONG_ID, GENRE_ID) VALUES (26, 46) ON CONFLICT DO NOTHING;
INSERT INTO SONGS_GENRES (SONG_ID, GENRE_ID) VALUES (27, 10) ON CONFLICT DO NOTHING;
INSERT INTO SONGS_GENRES (SONG_ID, GENRE_ID) VALUES (27, 3) ON CONFLICT DO NOTHING;
INSERT INTO SONGS_GENRES (SONG_ID, GENRE_ID) VALUES (27, 2) ON CONFLICT DO NOTHING;
INSERT INTO SONGS_GENRES (SONG_ID, GENRE_ID) VALUES (28, 5) ON CONFLICT DO NOTHING;
INSERT INTO SONGS_GENRES (SONG_ID, GENRE_ID) VALUES (29, 37) ON CONFLICT DO NOTHING;
INSERT INTO SONGS_GENRES (SONG_ID, GENRE_ID) VALUES (30, 36) ON CONFLICT DO NOTHING;
INSERT INTO SONGS_GENRES (SONG_ID, GENRE_ID) VALUES (30, 30) ON CONFLICT DO NOTHING;
INSERT INTO SONGS_GENRES (SONG_ID, GENRE_ID) VALUES (30, 3) ON CONFLICT DO NOTHING;
INSERT INTO SONGS_GENRES (SONG_ID, GENRE_ID) VALUES (31, 6) ON CONFLICT DO NOTHING;
INSERT INTO SONGS_GENRES (SONG_ID, GENRE_ID) VALUES (32, 9) ON CONFLICT DO NOTHING;
INSERT INTO SONGS_GENRES (SONG_ID, GENRE_ID) VALUES (32, 34) ON CONFLICT DO NOTHING;
INSERT INTO SONGS_GENRES (SONG_ID, GENRE_ID) VALUES (33, 36) ON CONFLICT DO NOTHING;
INSERT INTO SONGS_GENRES (SONG_ID, GENRE_ID) VALUES (33, 9) ON CONFLICT DO NOTHING;
INSERT INTO SONGS_GENRES (SONG_ID, GENRE_ID) VALUES (33, 16) ON CONFLICT DO NOTHING;
INSERT INTO SONGS_GENRES (SONG_ID, GENRE_ID) VALUES (34, 32) ON CONFLICT DO NOTHING;
INSERT INTO SONGS_GENRES (SONG_ID, GENRE_ID) VALUES (34, 7) ON CONFLICT DO NOTHING;
INSERT INTO SONGS_GENRES (SONG_ID, GENRE_ID) VALUES (35, 24) ON CONFLICT DO NOTHING;
INSERT INTO SONGS_GENRES (SONG_ID, GENRE_ID) VALUES (36, 3) ON CONFLICT DO NOTHING;
INSERT INTO SONGS_GENRES (SONG_ID, GENRE_ID) VALUES (36, 5) ON CONFLICT DO NOTHING;
INSERT INTO SONGS_GENRES (SONG_ID, GENRE_ID) VALUES (36, 30) ON CONFLICT DO NOTHING;
INSERT INTO SONGS_GENRES (SONG_ID, GENRE_ID) VALUES (37, 39) ON CONFLICT DO NOTHING;
INSERT INTO SONGS_GENRES (SONG_ID, GENRE_ID) VALUES (37, 24) ON CONFLICT DO NOTHING;
INSERT INTO SONGS_GENRES (SONG_ID, GENRE_ID) VALUES (38, 29) ON CONFLICT DO NOTHING;
INSERT INTO SONGS_GENRES (SONG_ID, GENRE_ID) VALUES (38, 24) ON CONFLICT DO NOTHING;
INSERT INTO SONGS_GENRES (SONG_ID, GENRE_ID) VALUES (38, 15) ON CONFLICT DO NOTHING;
INSERT INTO SONGS_GENRES (SONG_ID, GENRE_ID) VALUES (39, 28) ON CONFLICT DO NOTHING;
INSERT INTO SONGS_GENRES (SONG_ID, GENRE_ID) VALUES (40, 12) ON CONFLICT DO NOTHING;
INSERT INTO SONGS_GENRES (SONG_ID, GENRE_ID) VALUES (40, 8) ON CONFLICT DO NOTHING;
INSERT INTO SONGS_GENRES (SONG_ID, GENRE_ID) VALUES (41, 32) ON CONFLICT DO NOTHING;
INSERT INTO SONGS_GENRES (SONG_ID, GENRE_ID) VALUES (42, 42) ON CONFLICT DO NOTHING;
INSERT INTO SONGS_GENRES (SONG_ID, GENRE_ID) VALUES (42, 26) ON CONFLICT DO NOTHING;
INSERT INTO SONGS_GENRES (SONG_ID, GENRE_ID) VALUES (42, 34) ON CONFLICT DO NOTHING;
INSERT INTO SONGS_GENRES (SONG_ID, GENRE_ID) VALUES (43, 5) ON CONFLICT DO NOTHING;
INSERT INTO SONGS_GENRES (SONG_ID, GENRE_ID) VALUES (44, 14) ON CONFLICT DO NOTHING;
INSERT INTO SONGS_GENRES (SONG_ID, GENRE_ID) VALUES (44, 29) ON CONFLICT DO NOTHING;
INSERT INTO SONGS_GENRES (SONG_ID, GENRE_ID) VALUES (44, 42) ON CONFLICT DO NOTHING;
INSERT INTO SONGS_GENRES (SONG_ID, GENRE_ID) VALUES (45, 27) ON CONFLICT DO NOTHING;
INSERT INTO SONGS_GENRES (SONG_ID, GENRE_ID) VALUES (45, 22) ON CONFLICT DO NOTHING;
INSERT INTO SONGS_GENRES (SONG_ID, GENRE_ID) VALUES (46, 34) ON CONFLICT DO NOTHING;
INSERT INTO SONGS_GENRES (SONG_ID, GENRE_ID) VALUES (46, 3) ON CONFLICT DO NOTHING;
INSERT INTO SONGS_GENRES (SONG_ID, GENRE_ID) VALUES (46, 16) ON CONFLICT DO NOTHING;
INSERT INTO SONGS_GENRES (SONG_ID, GENRE_ID) VALUES (47, 12) ON CONFLICT DO NOTHING;
INSERT INTO SONGS_GENRES (SONG_ID, GENRE_ID) VALUES (47, 26) ON CONFLICT DO NOTHING;
INSERT INTO SONGS_GENRES (SONG_ID, GENRE_ID) VALUES (47, 32) ON CONFLICT DO NOTHING;
INSERT INTO SONGS_GENRES (SONG_ID, GENRE_ID) VALUES (48, 41) ON CONFLICT DO NOTHING;
INSERT INTO SONGS_GENRES (SONG_ID, GENRE_ID) VALUES (49, 41) ON CONFLICT DO NOTHING;
INSERT INTO SONGS_GENRES (SONG_ID, GENRE_ID) VALUES (49, 16) ON CONFLICT DO NOTHING;
INSERT INTO SONGS_GENRES (SONG_ID, GENRE_ID) VALUES (50, 12) ON CONFLICT DO NOTHING;
INSERT INTO PLAYLISTS (PLAYLIST_ID, USER_ID, PLAYLIST_TITLE, ISPUBLIC, ISCOLLABORATIVE, PLAYLIST_DESC, ISONPROFILE, PLAYLIST_DATE_CREATED, PLAYLIST_COVER) VALUES (1, 1, 'Vitae explicabo', FALSE, FALSE, 'Accusamus voluptatem voluptatum ut ipsa numquam error quis nemo sapiente accusantium nemo.', TRUE, '2025-03-27', 'https://via.placeholder.com/150?text=Vitae');
INSERT INTO ADD_SONGS_PLAYLISTS (PLAYLIST_ID, SONG_ID, NO_URUT, USER_ID) VALUES (1, 35, 1, 1);
INSERT INTO ADD_SONGS_PLAYLISTS (PLAYLIST_ID, SONG_ID, NO_URUT, USER_ID) VALUES (1, 46, 2, 1);
INSERT INTO ADD_SONGS_PLAYLISTS (PLAYLIST_ID, SONG_ID, NO_URUT, USER_ID) VALUES (1, 27, 3, 1);
INSERT INTO ADD_SONGS_PLAYLISTS (PLAYLIST_ID, SONG_ID, NO_URUT, USER_ID) VALUES (1, 20, 4, 1);
INSERT INTO ADD_SONGS_PLAYLISTS (PLAYLIST_ID, SONG_ID, NO_URUT, USER_ID) VALUES (1, 4, 5, 1);
INSERT INTO ADD_SONGS_PLAYLISTS (PLAYLIST_ID, SONG_ID, NO_URUT, USER_ID) VALUES (1, 17, 6, 1);
INSERT INTO ADD_SONGS_PLAYLISTS (PLAYLIST_ID, SONG_ID, NO_URUT, USER_ID) VALUES (1, 22, 7, 1);
INSERT INTO ADD_SONGS_PLAYLISTS (PLAYLIST_ID, SONG_ID, NO_URUT, USER_ID) VALUES (1, 33, 8, 1);
INSERT INTO ADD_SONGS_PLAYLISTS (PLAYLIST_ID, SONG_ID, NO_URUT, USER_ID) VALUES (1, 9, 9, 1);
INSERT INTO ADD_SONGS_PLAYLISTS (PLAYLIST_ID, SONG_ID, NO_URUT, USER_ID) VALUES (1, 50, 10, 1);
INSERT INTO ADD_SONGS_PLAYLISTS (PLAYLIST_ID, SONG_ID, NO_URUT, USER_ID) VALUES (1, 44, 11, 1);
INSERT INTO PLAYLISTS (PLAYLIST_ID, USER_ID, PLAYLIST_TITLE, ISPUBLIC, ISCOLLABORATIVE, PLAYLIST_DESC, ISONPROFILE, PLAYLIST_DATE_CREATED, PLAYLIST_COVER) VALUES (2, 1, 'Reprehenderit repudiandae quos', TRUE, TRUE, 'Officia doloribus incidunt quia blanditiis sunt expedita sed fuga.', FALSE, '2025-06-05', 'https://via.placeholder.com/150?text=Reprehenderit');
INSERT INTO ADD_SONGS_PLAYLISTS (PLAYLIST_ID, SONG_ID, NO_URUT, USER_ID) VALUES (2, 28, 1, 1);
INSERT INTO ADD_SONGS_PLAYLISTS (PLAYLIST_ID, SONG_ID, NO_URUT, USER_ID) VALUES (2, 29, 2, 1);
INSERT INTO ADD_SONGS_PLAYLISTS (PLAYLIST_ID, SONG_ID, NO_URUT, USER_ID) VALUES (2, 14, 3, 1);
INSERT INTO ADD_SONGS_PLAYLISTS (PLAYLIST_ID, SONG_ID, NO_URUT, USER_ID) VALUES (2, 47, 4, 1);
INSERT INTO ADD_SONGS_PLAYLISTS (PLAYLIST_ID, SONG_ID, NO_URUT, USER_ID) VALUES (2, 27, 5, 1);
INSERT INTO ADD_SONGS_PLAYLISTS (PLAYLIST_ID, SONG_ID, NO_URUT, USER_ID) VALUES (2, 34, 6, 1);
INSERT INTO ADD_SONGS_PLAYLISTS (PLAYLIST_ID, SONG_ID, NO_URUT, USER_ID) VALUES (2, 32, 7, 1);
INSERT INTO ADD_SONGS_PLAYLISTS (PLAYLIST_ID, SONG_ID, NO_URUT, USER_ID) VALUES (2, 12, 8, 1);
INSERT INTO ADD_SONGS_PLAYLISTS (PLAYLIST_ID, SONG_ID, NO_URUT, USER_ID) VALUES (2, 17, 9, 1);
INSERT INTO ADD_SONGS_PLAYLISTS (PLAYLIST_ID, SONG_ID, NO_URUT, USER_ID) VALUES (2, 25, 10, 1);
INSERT INTO ADD_SONGS_PLAYLISTS (PLAYLIST_ID, SONG_ID, NO_URUT, USER_ID) VALUES (2, 43, 11, 1);
INSERT INTO ADD_SONGS_PLAYLISTS (PLAYLIST_ID, SONG_ID, NO_URUT, USER_ID) VALUES (2, 26, 12, 1);
INSERT INTO ADD_SONGS_PLAYLISTS (PLAYLIST_ID, SONG_ID, NO_URUT, USER_ID) VALUES (2, 6, 13, 1);
INSERT INTO ADD_SONGS_PLAYLISTS (PLAYLIST_ID, SONG_ID, NO_URUT, USER_ID) VALUES (2, 39, 14, 1);
INSERT INTO ADD_SONGS_PLAYLISTS (PLAYLIST_ID, SONG_ID, NO_URUT, USER_ID) VALUES (2, 16, 15, 1);
INSERT INTO PLAYLISTS (PLAYLIST_ID, USER_ID, PLAYLIST_TITLE, ISPUBLIC, ISCOLLABORATIVE, PLAYLIST_DESC, ISONPROFILE, PLAYLIST_DATE_CREATED, PLAYLIST_COVER) VALUES (3, 2, 'Dignissimos mollitia veniam ea', FALSE, TRUE, 'Ratione natus ipsa veniam eligendi laudantium.', FALSE, '2025-09-09', 'https://via.placeholder.com/150?text=Dignissimos');
INSERT INTO ADD_SONGS_PLAYLISTS (PLAYLIST_ID, SONG_ID, NO_URUT, USER_ID) VALUES (3, 15, 1, 2);
INSERT INTO ADD_SONGS_PLAYLISTS (PLAYLIST_ID, SONG_ID, NO_URUT, USER_ID) VALUES (3, 20, 2, 2);
INSERT INTO ADD_SONGS_PLAYLISTS (PLAYLIST_ID, SONG_ID, NO_URUT, USER_ID) VALUES (3, 41, 3, 2);
INSERT INTO ADD_SONGS_PLAYLISTS (PLAYLIST_ID, SONG_ID, NO_URUT, USER_ID) VALUES (3, 18, 4, 2);
INSERT INTO ADD_SONGS_PLAYLISTS (PLAYLIST_ID, SONG_ID, NO_URUT, USER_ID) VALUES (3, 35, 5, 2);
INSERT INTO ADD_SONGS_PLAYLISTS (PLAYLIST_ID, SONG_ID, NO_URUT, USER_ID) VALUES (3, 42, 6, 2);
INSERT INTO ADD_SONGS_PLAYLISTS (PLAYLIST_ID, SONG_ID, NO_URUT, USER_ID) VALUES (3, 19, 7, 2);
INSERT INTO ADD_SONGS_PLAYLISTS (PLAYLIST_ID, SONG_ID, NO_URUT, USER_ID) VALUES (3, 28, 8, 2);
INSERT INTO ADD_SONGS_PLAYLISTS (PLAYLIST_ID, SONG_ID, NO_URUT, USER_ID) VALUES (3, 31, 9, 2);
INSERT INTO ADD_SONGS_PLAYLISTS (PLAYLIST_ID, SONG_ID, NO_URUT, USER_ID) VALUES (3, 33, 10, 2);
INSERT INTO ADD_SONGS_PLAYLISTS (PLAYLIST_ID, SONG_ID, NO_URUT, USER_ID) VALUES (3, 36, 11, 2);
INSERT INTO ADD_SONGS_PLAYLISTS (PLAYLIST_ID, SONG_ID, NO_URUT, USER_ID) VALUES (3, 30, 12, 2);
INSERT INTO ADD_SONGS_PLAYLISTS (PLAYLIST_ID, SONG_ID, NO_URUT, USER_ID) VALUES (3, 2, 13, 2);
INSERT INTO ADD_SONGS_PLAYLISTS (PLAYLIST_ID, SONG_ID, NO_URUT, USER_ID) VALUES (3, 11, 14, 2);
INSERT INTO ADD_SONGS_PLAYLISTS (PLAYLIST_ID, SONG_ID, NO_URUT, USER_ID) VALUES (3, 27, 15, 2);
INSERT INTO PLAYLISTS (PLAYLIST_ID, USER_ID, PLAYLIST_TITLE, ISPUBLIC, ISCOLLABORATIVE, PLAYLIST_DESC, ISONPROFILE, PLAYLIST_DATE_CREATED, PLAYLIST_COVER) VALUES (4, 2, 'Voluptatum illum', TRUE, FALSE, 'Quod iusto distinctio odio necessitatibus aut distinctio repellat dolore hic labore fuga reprehenderit.', TRUE, '2025-08-28', 'https://via.placeholder.com/150?text=Voluptatum');
INSERT INTO ADD_SONGS_PLAYLISTS (PLAYLIST_ID, SONG_ID, NO_URUT, USER_ID) VALUES (4, 19, 1, 2);
INSERT INTO ADD_SONGS_PLAYLISTS (PLAYLIST_ID, SONG_ID, NO_URUT, USER_ID) VALUES (4, 21, 2, 2);
INSERT INTO ADD_SONGS_PLAYLISTS (PLAYLIST_ID, SONG_ID, NO_URUT, USER_ID) VALUES (4, 3, 3, 2);
INSERT INTO ADD_SONGS_PLAYLISTS (PLAYLIST_ID, SONG_ID, NO_URUT, USER_ID) VALUES (4, 42, 4, 2);
INSERT INTO ADD_SONGS_PLAYLISTS (PLAYLIST_ID, SONG_ID, NO_URUT, USER_ID) VALUES (4, 24, 5, 2);
INSERT INTO ADD_SONGS_PLAYLISTS (PLAYLIST_ID, SONG_ID, NO_URUT, USER_ID) VALUES (4, 20, 6, 2);
INSERT INTO PLAYLISTS (PLAYLIST_ID, USER_ID, PLAYLIST_TITLE, ISPUBLIC, ISCOLLABORATIVE, PLAYLIST_DESC, ISONPROFILE, PLAYLIST_DATE_CREATED, PLAYLIST_COVER) VALUES (5, 2, 'Dolores beatae', TRUE, FALSE, 'Perspiciatis voluptatem neque aut qui libero qui magnam autem doloribus accusantium atque.', FALSE, '2025-07-23', 'https://via.placeholder.com/150?text=Dolores');
INSERT INTO ADD_SONGS_PLAYLISTS (PLAYLIST_ID, SONG_ID, NO_URUT, USER_ID) VALUES (5, 44, 1, 2);
INSERT INTO ADD_SONGS_PLAYLISTS (PLAYLIST_ID, SONG_ID, NO_URUT, USER_ID) VALUES (5, 29, 2, 2);
INSERT INTO ADD_SONGS_PLAYLISTS (PLAYLIST_ID, SONG_ID, NO_URUT, USER_ID) VALUES (5, 38, 3, 2);
INSERT INTO ADD_SONGS_PLAYLISTS (PLAYLIST_ID, SONG_ID, NO_URUT, USER_ID) VALUES (5, 48, 4, 2);
INSERT INTO ADD_SONGS_PLAYLISTS (PLAYLIST_ID, SONG_ID, NO_URUT, USER_ID) VALUES (5, 21, 5, 2);
INSERT INTO ADD_SONGS_PLAYLISTS (PLAYLIST_ID, SONG_ID, NO_URUT, USER_ID) VALUES (5, 36, 6, 2);
INSERT INTO ADD_SONGS_PLAYLISTS (PLAYLIST_ID, SONG_ID, NO_URUT, USER_ID) VALUES (5, 26, 7, 2);
INSERT INTO PLAYLISTS (PLAYLIST_ID, USER_ID, PLAYLIST_TITLE, ISPUBLIC, ISCOLLABORATIVE, PLAYLIST_DESC, ISONPROFILE, PLAYLIST_DATE_CREATED, PLAYLIST_COVER) VALUES (6, 3, 'Et ad labore', TRUE, FALSE, 'Culpa occaecati molestias tenetur delectus repellat culpa deserunt unde itaque.', FALSE, '2025-11-03', 'https://via.placeholder.com/150?text=Et');
INSERT INTO ADD_SONGS_PLAYLISTS (PLAYLIST_ID, SONG_ID, NO_URUT, USER_ID) VALUES (6, 31, 1, 3);
INSERT INTO ADD_SONGS_PLAYLISTS (PLAYLIST_ID, SONG_ID, NO_URUT, USER_ID) VALUES (6, 12, 2, 3);
INSERT INTO ADD_SONGS_PLAYLISTS (PLAYLIST_ID, SONG_ID, NO_URUT, USER_ID) VALUES (6, 13, 3, 3);
INSERT INTO ADD_SONGS_PLAYLISTS (PLAYLIST_ID, SONG_ID, NO_URUT, USER_ID) VALUES (6, 44, 4, 3);
INSERT INTO ADD_SONGS_PLAYLISTS (PLAYLIST_ID, SONG_ID, NO_URUT, USER_ID) VALUES (6, 15, 5, 3);
INSERT INTO ADD_SONGS_PLAYLISTS (PLAYLIST_ID, SONG_ID, NO_URUT, USER_ID) VALUES (6, 28, 6, 3);
INSERT INTO ADD_SONGS_PLAYLISTS (PLAYLIST_ID, SONG_ID, NO_URUT, USER_ID) VALUES (6, 1, 7, 3);
INSERT INTO PLAYLISTS (PLAYLIST_ID, USER_ID, PLAYLIST_TITLE, ISPUBLIC, ISCOLLABORATIVE, PLAYLIST_DESC, ISONPROFILE, PLAYLIST_DATE_CREATED, PLAYLIST_COVER) VALUES (7, 3, 'Iste libero', FALSE, TRUE, 'Adipisci commodi aliquam molestiae voluptatum consequatur error qui in libero iusto voluptas exercitationem.', FALSE, '2025-08-15', 'https://via.placeholder.com/150?text=Iste');
INSERT INTO ADD_SONGS_PLAYLISTS (PLAYLIST_ID, SONG_ID, NO_URUT, USER_ID) VALUES (7, 46, 1, 3);
INSERT INTO ADD_SONGS_PLAYLISTS (PLAYLIST_ID, SONG_ID, NO_URUT, USER_ID) VALUES (7, 39, 2, 3);
INSERT INTO ADD_SONGS_PLAYLISTS (PLAYLIST_ID, SONG_ID, NO_URUT, USER_ID) VALUES (7, 8, 3, 3);
INSERT INTO ADD_SONGS_PLAYLISTS (PLAYLIST_ID, SONG_ID, NO_URUT, USER_ID) VALUES (7, 31, 4, 3);
INSERT INTO ADD_SONGS_PLAYLISTS (PLAYLIST_ID, SONG_ID, NO_URUT, USER_ID) VALUES (7, 33, 5, 3);
INSERT INTO ADD_SONGS_PLAYLISTS (PLAYLIST_ID, SONG_ID, NO_URUT, USER_ID) VALUES (7, 11, 6, 3);
INSERT INTO ADD_SONGS_PLAYLISTS (PLAYLIST_ID, SONG_ID, NO_URUT, USER_ID) VALUES (7, 32, 7, 3);
INSERT INTO PLAYLISTS (PLAYLIST_ID, USER_ID, PLAYLIST_TITLE, ISPUBLIC, ISCOLLABORATIVE, PLAYLIST_DESC, ISONPROFILE, PLAYLIST_DATE_CREATED, PLAYLIST_COVER) VALUES (8, 4, 'Vitae veritatis autem', TRUE, TRUE, 'Voluptates maxime dolorem tenetur atque temporibus delectus rem soluta nobis.', TRUE, '2025-10-11', 'https://via.placeholder.com/150?text=Vitae');
INSERT INTO ADD_SONGS_PLAYLISTS (PLAYLIST_ID, SONG_ID, NO_URUT, USER_ID) VALUES (8, 10, 1, 4);
INSERT INTO ADD_SONGS_PLAYLISTS (PLAYLIST_ID, SONG_ID, NO_URUT, USER_ID) VALUES (8, 13, 2, 4);
INSERT INTO ADD_SONGS_PLAYLISTS (PLAYLIST_ID, SONG_ID, NO_URUT, USER_ID) VALUES (8, 38, 3, 4);
INSERT INTO ADD_SONGS_PLAYLISTS (PLAYLIST_ID, SONG_ID, NO_URUT, USER_ID) VALUES (8, 16, 4, 4);
INSERT INTO ADD_SONGS_PLAYLISTS (PLAYLIST_ID, SONG_ID, NO_URUT, USER_ID) VALUES (8, 42, 5, 4);
INSERT INTO ADD_SONGS_PLAYLISTS (PLAYLIST_ID, SONG_ID, NO_URUT, USER_ID) VALUES (8, 36, 6, 4);
INSERT INTO ADD_SONGS_PLAYLISTS (PLAYLIST_ID, SONG_ID, NO_URUT, USER_ID) VALUES (8, 12, 7, 4);
INSERT INTO ADD_SONGS_PLAYLISTS (PLAYLIST_ID, SONG_ID, NO_URUT, USER_ID) VALUES (8, 26, 8, 4);
INSERT INTO ADD_SONGS_PLAYLISTS (PLAYLIST_ID, SONG_ID, NO_URUT, USER_ID) VALUES (8, 29, 9, 4);
INSERT INTO ADD_SONGS_PLAYLISTS (PLAYLIST_ID, SONG_ID, NO_URUT, USER_ID) VALUES (8, 46, 10, 4);
INSERT INTO PLAYLISTS (PLAYLIST_ID, USER_ID, PLAYLIST_TITLE, ISPUBLIC, ISCOLLABORATIVE, PLAYLIST_DESC, ISONPROFILE, PLAYLIST_DATE_CREATED, PLAYLIST_COVER) VALUES (9, 4, 'Amet vero', FALSE, TRUE, 'Quas possimus sed nostrum laudantium expedita quibusdam modi temporibus.', FALSE, '2025-10-10', 'https://via.placeholder.com/150?text=Amet');
INSERT INTO ADD_SONGS_PLAYLISTS (PLAYLIST_ID, SONG_ID, NO_URUT, USER_ID) VALUES (9, 10, 1, 4);
INSERT INTO ADD_SONGS_PLAYLISTS (PLAYLIST_ID, SONG_ID, NO_URUT, USER_ID) VALUES (9, 26, 2, 4);
INSERT INTO ADD_SONGS_PLAYLISTS (PLAYLIST_ID, SONG_ID, NO_URUT, USER_ID) VALUES (9, 22, 3, 4);
INSERT INTO ADD_SONGS_PLAYLISTS (PLAYLIST_ID, SONG_ID, NO_URUT, USER_ID) VALUES (9, 32, 4, 4);
INSERT INTO ADD_SONGS_PLAYLISTS (PLAYLIST_ID, SONG_ID, NO_URUT, USER_ID) VALUES (9, 35, 5, 4);
INSERT INTO ADD_SONGS_PLAYLISTS (PLAYLIST_ID, SONG_ID, NO_URUT, USER_ID) VALUES (9, 9, 6, 4);
INSERT INTO PLAYLISTS (PLAYLIST_ID, USER_ID, PLAYLIST_TITLE, ISPUBLIC, ISCOLLABORATIVE, PLAYLIST_DESC, ISONPROFILE, PLAYLIST_DATE_CREATED, PLAYLIST_COVER) VALUES (10, 5, 'Dolores deserunt ratione', TRUE, FALSE, 'Doloremque mollitia omnis sapiente quis architecto.', TRUE, '2025-08-25', 'https://via.placeholder.com/150?text=Dolores');
INSERT INTO ADD_SONGS_PLAYLISTS (PLAYLIST_ID, SONG_ID, NO_URUT, USER_ID) VALUES (10, 3, 1, 5);
INSERT INTO ADD_SONGS_PLAYLISTS (PLAYLIST_ID, SONG_ID, NO_URUT, USER_ID) VALUES (10, 50, 2, 5);
INSERT INTO ADD_SONGS_PLAYLISTS (PLAYLIST_ID, SONG_ID, NO_URUT, USER_ID) VALUES (10, 5, 3, 5);
INSERT INTO ADD_SONGS_PLAYLISTS (PLAYLIST_ID, SONG_ID, NO_URUT, USER_ID) VALUES (10, 15, 4, 5);
INSERT INTO ADD_SONGS_PLAYLISTS (PLAYLIST_ID, SONG_ID, NO_URUT, USER_ID) VALUES (10, 42, 5, 5);
INSERT INTO PLAYLISTS (PLAYLIST_ID, USER_ID, PLAYLIST_TITLE, ISPUBLIC, ISCOLLABORATIVE, PLAYLIST_DESC, ISONPROFILE, PLAYLIST_DATE_CREATED, PLAYLIST_COVER) VALUES (11, 6, 'Id magnam', FALSE, TRUE, 'Debitis saepe illo nobis cum vero eius quos architecto amet veritatis impedit ipsum.', FALSE, '2025-05-16', 'https://via.placeholder.com/150?text=Id');
INSERT INTO ADD_SONGS_PLAYLISTS (PLAYLIST_ID, SONG_ID, NO_URUT, USER_ID) VALUES (11, 14, 1, 6);
INSERT INTO ADD_SONGS_PLAYLISTS (PLAYLIST_ID, SONG_ID, NO_URUT, USER_ID) VALUES (11, 31, 2, 6);
INSERT INTO ADD_SONGS_PLAYLISTS (PLAYLIST_ID, SONG_ID, NO_URUT, USER_ID) VALUES (11, 18, 3, 6);
INSERT INTO ADD_SONGS_PLAYLISTS (PLAYLIST_ID, SONG_ID, NO_URUT, USER_ID) VALUES (11, 23, 4, 6);
INSERT INTO ADD_SONGS_PLAYLISTS (PLAYLIST_ID, SONG_ID, NO_URUT, USER_ID) VALUES (11, 32, 5, 6);
INSERT INTO ADD_SONGS_PLAYLISTS (PLAYLIST_ID, SONG_ID, NO_URUT, USER_ID) VALUES (11, 24, 6, 6);
INSERT INTO ADD_SONGS_PLAYLISTS (PLAYLIST_ID, SONG_ID, NO_URUT, USER_ID) VALUES (11, 47, 7, 6);
INSERT INTO ADD_SONGS_PLAYLISTS (PLAYLIST_ID, SONG_ID, NO_URUT, USER_ID) VALUES (11, 41, 8, 6);
INSERT INTO ADD_SONGS_PLAYLISTS (PLAYLIST_ID, SONG_ID, NO_URUT, USER_ID) VALUES (11, 44, 9, 6);
INSERT INTO ADD_SONGS_PLAYLISTS (PLAYLIST_ID, SONG_ID, NO_URUT, USER_ID) VALUES (11, 16, 10, 6);
INSERT INTO ADD_SONGS_PLAYLISTS (PLAYLIST_ID, SONG_ID, NO_URUT, USER_ID) VALUES (11, 10, 11, 6);
INSERT INTO PLAYLISTS (PLAYLIST_ID, USER_ID, PLAYLIST_TITLE, ISPUBLIC, ISCOLLABORATIVE, PLAYLIST_DESC, ISONPROFILE, PLAYLIST_DATE_CREATED, PLAYLIST_COVER) VALUES (12, 7, 'Dolor laborum', TRUE, FALSE, 'Deserunt consequuntur perferendis quae voluptatem voluptatum dolor repellendus maxime repellat veniam corporis deserunt.', FALSE, '2025-10-08', 'https://via.placeholder.com/150?text=Dolor');
INSERT INTO ADD_SONGS_PLAYLISTS (PLAYLIST_ID, SONG_ID, NO_URUT, USER_ID) VALUES (12, 12, 1, 7);
INSERT INTO ADD_SONGS_PLAYLISTS (PLAYLIST_ID, SONG_ID, NO_URUT, USER_ID) VALUES (12, 42, 2, 7);
INSERT INTO ADD_SONGS_PLAYLISTS (PLAYLIST_ID, SONG_ID, NO_URUT, USER_ID) VALUES (12, 28, 3, 7);
INSERT INTO ADD_SONGS_PLAYLISTS (PLAYLIST_ID, SONG_ID, NO_URUT, USER_ID) VALUES (12, 27, 4, 7);
INSERT INTO ADD_SONGS_PLAYLISTS (PLAYLIST_ID, SONG_ID, NO_URUT, USER_ID) VALUES (12, 24, 5, 7);
INSERT INTO ADD_SONGS_PLAYLISTS (PLAYLIST_ID, SONG_ID, NO_URUT, USER_ID) VALUES (12, 30, 6, 7);
INSERT INTO ADD_SONGS_PLAYLISTS (PLAYLIST_ID, SONG_ID, NO_URUT, USER_ID) VALUES (12, 11, 7, 7);
INSERT INTO ADD_SONGS_PLAYLISTS (PLAYLIST_ID, SONG_ID, NO_URUT, USER_ID) VALUES (12, 10, 8, 7);
INSERT INTO ADD_SONGS_PLAYLISTS (PLAYLIST_ID, SONG_ID, NO_URUT, USER_ID) VALUES (12, 47, 9, 7);
INSERT INTO ADD_SONGS_PLAYLISTS (PLAYLIST_ID, SONG_ID, NO_URUT, USER_ID) VALUES (12, 44, 10, 7);
INSERT INTO PLAYLISTS (PLAYLIST_ID, USER_ID, PLAYLIST_TITLE, ISPUBLIC, ISCOLLABORATIVE, PLAYLIST_DESC, ISONPROFILE, PLAYLIST_DATE_CREATED, PLAYLIST_COVER) VALUES (13, 7, 'Odit', TRUE, TRUE, 'Iusto laudantium nobis consectetur asperiores sed.', TRUE, '2025-09-25', 'https://via.placeholder.com/150?text=Odit');
INSERT INTO ADD_SONGS_PLAYLISTS (PLAYLIST_ID, SONG_ID, NO_URUT, USER_ID) VALUES (13, 50, 1, 7);
INSERT INTO ADD_SONGS_PLAYLISTS (PLAYLIST_ID, SONG_ID, NO_URUT, USER_ID) VALUES (13, 11, 2, 7);
INSERT INTO ADD_SONGS_PLAYLISTS (PLAYLIST_ID, SONG_ID, NO_URUT, USER_ID) VALUES (13, 32, 3, 7);
INSERT INTO ADD_SONGS_PLAYLISTS (PLAYLIST_ID, SONG_ID, NO_URUT, USER_ID) VALUES (13, 2, 4, 7);
INSERT INTO ADD_SONGS_PLAYLISTS (PLAYLIST_ID, SONG_ID, NO_URUT, USER_ID) VALUES (13, 43, 5, 7);
INSERT INTO ADD_SONGS_PLAYLISTS (PLAYLIST_ID, SONG_ID, NO_URUT, USER_ID) VALUES (13, 40, 6, 7);
INSERT INTO ADD_SONGS_PLAYLISTS (PLAYLIST_ID, SONG_ID, NO_URUT, USER_ID) VALUES (13, 30, 7, 7);
INSERT INTO ADD_SONGS_PLAYLISTS (PLAYLIST_ID, SONG_ID, NO_URUT, USER_ID) VALUES (13, 25, 8, 7);
INSERT INTO ADD_SONGS_PLAYLISTS (PLAYLIST_ID, SONG_ID, NO_URUT, USER_ID) VALUES (13, 37, 9, 7);
INSERT INTO ADD_SONGS_PLAYLISTS (PLAYLIST_ID, SONG_ID, NO_URUT, USER_ID) VALUES (13, 47, 10, 7);
INSERT INTO PLAYLISTS (PLAYLIST_ID, USER_ID, PLAYLIST_TITLE, ISPUBLIC, ISCOLLABORATIVE, PLAYLIST_DESC, ISONPROFILE, PLAYLIST_DATE_CREATED, PLAYLIST_COVER) VALUES (14, 7, 'Deserunt', TRUE, FALSE, 'Voluptate recusandae cupiditate suscipit accusamus expedita doloribus architecto voluptate aliquam molestiae dicta facilis.', TRUE, '2025-07-11', 'https://via.placeholder.com/150?text=Deserunt');
INSERT INTO ADD_SONGS_PLAYLISTS (PLAYLIST_ID, SONG_ID, NO_URUT, USER_ID) VALUES (14, 45, 1, 7);
INSERT INTO ADD_SONGS_PLAYLISTS (PLAYLIST_ID, SONG_ID, NO_URUT, USER_ID) VALUES (14, 42, 2, 7);
INSERT INTO ADD_SONGS_PLAYLISTS (PLAYLIST_ID, SONG_ID, NO_URUT, USER_ID) VALUES (14, 26, 3, 7);
INSERT INTO ADD_SONGS_PLAYLISTS (PLAYLIST_ID, SONG_ID, NO_URUT, USER_ID) VALUES (14, 37, 4, 7);
INSERT INTO ADD_SONGS_PLAYLISTS (PLAYLIST_ID, SONG_ID, NO_URUT, USER_ID) VALUES (14, 2, 5, 7);
INSERT INTO ADD_SONGS_PLAYLISTS (PLAYLIST_ID, SONG_ID, NO_URUT, USER_ID) VALUES (14, 30, 6, 7);
INSERT INTO ADD_SONGS_PLAYLISTS (PLAYLIST_ID, SONG_ID, NO_URUT, USER_ID) VALUES (14, 5, 7, 7);
INSERT INTO ADD_SONGS_PLAYLISTS (PLAYLIST_ID, SONG_ID, NO_URUT, USER_ID) VALUES (14, 24, 8, 7);
INSERT INTO ADD_SONGS_PLAYLISTS (PLAYLIST_ID, SONG_ID, NO_URUT, USER_ID) VALUES (14, 1, 9, 7);
INSERT INTO PLAYLISTS (PLAYLIST_ID, USER_ID, PLAYLIST_TITLE, ISPUBLIC, ISCOLLABORATIVE, PLAYLIST_DESC, ISONPROFILE, PLAYLIST_DATE_CREATED, PLAYLIST_COVER) VALUES (15, 8, 'Dicta', TRUE, FALSE, 'Eaque vero suscipit quisquam optio molestias ratione.', TRUE, '2025-03-06', 'https://via.placeholder.com/150?text=Dicta');
INSERT INTO ADD_SONGS_PLAYLISTS (PLAYLIST_ID, SONG_ID, NO_URUT, USER_ID) VALUES (15, 34, 1, 8);
INSERT INTO ADD_SONGS_PLAYLISTS (PLAYLIST_ID, SONG_ID, NO_URUT, USER_ID) VALUES (15, 12, 2, 8);
INSERT INTO ADD_SONGS_PLAYLISTS (PLAYLIST_ID, SONG_ID, NO_URUT, USER_ID) VALUES (15, 47, 3, 8);
INSERT INTO ADD_SONGS_PLAYLISTS (PLAYLIST_ID, SONG_ID, NO_URUT, USER_ID) VALUES (15, 15, 4, 8);
INSERT INTO ADD_SONGS_PLAYLISTS (PLAYLIST_ID, SONG_ID, NO_URUT, USER_ID) VALUES (15, 13, 5, 8);
INSERT INTO ADD_SONGS_PLAYLISTS (PLAYLIST_ID, SONG_ID, NO_URUT, USER_ID) VALUES (15, 36, 6, 8);
INSERT INTO ADD_SONGS_PLAYLISTS (PLAYLIST_ID, SONG_ID, NO_URUT, USER_ID) VALUES (15, 37, 7, 8);
INSERT INTO ADD_SONGS_PLAYLISTS (PLAYLIST_ID, SONG_ID, NO_URUT, USER_ID) VALUES (15, 1, 8, 8);
INSERT INTO ADD_SONGS_PLAYLISTS (PLAYLIST_ID, SONG_ID, NO_URUT, USER_ID) VALUES (15, 50, 9, 8);
INSERT INTO ADD_SONGS_PLAYLISTS (PLAYLIST_ID, SONG_ID, NO_URUT, USER_ID) VALUES (15, 49, 10, 8);
INSERT INTO ADD_SONGS_PLAYLISTS (PLAYLIST_ID, SONG_ID, NO_URUT, USER_ID) VALUES (15, 26, 11, 8);
INSERT INTO PLAYLISTS (PLAYLIST_ID, USER_ID, PLAYLIST_TITLE, ISPUBLIC, ISCOLLABORATIVE, PLAYLIST_DESC, ISONPROFILE, PLAYLIST_DATE_CREATED, PLAYLIST_COVER) VALUES (16, 8, 'Aliquid nulla', TRUE, TRUE, 'Officiis recusandae hic occaecati aliquid molestias placeat autem.', TRUE, '2025-08-25', 'https://via.placeholder.com/150?text=Aliquid');
INSERT INTO ADD_SONGS_PLAYLISTS (PLAYLIST_ID, SONG_ID, NO_URUT, USER_ID) VALUES (16, 2, 1, 8);
INSERT INTO ADD_SONGS_PLAYLISTS (PLAYLIST_ID, SONG_ID, NO_URUT, USER_ID) VALUES (16, 11, 2, 8);
INSERT INTO ADD_SONGS_PLAYLISTS (PLAYLIST_ID, SONG_ID, NO_URUT, USER_ID) VALUES (16, 48, 3, 8);
INSERT INTO ADD_SONGS_PLAYLISTS (PLAYLIST_ID, SONG_ID, NO_URUT, USER_ID) VALUES (16, 5, 4, 8);
INSERT INTO ADD_SONGS_PLAYLISTS (PLAYLIST_ID, SONG_ID, NO_URUT, USER_ID) VALUES (16, 26, 5, 8);
INSERT INTO ADD_SONGS_PLAYLISTS (PLAYLIST_ID, SONG_ID, NO_URUT, USER_ID) VALUES (16, 9, 6, 8);
INSERT INTO PLAYLISTS (PLAYLIST_ID, USER_ID, PLAYLIST_TITLE, ISPUBLIC, ISCOLLABORATIVE, PLAYLIST_DESC, ISONPROFILE, PLAYLIST_DATE_CREATED, PLAYLIST_COVER) VALUES (17, 9, 'Tenetur', FALSE, TRUE, 'Quo cum explicabo perferendis aperiam esse magnam distinctio voluptas.', TRUE, '2025-04-09', 'https://via.placeholder.com/150?text=Tenetur');
INSERT INTO ADD_SONGS_PLAYLISTS (PLAYLIST_ID, SONG_ID, NO_URUT, USER_ID) VALUES (17, 17, 1, 9);
INSERT INTO ADD_SONGS_PLAYLISTS (PLAYLIST_ID, SONG_ID, NO_URUT, USER_ID) VALUES (17, 42, 2, 9);
INSERT INTO ADD_SONGS_PLAYLISTS (PLAYLIST_ID, SONG_ID, NO_URUT, USER_ID) VALUES (17, 21, 3, 9);
INSERT INTO ADD_SONGS_PLAYLISTS (PLAYLIST_ID, SONG_ID, NO_URUT, USER_ID) VALUES (17, 15, 4, 9);
INSERT INTO ADD_SONGS_PLAYLISTS (PLAYLIST_ID, SONG_ID, NO_URUT, USER_ID) VALUES (17, 34, 5, 9);
INSERT INTO ADD_SONGS_PLAYLISTS (PLAYLIST_ID, SONG_ID, NO_URUT, USER_ID) VALUES (17, 9, 6, 9);
INSERT INTO ADD_SONGS_PLAYLISTS (PLAYLIST_ID, SONG_ID, NO_URUT, USER_ID) VALUES (17, 16, 7, 9);
INSERT INTO ADD_SONGS_PLAYLISTS (PLAYLIST_ID, SONG_ID, NO_URUT, USER_ID) VALUES (17, 19, 8, 9);
INSERT INTO ADD_SONGS_PLAYLISTS (PLAYLIST_ID, SONG_ID, NO_URUT, USER_ID) VALUES (17, 24, 9, 9);
INSERT INTO ADD_SONGS_PLAYLISTS (PLAYLIST_ID, SONG_ID, NO_URUT, USER_ID) VALUES (17, 12, 10, 9);
INSERT INTO PLAYLISTS (PLAYLIST_ID, USER_ID, PLAYLIST_TITLE, ISPUBLIC, ISCOLLABORATIVE, PLAYLIST_DESC, ISONPROFILE, PLAYLIST_DATE_CREATED, PLAYLIST_COVER) VALUES (18, 9, 'Harum porro veritatis', FALSE, TRUE, 'Minima ex id eos accusamus nemo odio iure aut vitae occaecati.', TRUE, '2025-08-07', 'https://via.placeholder.com/150?text=Harum');
INSERT INTO ADD_SONGS_PLAYLISTS (PLAYLIST_ID, SONG_ID, NO_URUT, USER_ID) VALUES (18, 46, 1, 9);
INSERT INTO ADD_SONGS_PLAYLISTS (PLAYLIST_ID, SONG_ID, NO_URUT, USER_ID) VALUES (18, 16, 2, 9);
INSERT INTO ADD_SONGS_PLAYLISTS (PLAYLIST_ID, SONG_ID, NO_URUT, USER_ID) VALUES (18, 20, 3, 9);
INSERT INTO ADD_SONGS_PLAYLISTS (PLAYLIST_ID, SONG_ID, NO_URUT, USER_ID) VALUES (18, 24, 4, 9);
INSERT INTO ADD_SONGS_PLAYLISTS (PLAYLIST_ID, SONG_ID, NO_URUT, USER_ID) VALUES (18, 5, 5, 9);
INSERT INTO ADD_SONGS_PLAYLISTS (PLAYLIST_ID, SONG_ID, NO_URUT, USER_ID) VALUES (18, 25, 6, 9);
INSERT INTO ADD_SONGS_PLAYLISTS (PLAYLIST_ID, SONG_ID, NO_URUT, USER_ID) VALUES (18, 44, 7, 9);
INSERT INTO ADD_SONGS_PLAYLISTS (PLAYLIST_ID, SONG_ID, NO_URUT, USER_ID) VALUES (18, 37, 8, 9);
INSERT INTO PLAYLISTS (PLAYLIST_ID, USER_ID, PLAYLIST_TITLE, ISPUBLIC, ISCOLLABORATIVE, PLAYLIST_DESC, ISONPROFILE, PLAYLIST_DATE_CREATED, PLAYLIST_COVER) VALUES (19, 9, 'Vel', TRUE, FALSE, 'Voluptatibus minus quisquam esse officiis reprehenderit dolores nisi laboriosam.', FALSE, '2025-10-06', 'https://via.placeholder.com/150?text=Vel');
INSERT INTO ADD_SONGS_PLAYLISTS (PLAYLIST_ID, SONG_ID, NO_URUT, USER_ID) VALUES (19, 27, 1, 9);
INSERT INTO ADD_SONGS_PLAYLISTS (PLAYLIST_ID, SONG_ID, NO_URUT, USER_ID) VALUES (19, 35, 2, 9);
INSERT INTO ADD_SONGS_PLAYLISTS (PLAYLIST_ID, SONG_ID, NO_URUT, USER_ID) VALUES (19, 30, 3, 9);
INSERT INTO ADD_SONGS_PLAYLISTS (PLAYLIST_ID, SONG_ID, NO_URUT, USER_ID) VALUES (19, 23, 4, 9);
INSERT INTO ADD_SONGS_PLAYLISTS (PLAYLIST_ID, SONG_ID, NO_URUT, USER_ID) VALUES (19, 29, 5, 9);
INSERT INTO ADD_SONGS_PLAYLISTS (PLAYLIST_ID, SONG_ID, NO_URUT, USER_ID) VALUES (19, 50, 6, 9);
INSERT INTO ADD_SONGS_PLAYLISTS (PLAYLIST_ID, SONG_ID, NO_URUT, USER_ID) VALUES (19, 4, 7, 9);
INSERT INTO ADD_SONGS_PLAYLISTS (PLAYLIST_ID, SONG_ID, NO_URUT, USER_ID) VALUES (19, 39, 8, 9);
INSERT INTO ADD_SONGS_PLAYLISTS (PLAYLIST_ID, SONG_ID, NO_URUT, USER_ID) VALUES (19, 9, 9, 9);
INSERT INTO ADD_SONGS_PLAYLISTS (PLAYLIST_ID, SONG_ID, NO_URUT, USER_ID) VALUES (19, 49, 10, 9);
INSERT INTO ADD_SONGS_PLAYLISTS (PLAYLIST_ID, SONG_ID, NO_URUT, USER_ID) VALUES (19, 48, 11, 9);
INSERT INTO ADD_SONGS_PLAYLISTS (PLAYLIST_ID, SONG_ID, NO_URUT, USER_ID) VALUES (19, 3, 12, 9);
INSERT INTO ADD_SONGS_PLAYLISTS (PLAYLIST_ID, SONG_ID, NO_URUT, USER_ID) VALUES (19, 44, 13, 9);
INSERT INTO ADD_SONGS_PLAYLISTS (PLAYLIST_ID, SONG_ID, NO_URUT, USER_ID) VALUES (19, 6, 14, 9);
INSERT INTO ADD_SONGS_PLAYLISTS (PLAYLIST_ID, SONG_ID, NO_URUT, USER_ID) VALUES (19, 12, 15, 9);
INSERT INTO PLAYLISTS (PLAYLIST_ID, USER_ID, PLAYLIST_TITLE, ISPUBLIC, ISCOLLABORATIVE, PLAYLIST_DESC, ISONPROFILE, PLAYLIST_DATE_CREATED, PLAYLIST_COVER) VALUES (20, 10, 'Ipsum molestias', TRUE, TRUE, 'Dicta inventore excepturi non quibusdam explicabo eligendi sapiente deleniti.', FALSE, '2025-06-19', 'https://via.placeholder.com/150?text=Ipsum');
INSERT INTO ADD_SONGS_PLAYLISTS (PLAYLIST_ID, SONG_ID, NO_URUT, USER_ID) VALUES (20, 44, 1, 10);
INSERT INTO ADD_SONGS_PLAYLISTS (PLAYLIST_ID, SONG_ID, NO_URUT, USER_ID) VALUES (20, 8, 2, 10);
INSERT INTO ADD_SONGS_PLAYLISTS (PLAYLIST_ID, SONG_ID, NO_URUT, USER_ID) VALUES (20, 48, 3, 10);
INSERT INTO ADD_SONGS_PLAYLISTS (PLAYLIST_ID, SONG_ID, NO_URUT, USER_ID) VALUES (20, 4, 4, 10);
INSERT INTO ADD_SONGS_PLAYLISTS (PLAYLIST_ID, SONG_ID, NO_URUT, USER_ID) VALUES (20, 19, 5, 10);
INSERT INTO ADD_SONGS_PLAYLISTS (PLAYLIST_ID, SONG_ID, NO_URUT, USER_ID) VALUES (20, 23, 6, 10);
INSERT INTO ADD_SONGS_PLAYLISTS (PLAYLIST_ID, SONG_ID, NO_URUT, USER_ID) VALUES (20, 40, 7, 10);
INSERT INTO ADD_SONGS_PLAYLISTS (PLAYLIST_ID, SONG_ID, NO_URUT, USER_ID) VALUES (20, 12, 8, 10);
INSERT INTO ADD_SONGS_PLAYLISTS (PLAYLIST_ID, SONG_ID, NO_URUT, USER_ID) VALUES (20, 39, 9, 10);
INSERT INTO PLAYLISTS (PLAYLIST_ID, USER_ID, PLAYLIST_TITLE, ISPUBLIC, ISCOLLABORATIVE, PLAYLIST_DESC, ISONPROFILE, PLAYLIST_DATE_CREATED, PLAYLIST_COVER) VALUES (21, 11, 'Quis reiciendis eos', TRUE, TRUE, 'Quibusdam inventore id inventore nostrum doloribus nisi iure at perferendis eveniet quod.', FALSE, '2025-09-09', 'https://via.placeholder.com/150?text=Quis');
INSERT INTO ADD_SONGS_PLAYLISTS (PLAYLIST_ID, SONG_ID, NO_URUT, USER_ID) VALUES (21, 45, 1, 11);
INSERT INTO ADD_SONGS_PLAYLISTS (PLAYLIST_ID, SONG_ID, NO_URUT, USER_ID) VALUES (21, 11, 2, 11);
INSERT INTO ADD_SONGS_PLAYLISTS (PLAYLIST_ID, SONG_ID, NO_URUT, USER_ID) VALUES (21, 36, 3, 11);
INSERT INTO ADD_SONGS_PLAYLISTS (PLAYLIST_ID, SONG_ID, NO_URUT, USER_ID) VALUES (21, 2, 4, 11);
INSERT INTO ADD_SONGS_PLAYLISTS (PLAYLIST_ID, SONG_ID, NO_URUT, USER_ID) VALUES (21, 37, 5, 11);
INSERT INTO PLAYLISTS (PLAYLIST_ID, USER_ID, PLAYLIST_TITLE, ISPUBLIC, ISCOLLABORATIVE, PLAYLIST_DESC, ISONPROFILE, PLAYLIST_DATE_CREATED, PLAYLIST_COVER) VALUES (22, 11, 'Odit fugiat provident', TRUE, TRUE, 'Modi incidunt totam nostrum itaque vel itaque non modi recusandae aperiam.', TRUE, '2025-02-11', 'https://via.placeholder.com/150?text=Odit');
INSERT INTO ADD_SONGS_PLAYLISTS (PLAYLIST_ID, SONG_ID, NO_URUT, USER_ID) VALUES (22, 9, 1, 11);
INSERT INTO ADD_SONGS_PLAYLISTS (PLAYLIST_ID, SONG_ID, NO_URUT, USER_ID) VALUES (22, 17, 2, 11);
INSERT INTO ADD_SONGS_PLAYLISTS (PLAYLIST_ID, SONG_ID, NO_URUT, USER_ID) VALUES (22, 47, 3, 11);
INSERT INTO ADD_SONGS_PLAYLISTS (PLAYLIST_ID, SONG_ID, NO_URUT, USER_ID) VALUES (22, 29, 4, 11);
INSERT INTO ADD_SONGS_PLAYLISTS (PLAYLIST_ID, SONG_ID, NO_URUT, USER_ID) VALUES (22, 10, 5, 11);
INSERT INTO ADD_SONGS_PLAYLISTS (PLAYLIST_ID, SONG_ID, NO_URUT, USER_ID) VALUES (22, 38, 6, 11);
INSERT INTO ADD_SONGS_PLAYLISTS (PLAYLIST_ID, SONG_ID, NO_URUT, USER_ID) VALUES (22, 15, 7, 11);
INSERT INTO ADD_SONGS_PLAYLISTS (PLAYLIST_ID, SONG_ID, NO_URUT, USER_ID) VALUES (22, 21, 8, 11);
INSERT INTO ADD_SONGS_PLAYLISTS (PLAYLIST_ID, SONG_ID, NO_URUT, USER_ID) VALUES (22, 50, 9, 11);
INSERT INTO ADD_SONGS_PLAYLISTS (PLAYLIST_ID, SONG_ID, NO_URUT, USER_ID) VALUES (22, 14, 10, 11);
INSERT INTO ADD_SONGS_PLAYLISTS (PLAYLIST_ID, SONG_ID, NO_URUT, USER_ID) VALUES (22, 16, 11, 11);
INSERT INTO PLAYLISTS (PLAYLIST_ID, USER_ID, PLAYLIST_TITLE, ISPUBLIC, ISCOLLABORATIVE, PLAYLIST_DESC, ISONPROFILE, PLAYLIST_DATE_CREATED, PLAYLIST_COVER) VALUES (23, 11, 'Dolorum sequi enim', TRUE, TRUE, 'Doloremque architecto aspernatur recusandae nisi magnam accusantium dolorem eius.', FALSE, '2025-08-05', 'https://via.placeholder.com/150?text=Dolorum');
INSERT INTO ADD_SONGS_PLAYLISTS (PLAYLIST_ID, SONG_ID, NO_URUT, USER_ID) VALUES (23, 48, 1, 11);
INSERT INTO ADD_SONGS_PLAYLISTS (PLAYLIST_ID, SONG_ID, NO_URUT, USER_ID) VALUES (23, 31, 2, 11);
INSERT INTO ADD_SONGS_PLAYLISTS (PLAYLIST_ID, SONG_ID, NO_URUT, USER_ID) VALUES (23, 9, 3, 11);
INSERT INTO ADD_SONGS_PLAYLISTS (PLAYLIST_ID, SONG_ID, NO_URUT, USER_ID) VALUES (23, 32, 4, 11);
INSERT INTO ADD_SONGS_PLAYLISTS (PLAYLIST_ID, SONG_ID, NO_URUT, USER_ID) VALUES (23, 4, 5, 11);
INSERT INTO PLAYLISTS (PLAYLIST_ID, USER_ID, PLAYLIST_TITLE, ISPUBLIC, ISCOLLABORATIVE, PLAYLIST_DESC, ISONPROFILE, PLAYLIST_DATE_CREATED, PLAYLIST_COVER) VALUES (24, 12, 'Voluptates voluptatem', FALSE, TRUE, 'Voluptate repudiandae occaecati fuga unde hic odit quos rerum odit amet ad.', FALSE, '2025-08-29', 'https://via.placeholder.com/150?text=Voluptates');
INSERT INTO ADD_SONGS_PLAYLISTS (PLAYLIST_ID, SONG_ID, NO_URUT, USER_ID) VALUES (24, 26, 1, 12);
INSERT INTO ADD_SONGS_PLAYLISTS (PLAYLIST_ID, SONG_ID, NO_URUT, USER_ID) VALUES (24, 43, 2, 12);
INSERT INTO ADD_SONGS_PLAYLISTS (PLAYLIST_ID, SONG_ID, NO_URUT, USER_ID) VALUES (24, 23, 3, 12);
INSERT INTO ADD_SONGS_PLAYLISTS (PLAYLIST_ID, SONG_ID, NO_URUT, USER_ID) VALUES (24, 6, 4, 12);
INSERT INTO ADD_SONGS_PLAYLISTS (PLAYLIST_ID, SONG_ID, NO_URUT, USER_ID) VALUES (24, 34, 5, 12);
INSERT INTO ADD_SONGS_PLAYLISTS (PLAYLIST_ID, SONG_ID, NO_URUT, USER_ID) VALUES (24, 49, 6, 12);
INSERT INTO ADD_SONGS_PLAYLISTS (PLAYLIST_ID, SONG_ID, NO_URUT, USER_ID) VALUES (24, 29, 7, 12);
INSERT INTO ADD_SONGS_PLAYLISTS (PLAYLIST_ID, SONG_ID, NO_URUT, USER_ID) VALUES (24, 41, 8, 12);
INSERT INTO ADD_SONGS_PLAYLISTS (PLAYLIST_ID, SONG_ID, NO_URUT, USER_ID) VALUES (24, 31, 9, 12);
INSERT INTO ADD_SONGS_PLAYLISTS (PLAYLIST_ID, SONG_ID, NO_URUT, USER_ID) VALUES (24, 24, 10, 12);
INSERT INTO ADD_SONGS_PLAYLISTS (PLAYLIST_ID, SONG_ID, NO_URUT, USER_ID) VALUES (24, 9, 11, 12);
INSERT INTO ADD_SONGS_PLAYLISTS (PLAYLIST_ID, SONG_ID, NO_URUT, USER_ID) VALUES (24, 27, 12, 12);
INSERT INTO ADD_SONGS_PLAYLISTS (PLAYLIST_ID, SONG_ID, NO_URUT, USER_ID) VALUES (24, 12, 13, 12);
INSERT INTO PLAYLISTS (PLAYLIST_ID, USER_ID, PLAYLIST_TITLE, ISPUBLIC, ISCOLLABORATIVE, PLAYLIST_DESC, ISONPROFILE, PLAYLIST_DATE_CREATED, PLAYLIST_COVER) VALUES (25, 13, 'Earum ea repudiandae', FALSE, FALSE, 'Sunt eveniet quia omnis ab eligendi quo et iure alias excepturi aperiam.', FALSE, '2025-03-06', 'https://via.placeholder.com/150?text=Earum');
INSERT INTO ADD_SONGS_PLAYLISTS (PLAYLIST_ID, SONG_ID, NO_URUT, USER_ID) VALUES (25, 27, 1, 13);
INSERT INTO ADD_SONGS_PLAYLISTS (PLAYLIST_ID, SONG_ID, NO_URUT, USER_ID) VALUES (25, 31, 2, 13);
INSERT INTO ADD_SONGS_PLAYLISTS (PLAYLIST_ID, SONG_ID, NO_URUT, USER_ID) VALUES (25, 13, 3, 13);
INSERT INTO ADD_SONGS_PLAYLISTS (PLAYLIST_ID, SONG_ID, NO_URUT, USER_ID) VALUES (25, 38, 4, 13);
INSERT INTO ADD_SONGS_PLAYLISTS (PLAYLIST_ID, SONG_ID, NO_URUT, USER_ID) VALUES (25, 50, 5, 13);
INSERT INTO ADD_SONGS_PLAYLISTS (PLAYLIST_ID, SONG_ID, NO_URUT, USER_ID) VALUES (25, 5, 6, 13);
INSERT INTO ADD_SONGS_PLAYLISTS (PLAYLIST_ID, SONG_ID, NO_URUT, USER_ID) VALUES (25, 28, 7, 13);
INSERT INTO PLAYLISTS (PLAYLIST_ID, USER_ID, PLAYLIST_TITLE, ISPUBLIC, ISCOLLABORATIVE, PLAYLIST_DESC, ISONPROFILE, PLAYLIST_DATE_CREATED, PLAYLIST_COVER) VALUES (26, 13, 'Architecto occaecati', TRUE, FALSE, 'Dolores ea minima aliquam ipsam aut nam culpa voluptatem magnam.', TRUE, '2025-05-03', 'https://via.placeholder.com/150?text=Architecto');
INSERT INTO ADD_SONGS_PLAYLISTS (PLAYLIST_ID, SONG_ID, NO_URUT, USER_ID) VALUES (26, 23, 1, 13);
INSERT INTO ADD_SONGS_PLAYLISTS (PLAYLIST_ID, SONG_ID, NO_URUT, USER_ID) VALUES (26, 16, 2, 13);
INSERT INTO ADD_SONGS_PLAYLISTS (PLAYLIST_ID, SONG_ID, NO_URUT, USER_ID) VALUES (26, 43, 3, 13);
INSERT INTO ADD_SONGS_PLAYLISTS (PLAYLIST_ID, SONG_ID, NO_URUT, USER_ID) VALUES (26, 36, 4, 13);
INSERT INTO ADD_SONGS_PLAYLISTS (PLAYLIST_ID, SONG_ID, NO_URUT, USER_ID) VALUES (26, 31, 5, 13);
INSERT INTO ADD_SONGS_PLAYLISTS (PLAYLIST_ID, SONG_ID, NO_URUT, USER_ID) VALUES (26, 7, 6, 13);
INSERT INTO ADD_SONGS_PLAYLISTS (PLAYLIST_ID, SONG_ID, NO_URUT, USER_ID) VALUES (26, 37, 7, 13);
INSERT INTO ADD_SONGS_PLAYLISTS (PLAYLIST_ID, SONG_ID, NO_URUT, USER_ID) VALUES (26, 29, 8, 13);
INSERT INTO ADD_SONGS_PLAYLISTS (PLAYLIST_ID, SONG_ID, NO_URUT, USER_ID) VALUES (26, 10, 9, 13);
INSERT INTO ADD_SONGS_PLAYLISTS (PLAYLIST_ID, SONG_ID, NO_URUT, USER_ID) VALUES (26, 28, 10, 13);
INSERT INTO ADD_SONGS_PLAYLISTS (PLAYLIST_ID, SONG_ID, NO_URUT, USER_ID) VALUES (26, 12, 11, 13);
INSERT INTO ADD_SONGS_PLAYLISTS (PLAYLIST_ID, SONG_ID, NO_URUT, USER_ID) VALUES (26, 18, 12, 13);
INSERT INTO ADD_SONGS_PLAYLISTS (PLAYLIST_ID, SONG_ID, NO_URUT, USER_ID) VALUES (26, 35, 13, 13);
INSERT INTO ADD_SONGS_PLAYLISTS (PLAYLIST_ID, SONG_ID, NO_URUT, USER_ID) VALUES (26, 6, 14, 13);
INSERT INTO PLAYLISTS (PLAYLIST_ID, USER_ID, PLAYLIST_TITLE, ISPUBLIC, ISCOLLABORATIVE, PLAYLIST_DESC, ISONPROFILE, PLAYLIST_DATE_CREATED, PLAYLIST_COVER) VALUES (27, 14, 'Repudiandae', FALSE, FALSE, 'Facere vitae soluta ipsam corrupti dolor quis ratione voluptates id laudantium nisi labore.', FALSE, '2025-06-08', 'https://via.placeholder.com/150?text=Repudiandae');
INSERT INTO ADD_SONGS_PLAYLISTS (PLAYLIST_ID, SONG_ID, NO_URUT, USER_ID) VALUES (27, 43, 1, 14);
INSERT INTO ADD_SONGS_PLAYLISTS (PLAYLIST_ID, SONG_ID, NO_URUT, USER_ID) VALUES (27, 14, 2, 14);
INSERT INTO ADD_SONGS_PLAYLISTS (PLAYLIST_ID, SONG_ID, NO_URUT, USER_ID) VALUES (27, 37, 3, 14);
INSERT INTO ADD_SONGS_PLAYLISTS (PLAYLIST_ID, SONG_ID, NO_URUT, USER_ID) VALUES (27, 10, 4, 14);
INSERT INTO ADD_SONGS_PLAYLISTS (PLAYLIST_ID, SONG_ID, NO_URUT, USER_ID) VALUES (27, 40, 5, 14);
INSERT INTO ADD_SONGS_PLAYLISTS (PLAYLIST_ID, SONG_ID, NO_URUT, USER_ID) VALUES (27, 18, 6, 14);
INSERT INTO ADD_SONGS_PLAYLISTS (PLAYLIST_ID, SONG_ID, NO_URUT, USER_ID) VALUES (27, 3, 7, 14);
INSERT INTO ADD_SONGS_PLAYLISTS (PLAYLIST_ID, SONG_ID, NO_URUT, USER_ID) VALUES (27, 17, 8, 14);
INSERT INTO ADD_SONGS_PLAYLISTS (PLAYLIST_ID, SONG_ID, NO_URUT, USER_ID) VALUES (27, 34, 9, 14);
INSERT INTO ADD_SONGS_PLAYLISTS (PLAYLIST_ID, SONG_ID, NO_URUT, USER_ID) VALUES (27, 24, 10, 14);
INSERT INTO ADD_SONGS_PLAYLISTS (PLAYLIST_ID, SONG_ID, NO_URUT, USER_ID) VALUES (27, 2, 11, 14);
INSERT INTO PLAYLISTS (PLAYLIST_ID, USER_ID, PLAYLIST_TITLE, ISPUBLIC, ISCOLLABORATIVE, PLAYLIST_DESC, ISONPROFILE, PLAYLIST_DATE_CREATED, PLAYLIST_COVER) VALUES (28, 14, 'Officiis velit', FALSE, FALSE, 'Harum vero rem placeat explicabo modi nisi sit recusandae recusandae eos magni.', FALSE, '2025-07-12', 'https://via.placeholder.com/150?text=Officiis');
INSERT INTO ADD_SONGS_PLAYLISTS (PLAYLIST_ID, SONG_ID, NO_URUT, USER_ID) VALUES (28, 43, 1, 14);
INSERT INTO ADD_SONGS_PLAYLISTS (PLAYLIST_ID, SONG_ID, NO_URUT, USER_ID) VALUES (28, 50, 2, 14);
INSERT INTO ADD_SONGS_PLAYLISTS (PLAYLIST_ID, SONG_ID, NO_URUT, USER_ID) VALUES (28, 5, 3, 14);
INSERT INTO ADD_SONGS_PLAYLISTS (PLAYLIST_ID, SONG_ID, NO_URUT, USER_ID) VALUES (28, 32, 4, 14);
INSERT INTO ADD_SONGS_PLAYLISTS (PLAYLIST_ID, SONG_ID, NO_URUT, USER_ID) VALUES (28, 48, 5, 14);
INSERT INTO ADD_SONGS_PLAYLISTS (PLAYLIST_ID, SONG_ID, NO_URUT, USER_ID) VALUES (28, 31, 6, 14);
INSERT INTO ADD_SONGS_PLAYLISTS (PLAYLIST_ID, SONG_ID, NO_URUT, USER_ID) VALUES (28, 27, 7, 14);
INSERT INTO ADD_SONGS_PLAYLISTS (PLAYLIST_ID, SONG_ID, NO_URUT, USER_ID) VALUES (28, 35, 8, 14);
INSERT INTO ADD_SONGS_PLAYLISTS (PLAYLIST_ID, SONG_ID, NO_URUT, USER_ID) VALUES (28, 26, 9, 14);
INSERT INTO ADD_SONGS_PLAYLISTS (PLAYLIST_ID, SONG_ID, NO_URUT, USER_ID) VALUES (28, 7, 10, 14);
INSERT INTO PLAYLISTS (PLAYLIST_ID, USER_ID, PLAYLIST_TITLE, ISPUBLIC, ISCOLLABORATIVE, PLAYLIST_DESC, ISONPROFILE, PLAYLIST_DATE_CREATED, PLAYLIST_COVER) VALUES (29, 15, 'Nisi eaque atque', FALSE, FALSE, 'Dolore magnam porro porro dolore deserunt.', TRUE, '2025-09-07', 'https://via.placeholder.com/150?text=Nisi');
INSERT INTO ADD_SONGS_PLAYLISTS (PLAYLIST_ID, SONG_ID, NO_URUT, USER_ID) VALUES (29, 49, 1, 15);
INSERT INTO ADD_SONGS_PLAYLISTS (PLAYLIST_ID, SONG_ID, NO_URUT, USER_ID) VALUES (29, 14, 2, 15);
INSERT INTO ADD_SONGS_PLAYLISTS (PLAYLIST_ID, SONG_ID, NO_URUT, USER_ID) VALUES (29, 28, 3, 15);
INSERT INTO ADD_SONGS_PLAYLISTS (PLAYLIST_ID, SONG_ID, NO_URUT, USER_ID) VALUES (29, 22, 4, 15);
INSERT INTO ADD_SONGS_PLAYLISTS (PLAYLIST_ID, SONG_ID, NO_URUT, USER_ID) VALUES (29, 17, 5, 15);
INSERT INTO ADD_SONGS_PLAYLISTS (PLAYLIST_ID, SONG_ID, NO_URUT, USER_ID) VALUES (29, 1, 6, 15);
INSERT INTO ADD_SONGS_PLAYLISTS (PLAYLIST_ID, SONG_ID, NO_URUT, USER_ID) VALUES (29, 13, 7, 15);
INSERT INTO ADD_SONGS_PLAYLISTS (PLAYLIST_ID, SONG_ID, NO_URUT, USER_ID) VALUES (29, 32, 8, 15);
INSERT INTO ADD_SONGS_PLAYLISTS (PLAYLIST_ID, SONG_ID, NO_URUT, USER_ID) VALUES (29, 34, 9, 15);
INSERT INTO ADD_SONGS_PLAYLISTS (PLAYLIST_ID, SONG_ID, NO_URUT, USER_ID) VALUES (29, 2, 10, 15);
INSERT INTO PLAYLISTS (PLAYLIST_ID, USER_ID, PLAYLIST_TITLE, ISPUBLIC, ISCOLLABORATIVE, PLAYLIST_DESC, ISONPROFILE, PLAYLIST_DATE_CREATED, PLAYLIST_COVER) VALUES (30, 15, 'Architecto architecto', FALSE, TRUE, 'Rem assumenda deleniti minima doloribus error quia deserunt.', FALSE, '2025-02-18', 'https://via.placeholder.com/150?text=Architecto');
INSERT INTO ADD_SONGS_PLAYLISTS (PLAYLIST_ID, SONG_ID, NO_URUT, USER_ID) VALUES (30, 42, 1, 15);
INSERT INTO ADD_SONGS_PLAYLISTS (PLAYLIST_ID, SONG_ID, NO_URUT, USER_ID) VALUES (30, 17, 2, 15);
INSERT INTO ADD_SONGS_PLAYLISTS (PLAYLIST_ID, SONG_ID, NO_URUT, USER_ID) VALUES (30, 16, 3, 15);
INSERT INTO ADD_SONGS_PLAYLISTS (PLAYLIST_ID, SONG_ID, NO_URUT, USER_ID) VALUES (30, 24, 4, 15);
INSERT INTO ADD_SONGS_PLAYLISTS (PLAYLIST_ID, SONG_ID, NO_URUT, USER_ID) VALUES (30, 38, 5, 15);
INSERT INTO ADD_SONGS_PLAYLISTS (PLAYLIST_ID, SONG_ID, NO_URUT, USER_ID) VALUES (30, 5, 6, 15);
INSERT INTO ADD_SONGS_PLAYLISTS (PLAYLIST_ID, SONG_ID, NO_URUT, USER_ID) VALUES (30, 31, 7, 15);
INSERT INTO ADD_SONGS_PLAYLISTS (PLAYLIST_ID, SONG_ID, NO_URUT, USER_ID) VALUES (30, 33, 8, 15);
INSERT INTO ADD_SONGS_PLAYLISTS (PLAYLIST_ID, SONG_ID, NO_URUT, USER_ID) VALUES (30, 15, 9, 15);
INSERT INTO PLAYLISTS (PLAYLIST_ID, USER_ID, PLAYLIST_TITLE, ISPUBLIC, ISCOLLABORATIVE, PLAYLIST_DESC, ISONPROFILE, PLAYLIST_DATE_CREATED, PLAYLIST_COVER) VALUES (31, 15, 'Minima distinctio', FALSE, TRUE, 'Fugit dicta in tempore ex similique odit sapiente quisquam nesciunt doloribus ut.', FALSE, '2025-04-04', 'https://via.placeholder.com/150?text=Minima');
INSERT INTO ADD_SONGS_PLAYLISTS (PLAYLIST_ID, SONG_ID, NO_URUT, USER_ID) VALUES (31, 16, 1, 15);
INSERT INTO ADD_SONGS_PLAYLISTS (PLAYLIST_ID, SONG_ID, NO_URUT, USER_ID) VALUES (31, 28, 2, 15);
INSERT INTO ADD_SONGS_PLAYLISTS (PLAYLIST_ID, SONG_ID, NO_URUT, USER_ID) VALUES (31, 26, 3, 15);
INSERT INTO ADD_SONGS_PLAYLISTS (PLAYLIST_ID, SONG_ID, NO_URUT, USER_ID) VALUES (31, 50, 4, 15);
INSERT INTO ADD_SONGS_PLAYLISTS (PLAYLIST_ID, SONG_ID, NO_URUT, USER_ID) VALUES (31, 44, 5, 15);
INSERT INTO ADD_SONGS_PLAYLISTS (PLAYLIST_ID, SONG_ID, NO_URUT, USER_ID) VALUES (31, 36, 6, 15);
INSERT INTO LISTENS (USER_ID, SONG_ID, DURATION_LISTENED, "TIMESTAMP") VALUES (1, 28, 255, '2025-01-16 02:03:13');
INSERT INTO LISTENS (USER_ID, SONG_ID, DURATION_LISTENED, "TIMESTAMP") VALUES (1, 30, 51, '2025-02-09 02:32:54');
INSERT INTO LISTENS (USER_ID, SONG_ID, DURATION_LISTENED, "TIMESTAMP") VALUES (13, 40, 291, '2025-04-19 17:15:20');
INSERT INTO LISTENS (USER_ID, SONG_ID, DURATION_LISTENED, "TIMESTAMP") VALUES (3, 31, 68, '2025-04-15 06:21:53');
INSERT INTO LISTENS (USER_ID, SONG_ID, DURATION_LISTENED, "TIMESTAMP") VALUES (6, 15, 160, '2025-09-28 10:00:03');
INSERT INTO LISTENS (USER_ID, SONG_ID, DURATION_LISTENED, "TIMESTAMP") VALUES (5, 32, 167, '2025-07-07 18:07:17');
INSERT INTO LISTENS (USER_ID, SONG_ID, DURATION_LISTENED, "TIMESTAMP") VALUES (4, 38, 182, '2025-11-10 17:59:21');
INSERT INTO LISTENS (USER_ID, SONG_ID, DURATION_LISTENED, "TIMESTAMP") VALUES (9, 13, 32, '2025-11-16 22:53:23');
INSERT INTO LISTENS (USER_ID, SONG_ID, DURATION_LISTENED, "TIMESTAMP") VALUES (3, 46, 56, '2025-07-07 04:56:09');
INSERT INTO LISTENS (USER_ID, SONG_ID, DURATION_LISTENED, "TIMESTAMP") VALUES (15, 21, 142, '2025-01-07 03:28:10');
INSERT INTO LISTENS (USER_ID, SONG_ID, DURATION_LISTENED, "TIMESTAMP") VALUES (1, 38, 247, '2025-08-10 22:45:07');
INSERT INTO LISTENS (USER_ID, SONG_ID, DURATION_LISTENED, "TIMESTAMP") VALUES (5, 18, 201, '2025-07-24 18:43:44');
INSERT INTO LISTENS (USER_ID, SONG_ID, DURATION_LISTENED, "TIMESTAMP") VALUES (4, 21, 176, '2025-05-30 02:05:52');
INSERT INTO LISTENS (USER_ID, SONG_ID, DURATION_LISTENED, "TIMESTAMP") VALUES (10, 9, 73, '2025-04-05 08:30:05');
INSERT INTO LISTENS (USER_ID, SONG_ID, DURATION_LISTENED, "TIMESTAMP") VALUES (1, 9, 32, '2025-10-17 05:00:42');
INSERT INTO LISTENS (USER_ID, SONG_ID, DURATION_LISTENED, "TIMESTAMP") VALUES (5, 44, 242, '2025-05-02 06:41:08');
INSERT INTO LISTENS (USER_ID, SONG_ID, DURATION_LISTENED, "TIMESTAMP") VALUES (15, 49, 161, '2025-10-20 00:38:55');
INSERT INTO LISTENS (USER_ID, SONG_ID, DURATION_LISTENED, "TIMESTAMP") VALUES (8, 3, 121, '2025-02-17 20:34:23');
INSERT INTO LISTENS (USER_ID, SONG_ID, DURATION_LISTENED, "TIMESTAMP") VALUES (15, 1, 240, '2025-08-06 09:10:26');
INSERT INTO LISTENS (USER_ID, SONG_ID, DURATION_LISTENED, "TIMESTAMP") VALUES (13, 6, 212, '2024-12-26 08:55:53');
INSERT INTO LISTENS (USER_ID, SONG_ID, DURATION_LISTENED, "TIMESTAMP") VALUES (7, 36, 32, '2025-02-03 15:28:12');
INSERT INTO LISTENS (USER_ID, SONG_ID, DURATION_LISTENED, "TIMESTAMP") VALUES (5, 24, 60, '2025-11-01 01:05:35');
INSERT INTO LISTENS (USER_ID, SONG_ID, DURATION_LISTENED, "TIMESTAMP") VALUES (15, 12, 104, '2025-01-15 20:05:51');
INSERT INTO LISTENS (USER_ID, SONG_ID, DURATION_LISTENED, "TIMESTAMP") VALUES (11, 12, 239, '2025-08-12 02:55:33');
INSERT INTO LISTENS (USER_ID, SONG_ID, DURATION_LISTENED, "TIMESTAMP") VALUES (7, 15, 267, '2025-04-12 18:39:51');
INSERT INTO LISTENS (USER_ID, SONG_ID, DURATION_LISTENED, "TIMESTAMP") VALUES (15, 11, 136, '2024-11-29 09:15:22');
INSERT INTO LISTENS (USER_ID, SONG_ID, DURATION_LISTENED, "TIMESTAMP") VALUES (12, 42, 278, '2025-11-09 14:49:32');
INSERT INTO LISTENS (USER_ID, SONG_ID, DURATION_LISTENED, "TIMESTAMP") VALUES (11, 16, 41, '2025-04-02 21:37:40');
INSERT INTO LISTENS (USER_ID, SONG_ID, DURATION_LISTENED, "TIMESTAMP") VALUES (14, 8, 116, '2025-06-30 04:43:08');
INSERT INTO LISTENS (USER_ID, SONG_ID, DURATION_LISTENED, "TIMESTAMP") VALUES (5, 7, 212, '2025-07-01 12:57:57');
INSERT INTO LISTENS (USER_ID, SONG_ID, DURATION_LISTENED, "TIMESTAMP") VALUES (10, 7, 298, '2025-09-15 02:21:49');
INSERT INTO LISTENS (USER_ID, SONG_ID, DURATION_LISTENED, "TIMESTAMP") VALUES (6, 37, 80, '2025-05-04 14:05:34');
INSERT INTO LISTENS (USER_ID, SONG_ID, DURATION_LISTENED, "TIMESTAMP") VALUES (13, 14, 281, '2025-10-16 23:56:41');
INSERT INTO LISTENS (USER_ID, SONG_ID, DURATION_LISTENED, "TIMESTAMP") VALUES (1, 38, 111, '2025-07-04 21:24:03');
INSERT INTO LISTENS (USER_ID, SONG_ID, DURATION_LISTENED, "TIMESTAMP") VALUES (10, 40, 84, '2025-10-01 11:59:31');
INSERT INTO LISTENS (USER_ID, SONG_ID, DURATION_LISTENED, "TIMESTAMP") VALUES (8, 1, 123, '2025-09-03 15:22:37');
INSERT INTO LISTENS (USER_ID, SONG_ID, DURATION_LISTENED, "TIMESTAMP") VALUES (4, 16, 103, '2025-10-05 19:27:41');
INSERT INTO LISTENS (USER_ID, SONG_ID, DURATION_LISTENED, "TIMESTAMP") VALUES (6, 2, 229, '2025-07-08 19:32:32');
INSERT INTO LISTENS (USER_ID, SONG_ID, DURATION_LISTENED, "TIMESTAMP") VALUES (3, 41, 51, '2025-05-30 08:16:38');
INSERT INTO LISTENS (USER_ID, SONG_ID, DURATION_LISTENED, "TIMESTAMP") VALUES (5, 41, 275, '2025-06-16 05:06:55');
INSERT INTO LISTENS (USER_ID, SONG_ID, DURATION_LISTENED, "TIMESTAMP") VALUES (15, 15, 150, '2025-10-26 15:39:42');
INSERT INTO LISTENS (USER_ID, SONG_ID, DURATION_LISTENED, "TIMESTAMP") VALUES (8, 14, 246, '2025-07-29 01:04:52');
INSERT INTO LISTENS (USER_ID, SONG_ID, DURATION_LISTENED, "TIMESTAMP") VALUES (11, 44, 146, '2025-03-04 10:23:12');
INSERT INTO LISTENS (USER_ID, SONG_ID, DURATION_LISTENED, "TIMESTAMP") VALUES (14, 38, 151, '2025-11-10 16:59:15');
INSERT INTO LISTENS (USER_ID, SONG_ID, DURATION_LISTENED, "TIMESTAMP") VALUES (4, 45, 215, '2025-08-14 03:41:06');
INSERT INTO LISTENS (USER_ID, SONG_ID, DURATION_LISTENED, "TIMESTAMP") VALUES (10, 30, 263, '2025-04-26 23:39:47');
INSERT INTO LISTENS (USER_ID, SONG_ID, DURATION_LISTENED, "TIMESTAMP") VALUES (3, 40, 77, '2024-12-05 16:10:02');
INSERT INTO LISTENS (USER_ID, SONG_ID, DURATION_LISTENED, "TIMESTAMP") VALUES (3, 41, 68, '2025-03-22 02:15:03');
INSERT INTO LISTENS (USER_ID, SONG_ID, DURATION_LISTENED, "TIMESTAMP") VALUES (3, 50, 176, '2025-04-26 07:04:18');
INSERT INTO LISTENS (USER_ID, SONG_ID, DURATION_LISTENED, "TIMESTAMP") VALUES (10, 4, 269, '2024-12-26 14:07:42');
INSERT INTO LISTENS (USER_ID, SONG_ID, DURATION_LISTENED, "TIMESTAMP") VALUES (1, 36, 195, '2025-07-31 14:48:34');
INSERT INTO LISTENS (USER_ID, SONG_ID, DURATION_LISTENED, "TIMESTAMP") VALUES (5, 20, 263, '2025-08-01 15:48:59');
INSERT INTO LISTENS (USER_ID, SONG_ID, DURATION_LISTENED, "TIMESTAMP") VALUES (14, 12, 271, '2024-12-30 17:14:00');
INSERT INTO LISTENS (USER_ID, SONG_ID, DURATION_LISTENED, "TIMESTAMP") VALUES (4, 16, 214, '2025-09-29 10:05:20');
INSERT INTO LISTENS (USER_ID, SONG_ID, DURATION_LISTENED, "TIMESTAMP") VALUES (15, 32, 227, '2025-11-04 11:16:11');
INSERT INTO LISTENS (USER_ID, SONG_ID, DURATION_LISTENED, "TIMESTAMP") VALUES (11, 40, 113, '2025-08-22 22:44:55');
INSERT INTO LISTENS (USER_ID, SONG_ID, DURATION_LISTENED, "TIMESTAMP") VALUES (7, 31, 100, '2025-04-22 03:28:30');
INSERT INTO LISTENS (USER_ID, SONG_ID, DURATION_LISTENED, "TIMESTAMP") VALUES (10, 15, 234, '2025-08-28 05:30:08');
INSERT INTO LISTENS (USER_ID, SONG_ID, DURATION_LISTENED, "TIMESTAMP") VALUES (6, 39, 84, '2025-01-27 13:51:53');
INSERT INTO LISTENS (USER_ID, SONG_ID, DURATION_LISTENED, "TIMESTAMP") VALUES (9, 46, 37, '2025-02-26 21:51:52');
INSERT INTO LISTENS (USER_ID, SONG_ID, DURATION_LISTENED, "TIMESTAMP") VALUES (10, 9, 129, '2025-04-10 19:17:15');
INSERT INTO LISTENS (USER_ID, SONG_ID, DURATION_LISTENED, "TIMESTAMP") VALUES (6, 13, 250, '2025-10-01 17:58:42');
INSERT INTO LISTENS (USER_ID, SONG_ID, DURATION_LISTENED, "TIMESTAMP") VALUES (1, 33, 300, '2025-06-17 11:34:15');
INSERT INTO LISTENS (USER_ID, SONG_ID, DURATION_LISTENED, "TIMESTAMP") VALUES (11, 9, 107, '2025-08-12 00:49:09');
INSERT INTO LISTENS (USER_ID, SONG_ID, DURATION_LISTENED, "TIMESTAMP") VALUES (7, 10, 294, '2025-11-07 11:56:23');
INSERT INTO LISTENS (USER_ID, SONG_ID, DURATION_LISTENED, "TIMESTAMP") VALUES (2, 36, 127, '2025-03-02 00:53:25');
INSERT INTO LISTENS (USER_ID, SONG_ID, DURATION_LISTENED, "TIMESTAMP") VALUES (8, 40, 159, '2025-08-30 06:51:42');
INSERT INTO LISTENS (USER_ID, SONG_ID, DURATION_LISTENED, "TIMESTAMP") VALUES (6, 41, 199, '2025-03-12 03:39:26');
INSERT INTO LISTENS (USER_ID, SONG_ID, DURATION_LISTENED, "TIMESTAMP") VALUES (7, 30, 246, '2025-05-21 13:32:04');
INSERT INTO LISTENS (USER_ID, SONG_ID, DURATION_LISTENED, "TIMESTAMP") VALUES (3, 50, 107, '2025-04-30 13:07:40');
INSERT INTO LISTENS (USER_ID, SONG_ID, DURATION_LISTENED, "TIMESTAMP") VALUES (2, 47, 297, '2025-10-23 17:39:28');
INSERT INTO LISTENS (USER_ID, SONG_ID, DURATION_LISTENED, "TIMESTAMP") VALUES (4, 49, 173, '2025-07-01 05:28:48');
INSERT INTO LISTENS (USER_ID, SONG_ID, DURATION_LISTENED, "TIMESTAMP") VALUES (15, 20, 266, '2025-07-12 12:13:32');
INSERT INTO LISTENS (USER_ID, SONG_ID, DURATION_LISTENED, "TIMESTAMP") VALUES (9, 2, 123, '2025-07-15 09:29:59');
INSERT INTO LISTENS (USER_ID, SONG_ID, DURATION_LISTENED, "TIMESTAMP") VALUES (4, 46, 96, '2025-02-11 06:32:36');
INSERT INTO LISTENS (USER_ID, SONG_ID, DURATION_LISTENED, "TIMESTAMP") VALUES (4, 11, 147, '2025-06-22 10:24:23');
INSERT INTO LISTENS (USER_ID, SONG_ID, DURATION_LISTENED, "TIMESTAMP") VALUES (10, 25, 59, '2024-12-15 01:00:33');
INSERT INTO LISTENS (USER_ID, SONG_ID, DURATION_LISTENED, "TIMESTAMP") VALUES (13, 33, 57, '2025-07-18 12:12:54');
INSERT INTO LISTENS (USER_ID, SONG_ID, DURATION_LISTENED, "TIMESTAMP") VALUES (14, 8, 67, '2025-02-11 05:34:40');
INSERT INTO LISTENS (USER_ID, SONG_ID, DURATION_LISTENED, "TIMESTAMP") VALUES (1, 38, 65, '2025-07-18 17:05:00');
INSERT INTO LISTENS (USER_ID, SONG_ID, DURATION_LISTENED, "TIMESTAMP") VALUES (4, 30, 209, '2025-07-19 03:29:05');
INSERT INTO LISTENS (USER_ID, SONG_ID, DURATION_LISTENED, "TIMESTAMP") VALUES (13, 17, 60, '2025-08-30 05:54:44');
INSERT INTO LISTENS (USER_ID, SONG_ID, DURATION_LISTENED, "TIMESTAMP") VALUES (11, 47, 183, '2025-03-13 20:10:34');
INSERT INTO LISTENS (USER_ID, SONG_ID, DURATION_LISTENED, "TIMESTAMP") VALUES (13, 49, 49, '2025-04-14 13:23:29');
INSERT INTO LISTENS (USER_ID, SONG_ID, DURATION_LISTENED, "TIMESTAMP") VALUES (2, 10, 229, '2025-10-13 02:38:56');
INSERT INTO LISTENS (USER_ID, SONG_ID, DURATION_LISTENED, "TIMESTAMP") VALUES (11, 2, 231, '2025-05-10 01:19:55');
INSERT INTO LISTENS (USER_ID, SONG_ID, DURATION_LISTENED, "TIMESTAMP") VALUES (3, 35, 192, '2025-10-20 18:19:08');
INSERT INTO LISTENS (USER_ID, SONG_ID, DURATION_LISTENED, "TIMESTAMP") VALUES (3, 46, 101, '2025-10-25 11:34:56');
INSERT INTO LISTENS (USER_ID, SONG_ID, DURATION_LISTENED, "TIMESTAMP") VALUES (10, 22, 170, '2025-04-17 03:19:08');
INSERT INTO LISTENS (USER_ID, SONG_ID, DURATION_LISTENED, "TIMESTAMP") VALUES (3, 19, 112, '2024-12-18 06:10:10');
INSERT INTO LISTENS (USER_ID, SONG_ID, DURATION_LISTENED, "TIMESTAMP") VALUES (8, 10, 97, '2025-05-26 14:33:10');
INSERT INTO LISTENS (USER_ID, SONG_ID, DURATION_LISTENED, "TIMESTAMP") VALUES (9, 1, 142, '2025-07-23 06:41:50');
INSERT INTO LISTENS (USER_ID, SONG_ID, DURATION_LISTENED, "TIMESTAMP") VALUES (6, 2, 244, '2025-04-12 09:33:37');
INSERT INTO LISTENS (USER_ID, SONG_ID, DURATION_LISTENED, "TIMESTAMP") VALUES (11, 34, 127, '2025-01-18 19:14:20');
INSERT INTO LISTENS (USER_ID, SONG_ID, DURATION_LISTENED, "TIMESTAMP") VALUES (12, 48, 182, '2025-07-30 07:21:17');
INSERT INTO LISTENS (USER_ID, SONG_ID, DURATION_LISTENED, "TIMESTAMP") VALUES (4, 16, 211, '2025-01-09 08:35:04');
INSERT INTO LISTENS (USER_ID, SONG_ID, DURATION_LISTENED, "TIMESTAMP") VALUES (3, 1, 189, '2025-06-02 12:45:21');
INSERT INTO LISTENS (USER_ID, SONG_ID, DURATION_LISTENED, "TIMESTAMP") VALUES (6, 3, 42, '2024-11-27 13:40:38');
INSERT INTO LISTENS (USER_ID, SONG_ID, DURATION_LISTENED, "TIMESTAMP") VALUES (10, 6, 248, '2025-10-31 03:32:38');
INSERT INTO LISTENS (USER_ID, SONG_ID, DURATION_LISTENED, "TIMESTAMP") VALUES (1, 20, 61, '2025-11-09 02:10:44');
INSERT INTO LISTENS (USER_ID, SONG_ID, DURATION_LISTENED, "TIMESTAMP") VALUES (4, 36, 216, '2025-04-25 22:35:19');
INSERT INTO LISTENS (USER_ID, SONG_ID, DURATION_LISTENED, "TIMESTAMP") VALUES (1, 48, 246, '2025-09-15 19:13:05');
INSERT INTO LISTENS (USER_ID, SONG_ID, DURATION_LISTENED, "TIMESTAMP") VALUES (5, 19, 101, '2025-03-29 20:33:46');
INSERT INTO LISTENS (USER_ID, SONG_ID, DURATION_LISTENED, "TIMESTAMP") VALUES (5, 1, 142, '2025-10-28 06:54:55');
INSERT INTO LISTENS (USER_ID, SONG_ID, DURATION_LISTENED, "TIMESTAMP") VALUES (11, 49, 131, '2025-10-26 09:10:48');
INSERT INTO LISTENS (USER_ID, SONG_ID, DURATION_LISTENED, "TIMESTAMP") VALUES (6, 29, 204, '2025-04-10 04:35:36');
INSERT INTO LISTENS (USER_ID, SONG_ID, DURATION_LISTENED, "TIMESTAMP") VALUES (12, 9, 50, '2025-06-25 23:19:48');
INSERT INTO LISTENS (USER_ID, SONG_ID, DURATION_LISTENED, "TIMESTAMP") VALUES (11, 34, 174, '2025-01-06 14:25:47');
INSERT INTO LISTENS (USER_ID, SONG_ID, DURATION_LISTENED, "TIMESTAMP") VALUES (10, 14, 65, '2025-10-22 03:32:42');
INSERT INTO LISTENS (USER_ID, SONG_ID, DURATION_LISTENED, "TIMESTAMP") VALUES (5, 50, 96, '2025-09-02 06:25:53');
INSERT INTO LISTENS (USER_ID, SONG_ID, DURATION_LISTENED, "TIMESTAMP") VALUES (13, 47, 185, '2025-06-23 03:00:36');
INSERT INTO LISTENS (USER_ID, SONG_ID, DURATION_LISTENED, "TIMESTAMP") VALUES (5, 45, 247, '2025-06-17 01:51:33');
INSERT INTO LISTENS (USER_ID, SONG_ID, DURATION_LISTENED, "TIMESTAMP") VALUES (8, 27, 180, '2025-03-05 05:03:57');
INSERT INTO LISTENS (USER_ID, SONG_ID, DURATION_LISTENED, "TIMESTAMP") VALUES (7, 44, 226, '2025-09-16 14:50:02');
INSERT INTO LISTENS (USER_ID, SONG_ID, DURATION_LISTENED, "TIMESTAMP") VALUES (11, 40, 175, '2025-06-04 14:40:44');
INSERT INTO LISTENS (USER_ID, SONG_ID, DURATION_LISTENED, "TIMESTAMP") VALUES (9, 27, 154, '2025-10-22 03:28:11');
INSERT INTO LISTENS (USER_ID, SONG_ID, DURATION_LISTENED, "TIMESTAMP") VALUES (11, 40, 249, '2025-08-02 13:09:20');
INSERT INTO LISTENS (USER_ID, SONG_ID, DURATION_LISTENED, "TIMESTAMP") VALUES (14, 38, 137, '2025-11-05 23:41:04');
INSERT INTO LISTENS (USER_ID, SONG_ID, DURATION_LISTENED, "TIMESTAMP") VALUES (9, 34, 64, '2025-08-13 18:53:10');
INSERT INTO LISTENS (USER_ID, SONG_ID, DURATION_LISTENED, "TIMESTAMP") VALUES (3, 49, 187, '2025-03-05 08:18:03');
INSERT INTO LISTENS (USER_ID, SONG_ID, DURATION_LISTENED, "TIMESTAMP") VALUES (2, 41, 207, '2025-05-24 11:17:13');
INSERT INTO LISTENS (USER_ID, SONG_ID, DURATION_LISTENED, "TIMESTAMP") VALUES (4, 25, 279, '2025-04-19 19:49:28');
INSERT INTO LISTENS (USER_ID, SONG_ID, DURATION_LISTENED, "TIMESTAMP") VALUES (1, 2, 146, '2025-01-21 06:30:53');
INSERT INTO LISTENS (USER_ID, SONG_ID, DURATION_LISTENED, "TIMESTAMP") VALUES (14, 33, 40, '2025-10-03 16:08:58');
INSERT INTO LISTENS (USER_ID, SONG_ID, DURATION_LISTENED, "TIMESTAMP") VALUES (12, 14, 259, '2025-05-24 02:32:25');
INSERT INTO LISTENS (USER_ID, SONG_ID, DURATION_LISTENED, "TIMESTAMP") VALUES (9, 31, 174, '2025-02-17 02:01:32');
INSERT INTO LISTENS (USER_ID, SONG_ID, DURATION_LISTENED, "TIMESTAMP") VALUES (13, 29, 43, '2025-11-01 11:08:28');
INSERT INTO LISTENS (USER_ID, SONG_ID, DURATION_LISTENED, "TIMESTAMP") VALUES (1, 42, 247, '2025-06-24 04:34:10');
INSERT INTO LISTENS (USER_ID, SONG_ID, DURATION_LISTENED, "TIMESTAMP") VALUES (4, 8, 300, '2025-04-12 03:50:36');
INSERT INTO LISTENS (USER_ID, SONG_ID, DURATION_LISTENED, "TIMESTAMP") VALUES (13, 40, 252, '2025-11-04 07:29:02');
INSERT INTO LISTENS (USER_ID, SONG_ID, DURATION_LISTENED, "TIMESTAMP") VALUES (9, 12, 122, '2024-12-04 14:58:49');
INSERT INTO LISTENS (USER_ID, SONG_ID, DURATION_LISTENED, "TIMESTAMP") VALUES (11, 1, 208, '2025-03-11 09:28:27');
INSERT INTO LISTENS (USER_ID, SONG_ID, DURATION_LISTENED, "TIMESTAMP") VALUES (5, 17, 114, '2025-10-17 23:54:04');
INSERT INTO LISTENS (USER_ID, SONG_ID, DURATION_LISTENED, "TIMESTAMP") VALUES (13, 8, 236, '2025-10-08 14:01:05');
INSERT INTO LISTENS (USER_ID, SONG_ID, DURATION_LISTENED, "TIMESTAMP") VALUES (14, 31, 59, '2025-04-17 15:59:28');
INSERT INTO LISTENS (USER_ID, SONG_ID, DURATION_LISTENED, "TIMESTAMP") VALUES (14, 4, 96, '2025-01-11 02:46:41');
INSERT INTO LISTENS (USER_ID, SONG_ID, DURATION_LISTENED, "TIMESTAMP") VALUES (1, 1, 62, '2024-11-27 15:46:10');
INSERT INTO LISTENS (USER_ID, SONG_ID, DURATION_LISTENED, "TIMESTAMP") VALUES (7, 28, 116, '2025-07-17 07:47:54');
INSERT INTO LISTENS (USER_ID, SONG_ID, DURATION_LISTENED, "TIMESTAMP") VALUES (9, 49, 219, '2025-04-20 05:33:47');
INSERT INTO LISTENS (USER_ID, SONG_ID, DURATION_LISTENED, "TIMESTAMP") VALUES (11, 38, 94, '2024-12-29 19:06:50');
INSERT INTO LISTENS (USER_ID, SONG_ID, DURATION_LISTENED, "TIMESTAMP") VALUES (12, 16, 155, '2025-07-30 03:24:13');
INSERT INTO LISTENS (USER_ID, SONG_ID, DURATION_LISTENED, "TIMESTAMP") VALUES (7, 8, 267, '2025-02-21 13:49:49');
INSERT INTO LISTENS (USER_ID, SONG_ID, DURATION_LISTENED, "TIMESTAMP") VALUES (7, 47, 195, '2024-12-23 06:40:27');
INSERT INTO LISTENS (USER_ID, SONG_ID, DURATION_LISTENED, "TIMESTAMP") VALUES (2, 43, 229, '2024-12-14 12:00:16');
INSERT INTO LISTENS (USER_ID, SONG_ID, DURATION_LISTENED, "TIMESTAMP") VALUES (7, 19, 273, '2024-12-13 01:29:30');
INSERT INTO LISTENS (USER_ID, SONG_ID, DURATION_LISTENED, "TIMESTAMP") VALUES (7, 39, 169, '2025-04-07 15:33:40');
INSERT INTO LISTENS (USER_ID, SONG_ID, DURATION_LISTENED, "TIMESTAMP") VALUES (6, 39, 171, '2025-01-21 12:03:45');
INSERT INTO LISTENS (USER_ID, SONG_ID, DURATION_LISTENED, "TIMESTAMP") VALUES (12, 48, 133, '2025-11-15 08:50:01');
INSERT INTO LISTENS (USER_ID, SONG_ID, DURATION_LISTENED, "TIMESTAMP") VALUES (6, 50, 293, '2025-10-21 10:36:52');
INSERT INTO LISTENS (USER_ID, SONG_ID, DURATION_LISTENED, "TIMESTAMP") VALUES (2, 4, 213, '2025-01-13 04:01:14');
INSERT INTO LIKE_SONGS (USER_ID, SONG_ID) VALUES (1, 40) ON CONFLICT DO NOTHING;
INSERT INTO LIKE_SONGS (USER_ID, SONG_ID) VALUES (1, 27) ON CONFLICT DO NOTHING;
INSERT INTO LIKE_SONGS (USER_ID, SONG_ID) VALUES (1, 5) ON CONFLICT DO NOTHING;
INSERT INTO LIKE_SONGS (USER_ID, SONG_ID) VALUES (1, 25) ON CONFLICT DO NOTHING;
INSERT INTO LIKE_SONGS (USER_ID, SONG_ID) VALUES (1, 24) ON CONFLICT DO NOTHING;
INSERT INTO REVIEWS (USER_ID, COLLECTION_ID, RATING, REVIEW) VALUES (1, 39, 4, 'Tempore corrupti distinctio ipsam sed repudiandae.');
INSERT INTO REVIEWS (USER_ID, COLLECTION_ID, RATING, REVIEW) VALUES (1, 5, 1, 'Sunt nihil nostrum autem repellendus.');
INSERT INTO LIKE_SONGS (USER_ID, SONG_ID) VALUES (2, 1) ON CONFLICT DO NOTHING;
INSERT INTO LIKE_SONGS (USER_ID, SONG_ID) VALUES (2, 31) ON CONFLICT DO NOTHING;
INSERT INTO LIKE_SONGS (USER_ID, SONG_ID) VALUES (2, 49) ON CONFLICT DO NOTHING;
INSERT INTO LIKE_SONGS (USER_ID, SONG_ID) VALUES (2, 21) ON CONFLICT DO NOTHING;
INSERT INTO LIKE_SONGS (USER_ID, SONG_ID) VALUES (2, 29) ON CONFLICT DO NOTHING;
INSERT INTO REVIEWS (USER_ID, COLLECTION_ID, RATING, REVIEW) VALUES (2, 34, 1, 'Esse voluptate nemo ea eaque.');
INSERT INTO REVIEWS (USER_ID, COLLECTION_ID, RATING, REVIEW) VALUES (2, 19, 3, 'Odit illum nesciunt.');
INSERT INTO LIKE_SONGS (USER_ID, SONG_ID) VALUES (3, 3) ON CONFLICT DO NOTHING;
INSERT INTO LIKE_SONGS (USER_ID, SONG_ID) VALUES (3, 32) ON CONFLICT DO NOTHING;
INSERT INTO LIKE_SONGS (USER_ID, SONG_ID) VALUES (3, 20) ON CONFLICT DO NOTHING;
INSERT INTO LIKE_SONGS (USER_ID, SONG_ID) VALUES (3, 19) ON CONFLICT DO NOTHING;
INSERT INTO LIKE_SONGS (USER_ID, SONG_ID) VALUES (3, 29) ON CONFLICT DO NOTHING;
INSERT INTO REVIEWS (USER_ID, COLLECTION_ID, RATING, REVIEW) VALUES (3, 42, 3, 'Molestias ipsa neque voluptatem.');
INSERT INTO REVIEWS (USER_ID, COLLECTION_ID, RATING, REVIEW) VALUES (3, 43, 4, 'Maxime dolorem fugit commodi eos.');
INSERT INTO LIKE_SONGS (USER_ID, SONG_ID) VALUES (4, 22) ON CONFLICT DO NOTHING;
INSERT INTO LIKE_SONGS (USER_ID, SONG_ID) VALUES (4, 45) ON CONFLICT DO NOTHING;
INSERT INTO LIKE_SONGS (USER_ID, SONG_ID) VALUES (4, 9) ON CONFLICT DO NOTHING;
INSERT INTO LIKE_SONGS (USER_ID, SONG_ID) VALUES (4, 49) ON CONFLICT DO NOTHING;
INSERT INTO LIKE_SONGS (USER_ID, SONG_ID) VALUES (4, 27) ON CONFLICT DO NOTHING;
INSERT INTO REVIEWS (USER_ID, COLLECTION_ID, RATING, REVIEW) VALUES (4, 17, 2, 'Rerum officia officia corrupti aliquid.');
INSERT INTO REVIEWS (USER_ID, COLLECTION_ID, RATING, REVIEW) VALUES (4, 16, 1, 'Culpa officia inventore ratione ipsa ex.');
INSERT INTO LIKE_SONGS (USER_ID, SONG_ID) VALUES (5, 4) ON CONFLICT DO NOTHING;
INSERT INTO LIKE_SONGS (USER_ID, SONG_ID) VALUES (5, 38) ON CONFLICT DO NOTHING;
INSERT INTO LIKE_SONGS (USER_ID, SONG_ID) VALUES (5, 32) ON CONFLICT DO NOTHING;
INSERT INTO LIKE_SONGS (USER_ID, SONG_ID) VALUES (5, 36) ON CONFLICT DO NOTHING;
INSERT INTO LIKE_SONGS (USER_ID, SONG_ID) VALUES (5, 29) ON CONFLICT DO NOTHING;
INSERT INTO REVIEWS (USER_ID, COLLECTION_ID, RATING, REVIEW) VALUES (5, 44, 2, 'Doloremque fuga voluptatem est consectetur reprehenderit eos.');
INSERT INTO REVIEWS (USER_ID, COLLECTION_ID, RATING, REVIEW) VALUES (5, 46, 5, 'Blanditiis labore provident sit vitae recusandae iusto nulla.');
INSERT INTO LIKE_SONGS (USER_ID, SONG_ID) VALUES (6, 43) ON CONFLICT DO NOTHING;
INSERT INTO LIKE_SONGS (USER_ID, SONG_ID) VALUES (6, 13) ON CONFLICT DO NOTHING;
INSERT INTO LIKE_SONGS (USER_ID, SONG_ID) VALUES (6, 38) ON CONFLICT DO NOTHING;
INSERT INTO LIKE_SONGS (USER_ID, SONG_ID) VALUES (6, 36) ON CONFLICT DO NOTHING;
INSERT INTO LIKE_SONGS (USER_ID, SONG_ID) VALUES (6, 20) ON CONFLICT DO NOTHING;
INSERT INTO REVIEWS (USER_ID, COLLECTION_ID, RATING, REVIEW) VALUES (6, 34, 3, 'Impedit dolor dolorum officia.');
INSERT INTO REVIEWS (USER_ID, COLLECTION_ID, RATING, REVIEW) VALUES (6, 35, 5, 'Ut voluptas alias assumenda.');
INSERT INTO LIKE_SONGS (USER_ID, SONG_ID) VALUES (7, 19) ON CONFLICT DO NOTHING;
INSERT INTO LIKE_SONGS (USER_ID, SONG_ID) VALUES (7, 5) ON CONFLICT DO NOTHING;
INSERT INTO LIKE_SONGS (USER_ID, SONG_ID) VALUES (7, 31) ON CONFLICT DO NOTHING;
INSERT INTO LIKE_SONGS (USER_ID, SONG_ID) VALUES (7, 47) ON CONFLICT DO NOTHING;
INSERT INTO LIKE_SONGS (USER_ID, SONG_ID) VALUES (7, 7) ON CONFLICT DO NOTHING;
INSERT INTO REVIEWS (USER_ID, COLLECTION_ID, RATING, REVIEW) VALUES (7, 8, 1, 'Nihil asperiores id debitis repudiandae sed.');
INSERT INTO REVIEWS (USER_ID, COLLECTION_ID, RATING, REVIEW) VALUES (7, 27, 5, 'Omnis quisquam fugit nam doloremque quasi.');
INSERT INTO LIKE_SONGS (USER_ID, SONG_ID) VALUES (8, 30) ON CONFLICT DO NOTHING;
INSERT INTO LIKE_SONGS (USER_ID, SONG_ID) VALUES (8, 41) ON CONFLICT DO NOTHING;
INSERT INTO LIKE_SONGS (USER_ID, SONG_ID) VALUES (8, 49) ON CONFLICT DO NOTHING;
INSERT INTO LIKE_SONGS (USER_ID, SONG_ID) VALUES (8, 5) ON CONFLICT DO NOTHING;
INSERT INTO LIKE_SONGS (USER_ID, SONG_ID) VALUES (8, 24) ON CONFLICT DO NOTHING;
INSERT INTO REVIEWS (USER_ID, COLLECTION_ID, RATING, REVIEW) VALUES (8, 11, 5, 'Eaque cumque minima quis cumque iste laborum.');
INSERT INTO REVIEWS (USER_ID, COLLECTION_ID, RATING, REVIEW) VALUES (8, 21, 5, 'Provident aliquam hic sequi.');
INSERT INTO LIKE_SONGS (USER_ID, SONG_ID) VALUES (9, 35) ON CONFLICT DO NOTHING;
INSERT INTO LIKE_SONGS (USER_ID, SONG_ID) VALUES (9, 29) ON CONFLICT DO NOTHING;
INSERT INTO LIKE_SONGS (USER_ID, SONG_ID) VALUES (9, 4) ON CONFLICT DO NOTHING;
INSERT INTO LIKE_SONGS (USER_ID, SONG_ID) VALUES (9, 30) ON CONFLICT DO NOTHING;
INSERT INTO LIKE_SONGS (USER_ID, SONG_ID) VALUES (9, 19) ON CONFLICT DO NOTHING;
INSERT INTO REVIEWS (USER_ID, COLLECTION_ID, RATING, REVIEW) VALUES (9, 22, 3, 'Quam illo quo quia laborum assumenda.');
INSERT INTO REVIEWS (USER_ID, COLLECTION_ID, RATING, REVIEW) VALUES (9, 20, 3, 'Voluptatibus delectus doloribus atque.');
INSERT INTO LIKE_SONGS (USER_ID, SONG_ID) VALUES (10, 49) ON CONFLICT DO NOTHING;
INSERT INTO LIKE_SONGS (USER_ID, SONG_ID) VALUES (10, 36) ON CONFLICT DO NOTHING;
INSERT INTO LIKE_SONGS (USER_ID, SONG_ID) VALUES (10, 8) ON CONFLICT DO NOTHING;
INSERT INTO LIKE_SONGS (USER_ID, SONG_ID) VALUES (10, 42) ON CONFLICT DO NOTHING;
INSERT INTO LIKE_SONGS (USER_ID, SONG_ID) VALUES (10, 26) ON CONFLICT DO NOTHING;
INSERT INTO REVIEWS (USER_ID, COLLECTION_ID, RATING, REVIEW) VALUES (10, 16, 2, 'Voluptas ipsa at.');
INSERT INTO REVIEWS (USER_ID, COLLECTION_ID, RATING, REVIEW) VALUES (10, 6, 4, 'Ea culpa beatae eaque sapiente tempore ad.');
INSERT INTO LIKE_SONGS (USER_ID, SONG_ID) VALUES (11, 30) ON CONFLICT DO NOTHING;
INSERT INTO LIKE_SONGS (USER_ID, SONG_ID) VALUES (11, 33) ON CONFLICT DO NOTHING;
INSERT INTO LIKE_SONGS (USER_ID, SONG_ID) VALUES (11, 39) ON CONFLICT DO NOTHING;
INSERT INTO LIKE_SONGS (USER_ID, SONG_ID) VALUES (11, 3) ON CONFLICT DO NOTHING;
INSERT INTO LIKE_SONGS (USER_ID, SONG_ID) VALUES (11, 2) ON CONFLICT DO NOTHING;
INSERT INTO REVIEWS (USER_ID, COLLECTION_ID, RATING, REVIEW) VALUES (11, 29, 5, 'Reprehenderit ut iusto animi qui.');
INSERT INTO REVIEWS (USER_ID, COLLECTION_ID, RATING, REVIEW) VALUES (11, 32, 3, 'Voluptatem velit eaque aliquam harum esse.');
INSERT INTO LIKE_SONGS (USER_ID, SONG_ID) VALUES (12, 32) ON CONFLICT DO NOTHING;
INSERT INTO LIKE_SONGS (USER_ID, SONG_ID) VALUES (12, 16) ON CONFLICT DO NOTHING;
INSERT INTO LIKE_SONGS (USER_ID, SONG_ID) VALUES (12, 18) ON CONFLICT DO NOTHING;
INSERT INTO LIKE_SONGS (USER_ID, SONG_ID) VALUES (12, 46) ON CONFLICT DO NOTHING;
INSERT INTO LIKE_SONGS (USER_ID, SONG_ID) VALUES (12, 39) ON CONFLICT DO NOTHING;
INSERT INTO REVIEWS (USER_ID, COLLECTION_ID, RATING, REVIEW) VALUES (12, 32, 1, 'Nesciunt magni quis voluptate.');
INSERT INTO REVIEWS (USER_ID, COLLECTION_ID, RATING, REVIEW) VALUES (12, 5, 4, 'Nesciunt adipisci vel libero enim accusamus aspernatur.');
INSERT INTO LIKE_SONGS (USER_ID, SONG_ID) VALUES (13, 28) ON CONFLICT DO NOTHING;
INSERT INTO LIKE_SONGS (USER_ID, SONG_ID) VALUES (13, 7) ON CONFLICT DO NOTHING;
INSERT INTO LIKE_SONGS (USER_ID, SONG_ID) VALUES (13, 23) ON CONFLICT DO NOTHING;
INSERT INTO LIKE_SONGS (USER_ID, SONG_ID) VALUES (13, 41) ON CONFLICT DO NOTHING;
INSERT INTO LIKE_SONGS (USER_ID, SONG_ID) VALUES (13, 12) ON CONFLICT DO NOTHING;
INSERT INTO REVIEWS (USER_ID, COLLECTION_ID, RATING, REVIEW) VALUES (13, 6, 3, 'Sapiente quos possimus repellendus.');
INSERT INTO REVIEWS (USER_ID, COLLECTION_ID, RATING, REVIEW) VALUES (13, 32, 1, 'Saepe corrupti eveniet magnam dolores.');
INSERT INTO LIKE_SONGS (USER_ID, SONG_ID) VALUES (14, 33) ON CONFLICT DO NOTHING;
INSERT INTO LIKE_SONGS (USER_ID, SONG_ID) VALUES (14, 1) ON CONFLICT DO NOTHING;
INSERT INTO LIKE_SONGS (USER_ID, SONG_ID) VALUES (14, 2) ON CONFLICT DO NOTHING;
INSERT INTO LIKE_SONGS (USER_ID, SONG_ID) VALUES (14, 30) ON CONFLICT DO NOTHING;
INSERT INTO LIKE_SONGS (USER_ID, SONG_ID) VALUES (14, 18) ON CONFLICT DO NOTHING;
INSERT INTO REVIEWS (USER_ID, COLLECTION_ID, RATING, REVIEW) VALUES (14, 48, 2, 'Iure aperiam molestiae consectetur cumque.');
INSERT INTO REVIEWS (USER_ID, COLLECTION_ID, RATING, REVIEW) VALUES (14, 43, 5, 'Odio occaecati alias deleniti repellendus nihil debitis.');
INSERT INTO LIKE_SONGS (USER_ID, SONG_ID) VALUES (15, 44) ON CONFLICT DO NOTHING;
INSERT INTO LIKE_SONGS (USER_ID, SONG_ID) VALUES (15, 30) ON CONFLICT DO NOTHING;
INSERT INTO LIKE_SONGS (USER_ID, SONG_ID) VALUES (15, 46) ON CONFLICT DO NOTHING;
INSERT INTO LIKE_SONGS (USER_ID, SONG_ID) VALUES (15, 10) ON CONFLICT DO NOTHING;
INSERT INTO LIKE_SONGS (USER_ID, SONG_ID) VALUES (15, 34) ON CONFLICT DO NOTHING;
INSERT INTO REVIEWS (USER_ID, COLLECTION_ID, RATING, REVIEW) VALUES (15, 35, 4, 'Velit veritatis voluptatibus reiciendis recusandae.');
INSERT INTO REVIEWS (USER_ID, COLLECTION_ID, RATING, REVIEW) VALUES (15, 25, 5, 'Doloremque officia optio ratione.');
INSERT INTO FOLLOW_ARTISTS (USER_ID, ARTIST_ID) VALUES (1, 25) ON CONFLICT DO NOTHING;
INSERT INTO FOLLOW_ARTISTS (USER_ID, ARTIST_ID) VALUES (1, 13) ON CONFLICT DO NOTHING;
INSERT INTO FOLLOW_USERS (FOLLOWER_ID, FOLLOWED_ID) VALUES (1, 14) ON CONFLICT DO NOTHING;
INSERT INTO FOLLOW_USERS (FOLLOWER_ID, FOLLOWED_ID) VALUES (1, 9) ON CONFLICT DO NOTHING;
INSERT INTO FOLLOW_ARTISTS (USER_ID, ARTIST_ID) VALUES (2, 23) ON CONFLICT DO NOTHING;
INSERT INTO FOLLOW_ARTISTS (USER_ID, ARTIST_ID) VALUES (2, 14) ON CONFLICT DO NOTHING;
INSERT INTO FOLLOW_USERS (FOLLOWER_ID, FOLLOWED_ID) VALUES (2, 12) ON CONFLICT DO NOTHING;
INSERT INTO FOLLOW_USERS (FOLLOWER_ID, FOLLOWED_ID) VALUES (2, 5) ON CONFLICT DO NOTHING;
INSERT INTO FOLLOW_ARTISTS (USER_ID, ARTIST_ID) VALUES (3, 4) ON CONFLICT DO NOTHING;
INSERT INTO FOLLOW_ARTISTS (USER_ID, ARTIST_ID) VALUES (3, 40) ON CONFLICT DO NOTHING;
INSERT INTO FOLLOW_USERS (FOLLOWER_ID, FOLLOWED_ID) VALUES (3, 2) ON CONFLICT DO NOTHING;
INSERT INTO FOLLOW_USERS (FOLLOWER_ID, FOLLOWED_ID) VALUES (3, 9) ON CONFLICT DO NOTHING;
INSERT INTO FOLLOW_ARTISTS (USER_ID, ARTIST_ID) VALUES (4, 19) ON CONFLICT DO NOTHING;
INSERT INTO FOLLOW_ARTISTS (USER_ID, ARTIST_ID) VALUES (4, 17) ON CONFLICT DO NOTHING;
INSERT INTO FOLLOW_USERS (FOLLOWER_ID, FOLLOWED_ID) VALUES (4, 13) ON CONFLICT DO NOTHING;
INSERT INTO FOLLOW_USERS (FOLLOWER_ID, FOLLOWED_ID) VALUES (4, 7) ON CONFLICT DO NOTHING;
INSERT INTO FOLLOW_ARTISTS (USER_ID, ARTIST_ID) VALUES (5, 17) ON CONFLICT DO NOTHING;
INSERT INTO FOLLOW_ARTISTS (USER_ID, ARTIST_ID) VALUES (5, 14) ON CONFLICT DO NOTHING;
INSERT INTO FOLLOW_USERS (FOLLOWER_ID, FOLLOWED_ID) VALUES (5, 9) ON CONFLICT DO NOTHING;
INSERT INTO FOLLOW_USERS (FOLLOWER_ID, FOLLOWED_ID) VALUES (5, 13) ON CONFLICT DO NOTHING;
INSERT INTO FOLLOW_ARTISTS (USER_ID, ARTIST_ID) VALUES (6, 44) ON CONFLICT DO NOTHING;
INSERT INTO FOLLOW_ARTISTS (USER_ID, ARTIST_ID) VALUES (6, 9) ON CONFLICT DO NOTHING;
INSERT INTO FOLLOW_USERS (FOLLOWER_ID, FOLLOWED_ID) VALUES (6, 5) ON CONFLICT DO NOTHING;
INSERT INTO FOLLOW_USERS (FOLLOWER_ID, FOLLOWED_ID) VALUES (6, 15) ON CONFLICT DO NOTHING;
INSERT INTO FOLLOW_ARTISTS (USER_ID, ARTIST_ID) VALUES (7, 13) ON CONFLICT DO NOTHING;
INSERT INTO FOLLOW_ARTISTS (USER_ID, ARTIST_ID) VALUES (7, 25) ON CONFLICT DO NOTHING;
INSERT INTO FOLLOW_USERS (FOLLOWER_ID, FOLLOWED_ID) VALUES (7, 12) ON CONFLICT DO NOTHING;
INSERT INTO FOLLOW_USERS (FOLLOWER_ID, FOLLOWED_ID) VALUES (7, 10) ON CONFLICT DO NOTHING;
INSERT INTO FOLLOW_ARTISTS (USER_ID, ARTIST_ID) VALUES (8, 24) ON CONFLICT DO NOTHING;
INSERT INTO FOLLOW_ARTISTS (USER_ID, ARTIST_ID) VALUES (8, 10) ON CONFLICT DO NOTHING;
INSERT INTO FOLLOW_USERS (FOLLOWER_ID, FOLLOWED_ID) VALUES (8, 12) ON CONFLICT DO NOTHING;
INSERT INTO FOLLOW_USERS (FOLLOWER_ID, FOLLOWED_ID) VALUES (8, 7) ON CONFLICT DO NOTHING;
INSERT INTO FOLLOW_ARTISTS (USER_ID, ARTIST_ID) VALUES (9, 8) ON CONFLICT DO NOTHING;
INSERT INTO FOLLOW_ARTISTS (USER_ID, ARTIST_ID) VALUES (9, 1) ON CONFLICT DO NOTHING;
INSERT INTO FOLLOW_USERS (FOLLOWER_ID, FOLLOWED_ID) VALUES (9, 8) ON CONFLICT DO NOTHING;
INSERT INTO FOLLOW_USERS (FOLLOWER_ID, FOLLOWED_ID) VALUES (9, 2) ON CONFLICT DO NOTHING;
INSERT INTO FOLLOW_ARTISTS (USER_ID, ARTIST_ID) VALUES (10, 27) ON CONFLICT DO NOTHING;
INSERT INTO FOLLOW_ARTISTS (USER_ID, ARTIST_ID) VALUES (10, 18) ON CONFLICT DO NOTHING;
INSERT INTO FOLLOW_USERS (FOLLOWER_ID, FOLLOWED_ID) VALUES (10, 12) ON CONFLICT DO NOTHING;
INSERT INTO FOLLOW_USERS (FOLLOWER_ID, FOLLOWED_ID) VALUES (10, 9) ON CONFLICT DO NOTHING;
INSERT INTO FOLLOW_ARTISTS (USER_ID, ARTIST_ID) VALUES (11, 15) ON CONFLICT DO NOTHING;
INSERT INTO FOLLOW_ARTISTS (USER_ID, ARTIST_ID) VALUES (11, 11) ON CONFLICT DO NOTHING;
INSERT INTO FOLLOW_USERS (FOLLOWER_ID, FOLLOWED_ID) VALUES (11, 15) ON CONFLICT DO NOTHING;
INSERT INTO FOLLOW_USERS (FOLLOWER_ID, FOLLOWED_ID) VALUES (11, 12) ON CONFLICT DO NOTHING;
INSERT INTO FOLLOW_ARTISTS (USER_ID, ARTIST_ID) VALUES (12, 4) ON CONFLICT DO NOTHING;
INSERT INTO FOLLOW_ARTISTS (USER_ID, ARTIST_ID) VALUES (12, 19) ON CONFLICT DO NOTHING;
INSERT INTO FOLLOW_USERS (FOLLOWER_ID, FOLLOWED_ID) VALUES (12, 10) ON CONFLICT DO NOTHING;
INSERT INTO FOLLOW_USERS (FOLLOWER_ID, FOLLOWED_ID) VALUES (12, 9) ON CONFLICT DO NOTHING;
INSERT INTO FOLLOW_ARTISTS (USER_ID, ARTIST_ID) VALUES (13, 3) ON CONFLICT DO NOTHING;
INSERT INTO FOLLOW_ARTISTS (USER_ID, ARTIST_ID) VALUES (13, 43) ON CONFLICT DO NOTHING;
INSERT INTO FOLLOW_USERS (FOLLOWER_ID, FOLLOWED_ID) VALUES (13, 14) ON CONFLICT DO NOTHING;
INSERT INTO FOLLOW_USERS (FOLLOWER_ID, FOLLOWED_ID) VALUES (13, 6) ON CONFLICT DO NOTHING;
INSERT INTO FOLLOW_ARTISTS (USER_ID, ARTIST_ID) VALUES (14, 36) ON CONFLICT DO NOTHING;
INSERT INTO FOLLOW_ARTISTS (USER_ID, ARTIST_ID) VALUES (14, 44) ON CONFLICT DO NOTHING;
INSERT INTO FOLLOW_USERS (FOLLOWER_ID, FOLLOWED_ID) VALUES (14, 8) ON CONFLICT DO NOTHING;
INSERT INTO FOLLOW_USERS (FOLLOWER_ID, FOLLOWED_ID) VALUES (14, 7) ON CONFLICT DO NOTHING;
INSERT INTO FOLLOW_ARTISTS (USER_ID, ARTIST_ID) VALUES (15, 15) ON CONFLICT DO NOTHING;
INSERT INTO FOLLOW_ARTISTS (USER_ID, ARTIST_ID) VALUES (15, 13) ON CONFLICT DO NOTHING;
INSERT INTO FOLLOW_USERS (FOLLOWER_ID, FOLLOWED_ID) VALUES (15, 12) ON CONFLICT DO NOTHING;
INSERT INTO FOLLOW_USERS (FOLLOWER_ID, FOLLOWED_ID) VALUES (15, 9) ON CONFLICT DO NOTHING;
INSERT INTO SOCIALS (SOCIAL_ID, ARTIST_ID, SOCIAL_MEDIA_LINK) VALUES (1, 1, 'https://twitter.com/artist_1_102') ON CONFLICT DO NOTHING;
INSERT INTO SOCIALS (SOCIAL_ID, ARTIST_ID, SOCIAL_MEDIA_LINK) VALUES (2, 2, 'https://twitter.com/artist_2_771') ON CONFLICT DO NOTHING;
INSERT INTO SOCIALS (SOCIAL_ID, ARTIST_ID, SOCIAL_MEDIA_LINK) VALUES (3, 2, 'https://facebook.com/artist_2_486') ON CONFLICT DO NOTHING;
INSERT INTO SOCIALS (SOCIAL_ID, ARTIST_ID, SOCIAL_MEDIA_LINK) VALUES (4, 3, 'https://facebook.com/artist_3_798') ON CONFLICT DO NOTHING;
INSERT INTO SOCIALS (SOCIAL_ID, ARTIST_ID, SOCIAL_MEDIA_LINK) VALUES (5, 4, 'https://facebook.com/artist_4_695') ON CONFLICT DO NOTHING;
INSERT INTO SOCIALS (SOCIAL_ID, ARTIST_ID, SOCIAL_MEDIA_LINK) VALUES (6, 5, 'https://facebook.com/artist_5_211') ON CONFLICT DO NOTHING;
INSERT INTO SOCIALS (SOCIAL_ID, ARTIST_ID, SOCIAL_MEDIA_LINK) VALUES (7, 6, 'https://facebook.com/artist_6_632') ON CONFLICT DO NOTHING;
INSERT INTO SOCIALS (SOCIAL_ID, ARTIST_ID, SOCIAL_MEDIA_LINK) VALUES (8, 6, 'https://facebook.com/artist_6_971') ON CONFLICT DO NOTHING;
INSERT INTO SOCIALS (SOCIAL_ID, ARTIST_ID, SOCIAL_MEDIA_LINK) VALUES (9, 7, 'https://facebook.com/artist_7_785') ON CONFLICT DO NOTHING;
INSERT INTO SOCIALS (SOCIAL_ID, ARTIST_ID, SOCIAL_MEDIA_LINK) VALUES (10, 8, 'https://twitter.com/artist_8_659') ON CONFLICT DO NOTHING;
INSERT INTO SOCIALS (SOCIAL_ID, ARTIST_ID, SOCIAL_MEDIA_LINK) VALUES (11, 8, 'https://tiktok.com/artist_8_386') ON CONFLICT DO NOTHING;
INSERT INTO SOCIALS (SOCIAL_ID, ARTIST_ID, SOCIAL_MEDIA_LINK) VALUES (12, 9, 'https://tiktok.com/artist_9_671') ON CONFLICT DO NOTHING;
INSERT INTO SOCIALS (SOCIAL_ID, ARTIST_ID, SOCIAL_MEDIA_LINK) VALUES (13, 10, 'https://tiktok.com/artist_10_371') ON CONFLICT DO NOTHING;
INSERT INTO SOCIALS (SOCIAL_ID, ARTIST_ID, SOCIAL_MEDIA_LINK) VALUES (14, 11, 'https://twitter.com/artist_11_237') ON CONFLICT DO NOTHING;
INSERT INTO SOCIALS (SOCIAL_ID, ARTIST_ID, SOCIAL_MEDIA_LINK) VALUES (15, 12, 'https://tiktok.com/artist_12_471') ON CONFLICT DO NOTHING;
INSERT INTO SOCIALS (SOCIAL_ID, ARTIST_ID, SOCIAL_MEDIA_LINK) VALUES (16, 12, 'https://twitter.com/artist_12_458') ON CONFLICT DO NOTHING;
INSERT INTO SOCIALS (SOCIAL_ID, ARTIST_ID, SOCIAL_MEDIA_LINK) VALUES (17, 13, 'https://twitter.com/artist_13_435') ON CONFLICT DO NOTHING;
INSERT INTO SOCIALS (SOCIAL_ID, ARTIST_ID, SOCIAL_MEDIA_LINK) VALUES (18, 14, 'https://twitter.com/artist_14_539') ON CONFLICT DO NOTHING;
INSERT INTO SOCIALS (SOCIAL_ID, ARTIST_ID, SOCIAL_MEDIA_LINK) VALUES (19, 14, 'https://tiktok.com/artist_14_258') ON CONFLICT DO NOTHING;
INSERT INTO SOCIALS (SOCIAL_ID, ARTIST_ID, SOCIAL_MEDIA_LINK) VALUES (20, 15, 'https://twitter.com/artist_15_802') ON CONFLICT DO NOTHING;
INSERT INTO SOCIALS (SOCIAL_ID, ARTIST_ID, SOCIAL_MEDIA_LINK) VALUES (21, 16, 'https://twitter.com/artist_16_802') ON CONFLICT DO NOTHING;
INSERT INTO SOCIALS (SOCIAL_ID, ARTIST_ID, SOCIAL_MEDIA_LINK) VALUES (22, 17, 'https://tiktok.com/artist_17_901') ON CONFLICT DO NOTHING;
INSERT INTO SOCIALS (SOCIAL_ID, ARTIST_ID, SOCIAL_MEDIA_LINK) VALUES (23, 17, 'https://tiktok.com/artist_17_724') ON CONFLICT DO NOTHING;
INSERT INTO SOCIALS (SOCIAL_ID, ARTIST_ID, SOCIAL_MEDIA_LINK) VALUES (24, 18, 'https://twitter.com/artist_18_148') ON CONFLICT DO NOTHING;
INSERT INTO SOCIALS (SOCIAL_ID, ARTIST_ID, SOCIAL_MEDIA_LINK) VALUES (25, 19, 'https://twitter.com/artist_19_540') ON CONFLICT DO NOTHING;
INSERT INTO SOCIALS (SOCIAL_ID, ARTIST_ID, SOCIAL_MEDIA_LINK) VALUES (26, 19, 'https://instagram.com/artist_19_424') ON CONFLICT DO NOTHING;
INSERT INTO SOCIALS (SOCIAL_ID, ARTIST_ID, SOCIAL_MEDIA_LINK) VALUES (27, 20, 'https://tiktok.com/artist_20_769') ON CONFLICT DO NOTHING;
INSERT INTO SOCIALS (SOCIAL_ID, ARTIST_ID, SOCIAL_MEDIA_LINK) VALUES (28, 20, 'https://facebook.com/artist_20_750') ON CONFLICT DO NOTHING;
INSERT INTO SOCIALS (SOCIAL_ID, ARTIST_ID, SOCIAL_MEDIA_LINK) VALUES (29, 21, 'https://instagram.com/artist_21_210') ON CONFLICT DO NOTHING;
INSERT INTO SOCIALS (SOCIAL_ID, ARTIST_ID, SOCIAL_MEDIA_LINK) VALUES (30, 22, 'https://tiktok.com/artist_22_639') ON CONFLICT DO NOTHING;
INSERT INTO SOCIALS (SOCIAL_ID, ARTIST_ID, SOCIAL_MEDIA_LINK) VALUES (31, 23, 'https://instagram.com/artist_23_189') ON CONFLICT DO NOTHING;
INSERT INTO SOCIALS (SOCIAL_ID, ARTIST_ID, SOCIAL_MEDIA_LINK) VALUES (32, 23, 'https://facebook.com/artist_23_489') ON CONFLICT DO NOTHING;
INSERT INTO SOCIALS (SOCIAL_ID, ARTIST_ID, SOCIAL_MEDIA_LINK) VALUES (33, 24, 'https://tiktok.com/artist_24_334') ON CONFLICT DO NOTHING;
INSERT INTO SOCIALS (SOCIAL_ID, ARTIST_ID, SOCIAL_MEDIA_LINK) VALUES (34, 25, 'https://facebook.com/artist_25_414') ON CONFLICT DO NOTHING;
INSERT INTO SOCIALS (SOCIAL_ID, ARTIST_ID, SOCIAL_MEDIA_LINK) VALUES (35, 25, 'https://instagram.com/artist_25_379') ON CONFLICT DO NOTHING;
INSERT INTO SOCIALS (SOCIAL_ID, ARTIST_ID, SOCIAL_MEDIA_LINK) VALUES (36, 26, 'https://instagram.com/artist_26_343') ON CONFLICT DO NOTHING;
INSERT INTO SOCIALS (SOCIAL_ID, ARTIST_ID, SOCIAL_MEDIA_LINK) VALUES (37, 26, 'https://facebook.com/artist_26_232') ON CONFLICT DO NOTHING;
INSERT INTO SOCIALS (SOCIAL_ID, ARTIST_ID, SOCIAL_MEDIA_LINK) VALUES (38, 27, 'https://instagram.com/artist_27_391') ON CONFLICT DO NOTHING;
INSERT INTO SOCIALS (SOCIAL_ID, ARTIST_ID, SOCIAL_MEDIA_LINK) VALUES (39, 27, 'https://instagram.com/artist_27_931') ON CONFLICT DO NOTHING;
INSERT INTO SOCIALS (SOCIAL_ID, ARTIST_ID, SOCIAL_MEDIA_LINK) VALUES (40, 28, 'https://tiktok.com/artist_28_861') ON CONFLICT DO NOTHING;
INSERT INTO SOCIALS (SOCIAL_ID, ARTIST_ID, SOCIAL_MEDIA_LINK) VALUES (41, 28, 'https://facebook.com/artist_28_669') ON CONFLICT DO NOTHING;
INSERT INTO SOCIALS (SOCIAL_ID, ARTIST_ID, SOCIAL_MEDIA_LINK) VALUES (42, 29, 'https://facebook.com/artist_29_401') ON CONFLICT DO NOTHING;
INSERT INTO SOCIALS (SOCIAL_ID, ARTIST_ID, SOCIAL_MEDIA_LINK) VALUES (43, 29, 'https://twitter.com/artist_29_930') ON CONFLICT DO NOTHING;
INSERT INTO SOCIALS (SOCIAL_ID, ARTIST_ID, SOCIAL_MEDIA_LINK) VALUES (44, 30, 'https://tiktok.com/artist_30_161') ON CONFLICT DO NOTHING;
INSERT INTO SOCIALS (SOCIAL_ID, ARTIST_ID, SOCIAL_MEDIA_LINK) VALUES (45, 30, 'https://facebook.com/artist_30_175') ON CONFLICT DO NOTHING;
INSERT INTO SOCIALS (SOCIAL_ID, ARTIST_ID, SOCIAL_MEDIA_LINK) VALUES (46, 31, 'https://facebook.com/artist_31_896') ON CONFLICT DO NOTHING;
INSERT INTO SOCIALS (SOCIAL_ID, ARTIST_ID, SOCIAL_MEDIA_LINK) VALUES (47, 32, 'https://tiktok.com/artist_32_487') ON CONFLICT DO NOTHING;
INSERT INTO SOCIALS (SOCIAL_ID, ARTIST_ID, SOCIAL_MEDIA_LINK) VALUES (48, 33, 'https://instagram.com/artist_33_136') ON CONFLICT DO NOTHING;
INSERT INTO SOCIALS (SOCIAL_ID, ARTIST_ID, SOCIAL_MEDIA_LINK) VALUES (49, 33, 'https://tiktok.com/artist_33_683') ON CONFLICT DO NOTHING;
INSERT INTO SOCIALS (SOCIAL_ID, ARTIST_ID, SOCIAL_MEDIA_LINK) VALUES (50, 34, 'https://instagram.com/artist_34_711') ON CONFLICT DO NOTHING;
INSERT INTO SOCIALS (SOCIAL_ID, ARTIST_ID, SOCIAL_MEDIA_LINK) VALUES (51, 35, 'https://tiktok.com/artist_35_938') ON CONFLICT DO NOTHING;
INSERT INTO SOCIALS (SOCIAL_ID, ARTIST_ID, SOCIAL_MEDIA_LINK) VALUES (52, 35, 'https://tiktok.com/artist_35_644') ON CONFLICT DO NOTHING;
INSERT INTO SOCIALS (SOCIAL_ID, ARTIST_ID, SOCIAL_MEDIA_LINK) VALUES (53, 36, 'https://tiktok.com/artist_36_279') ON CONFLICT DO NOTHING;
INSERT INTO SOCIALS (SOCIAL_ID, ARTIST_ID, SOCIAL_MEDIA_LINK) VALUES (54, 37, 'https://instagram.com/artist_37_862') ON CONFLICT DO NOTHING;
INSERT INTO SOCIALS (SOCIAL_ID, ARTIST_ID, SOCIAL_MEDIA_LINK) VALUES (55, 38, 'https://twitter.com/artist_38_851') ON CONFLICT DO NOTHING;
INSERT INTO SOCIALS (SOCIAL_ID, ARTIST_ID, SOCIAL_MEDIA_LINK) VALUES (56, 39, 'https://twitter.com/artist_39_603') ON CONFLICT DO NOTHING;
INSERT INTO SOCIALS (SOCIAL_ID, ARTIST_ID, SOCIAL_MEDIA_LINK) VALUES (57, 40, 'https://tiktok.com/artist_40_903') ON CONFLICT DO NOTHING;
INSERT INTO SOCIALS (SOCIAL_ID, ARTIST_ID, SOCIAL_MEDIA_LINK) VALUES (58, 40, 'https://instagram.com/artist_40_880') ON CONFLICT DO NOTHING;
INSERT INTO SOCIALS (SOCIAL_ID, ARTIST_ID, SOCIAL_MEDIA_LINK) VALUES (59, 41, 'https://tiktok.com/artist_41_799') ON CONFLICT DO NOTHING;
INSERT INTO SOCIALS (SOCIAL_ID, ARTIST_ID, SOCIAL_MEDIA_LINK) VALUES (60, 41, 'https://twitter.com/artist_41_396') ON CONFLICT DO NOTHING;
INSERT INTO SOCIALS (SOCIAL_ID, ARTIST_ID, SOCIAL_MEDIA_LINK) VALUES (61, 42, 'https://tiktok.com/artist_42_494') ON CONFLICT DO NOTHING;
INSERT INTO SOCIALS (SOCIAL_ID, ARTIST_ID, SOCIAL_MEDIA_LINK) VALUES (62, 42, 'https://instagram.com/artist_42_178') ON CONFLICT DO NOTHING;
INSERT INTO SOCIALS (SOCIAL_ID, ARTIST_ID, SOCIAL_MEDIA_LINK) VALUES (63, 43, 'https://instagram.com/artist_43_689') ON CONFLICT DO NOTHING;
INSERT INTO SOCIALS (SOCIAL_ID, ARTIST_ID, SOCIAL_MEDIA_LINK) VALUES (64, 44, 'https://facebook.com/artist_44_131') ON CONFLICT DO NOTHING;
INSERT INTO SOCIALS (SOCIAL_ID, ARTIST_ID, SOCIAL_MEDIA_LINK) VALUES (65, 44, 'https://twitter.com/artist_44_381') ON CONFLICT DO NOTHING;
INSERT INTO SOCIALS (SOCIAL_ID, ARTIST_ID, SOCIAL_MEDIA_LINK) VALUES (66, 45, 'https://twitter.com/artist_45_993') ON CONFLICT DO NOTHING;
INSERT INTO TOURS (TOUR_ID, TOUR_DATE, TOUR_NAME, VENUE) VALUES (1, '2026-02-10', 'Meulaboh Tour 1988', 'Gang Siliwangi No. 463');
INSERT INTO ARTISTS_TOURS (TOUR_ID, ARTIST_ID) VALUES (1, 21) ON CONFLICT DO NOTHING;
INSERT INTO TOURS (TOUR_ID, TOUR_DATE, TOUR_NAME, VENUE) VALUES (2, '2026-01-21', 'Surakarta Tour 1983', 'Gg. Kendalsari No. 6');
INSERT INTO ARTISTS_TOURS (TOUR_ID, ARTIST_ID) VALUES (2, 14) ON CONFLICT DO NOTHING;
INSERT INTO ARTISTS_TOURS (TOUR_ID, ARTIST_ID) VALUES (2, 19) ON CONFLICT DO NOTHING;
INSERT INTO TOURS (TOUR_ID, TOUR_DATE, TOUR_NAME, VENUE) VALUES (3, '2026-04-06', 'Samarinda Live 1982', 'Jl. Kendalsari No. 2');
INSERT INTO ARTISTS_TOURS (TOUR_ID, ARTIST_ID) VALUES (3, 27) ON CONFLICT DO NOTHING;
INSERT INTO TOURS (TOUR_ID, TOUR_DATE, TOUR_NAME, VENUE) VALUES (4, '2026-09-29', 'Cilegon Tour 2002', 'Gang Bangka Raya No. 31');
INSERT INTO ARTISTS_TOURS (TOUR_ID, ARTIST_ID) VALUES (4, 34) ON CONFLICT DO NOTHING;
INSERT INTO ARTISTS_TOURS (TOUR_ID, ARTIST_ID) VALUES (4, 12) ON CONFLICT DO NOTHING;
INSERT INTO TOURS (TOUR_ID, TOUR_DATE, TOUR_NAME, VENUE) VALUES (5, '2026-06-06', 'Bukittinggi Tour 2008', 'Jl. Pasirkoja No. 80');
INSERT INTO ARTISTS_TOURS (TOUR_ID, ARTIST_ID) VALUES (5, 4) ON CONFLICT DO NOTHING;
INSERT INTO ARTISTS_TOURS (TOUR_ID, ARTIST_ID) VALUES (5, 25) ON CONFLICT DO NOTHING;
INSERT INTO ARTISTS_TOURS (TOUR_ID, ARTIST_ID) VALUES (5, 13) ON CONFLICT DO NOTHING;
INSERT INTO RATE_SONGS (USER_ID, SONG_ID, SONG_RATING) VALUES (1, 36, 81) ON CONFLICT DO NOTHING;
INSERT INTO RATE_SONGS (USER_ID, SONG_ID, SONG_RATING) VALUES (1, 22, 59) ON CONFLICT DO NOTHING;
INSERT INTO RATE_SONGS (USER_ID, SONG_ID, SONG_RATING) VALUES (1, 37, 76) ON CONFLICT DO NOTHING;
INSERT INTO RATE_SONGS (USER_ID, SONG_ID, SONG_RATING) VALUES (2, 17, 58) ON CONFLICT DO NOTHING;
INSERT INTO RATE_SONGS (USER_ID, SONG_ID, SONG_RATING) VALUES (2, 31, 85) ON CONFLICT DO NOTHING;
INSERT INTO RATE_SONGS (USER_ID, SONG_ID, SONG_RATING) VALUES (2, 28, 89) ON CONFLICT DO NOTHING;
INSERT INTO RATE_SONGS (USER_ID, SONG_ID, SONG_RATING) VALUES (3, 30, 95) ON CONFLICT DO NOTHING;
INSERT INTO RATE_SONGS (USER_ID, SONG_ID, SONG_RATING) VALUES (3, 19, 91) ON CONFLICT DO NOTHING;
INSERT INTO RATE_SONGS (USER_ID, SONG_ID, SONG_RATING) VALUES (3, 22, 84) ON CONFLICT DO NOTHING;
INSERT INTO RATE_SONGS (USER_ID, SONG_ID, SONG_RATING) VALUES (4, 39, 81) ON CONFLICT DO NOTHING;
INSERT INTO RATE_SONGS (USER_ID, SONG_ID, SONG_RATING) VALUES (4, 38, 79) ON CONFLICT DO NOTHING;
INSERT INTO RATE_SONGS (USER_ID, SONG_ID, SONG_RATING) VALUES (4, 20, 64) ON CONFLICT DO NOTHING;
INSERT INTO RATE_SONGS (USER_ID, SONG_ID, SONG_RATING) VALUES (5, 45, 86) ON CONFLICT DO NOTHING;
INSERT INTO RATE_SONGS (USER_ID, SONG_ID, SONG_RATING) VALUES (5, 32, 92) ON CONFLICT DO NOTHING;
INSERT INTO RATE_SONGS (USER_ID, SONG_ID, SONG_RATING) VALUES (5, 36, 92) ON CONFLICT DO NOTHING;
INSERT INTO RATE_SONGS (USER_ID, SONG_ID, SONG_RATING) VALUES (6, 10, 93) ON CONFLICT DO NOTHING;
INSERT INTO RATE_SONGS (USER_ID, SONG_ID, SONG_RATING) VALUES (6, 38, 52) ON CONFLICT DO NOTHING;
INSERT INTO RATE_SONGS (USER_ID, SONG_ID, SONG_RATING) VALUES (6, 44, 93) ON CONFLICT DO NOTHING;
INSERT INTO RATE_SONGS (USER_ID, SONG_ID, SONG_RATING) VALUES (7, 19, 74) ON CONFLICT DO NOTHING;
INSERT INTO RATE_SONGS (USER_ID, SONG_ID, SONG_RATING) VALUES (7, 14, 68) ON CONFLICT DO NOTHING;
INSERT INTO RATE_SONGS (USER_ID, SONG_ID, SONG_RATING) VALUES (7, 1, 70) ON CONFLICT DO NOTHING;
INSERT INTO RATE_SONGS (USER_ID, SONG_ID, SONG_RATING) VALUES (8, 25, 85) ON CONFLICT DO NOTHING;
INSERT INTO RATE_SONGS (USER_ID, SONG_ID, SONG_RATING) VALUES (8, 45, 59) ON CONFLICT DO NOTHING;
INSERT INTO RATE_SONGS (USER_ID, SONG_ID, SONG_RATING) VALUES (8, 42, 82) ON CONFLICT DO NOTHING;
INSERT INTO RATE_SONGS (USER_ID, SONG_ID, SONG_RATING) VALUES (9, 40, 84) ON CONFLICT DO NOTHING;
INSERT INTO RATE_SONGS (USER_ID, SONG_ID, SONG_RATING) VALUES (9, 24, 69) ON CONFLICT DO NOTHING;
INSERT INTO RATE_SONGS (USER_ID, SONG_ID, SONG_RATING) VALUES (9, 31, 58) ON CONFLICT DO NOTHING;
INSERT INTO RATE_SONGS (USER_ID, SONG_ID, SONG_RATING) VALUES (10, 11, 84) ON CONFLICT DO NOTHING;
INSERT INTO RATE_SONGS (USER_ID, SONG_ID, SONG_RATING) VALUES (10, 20, 96) ON CONFLICT DO NOTHING;
INSERT INTO RATE_SONGS (USER_ID, SONG_ID, SONG_RATING) VALUES (10, 3, 68) ON CONFLICT DO NOTHING;
INSERT INTO RATE_SONGS (USER_ID, SONG_ID, SONG_RATING) VALUES (11, 30, 52) ON CONFLICT DO NOTHING;
INSERT INTO RATE_SONGS (USER_ID, SONG_ID, SONG_RATING) VALUES (11, 31, 91) ON CONFLICT DO NOTHING;
INSERT INTO RATE_SONGS (USER_ID, SONG_ID, SONG_RATING) VALUES (11, 20, 62) ON CONFLICT DO NOTHING;
INSERT INTO RATE_SONGS (USER_ID, SONG_ID, SONG_RATING) VALUES (12, 12, 69) ON CONFLICT DO NOTHING;
INSERT INTO RATE_SONGS (USER_ID, SONG_ID, SONG_RATING) VALUES (12, 4, 84) ON CONFLICT DO NOTHING;
INSERT INTO RATE_SONGS (USER_ID, SONG_ID, SONG_RATING) VALUES (12, 34, 78) ON CONFLICT DO NOTHING;
INSERT INTO RATE_SONGS (USER_ID, SONG_ID, SONG_RATING) VALUES (13, 2, 85) ON CONFLICT DO NOTHING;
INSERT INTO RATE_SONGS (USER_ID, SONG_ID, SONG_RATING) VALUES (13, 3, 100) ON CONFLICT DO NOTHING;
INSERT INTO RATE_SONGS (USER_ID, SONG_ID, SONG_RATING) VALUES (13, 10, 60) ON CONFLICT DO NOTHING;
INSERT INTO RATE_SONGS (USER_ID, SONG_ID, SONG_RATING) VALUES (14, 14, 65) ON CONFLICT DO NOTHING;
INSERT INTO RATE_SONGS (USER_ID, SONG_ID, SONG_RATING) VALUES (14, 45, 65) ON CONFLICT DO NOTHING;
INSERT INTO RATE_SONGS (USER_ID, SONG_ID, SONG_RATING) VALUES (14, 34, 100) ON CONFLICT DO NOTHING;
INSERT INTO RATE_SONGS (USER_ID, SONG_ID, SONG_RATING) VALUES (15, 25, 63) ON CONFLICT DO NOTHING;
INSERT INTO RATE_SONGS (USER_ID, SONG_ID, SONG_RATING) VALUES (15, 12, 58) ON CONFLICT DO NOTHING;
INSERT INTO RATE_SONGS (USER_ID, SONG_ID, SONG_RATING) VALUES (15, 30, 99) ON CONFLICT DO NOTHING;
INSERT INTO COLLECTION_LIBRARY (USER_ID, COLLECTION_ID) VALUES (1, 42) ON CONFLICT DO NOTHING;
INSERT INTO COLLECTION_LIBRARY (USER_ID, COLLECTION_ID) VALUES (1, 48) ON CONFLICT DO NOTHING;
INSERT INTO PL_LIBRARY (USER_ID, PLAYLIST_ID) VALUES (1, 10) ON CONFLICT DO NOTHING;
INSERT INTO PL_LIBRARY (USER_ID, PLAYLIST_ID) VALUES (1, 16) ON CONFLICT DO NOTHING;
INSERT INTO PL_LIBRARY (USER_ID, PLAYLIST_ID) VALUES (1, 29) ON CONFLICT DO NOTHING;
INSERT INTO COLLECTION_LIBRARY (USER_ID, COLLECTION_ID) VALUES (2, 11) ON CONFLICT DO NOTHING;
INSERT INTO COLLECTION_LIBRARY (USER_ID, COLLECTION_ID) VALUES (2, 27) ON CONFLICT DO NOTHING;
INSERT INTO PL_LIBRARY (USER_ID, PLAYLIST_ID) VALUES (2, 30) ON CONFLICT DO NOTHING;
INSERT INTO PL_LIBRARY (USER_ID, PLAYLIST_ID) VALUES (2, 3) ON CONFLICT DO NOTHING;
INSERT INTO PL_LIBRARY (USER_ID, PLAYLIST_ID) VALUES (2, 9) ON CONFLICT DO NOTHING;
INSERT INTO COLLECTION_LIBRARY (USER_ID, COLLECTION_ID) VALUES (3, 41) ON CONFLICT DO NOTHING;
INSERT INTO COLLECTION_LIBRARY (USER_ID, COLLECTION_ID) VALUES (3, 17) ON CONFLICT DO NOTHING;
INSERT INTO PL_LIBRARY (USER_ID, PLAYLIST_ID) VALUES (3, 7) ON CONFLICT DO NOTHING;
INSERT INTO PL_LIBRARY (USER_ID, PLAYLIST_ID) VALUES (3, 13) ON CONFLICT DO NOTHING;
INSERT INTO PL_LIBRARY (USER_ID, PLAYLIST_ID) VALUES (3, 7) ON CONFLICT DO NOTHING;
INSERT INTO COLLECTION_LIBRARY (USER_ID, COLLECTION_ID) VALUES (4, 7) ON CONFLICT DO NOTHING;
INSERT INTO COLLECTION_LIBRARY (USER_ID, COLLECTION_ID) VALUES (4, 39) ON CONFLICT DO NOTHING;
INSERT INTO PL_LIBRARY (USER_ID, PLAYLIST_ID) VALUES (4, 4) ON CONFLICT DO NOTHING;
INSERT INTO PL_LIBRARY (USER_ID, PLAYLIST_ID) VALUES (4, 12) ON CONFLICT DO NOTHING;
INSERT INTO PL_LIBRARY (USER_ID, PLAYLIST_ID) VALUES (4, 5) ON CONFLICT DO NOTHING;
INSERT INTO COLLECTION_LIBRARY (USER_ID, COLLECTION_ID) VALUES (5, 29) ON CONFLICT DO NOTHING;
INSERT INTO COLLECTION_LIBRARY (USER_ID, COLLECTION_ID) VALUES (5, 46) ON CONFLICT DO NOTHING;
INSERT INTO PL_LIBRARY (USER_ID, PLAYLIST_ID) VALUES (5, 9) ON CONFLICT DO NOTHING;
INSERT INTO PL_LIBRARY (USER_ID, PLAYLIST_ID) VALUES (5, 21) ON CONFLICT DO NOTHING;
INSERT INTO PL_LIBRARY (USER_ID, PLAYLIST_ID) VALUES (5, 28) ON CONFLICT DO NOTHING;
INSERT INTO COLLECTION_LIBRARY (USER_ID, COLLECTION_ID) VALUES (6, 27) ON CONFLICT DO NOTHING;
INSERT INTO COLLECTION_LIBRARY (USER_ID, COLLECTION_ID) VALUES (6, 23) ON CONFLICT DO NOTHING;
INSERT INTO PL_LIBRARY (USER_ID, PLAYLIST_ID) VALUES (6, 12) ON CONFLICT DO NOTHING;
INSERT INTO PL_LIBRARY (USER_ID, PLAYLIST_ID) VALUES (6, 6) ON CONFLICT DO NOTHING;
INSERT INTO PL_LIBRARY (USER_ID, PLAYLIST_ID) VALUES (6, 5) ON CONFLICT DO NOTHING;
INSERT INTO COLLECTION_LIBRARY (USER_ID, COLLECTION_ID) VALUES (7, 1) ON CONFLICT DO NOTHING;
INSERT INTO COLLECTION_LIBRARY (USER_ID, COLLECTION_ID) VALUES (7, 5) ON CONFLICT DO NOTHING;
INSERT INTO PL_LIBRARY (USER_ID, PLAYLIST_ID) VALUES (7, 28) ON CONFLICT DO NOTHING;
INSERT INTO PL_LIBRARY (USER_ID, PLAYLIST_ID) VALUES (7, 4) ON CONFLICT DO NOTHING;
INSERT INTO PL_LIBRARY (USER_ID, PLAYLIST_ID) VALUES (7, 18) ON CONFLICT DO NOTHING;
INSERT INTO COLLECTION_LIBRARY (USER_ID, COLLECTION_ID) VALUES (8, 26) ON CONFLICT DO NOTHING;
INSERT INTO COLLECTION_LIBRARY (USER_ID, COLLECTION_ID) VALUES (8, 1) ON CONFLICT DO NOTHING;
INSERT INTO PL_LIBRARY (USER_ID, PLAYLIST_ID) VALUES (8, 12) ON CONFLICT DO NOTHING;
INSERT INTO PL_LIBRARY (USER_ID, PLAYLIST_ID) VALUES (8, 28) ON CONFLICT DO NOTHING;
INSERT INTO PL_LIBRARY (USER_ID, PLAYLIST_ID) VALUES (8, 6) ON CONFLICT DO NOTHING;
INSERT INTO COLLECTION_LIBRARY (USER_ID, COLLECTION_ID) VALUES (9, 9) ON CONFLICT DO NOTHING;
INSERT INTO COLLECTION_LIBRARY (USER_ID, COLLECTION_ID) VALUES (9, 39) ON CONFLICT DO NOTHING;
INSERT INTO PL_LIBRARY (USER_ID, PLAYLIST_ID) VALUES (9, 12) ON CONFLICT DO NOTHING;
INSERT INTO PL_LIBRARY (USER_ID, PLAYLIST_ID) VALUES (9, 2) ON CONFLICT DO NOTHING;
INSERT INTO PL_LIBRARY (USER_ID, PLAYLIST_ID) VALUES (9, 22) ON CONFLICT DO NOTHING;
INSERT INTO COLLECTION_LIBRARY (USER_ID, COLLECTION_ID) VALUES (10, 28) ON CONFLICT DO NOTHING;
INSERT INTO COLLECTION_LIBRARY (USER_ID, COLLECTION_ID) VALUES (10, 36) ON CONFLICT DO NOTHING;
INSERT INTO PL_LIBRARY (USER_ID, PLAYLIST_ID) VALUES (10, 20) ON CONFLICT DO NOTHING;
INSERT INTO PL_LIBRARY (USER_ID, PLAYLIST_ID) VALUES (10, 1) ON CONFLICT DO NOTHING;
INSERT INTO PL_LIBRARY (USER_ID, PLAYLIST_ID) VALUES (10, 27) ON CONFLICT DO NOTHING;
INSERT INTO COLLECTION_LIBRARY (USER_ID, COLLECTION_ID) VALUES (11, 41) ON CONFLICT DO NOTHING;
INSERT INTO COLLECTION_LIBRARY (USER_ID, COLLECTION_ID) VALUES (11, 14) ON CONFLICT DO NOTHING;
INSERT INTO PL_LIBRARY (USER_ID, PLAYLIST_ID) VALUES (11, 4) ON CONFLICT DO NOTHING;
INSERT INTO PL_LIBRARY (USER_ID, PLAYLIST_ID) VALUES (11, 17) ON CONFLICT DO NOTHING;
INSERT INTO PL_LIBRARY (USER_ID, PLAYLIST_ID) VALUES (11, 5) ON CONFLICT DO NOTHING;
INSERT INTO COLLECTION_LIBRARY (USER_ID, COLLECTION_ID) VALUES (12, 47) ON CONFLICT DO NOTHING;
INSERT INTO COLLECTION_LIBRARY (USER_ID, COLLECTION_ID) VALUES (12, 38) ON CONFLICT DO NOTHING;
INSERT INTO PL_LIBRARY (USER_ID, PLAYLIST_ID) VALUES (12, 28) ON CONFLICT DO NOTHING;
INSERT INTO PL_LIBRARY (USER_ID, PLAYLIST_ID) VALUES (12, 18) ON CONFLICT DO NOTHING;
INSERT INTO PL_LIBRARY (USER_ID, PLAYLIST_ID) VALUES (12, 15) ON CONFLICT DO NOTHING;
INSERT INTO COLLECTION_LIBRARY (USER_ID, COLLECTION_ID) VALUES (13, 22) ON CONFLICT DO NOTHING;
INSERT INTO COLLECTION_LIBRARY (USER_ID, COLLECTION_ID) VALUES (13, 16) ON CONFLICT DO NOTHING;
INSERT INTO PL_LIBRARY (USER_ID, PLAYLIST_ID) VALUES (13, 25) ON CONFLICT DO NOTHING;
INSERT INTO PL_LIBRARY (USER_ID, PLAYLIST_ID) VALUES (13, 29) ON CONFLICT DO NOTHING;
INSERT INTO PL_LIBRARY (USER_ID, PLAYLIST_ID) VALUES (13, 14) ON CONFLICT DO NOTHING;
INSERT INTO COLLECTION_LIBRARY (USER_ID, COLLECTION_ID) VALUES (14, 16) ON CONFLICT DO NOTHING;
INSERT INTO COLLECTION_LIBRARY (USER_ID, COLLECTION_ID) VALUES (14, 21) ON CONFLICT DO NOTHING;
INSERT INTO PL_LIBRARY (USER_ID, PLAYLIST_ID) VALUES (14, 1) ON CONFLICT DO NOTHING;
INSERT INTO PL_LIBRARY (USER_ID, PLAYLIST_ID) VALUES (14, 28) ON CONFLICT DO NOTHING;
INSERT INTO PL_LIBRARY (USER_ID, PLAYLIST_ID) VALUES (14, 15) ON CONFLICT DO NOTHING;
INSERT INTO COLLECTION_LIBRARY (USER_ID, COLLECTION_ID) VALUES (15, 8) ON CONFLICT DO NOTHING;
INSERT INTO COLLECTION_LIBRARY (USER_ID, COLLECTION_ID) VALUES (15, 18) ON CONFLICT DO NOTHING;
INSERT INTO PL_LIBRARY (USER_ID, PLAYLIST_ID) VALUES (15, 19) ON CONFLICT DO NOTHING;
INSERT INTO PL_LIBRARY (USER_ID, PLAYLIST_ID) VALUES (15, 13) ON CONFLICT DO NOTHING;
INSERT INTO PL_LIBRARY (USER_ID, PLAYLIST_ID) VALUES (15, 26) ON CONFLICT DO NOTHING;
INSERT INTO BLOCK_USERS (BLOCKER_ID, BLOCKED_ID) VALUES (14, 9) ON CONFLICT DO NOTHING;
INSERT INTO BLOCK_USERS (BLOCKER_ID, BLOCKED_ID) VALUES (5, 14) ON CONFLICT DO NOTHING;
INSERT INTO BLOCK_USERS (BLOCKER_ID, BLOCKED_ID) VALUES (4, 15) ON CONFLICT DO NOTHING;
INSERT INTO BLOCK_USERS (BLOCKER_ID, BLOCKED_ID) VALUES (12, 5) ON CONFLICT DO NOTHING;
INSERT INTO BLOCK_USERS (BLOCKER_ID, BLOCKED_ID) VALUES (8, 6) ON CONFLICT DO NOTHING;
INSERT INTO BLOCKLIST_ARTISTS (ARTIST_ID, USER_ID) VALUES (30, 1) ON CONFLICT DO NOTHING;
INSERT INTO BLOCKLIST_ARTISTS (ARTIST_ID, USER_ID) VALUES (29, 9) ON CONFLICT DO NOTHING;
INSERT INTO BLOCKLIST_ARTISTS (ARTIST_ID, USER_ID) VALUES (37, 15) ON CONFLICT DO NOTHING;
INSERT INTO BLOCKLIST_ARTISTS (ARTIST_ID, USER_ID) VALUES (1, 6) ON CONFLICT DO NOTHING;
INSERT INTO BLOCKLIST_ARTISTS (ARTIST_ID, USER_ID) VALUES (3, 2) ON CONFLICT DO NOTHING;
INSERT INTO LIKE_REVIEWS (REVIEW_ID, USER_ID) VALUES (11, 15) ON CONFLICT DO NOTHING;
INSERT INTO LIKE_REVIEWS (REVIEW_ID, USER_ID) VALUES (4, 11) ON CONFLICT DO NOTHING;
INSERT INTO LIKE_REVIEWS (REVIEW_ID, USER_ID) VALUES (7, 1) ON CONFLICT DO NOTHING;
INSERT INTO LIKE_REVIEWS (REVIEW_ID, USER_ID) VALUES (11, 2) ON CONFLICT DO NOTHING;
INSERT INTO LIKE_REVIEWS (REVIEW_ID, USER_ID) VALUES (1, 9) ON CONFLICT DO NOTHING;
INSERT INTO LIKE_REVIEWS (REVIEW_ID, USER_ID) VALUES (7, 12) ON CONFLICT DO NOTHING;
INSERT INTO LIKE_REVIEWS (REVIEW_ID, USER_ID) VALUES (7, 7) ON CONFLICT DO NOTHING;
INSERT INTO LIKE_REVIEWS (REVIEW_ID, USER_ID) VALUES (11, 12) ON CONFLICT DO NOTHING;
INSERT INTO LIKE_REVIEWS (REVIEW_ID, USER_ID) VALUES (11, 3) ON CONFLICT DO NOTHING;
INSERT INTO LIKE_REVIEWS (REVIEW_ID, USER_ID) VALUES (14, 6) ON CONFLICT DO NOTHING;
INSERT INTO LIKE_REVIEWS (REVIEW_ID, USER_ID) VALUES (9, 6) ON CONFLICT DO NOTHING;
INSERT INTO LIKE_REVIEWS (REVIEW_ID, USER_ID) VALUES (5, 10) ON CONFLICT DO NOTHING;
INSERT INTO LIKE_REVIEWS (REVIEW_ID, USER_ID) VALUES (12, 12) ON CONFLICT DO NOTHING;
INSERT INTO LIKE_REVIEWS (REVIEW_ID, USER_ID) VALUES (12, 13) ON CONFLICT DO NOTHING;
INSERT INTO LIKE_REVIEWS (REVIEW_ID, USER_ID) VALUES (8, 11) ON CONFLICT DO NOTHING;
SELECT setval('seq_users_id', (SELECT MAX(USER_ID) FROM USERS));
SELECT setval('seq_artists_id', (SELECT MAX(ARTIST_ID) FROM ARTISTS));
SELECT setval('seq_genres_id', (SELECT MAX(GENRE_ID) FROM GENRES));
SELECT setval('seq_collections_id', (SELECT MAX(COLLECTION_ID) FROM COLLECTIONS));
SELECT setval('seq_songs_id', (SELECT MAX(SONG_ID) FROM SONGS));
SELECT setval('seq_reviews_id', (SELECT MAX(REVIEW_ID) FROM REVIEWS));
SELECT setval('seq_playlists_id', (SELECT MAX(PLAYLIST_ID) FROM PLAYLISTS));
SELECT setval('seq_socials_id', (SELECT MAX(SOCIAL_ID) FROM SOCIALS));
SELECT setval('seq_tours_id', (SELECT MAX(TOUR_ID) FROM TOURS));