-- BEGIN;  <-- Aktifkan manual jika sudah yakin tidak error
TRUNCATE TABLE USERS, ARTISTS, GENRES, COLLECTIONS, SONGS, PLAYLISTS, RELEASES, COLLECTIONS_SONGS, CREATE_SONGS, SONGS_GENRES RESTART IDENTITY CASCADE;
INSERT INTO USERS (USER_ID, USERNAME, USER_EMAIL, PW_HASH) VALUES (1, 'suryonobakidin', 'suryonobakidin_1@example.com', 'password123safe');
INSERT INTO USERS (USER_ID, USERNAME, USER_EMAIL, PW_HASH) VALUES (2, 'puspasariindah', 'puspasariindah_2@example.com', 'password123safe');
INSERT INTO USERS (USER_ID, USERNAME, USER_EMAIL, PW_HASH) VALUES (3, 'utamadaruna', 'utamadaruna_3@example.com', 'password123safe');
INSERT INTO USERS (USER_ID, USERNAME, USER_EMAIL, PW_HASH) VALUES (4, 'purwantohutasoit', 'purwantohutasoit_4@example.com', 'password123safe');
INSERT INTO USERS (USER_ID, USERNAME, USER_EMAIL, PW_HASH) VALUES (5, 'mila21', 'mila21_5@example.com', 'password123safe');
INSERT INTO USERS (USER_ID, USERNAME, USER_EMAIL, PW_HASH) VALUES (6, 'dartono12', 'dartono12_6@example.com', 'password123safe');
INSERT INTO USERS (USER_ID, USERNAME, USER_EMAIL, PW_HASH) VALUES (7, 'jutami', 'jutami_7@example.com', 'password123safe');
INSERT INTO USERS (USER_ID, USERNAME, USER_EMAIL, PW_HASH) VALUES (8, 'darsirah00', 'darsirah00_8@example.com', 'password123safe');
INSERT INTO USERS (USER_ID, USERNAME, USER_EMAIL, PW_HASH) VALUES (9, 'rainaaryani', 'rainaaryani_9@example.com', 'password123safe');
INSERT INTO USERS (USER_ID, USERNAME, USER_EMAIL, PW_HASH) VALUES (10, 'hardanapuspita', 'hardanapuspita_10@example.com', 'password123safe');
INSERT INTO ARTISTS (ARTIST_ID, ARTIST_NAME, ARTIST_PFP, MONTHLY_LISTENER_COUNT, ARTIST_EMAIL) VALUES (1, 'yuji', 'https://i.scdn.co/image/ab6761610000e5eb0bb4afbef10460b5cdb5a450', 410752, 'artist1@label.com') ON CONFLICT DO NOTHING;
INSERT INTO COLLECTIONS (COLLECTION_ID, COLLECTION_TITLE, COLLECTION_TYPE, COLLECTION_RELEASE_DATE, COLLECTION_COVER) VALUES (1, 'Old Love', 'Single', '2022-08-19', 'https://i.scdn.co/image/ab67616d0000b2736e0e899970f5868aea8251cb') ON CONFLICT DO NOTHING;
INSERT INTO RELEASES (ARTIST_ID, COLLECTION_ID) VALUES (1, 1) ON CONFLICT DO NOTHING;
INSERT INTO SONGS 
        (SONG_ID, SONG_TITLE, SONG_DURATION, SONG_FILE, POPULARITY, 
         VALENCE, ACCOUSTICNESS, DANCEABILITY, ENERGY, SONG_RELEASE_DATE) 
        VALUES 
        (1, 'Old Love', 249, '/default.mp3', 72, 
         0.01, 0.503, 0.397, 0.574, '2022-08-19') ON CONFLICT DO NOTHING;
INSERT INTO COLLECTIONS_SONGS (COLLECTION_ID, SONG_ID, NOMOR_DISC, NOMOR_TRACK) VALUES (1, 1, 1, 1) ON CONFLICT DO NOTHING;
INSERT INTO CREATE_SONGS (ARTIST_ID, SONG_ID) VALUES (1, 1) ON CONFLICT DO NOTHING;
INSERT INTO ARTISTS (ARTIST_ID, ARTIST_NAME, ARTIST_PFP, MONTHLY_LISTENER_COUNT, ARTIST_EMAIL) VALUES (2, 'Tamia', 'https://i.scdn.co/image/ab6761610000e5ebcf35587ec242fd403b683687', 2078974, 'artist2@label.com') ON CONFLICT DO NOTHING;
INSERT INTO GENRES (GENRE_ID, GENRE_NAME) VALUES (1, 'r&b') ON CONFLICT DO NOTHING;
INSERT INTO COLLECTIONS (COLLECTION_ID, COLLECTION_TITLE, COLLECTION_TYPE, COLLECTION_RELEASE_DATE, COLLECTION_COVER) VALUES (2, 'Officially Missing You', 'Single', '2003-01-01', 'https://i.scdn.co/image/ab67616d0000b273d531d102958403d18f849874') ON CONFLICT DO NOTHING;
INSERT INTO RELEASES (ARTIST_ID, COLLECTION_ID) VALUES (2, 2) ON CONFLICT DO NOTHING;
INSERT INTO SONGS 
        (SONG_ID, SONG_TITLE, SONG_DURATION, SONG_FILE, POPULARITY, 
         VALENCE, ACCOUSTICNESS, DANCEABILITY, ENERGY, SONG_RELEASE_DATE) 
        VALUES 
        (2, 'Officially Missing You', 242, '/default.mp3', 60, 
         0.172, 0.322, 0.136, 0.788, '2003-01-01') ON CONFLICT DO NOTHING;
INSERT INTO COLLECTIONS_SONGS (COLLECTION_ID, SONG_ID, NOMOR_DISC, NOMOR_TRACK) VALUES (2, 2, 1, 1) ON CONFLICT DO NOTHING;
INSERT INTO CREATE_SONGS (ARTIST_ID, SONG_ID) VALUES (2, 2) ON CONFLICT DO NOTHING;
INSERT INTO ARTISTS (ARTIST_ID, ARTIST_NAME, ARTIST_PFP, MONTHLY_LISTENER_COUNT, ARTIST_EMAIL) VALUES (3, 'Calvin Harris', 'https://i.scdn.co/image/ab6761610000e5eb1e4bcd2bef1896648762dd6b', 23111868, 'artist3@label.com') ON CONFLICT DO NOTHING;
INSERT INTO GENRES (GENRE_ID, GENRE_NAME) VALUES (2, 'edm') ON CONFLICT DO NOTHING;
INSERT INTO COLLECTIONS (COLLECTION_ID, COLLECTION_TITLE, COLLECTION_TYPE, COLLECTION_RELEASE_DATE, COLLECTION_COVER) VALUES (3, 'Motion', 'Album', '2014-10-31', 'https://i.scdn.co/image/ab67616d0000b2738fba5806a323efd272677c4d') ON CONFLICT DO NOTHING;
INSERT INTO RELEASES (ARTIST_ID, COLLECTION_ID) VALUES (3, 3) ON CONFLICT DO NOTHING;
INSERT INTO SONGS 
        (SONG_ID, SONG_TITLE, SONG_DURATION, SONG_FILE, POPULARITY, 
         VALENCE, ACCOUSTICNESS, DANCEABILITY, ENERGY, SONG_RELEASE_DATE) 
        VALUES 
        (3, 'Outside (feat. Ellie Goulding)', 227, '/default.mp3', 86, 
         0.578, 0.529, 0.238, 0.691, '2014-10-31') ON CONFLICT DO NOTHING;
INSERT INTO COLLECTIONS_SONGS (COLLECTION_ID, SONG_ID, NOMOR_DISC, NOMOR_TRACK) VALUES (3, 3, 1, 6) ON CONFLICT DO NOTHING;
INSERT INTO CREATE_SONGS (ARTIST_ID, SONG_ID) VALUES (3, 3) ON CONFLICT DO NOTHING;
INSERT INTO ARTISTS (ARTIST_ID, ARTIST_NAME, ARTIST_PFP, MONTHLY_LISTENER_COUNT, ARTIST_EMAIL) VALUES (4, 'One Direction', 'https://i.scdn.co/image/5bb443424a1ad71603c43d67f5af1a04da6bb3c8', 40375310, 'artist4@label.com') ON CONFLICT DO NOTHING;
INSERT INTO COLLECTIONS (COLLECTION_ID, COLLECTION_TITLE, COLLECTION_TYPE, COLLECTION_RELEASE_DATE, COLLECTION_COVER) VALUES (4, 'Up All Night', 'Album', '2012-05-25', 'https://i.scdn.co/image/ab67616d0000b2734a5584795dc73860653a9a3e') ON CONFLICT DO NOTHING;
INSERT INTO RELEASES (ARTIST_ID, COLLECTION_ID) VALUES (4, 4) ON CONFLICT DO NOTHING;
INSERT INTO SONGS 
        (SONG_ID, SONG_TITLE, SONG_DURATION, SONG_FILE, POPULARITY, 
         VALENCE, ACCOUSTICNESS, DANCEABILITY, ENERGY, SONG_RELEASE_DATE) 
        VALUES 
        (4, 'One Thing', 197, '/default.mp3', 75, 
         0.653, 0.225, 0.114, 0.705, '2012-05-25') ON CONFLICT DO NOTHING;
INSERT INTO COLLECTIONS_SONGS (COLLECTION_ID, SONG_ID, NOMOR_DISC, NOMOR_TRACK) VALUES (4, 4, 1, 3) ON CONFLICT DO NOTHING;
INSERT INTO CREATE_SONGS (ARTIST_ID, SONG_ID) VALUES (4, 4) ON CONFLICT DO NOTHING;
INSERT INTO ARTISTS (ARTIST_ID, ARTIST_NAME, ARTIST_PFP, MONTHLY_LISTENER_COUNT, ARTIST_EMAIL) VALUES (5, 'Alan Walker', 'https://i.scdn.co/image/ab6761610000e5eb572a8eae56feae217f618078', 41341777, 'artist5@label.com') ON CONFLICT DO NOTHING;
INSERT INTO COLLECTIONS (COLLECTION_ID, COLLECTION_TITLE, COLLECTION_TYPE, COLLECTION_RELEASE_DATE, COLLECTION_COVER) VALUES (5, 'On My Way', 'Single', '2019-03-21', 'https://i.scdn.co/image/ab67616d0000b273a2f5fd413729345c3cb33e9e') ON CONFLICT DO NOTHING;
INSERT INTO RELEASES (ARTIST_ID, COLLECTION_ID) VALUES (5, 5) ON CONFLICT DO NOTHING;
INSERT INTO SONGS 
        (SONG_ID, SONG_TITLE, SONG_DURATION, SONG_FILE, POPULARITY, 
         VALENCE, ACCOUSTICNESS, DANCEABILITY, ENERGY, SONG_RELEASE_DATE) 
        VALUES 
        (5, 'On My Way', 193, '/default.mp3', 74, 
         0.652, 0.671, 0.41, 0.68, '2019-03-21') ON CONFLICT DO NOTHING;
INSERT INTO COLLECTIONS_SONGS (COLLECTION_ID, SONG_ID, NOMOR_DISC, NOMOR_TRACK) VALUES (5, 5, 1, 1) ON CONFLICT DO NOTHING;
INSERT INTO CREATE_SONGS (ARTIST_ID, SONG_ID) VALUES (5, 5) ON CONFLICT DO NOTHING;
INSERT INTO COLLECTIONS (COLLECTION_ID, COLLECTION_TITLE, COLLECTION_TYPE, COLLECTION_RELEASE_DATE, COLLECTION_COVER) VALUES (6, 'FOUR (Deluxe)', 'Album', '2014-11-17', 'https://i.scdn.co/image/ab67616d0000b27334a29f220057810cce98e1b4') ON CONFLICT DO NOTHING;
INSERT INTO RELEASES (ARTIST_ID, COLLECTION_ID) VALUES (4, 6) ON CONFLICT DO NOTHING;
INSERT INTO SONGS 
        (SONG_ID, SONG_TITLE, SONG_DURATION, SONG_FILE, POPULARITY, 
         VALENCE, ACCOUSTICNESS, DANCEABILITY, ENERGY, SONG_RELEASE_DATE) 
        VALUES 
        (6, '18', 248, '/default.mp3', 79, 
         0.569, 0.303, 0.5, 0.376, '2014-11-17') ON CONFLICT DO NOTHING;
INSERT INTO COLLECTIONS_SONGS (COLLECTION_ID, SONG_ID, NOMOR_DISC, NOMOR_TRACK) VALUES (6, 6, 1, 4) ON CONFLICT DO NOTHING;
INSERT INTO CREATE_SONGS (ARTIST_ID, SONG_ID) VALUES (4, 6) ON CONFLICT DO NOTHING;
INSERT INTO ARTISTS (ARTIST_ID, ARTIST_NAME, ARTIST_PFP, MONTHLY_LISTENER_COUNT, ARTIST_EMAIL) VALUES (6, 'Virgoun', 'https://i.scdn.co/image/ab6761610000e5eba99ec2b3bd22a84739aac218', 15137840, 'artist6@label.com') ON CONFLICT DO NOTHING;
INSERT INTO GENRES (GENRE_ID, GENRE_NAME) VALUES (3, 'indonesian pop') ON CONFLICT DO NOTHING;
INSERT INTO GENRES (GENRE_ID, GENRE_NAME) VALUES (4, 'malay') ON CONFLICT DO NOTHING;
INSERT INTO GENRES (GENRE_ID, GENRE_NAME) VALUES (5, 'malaysian pop') ON CONFLICT DO NOTHING;
INSERT INTO COLLECTIONS (COLLECTION_ID, COLLECTION_TITLE, COLLECTION_TYPE, COLLECTION_RELEASE_DATE, COLLECTION_COVER) VALUES (7, 'Orang Yang Sama', 'Single', '2021-04-15', 'https://i.scdn.co/image/ab67616d0000b2731755a2385283748c5a15ba37') ON CONFLICT DO NOTHING;
INSERT INTO RELEASES (ARTIST_ID, COLLECTION_ID) VALUES (6, 7) ON CONFLICT DO NOTHING;
INSERT INTO SONGS 
        (SONG_ID, SONG_TITLE, SONG_DURATION, SONG_FILE, POPULARITY, 
         VALENCE, ACCOUSTICNESS, DANCEABILITY, ENERGY, SONG_RELEASE_DATE) 
        VALUES 
        (7, 'Orang Yang Sama', 268, '/default.mp3', 69, 
         0.255, 0.086, 0.488, 0.243, '2021-04-15') ON CONFLICT DO NOTHING;
INSERT INTO COLLECTIONS_SONGS (COLLECTION_ID, SONG_ID, NOMOR_DISC, NOMOR_TRACK) VALUES (7, 7, 1, 1) ON CONFLICT DO NOTHING;
INSERT INTO CREATE_SONGS (ARTIST_ID, SONG_ID) VALUES (6, 7) ON CONFLICT DO NOTHING;
INSERT INTO ARTISTS (ARTIST_ID, ARTIST_NAME, ARTIST_PFP, MONTHLY_LISTENER_COUNT, ARTIST_EMAIL) VALUES (7, 'Oasis', 'https://i.scdn.co/image/ab6761610000e5ebb4ddbc39706ef0f2ae0f7c9b', 12543347, 'artist7@label.com') ON CONFLICT DO NOTHING;
INSERT INTO GENRES (GENRE_ID, GENRE_NAME) VALUES (6, 'britpop') ON CONFLICT DO NOTHING;
INSERT INTO GENRES (GENRE_ID, GENRE_NAME) VALUES (7, 'madchester') ON CONFLICT DO NOTHING;
INSERT INTO COLLECTIONS (COLLECTION_ID, COLLECTION_TITLE, COLLECTION_TYPE, COLLECTION_RELEASE_DATE, COLLECTION_COVER) VALUES (8, 'Heathen Chemistry', 'Album', '2002-02-03', 'https://i.scdn.co/image/ab67616d0000b273f687135853a4488b2178d0bf') ON CONFLICT DO NOTHING;
INSERT INTO RELEASES (ARTIST_ID, COLLECTION_ID) VALUES (7, 8) ON CONFLICT DO NOTHING;
INSERT INTO SONGS 
        (SONG_ID, SONG_TITLE, SONG_DURATION, SONG_FILE, POPULARITY, 
         VALENCE, ACCOUSTICNESS, DANCEABILITY, ENERGY, SONG_RELEASE_DATE) 
        VALUES 
        (8, 'Stop Crying Your Heart Out', 303, '/default.mp3', 77, 
         0.435, 0.822, 0.009, 0.48, '2002-02-03') ON CONFLICT DO NOTHING;
INSERT INTO COLLECTIONS_SONGS (COLLECTION_ID, SONG_ID, NOMOR_DISC, NOMOR_TRACK) VALUES (8, 8, 1, 4) ON CONFLICT DO NOTHING;
INSERT INTO CREATE_SONGS (ARTIST_ID, SONG_ID) VALUES (7, 8) ON CONFLICT DO NOTHING;
INSERT INTO ARTISTS (ARTIST_ID, ARTIST_NAME, ARTIST_PFP, MONTHLY_LISTENER_COUNT, ARTIST_EMAIL) VALUES (8, 'Bob Marley & The Wailers', 'https://i.scdn.co/image/b5aae2067db80f694a980e596e7f49618c1206c9', 13424837, 'artist8@label.com') ON CONFLICT DO NOTHING;
INSERT INTO GENRES (GENRE_ID, GENRE_NAME) VALUES (8, 'reggae') ON CONFLICT DO NOTHING;
INSERT INTO GENRES (GENRE_ID, GENRE_NAME) VALUES (9, 'roots reggae') ON CONFLICT DO NOTHING;
INSERT INTO COLLECTIONS (COLLECTION_ID, COLLECTION_TITLE, COLLECTION_TYPE, COLLECTION_RELEASE_DATE, COLLECTION_COVER) VALUES (9, 'Legend - The Best Of Bob Marley And The Wailers', 'Compilation', '2002-01-01', 'https://i.scdn.co/image/ab67616d0000b273413a6c2c7b296d98171e5e21') ON CONFLICT DO NOTHING;
INSERT INTO RELEASES (ARTIST_ID, COLLECTION_ID) VALUES (8, 9) ON CONFLICT DO NOTHING;
INSERT INTO SONGS 
        (SONG_ID, SONG_TITLE, SONG_DURATION, SONG_FILE, POPULARITY, 
         VALENCE, ACCOUSTICNESS, DANCEABILITY, ENERGY, SONG_RELEASE_DATE) 
        VALUES 
        (9, 'One Love / People Get Ready', 172, '/default.mp3', 64, 
         0.373, 0.167, 0.981, 0.583, '2002-01-01') ON CONFLICT DO NOTHING;
INSERT INTO COLLECTIONS_SONGS (COLLECTION_ID, SONG_ID, NOMOR_DISC, NOMOR_TRACK) VALUES (9, 9, 1, 9) ON CONFLICT DO NOTHING;
INSERT INTO CREATE_SONGS (ARTIST_ID, SONG_ID) VALUES (8, 9) ON CONFLICT DO NOTHING;
INSERT INTO SONGS 
        (SONG_ID, SONG_TITLE, SONG_DURATION, SONG_FILE, POPULARITY, 
         VALENCE, ACCOUSTICNESS, DANCEABILITY, ENERGY, SONG_RELEASE_DATE) 
        VALUES 
        (10, 'Night Changes', 226, '/default.mp3', 87, 
         0.177, 0.402, 0.854, 0.915, '2014-11-17') ON CONFLICT DO NOTHING;
INSERT INTO COLLECTIONS_SONGS (COLLECTION_ID, SONG_ID, NOMOR_DISC, NOMOR_TRACK) VALUES (6, 10, 1, 7) ON CONFLICT DO NOTHING;
INSERT INTO CREATE_SONGS (ARTIST_ID, SONG_ID) VALUES (4, 10) ON CONFLICT DO NOTHING;
INSERT INTO ARTISTS (ARTIST_ID, ARTIST_NAME, ARTIST_PFP, MONTHLY_LISTENER_COUNT, ARTIST_EMAIL) VALUES (9, 'Monair B', '', 5187, 'artist9@label.com') ON CONFLICT DO NOTHING;
INSERT INTO COLLECTIONS (COLLECTION_ID, COLLECTION_TITLE, COLLECTION_TYPE, COLLECTION_RELEASE_DATE, COLLECTION_COVER) VALUES (10, 'Reggae Covers of Popular Songs, Vol. 1', 'Compilation', '2015-11-23', 'https://i.scdn.co/image/ab67616d0000b27305cd6bca629a39e44ee09a86') ON CONFLICT DO NOTHING;
INSERT INTO RELEASES (ARTIST_ID, COLLECTION_ID) VALUES (9, 10) ON CONFLICT DO NOTHING;
INSERT INTO SONGS 
        (SONG_ID, SONG_TITLE, SONG_DURATION, SONG_FILE, POPULARITY, 
         VALENCE, ACCOUSTICNESS, DANCEABILITY, ENERGY, SONG_RELEASE_DATE) 
        VALUES 
        (11, 'One in a Million', 258, '/default.mp3', 54, 
         0.232, 0.493, 0.367, 0.092, '2015-11-23') ON CONFLICT DO NOTHING;
INSERT INTO COLLECTIONS_SONGS (COLLECTION_ID, SONG_ID, NOMOR_DISC, NOMOR_TRACK) VALUES (10, 11, 1, 7) ON CONFLICT DO NOTHING;
INSERT INTO CREATE_SONGS (ARTIST_ID, SONG_ID) VALUES (9, 11) ON CONFLICT DO NOTHING;
INSERT INTO ARTISTS (ARTIST_ID, ARTIST_NAME, ARTIST_PFP, MONTHLY_LISTENER_COUNT, ARTIST_EMAIL) VALUES (10, 'Djo', 'https://i.scdn.co/image/ab6761610000e5eb4113d395582d3667b7978430', 2412256, 'artist10@label.com') ON CONFLICT DO NOTHING;
INSERT INTO COLLECTIONS (COLLECTION_ID, COLLECTION_TITLE, COLLECTION_TYPE, COLLECTION_RELEASE_DATE, COLLECTION_COVER) VALUES (11, 'DECIDE', 'Album', '2022-09-16', 'https://i.scdn.co/image/ab67616d0000b273fddfffec51b4580acae727c1') ON CONFLICT DO NOTHING;
INSERT INTO RELEASES (ARTIST_ID, COLLECTION_ID) VALUES (10, 11) ON CONFLICT DO NOTHING;
INSERT INTO SONGS 
        (SONG_ID, SONG_TITLE, SONG_DURATION, SONG_FILE, POPULARITY, 
         VALENCE, ACCOUSTICNESS, DANCEABILITY, ENERGY, SONG_RELEASE_DATE) 
        VALUES 
        (12, 'End of Beginning', 159, '/default.mp3', 90, 
         0.923, 0.22, 0.393, 0.306, '2022-09-16') ON CONFLICT DO NOTHING;
INSERT INTO COLLECTIONS_SONGS (COLLECTION_ID, SONG_ID, NOMOR_DISC, NOMOR_TRACK) VALUES (11, 12, 1, 6) ON CONFLICT DO NOTHING;
INSERT INTO CREATE_SONGS (ARTIST_ID, SONG_ID) VALUES (10, 12) ON CONFLICT DO NOTHING;
INSERT INTO COLLECTIONS (COLLECTION_ID, COLLECTION_TITLE, COLLECTION_TYPE, COLLECTION_RELEASE_DATE, COLLECTION_COVER) VALUES (12, 'Midnight Memories (Deluxe)', 'Album', '2013-11-25', 'https://i.scdn.co/image/ab67616d0000b2733cf0191cca87a4bc7e34bc4a') ON CONFLICT DO NOTHING;
INSERT INTO RELEASES (ARTIST_ID, COLLECTION_ID) VALUES (4, 12) ON CONFLICT DO NOTHING;
INSERT INTO SONGS 
        (SONG_ID, SONG_TITLE, SONG_DURATION, SONG_FILE, POPULARITY, 
         VALENCE, ACCOUSTICNESS, DANCEABILITY, ENERGY, SONG_RELEASE_DATE) 
        VALUES 
        (13, 'Story of My Life', 245, '/default.mp3', 84, 
         0.946, 0.396, 0.946, 0.639, '2013-11-25') ON CONFLICT DO NOTHING;
INSERT INTO COLLECTIONS_SONGS (COLLECTION_ID, SONG_ID, NOMOR_DISC, NOMOR_TRACK) VALUES (12, 13, 1, 2) ON CONFLICT DO NOTHING;
INSERT INTO CREATE_SONGS (ARTIST_ID, SONG_ID) VALUES (4, 13) ON CONFLICT DO NOTHING;
INSERT INTO ARTISTS (ARTIST_ID, ARTIST_NAME, ARTIST_PFP, MONTHLY_LISTENER_COUNT, ARTIST_EMAIL) VALUES (11, 'James Arthur', 'https://i.scdn.co/image/ab6761610000e5eb5a55e66595e80fb12dc5f5fa', 20932485, 'artist11@label.com') ON CONFLICT DO NOTHING;
INSERT INTO GENRES (GENRE_ID, GENRE_NAME) VALUES (10, 'soft pop') ON CONFLICT DO NOTHING;
INSERT INTO COLLECTIONS (COLLECTION_ID, COLLECTION_TITLE, COLLECTION_TYPE, COLLECTION_RELEASE_DATE, COLLECTION_COVER) VALUES (13, 'YOU', 'Album', '2019-10-18', 'https://i.scdn.co/image/ab67616d0000b273f740f5f279648d0a1147e6a6') ON CONFLICT DO NOTHING;
INSERT INTO RELEASES (ARTIST_ID, COLLECTION_ID) VALUES (11, 13) ON CONFLICT DO NOTHING;
INSERT INTO SONGS 
        (SONG_ID, SONG_TITLE, SONG_DURATION, SONG_FILE, POPULARITY, 
         VALENCE, ACCOUSTICNESS, DANCEABILITY, ENERGY, SONG_RELEASE_DATE) 
        VALUES 
        (14, 'Car''s Outside', 249, '/default.mp3', 84, 
         0.944, 0.314, 0.392, 0.726, '2019-10-18') ON CONFLICT DO NOTHING;
INSERT INTO COLLECTIONS_SONGS (COLLECTION_ID, SONG_ID, NOMOR_DISC, NOMOR_TRACK) VALUES (13, 14, 1, 5) ON CONFLICT DO NOTHING;
INSERT INTO CREATE_SONGS (ARTIST_ID, SONG_ID) VALUES (11, 14) ON CONFLICT DO NOTHING;
INSERT INTO ARTISTS (ARTIST_ID, ARTIST_NAME, ARTIST_PFP, MONTHLY_LISTENER_COUNT, ARTIST_EMAIL) VALUES (12, 'Britney Spears', 'https://i.scdn.co/image/ab6761610000e5eb26e59b825251b7df20a7b65e', 17928107, 'artist12@label.com') ON CONFLICT DO NOTHING;
INSERT INTO GENRES (GENRE_ID, GENRE_NAME) VALUES (11, 'pop') ON CONFLICT DO NOTHING;
INSERT INTO COLLECTIONS (COLLECTION_ID, COLLECTION_TITLE, COLLECTION_TYPE, COLLECTION_RELEASE_DATE, COLLECTION_COVER) VALUES (14, 'Oops...I Did It Again (Live on Top Of The Pops - 5/12/2000)', 'Single', '2025-04-11', 'https://i.scdn.co/image/ab6742d3000053b79ab86ad6acbf2e44d22e6ee1') ON CONFLICT DO NOTHING;
INSERT INTO RELEASES (ARTIST_ID, COLLECTION_ID) VALUES (12, 14) ON CONFLICT DO NOTHING;
INSERT INTO SONGS 
        (SONG_ID, SONG_TITLE, SONG_DURATION, SONG_FILE, POPULARITY, 
         VALENCE, ACCOUSTICNESS, DANCEABILITY, ENERGY, SONG_RELEASE_DATE) 
        VALUES 
        (15, 'Oops...I Did It Again - Live on Top Of The Pops - 5/12/2000', 193, '/default.mp3', 16, 
         0.414, 0.97, 0.642, 0.622, '2025-04-11') ON CONFLICT DO NOTHING;
INSERT INTO COLLECTIONS_SONGS (COLLECTION_ID, SONG_ID, NOMOR_DISC, NOMOR_TRACK) VALUES (14, 15, 1, 1) ON CONFLICT DO NOTHING;
INSERT INTO CREATE_SONGS (ARTIST_ID, SONG_ID) VALUES (12, 15) ON CONFLICT DO NOTHING;
INSERT INTO ARTISTS (ARTIST_ID, ARTIST_NAME, ARTIST_PFP, MONTHLY_LISTENER_COUNT, ARTIST_EMAIL) VALUES (13, 'Catfish and the Bottlemen', 'https://i.scdn.co/image/ab6761610000e5ebaa7e4337ef3969e7ce27876e', 1180235, 'artist13@label.com') ON CONFLICT DO NOTHING;
INSERT INTO GENRES (GENRE_ID, GENRE_NAME) VALUES (12, 'indie') ON CONFLICT DO NOTHING;
INSERT INTO COLLECTIONS (COLLECTION_ID, COLLECTION_TITLE, COLLECTION_TYPE, COLLECTION_RELEASE_DATE, COLLECTION_COVER) VALUES (15, 'Outside (Live From Manchester Arena)', 'Single', '2020-03-18', 'https://i.scdn.co/image/ab6742d3000053b7d0e06b75366a3b6f23184812') ON CONFLICT DO NOTHING;
INSERT INTO RELEASES (ARTIST_ID, COLLECTION_ID) VALUES (13, 15) ON CONFLICT DO NOTHING;
INSERT INTO SONGS 
        (SONG_ID, SONG_TITLE, SONG_DURATION, SONG_FILE, POPULARITY, 
         VALENCE, ACCOUSTICNESS, DANCEABILITY, ENERGY, SONG_RELEASE_DATE) 
        VALUES 
        (16, 'Outside - Live From Manchester Arena', 378, '/default.mp3', 16, 
         0.711, 0.288, 0.484, 0.916, '2020-03-18') ON CONFLICT DO NOTHING;
INSERT INTO COLLECTIONS_SONGS (COLLECTION_ID, SONG_ID, NOMOR_DISC, NOMOR_TRACK) VALUES (15, 16, 1, 1) ON CONFLICT DO NOTHING;
INSERT INTO CREATE_SONGS (ARTIST_ID, SONG_ID) VALUES (13, 16) ON CONFLICT DO NOTHING;
INSERT INTO ARTISTS (ARTIST_ID, ARTIST_NAME, ARTIST_PFP, MONTHLY_LISTENER_COUNT, ARTIST_EMAIL) VALUES (14, 'Foo Fighters', 'https://i.scdn.co/image/ab6761610000e5eb2c7bb73afef60ef97ad6dcb2', 13026259, 'artist14@label.com') ON CONFLICT DO NOTHING;
INSERT INTO GENRES (GENRE_ID, GENRE_NAME) VALUES (13, 'rock') ON CONFLICT DO NOTHING;
INSERT INTO GENRES (GENRE_ID, GENRE_NAME) VALUES (14, 'post-grunge') ON CONFLICT DO NOTHING;
INSERT INTO GENRES (GENRE_ID, GENRE_NAME) VALUES (15, 'alternative rock') ON CONFLICT DO NOTHING;
INSERT INTO GENRES (GENRE_ID, GENRE_NAME) VALUES (16, 'grunge') ON CONFLICT DO NOTHING;
INSERT INTO COLLECTIONS (COLLECTION_ID, COLLECTION_TITLE, COLLECTION_TYPE, COLLECTION_RELEASE_DATE, COLLECTION_COVER) VALUES (16, 'On The Mend (from Skin And Bones, Live in Hollywood, 2006)', 'Single', '2006-01-01', 'https://i.scdn.co/image/ab6742d3000053b78e7960a09dc4f7e2d115a2b7') ON CONFLICT DO NOTHING;
INSERT INTO RELEASES (ARTIST_ID, COLLECTION_ID) VALUES (14, 16) ON CONFLICT DO NOTHING;
INSERT INTO SONGS 
        (SONG_ID, SONG_TITLE, SONG_DURATION, SONG_FILE, POPULARITY, 
         VALENCE, ACCOUSTICNESS, DANCEABILITY, ENERGY, SONG_RELEASE_DATE) 
        VALUES 
        (17, 'On The Mend - from Skin And Bones, Live in Hollywood, 2006', 289, '/default.mp3', 6, 
         0.726, 0.392, 0.696, 0.311, '2006-01-01') ON CONFLICT DO NOTHING;
INSERT INTO COLLECTIONS_SONGS (COLLECTION_ID, SONG_ID, NOMOR_DISC, NOMOR_TRACK) VALUES (16, 17, 1, 1) ON CONFLICT DO NOTHING;
INSERT INTO CREATE_SONGS (ARTIST_ID, SONG_ID) VALUES (14, 17) ON CONFLICT DO NOTHING;
INSERT INTO ARTISTS (ARTIST_ID, ARTIST_NAME, ARTIST_PFP, MONTHLY_LISTENER_COUNT, ARTIST_EMAIL) VALUES (15, 'Lil Nas X', 'https://i.scdn.co/image/ab6761610000e5eb3758a33e782b46bd7f174e1d', 12309761, 'artist15@label.com') ON CONFLICT DO NOTHING;
INSERT INTO COLLECTIONS (COLLECTION_ID, COLLECTION_TITLE, COLLECTION_TYPE, COLLECTION_RELEASE_DATE, COLLECTION_COVER) VALUES (17, 'Old Town Road (feat. Billy Ray Cyrus, Young Thug & Mason Ramsey) [Area 51 Version]', 'Single', '2019-07-17', 'https://i.scdn.co/image/ab6742d3000053b76f8b5dacb1a7c38e44cdd531') ON CONFLICT DO NOTHING;
INSERT INTO RELEASES (ARTIST_ID, COLLECTION_ID) VALUES (15, 17) ON CONFLICT DO NOTHING;
INSERT INTO SONGS 
        (SONG_ID, SONG_TITLE, SONG_DURATION, SONG_FILE, POPULARITY, 
         VALENCE, ACCOUSTICNESS, DANCEABILITY, ENERGY, SONG_RELEASE_DATE) 
        VALUES 
        (18, 'Old Town Road (feat. Billy Ray Cyrus, Young Thug & Mason Ramsey) - Area 51 Version', 171, '/default.mp3', 8, 
         0.415, 0.898, 0.656, 0.708, '2019-07-17') ON CONFLICT DO NOTHING;
INSERT INTO COLLECTIONS_SONGS (COLLECTION_ID, SONG_ID, NOMOR_DISC, NOMOR_TRACK) VALUES (17, 18, 1, 1) ON CONFLICT DO NOTHING;
INSERT INTO CREATE_SONGS (ARTIST_ID, SONG_ID) VALUES (15, 18) ON CONFLICT DO NOTHING;
INSERT INTO ARTISTS (ARTIST_ID, ARTIST_NAME, ARTIST_PFP, MONTHLY_LISTENER_COUNT, ARTIST_EMAIL) VALUES (16, 'U2', 'https://i.scdn.co/image/ab6761610000e5ebe62be215d2ee31bcd97edaba', 13647218, 'artist16@label.com') ON CONFLICT DO NOTHING;
INSERT INTO COLLECTIONS (COLLECTION_ID, COLLECTION_TITLE, COLLECTION_TYPE, COLLECTION_RELEASE_DATE, COLLECTION_COVER) VALUES (18, 'One (Live In Chicago 2005)', 'Single', '2023-05-05', 'https://i.scdn.co/image/ab6742d3000053b75c5ccc84881333acafee8198') ON CONFLICT DO NOTHING;
INSERT INTO RELEASES (ARTIST_ID, COLLECTION_ID) VALUES (16, 18) ON CONFLICT DO NOTHING;
INSERT INTO SONGS 
        (SONG_ID, SONG_TITLE, SONG_DURATION, SONG_FILE, POPULARITY, 
         VALENCE, ACCOUSTICNESS, DANCEABILITY, ENERGY, SONG_RELEASE_DATE) 
        VALUES 
        (19, 'One - Live In Chicago 2005', 316, '/default.mp3', 20, 
         0.309, 0.602, 0.654, 0.188, '2023-05-05') ON CONFLICT DO NOTHING;
INSERT INTO COLLECTIONS_SONGS (COLLECTION_ID, SONG_ID, NOMOR_DISC, NOMOR_TRACK) VALUES (18, 19, 1, 1) ON CONFLICT DO NOTHING;
INSERT INTO CREATE_SONGS (ARTIST_ID, SONG_ID) VALUES (16, 19) ON CONFLICT DO NOTHING;
INSERT INTO ARTISTS (ARTIST_ID, ARTIST_NAME, ARTIST_PFP, MONTHLY_LISTENER_COUNT, ARTIST_EMAIL) VALUES (17, 'Journey', 'https://i.scdn.co/image/ab6761610000e5ebe848dfb35ea4969099662dfd', 6558720, 'artist17@label.com') ON CONFLICT DO NOTHING;
INSERT INTO GENRES (GENRE_ID, GENRE_NAME) VALUES (17, 'aor') ON CONFLICT DO NOTHING;
INSERT INTO GENRES (GENRE_ID, GENRE_NAME) VALUES (18, 'classic rock') ON CONFLICT DO NOTHING;
INSERT INTO COLLECTIONS (COLLECTION_ID, COLLECTION_TITLE, COLLECTION_TYPE, COLLECTION_RELEASE_DATE, COLLECTION_COVER) VALUES (19, 'Open Arms', 'Single', '2004-09-01', 'https://i.scdn.co/image/ab6742d3000053b71c9d2924ff6209d4fe26e329') ON CONFLICT DO NOTHING;
INSERT INTO RELEASES (ARTIST_ID, COLLECTION_ID) VALUES (17, 19) ON CONFLICT DO NOTHING;
INSERT INTO SONGS 
        (SONG_ID, SONG_TITLE, SONG_DURATION, SONG_FILE, POPULARITY, 
         VALENCE, ACCOUSTICNESS, DANCEABILITY, ENERGY, SONG_RELEASE_DATE) 
        VALUES 
        (20, 'Open Arms', 197, '/default.mp3', 7, 
         0.825, 0.991, 0.631, 0.525, '2004-09-01') ON CONFLICT DO NOTHING;
INSERT INTO COLLECTIONS_SONGS (COLLECTION_ID, SONG_ID, NOMOR_DISC, NOMOR_TRACK) VALUES (19, 20, 1, 1) ON CONFLICT DO NOTHING;
INSERT INTO CREATE_SONGS (ARTIST_ID, SONG_ID) VALUES (17, 20) ON CONFLICT DO NOTHING;
INSERT INTO ARTISTS (ARTIST_ID, ARTIST_NAME, ARTIST_PFP, MONTHLY_LISTENER_COUNT, ARTIST_EMAIL) VALUES (18, 'G.E.M.', 'https://i.scdn.co/image/ab6761610000e5eb8b385b6aa7b47570adbeff7b', 3534422, 'artist18@label.com') ON CONFLICT DO NOTHING;
INSERT INTO GENRES (GENRE_ID, GENRE_NAME) VALUES (19, 'mandopop') ON CONFLICT DO NOTHING;
INSERT INTO GENRES (GENRE_ID, GENRE_NAME) VALUES (20, 'c-pop') ON CONFLICT DO NOTHING;
INSERT INTO GENRES (GENRE_ID, GENRE_NAME) VALUES (21, 'cantopop') ON CONFLICT DO NOTHING;
INSERT INTO GENRES (GENRE_ID, GENRE_NAME) VALUES (22, 'taiwanese pop') ON CONFLICT DO NOTHING;
INSERT INTO GENRES (GENRE_ID, GENRE_NAME) VALUES (23, 'gufeng') ON CONFLICT DO NOTHING;
INSERT INTO COLLECTIONS (COLLECTION_ID, COLLECTION_TITLE, COLLECTION_TYPE, COLLECTION_RELEASE_DATE, COLLECTION_COVER) VALUES (20, '唯一', 'Single', '2023-09-24', 'https://i.scdn.co/image/ab67616d0000b273d3512d1c4193bc0b78380d17') ON CONFLICT DO NOTHING;
INSERT INTO RELEASES (ARTIST_ID, COLLECTION_ID) VALUES (18, 20) ON CONFLICT DO NOTHING;
INSERT INTO SONGS 
        (SONG_ID, SONG_TITLE, SONG_DURATION, SONG_FILE, POPULARITY, 
         VALENCE, ACCOUSTICNESS, DANCEABILITY, ENERGY, SONG_RELEASE_DATE) 
        VALUES 
        (21, '唯一', 253, '/default.mp3', 63, 
         0.132, 0.378, 0.748, 0.43, '2023-09-24') ON CONFLICT DO NOTHING;
INSERT INTO COLLECTIONS_SONGS (COLLECTION_ID, SONG_ID, NOMOR_DISC, NOMOR_TRACK) VALUES (20, 21, 1, 1) ON CONFLICT DO NOTHING;
INSERT INTO CREATE_SONGS (ARTIST_ID, SONG_ID) VALUES (18, 21) ON CONFLICT DO NOTHING;
INSERT INTO ARTISTS (ARTIST_ID, ARTIST_NAME, ARTIST_PFP, MONTHLY_LISTENER_COUNT, ARTIST_EMAIL) VALUES (19, 'JJ Lin', 'https://i.scdn.co/image/ab6761610000e5eb181b3f24c2a457e7fa3edb59', 3944309, 'artist19@label.com') ON CONFLICT DO NOTHING;
INSERT INTO COLLECTIONS (COLLECTION_ID, COLLECTION_TITLE, COLLECTION_TYPE, COLLECTION_RELEASE_DATE, COLLECTION_COVER) VALUES (21, '因你 而在', 'Album', '2013-03-13', 'https://i.scdn.co/image/ab67616d0000b273d007039d7dbb3ac88b4c5686') ON CONFLICT DO NOTHING;
INSERT INTO RELEASES (ARTIST_ID, COLLECTION_ID) VALUES (19, 21) ON CONFLICT DO NOTHING;
INSERT INTO SONGS 
        (SONG_ID, SONG_TITLE, SONG_DURATION, SONG_FILE, POPULARITY, 
         VALENCE, ACCOUSTICNESS, DANCEABILITY, ENERGY, SONG_RELEASE_DATE) 
        VALUES 
        (22, '修煉愛情', 287, '/default.mp3', 63, 
         0.263, 0.805, 0.31, 0.969, '2013-03-13') ON CONFLICT DO NOTHING;
INSERT INTO COLLECTIONS_SONGS (COLLECTION_ID, SONG_ID, NOMOR_DISC, NOMOR_TRACK) VALUES (21, 22, 1, 4) ON CONFLICT DO NOTHING;
INSERT INTO CREATE_SONGS (ARTIST_ID, SONG_ID) VALUES (19, 22) ON CONFLICT DO NOTHING;
INSERT INTO ARTISTS (ARTIST_ID, ARTIST_NAME, ARTIST_PFP, MONTHLY_LISTENER_COUNT, ARTIST_EMAIL) VALUES (20, 'Empire Of The Sun', 'https://i.scdn.co/image/ab6761610000e5ebc806f3e714afa21861e20248', 2036289, 'artist20@label.com') ON CONFLICT DO NOTHING;
INSERT INTO COLLECTIONS (COLLECTION_ID, COLLECTION_TITLE, COLLECTION_TYPE, COLLECTION_RELEASE_DATE, COLLECTION_COVER) VALUES (22, 'Walking On A Dream (10th Anniversary Edition)', 'Album', '2008-10-03', 'https://i.scdn.co/image/ab67616d0000b273f3aa0e6ca22a382007f61e4d') ON CONFLICT DO NOTHING;
INSERT INTO RELEASES (ARTIST_ID, COLLECTION_ID) VALUES (20, 22) ON CONFLICT DO NOTHING;
INSERT INTO SONGS 
        (SONG_ID, SONG_TITLE, SONG_DURATION, SONG_FILE, POPULARITY, 
         VALENCE, ACCOUSTICNESS, DANCEABILITY, ENERGY, SONG_RELEASE_DATE) 
        VALUES 
        (23, 'Walking On A Dream', 198, '/default.mp3', 85, 
         0.079, 0.721, 0.698, 0.867, '2008-10-03') ON CONFLICT DO NOTHING;
INSERT INTO COLLECTIONS_SONGS (COLLECTION_ID, SONG_ID, NOMOR_DISC, NOMOR_TRACK) VALUES (22, 23, 1, 2) ON CONFLICT DO NOTHING;
INSERT INTO CREATE_SONGS (ARTIST_ID, SONG_ID) VALUES (20, 23) ON CONFLICT DO NOTHING;
INSERT INTO ARTISTS (ARTIST_ID, ARTIST_NAME, ARTIST_PFP, MONTHLY_LISTENER_COUNT, ARTIST_EMAIL) VALUES (21, 'Jung Kook', 'https://i.scdn.co/image/ab6761610000e5eb40a7268dd742e5f63759b960', 18771919, 'artist21@label.com') ON CONFLICT DO NOTHING;
INSERT INTO GENRES (GENRE_ID, GENRE_NAME) VALUES (24, 'k-pop') ON CONFLICT DO NOTHING;
INSERT INTO COLLECTIONS (COLLECTION_ID, COLLECTION_TITLE, COLLECTION_TYPE, COLLECTION_RELEASE_DATE, COLLECTION_COVER) VALUES (23, 'GOLDEN', 'Album', '2023-11-03', 'https://i.scdn.co/image/ab67616d0000b273741fd4807f442af3f7359316') ON CONFLICT DO NOTHING;
INSERT INTO RELEASES (ARTIST_ID, COLLECTION_ID) VALUES (21, 23) ON CONFLICT DO NOTHING;
INSERT INTO SONGS 
        (SONG_ID, SONG_TITLE, SONG_DURATION, SONG_FILE, POPULARITY, 
         VALENCE, ACCOUSTICNESS, DANCEABILITY, ENERGY, SONG_RELEASE_DATE) 
        VALUES 
        (24, 'Shot Glass of Tears', 167, '/default.mp3', 71, 
         0.226, 0.807, 0.12, 0.977, '2023-11-03') ON CONFLICT DO NOTHING;
INSERT INTO COLLECTIONS_SONGS (COLLECTION_ID, SONG_ID, NOMOR_DISC, NOMOR_TRACK) VALUES (23, 24, 1, 10) ON CONFLICT DO NOTHING;
INSERT INTO CREATE_SONGS (ARTIST_ID, SONG_ID) VALUES (21, 24) ON CONFLICT DO NOTHING;
INSERT INTO ARTISTS (ARTIST_ID, ARTIST_NAME, ARTIST_PFP, MONTHLY_LISTENER_COUNT, ARTIST_EMAIL) VALUES (22, 'WOODZ', 'https://i.scdn.co/image/ab6761610000e5eba2c9b8c0aaf95a94a8a23ce1', 954158, 'artist22@label.com') ON CONFLICT DO NOTHING;
INSERT INTO GENRES (GENRE_ID, GENRE_NAME) VALUES (25, 'k-rock') ON CONFLICT DO NOTHING;
INSERT INTO COLLECTIONS (COLLECTION_ID, COLLECTION_TITLE, COLLECTION_TYPE, COLLECTION_RELEASE_DATE, COLLECTION_COVER) VALUES (24, 'OO-LI', 'Single', '2023-04-26', 'https://i.scdn.co/image/ab67616d0000b273e87a41550ee1b24be3e6e1fb') ON CONFLICT DO NOTHING;
INSERT INTO RELEASES (ARTIST_ID, COLLECTION_ID) VALUES (22, 24) ON CONFLICT DO NOTHING;
INSERT INTO SONGS 
        (SONG_ID, SONG_TITLE, SONG_DURATION, SONG_FILE, POPULARITY, 
         VALENCE, ACCOUSTICNESS, DANCEABILITY, ENERGY, SONG_RELEASE_DATE) 
        VALUES 
        (25, 'Drowning', 244, '/default.mp3', 67, 
         0.418, 0.685, 0.455, 0.097, '2023-04-26') ON CONFLICT DO NOTHING;
INSERT INTO COLLECTIONS_SONGS (COLLECTION_ID, SONG_ID, NOMOR_DISC, NOMOR_TRACK) VALUES (24, 25, 1, 3) ON CONFLICT DO NOTHING;
INSERT INTO CREATE_SONGS (ARTIST_ID, SONG_ID) VALUES (22, 25) ON CONFLICT DO NOTHING;
INSERT INTO ARTISTS (ARTIST_ID, ARTIST_NAME, ARTIST_PFP, MONTHLY_LISTENER_COUNT, ARTIST_EMAIL) VALUES (23, 'BTS', 'https://i.scdn.co/image/ab6761610000e5ebd642648235ebf3460d2d1f6a', 81465961, 'artist23@label.com') ON CONFLICT DO NOTHING;
INSERT INTO COLLECTIONS (COLLECTION_ID, COLLECTION_TITLE, COLLECTION_TYPE, COLLECTION_RELEASE_DATE, COLLECTION_COVER) VALUES (25, 'Proof', 'Album', '2022-06-10', 'https://i.scdn.co/image/ab67616d0000b27317db30ce3f081d6818a8ad49') ON CONFLICT DO NOTHING;
INSERT INTO RELEASES (ARTIST_ID, COLLECTION_ID) VALUES (23, 25) ON CONFLICT DO NOTHING;
INSERT INTO SONGS 
        (SONG_ID, SONG_TITLE, SONG_DURATION, SONG_FILE, POPULARITY, 
         VALENCE, ACCOUSTICNESS, DANCEABILITY, ENERGY, SONG_RELEASE_DATE) 
        VALUES 
        (26, 'Life Goes On', 208, '/default.mp3', 73, 
         0.206, 0.564, 0.743, 0.903, '2022-06-10') ON CONFLICT DO NOTHING;
INSERT INTO COLLECTIONS_SONGS (COLLECTION_ID, SONG_ID, NOMOR_DISC, NOMOR_TRACK) VALUES (25, 26, 1, 17) ON CONFLICT DO NOTHING;
INSERT INTO CREATE_SONGS (ARTIST_ID, SONG_ID) VALUES (23, 26) ON CONFLICT DO NOTHING;
INSERT INTO ARTISTS (ARTIST_ID, ARTIST_NAME, ARTIST_PFP, MONTHLY_LISTENER_COUNT, ARTIST_EMAIL) VALUES (24, 'CORTIS', 'https://i.scdn.co/image/ab6761610000e5eb85fadc54e8acfed96370bfab', 1268674, 'artist24@label.com') ON CONFLICT DO NOTHING;
INSERT INTO COLLECTIONS (COLLECTION_ID, COLLECTION_TITLE, COLLECTION_TYPE, COLLECTION_RELEASE_DATE, COLLECTION_COVER) VALUES (26, 'COLOR OUTSIDE THE LINES', 'Single', '2025-09-08', 'https://i.scdn.co/image/ab67616d0000b2734b56a34b0c2b3798fd46f855') ON CONFLICT DO NOTHING;
INSERT INTO RELEASES (ARTIST_ID, COLLECTION_ID) VALUES (24, 26) ON CONFLICT DO NOTHING;
INSERT INTO SONGS 
        (SONG_ID, SONG_TITLE, SONG_DURATION, SONG_FILE, POPULARITY, 
         VALENCE, ACCOUSTICNESS, DANCEABILITY, ENERGY, SONG_RELEASE_DATE) 
        VALUES 
        (27, 'JoyRide', 157, '/default.mp3', 76, 
         0.139, 0.785, 0.964, 0.676, '2025-09-08') ON CONFLICT DO NOTHING;
INSERT INTO COLLECTIONS_SONGS (COLLECTION_ID, SONG_ID, NOMOR_DISC, NOMOR_TRACK) VALUES (26, 27, 1, 4) ON CONFLICT DO NOTHING;
INSERT INTO CREATE_SONGS (ARTIST_ID, SONG_ID) VALUES (24, 27) ON CONFLICT DO NOTHING;
INSERT INTO ARTISTS (ARTIST_ID, ARTIST_NAME, ARTIST_PFP, MONTHLY_LISTENER_COUNT, ARTIST_EMAIL) VALUES (25, 'Cup of Joe', 'https://i.scdn.co/image/ab6761610000e5eb79c590d13042cecbac1705f3', 4752059, 'artist25@label.com') ON CONFLICT DO NOTHING;
INSERT INTO GENRES (GENRE_ID, GENRE_NAME) VALUES (26, 'opm') ON CONFLICT DO NOTHING;
INSERT INTO GENRES (GENRE_ID, GENRE_NAME) VALUES (27, 'harana') ON CONFLICT DO NOTHING;
INSERT INTO GENRES (GENRE_ID, GENRE_NAME) VALUES (28, 'p-pop') ON CONFLICT DO NOTHING;
INSERT INTO GENRES (GENRE_ID, GENRE_NAME) VALUES (29, 'pinoy indie') ON CONFLICT DO NOTHING;
INSERT INTO GENRES (GENRE_ID, GENRE_NAME) VALUES (30, 'kundiman') ON CONFLICT DO NOTHING;
INSERT INTO COLLECTIONS (COLLECTION_ID, COLLECTION_TITLE, COLLECTION_TYPE, COLLECTION_RELEASE_DATE, COLLECTION_COVER) VALUES (27, 'Tingin', 'Single', '2023-04-28', 'https://i.scdn.co/image/ab67616d0000b2734428cfe2f5f0b5e1230bbb61') ON CONFLICT DO NOTHING;
INSERT INTO RELEASES (ARTIST_ID, COLLECTION_ID) VALUES (25, 27) ON CONFLICT DO NOTHING;
INSERT INTO SONGS 
        (SONG_ID, SONG_TITLE, SONG_DURATION, SONG_FILE, POPULARITY, 
         VALENCE, ACCOUSTICNESS, DANCEABILITY, ENERGY, SONG_RELEASE_DATE) 
        VALUES 
        (28, 'Tingin', 222, '/default.mp3', 77, 
         0.752, 0.84, 0.583, 0.466, '2023-04-28') ON CONFLICT DO NOTHING;
INSERT INTO COLLECTIONS_SONGS (COLLECTION_ID, SONG_ID, NOMOR_DISC, NOMOR_TRACK) VALUES (27, 28, 1, 1) ON CONFLICT DO NOTHING;
INSERT INTO CREATE_SONGS (ARTIST_ID, SONG_ID) VALUES (25, 28) ON CONFLICT DO NOTHING;
INSERT INTO ARTISTS (ARTIST_ID, ARTIST_NAME, ARTIST_PFP, MONTHLY_LISTENER_COUNT, ARTIST_EMAIL) VALUES (26, 'Frank Ocean', 'https://i.scdn.co/image/ab6761610000e5ebee3123e593174208f9754fab', 20484404, 'artist26@label.com') ON CONFLICT DO NOTHING;
INSERT INTO COLLECTIONS (COLLECTION_ID, COLLECTION_TITLE, COLLECTION_TYPE, COLLECTION_RELEASE_DATE, COLLECTION_COVER) VALUES (28, 'channel ORANGE', 'Album', '2012-07-10', 'https://i.scdn.co/image/ab67616d0000b2737aede4855f6d0d738012e2e5') ON CONFLICT DO NOTHING;
INSERT INTO RELEASES (ARTIST_ID, COLLECTION_ID) VALUES (26, 28) ON CONFLICT DO NOTHING;
INSERT INTO SONGS 
        (SONG_ID, SONG_TITLE, SONG_DURATION, SONG_FILE, POPULARITY, 
         VALENCE, ACCOUSTICNESS, DANCEABILITY, ENERGY, SONG_RELEASE_DATE) 
        VALUES 
        (29, 'Thinkin Bout You', 200, '/default.mp3', 84, 
         0.129, 0.391, 0.424, 0.66, '2012-07-10') ON CONFLICT DO NOTHING;
INSERT INTO COLLECTIONS_SONGS (COLLECTION_ID, SONG_ID, NOMOR_DISC, NOMOR_TRACK) VALUES (28, 29, 1, 2) ON CONFLICT DO NOTHING;
INSERT INTO CREATE_SONGS (ARTIST_ID, SONG_ID) VALUES (26, 29) ON CONFLICT DO NOTHING;
INSERT INTO ARTISTS (ARTIST_ID, ARTIST_NAME, ARTIST_PFP, MONTHLY_LISTENER_COUNT, ARTIST_EMAIL) VALUES (27, 'Akon', 'https://i.scdn.co/image/ab6761610000e5eb8c5984726ddb2c2d90ada28d', 6082326, 'artist27@label.com') ON CONFLICT DO NOTHING;
INSERT INTO COLLECTIONS (COLLECTION_ID, COLLECTION_TITLE, COLLECTION_TYPE, COLLECTION_RELEASE_DATE, COLLECTION_COVER) VALUES (29, 'Freedom', 'Album', '2008-01-01', 'https://i.scdn.co/image/ab67616d0000b273e77aece1352dcc4f4cfd097f') ON CONFLICT DO NOTHING;
INSERT INTO RELEASES (ARTIST_ID, COLLECTION_ID) VALUES (27, 29) ON CONFLICT DO NOTHING;
INSERT INTO SONGS 
        (SONG_ID, SONG_TITLE, SONG_DURATION, SONG_FILE, POPULARITY, 
         VALENCE, ACCOUSTICNESS, DANCEABILITY, ENERGY, SONG_RELEASE_DATE) 
        VALUES 
        (30, 'Right Now (Na Na Na)', 240, '/default.mp3', 81, 
         0.76, 0.367, 0.779, 0.238, '2008-01-01') ON CONFLICT DO NOTHING;
INSERT INTO COLLECTIONS_SONGS (COLLECTION_ID, SONG_ID, NOMOR_DISC, NOMOR_TRACK) VALUES (29, 30, 1, 1) ON CONFLICT DO NOTHING;
INSERT INTO CREATE_SONGS (ARTIST_ID, SONG_ID) VALUES (27, 30) ON CONFLICT DO NOTHING;
INSERT INTO ARTISTS (ARTIST_ID, ARTIST_NAME, ARTIST_PFP, MONTHLY_LISTENER_COUNT, ARTIST_EMAIL) VALUES (28, 'The Chainsmokers', 'https://i.scdn.co/image/ab6761610000e5eb4567279fac84a0375c3d819b', 21405597, 'artist28@label.com') ON CONFLICT DO NOTHING;
INSERT INTO COLLECTIONS (COLLECTION_ID, COLLECTION_TITLE, COLLECTION_TYPE, COLLECTION_RELEASE_DATE, COLLECTION_COVER) VALUES (30, 'Memories...Do Not Open', 'Album', '2017-04-07', 'https://i.scdn.co/image/ab67616d0000b2730c13d3d5a503c84fcc60ae94') ON CONFLICT DO NOTHING;
INSERT INTO RELEASES (ARTIST_ID, COLLECTION_ID) VALUES (28, 30) ON CONFLICT DO NOTHING;
INSERT INTO SONGS 
        (SONG_ID, SONG_TITLE, SONG_DURATION, SONG_FILE, POPULARITY, 
         VALENCE, ACCOUSTICNESS, DANCEABILITY, ENERGY, SONG_RELEASE_DATE) 
        VALUES 
        (31, 'Something Just Like This', 247, '/default.mp3', 87, 
         0.418, 0.451, 0.801, 0.033, '2017-04-07') ON CONFLICT DO NOTHING;
INSERT INTO COLLECTIONS_SONGS (COLLECTION_ID, SONG_ID, NOMOR_DISC, NOMOR_TRACK) VALUES (30, 31, 1, 5) ON CONFLICT DO NOTHING;
INSERT INTO CREATE_SONGS (ARTIST_ID, SONG_ID) VALUES (28, 31) ON CONFLICT DO NOTHING;
INSERT INTO ARTISTS (ARTIST_ID, ARTIST_NAME, ARTIST_PFP, MONTHLY_LISTENER_COUNT, ARTIST_EMAIL) VALUES (29, 'Ozzy Osbourne', 'https://i.scdn.co/image/ab6761610000e5ebb5b52f7e13f720c7a4856306', 7672455, 'artist29@label.com') ON CONFLICT DO NOTHING;
INSERT INTO GENRES (GENRE_ID, GENRE_NAME) VALUES (31, 'metal') ON CONFLICT DO NOTHING;
INSERT INTO GENRES (GENRE_ID, GENRE_NAME) VALUES (32, 'glam metal') ON CONFLICT DO NOTHING;
INSERT INTO GENRES (GENRE_ID, GENRE_NAME) VALUES (33, 'heavy metal') ON CONFLICT DO NOTHING;
INSERT INTO GENRES (GENRE_ID, GENRE_NAME) VALUES (34, 'hard rock') ON CONFLICT DO NOTHING;
INSERT INTO COLLECTIONS (COLLECTION_ID, COLLECTION_TITLE, COLLECTION_TYPE, COLLECTION_RELEASE_DATE, COLLECTION_COVER) VALUES (31, 'Changes', 'Single', '1993-01-01', 'https://i.scdn.co/image/ab6742d3000053b70c3a4561e25c34efcd97fa90') ON CONFLICT DO NOTHING;
INSERT INTO RELEASES (ARTIST_ID, COLLECTION_ID) VALUES (29, 31) ON CONFLICT DO NOTHING;
INSERT INTO SONGS 
        (SONG_ID, SONG_TITLE, SONG_DURATION, SONG_FILE, POPULARITY, 
         VALENCE, ACCOUSTICNESS, DANCEABILITY, ENERGY, SONG_RELEASE_DATE) 
        VALUES 
        (32, 'Changes', 324, '/default.mp3', 31, 
         0.944, 0.095, 0.592, 0.052, '1993-01-01') ON CONFLICT DO NOTHING;
INSERT INTO COLLECTIONS_SONGS (COLLECTION_ID, SONG_ID, NOMOR_DISC, NOMOR_TRACK) VALUES (31, 32, 1, 1) ON CONFLICT DO NOTHING;
INSERT INTO CREATE_SONGS (ARTIST_ID, SONG_ID) VALUES (29, 32) ON CONFLICT DO NOTHING;
INSERT INTO ARTISTS (ARTIST_ID, ARTIST_NAME, ARTIST_PFP, MONTHLY_LISTENER_COUNT, ARTIST_EMAIL) VALUES (30, 'Alicia Keys', 'https://i.scdn.co/image/ab6761610000e5eb4518cf16a45e35fc0cc82862', 12971066, 'artist30@label.com') ON CONFLICT DO NOTHING;
INSERT INTO GENRES (GENRE_ID, GENRE_NAME) VALUES (35, 'neo soul') ON CONFLICT DO NOTHING;
INSERT INTO COLLECTIONS (COLLECTION_ID, COLLECTION_TITLE, COLLECTION_TYPE, COLLECTION_RELEASE_DATE, COLLECTION_COVER) VALUES (32, 'Empire State of Mind', 'Single', '2012-01-01', 'https://i.scdn.co/image/ab6742d3000053b7714aefa9aabee87b8a9dcd1b') ON CONFLICT DO NOTHING;
INSERT INTO RELEASES (ARTIST_ID, COLLECTION_ID) VALUES (30, 32) ON CONFLICT DO NOTHING;
INSERT INTO SONGS 
        (SONG_ID, SONG_TITLE, SONG_DURATION, SONG_FILE, POPULARITY, 
         VALENCE, ACCOUSTICNESS, DANCEABILITY, ENERGY, SONG_RELEASE_DATE) 
        VALUES 
        (33, 'Empire State of Mind - Live from iTunes Festival, London, 2012', 239, '/default.mp3', 14, 
         0.572, 0.998, 0.619, 0.527, '2012-01-01') ON CONFLICT DO NOTHING;
INSERT INTO COLLECTIONS_SONGS (COLLECTION_ID, SONG_ID, NOMOR_DISC, NOMOR_TRACK) VALUES (32, 33, 1, 1) ON CONFLICT DO NOTHING;
INSERT INTO CREATE_SONGS (ARTIST_ID, SONG_ID) VALUES (30, 33) ON CONFLICT DO NOTHING;
INSERT INTO ARTISTS (ARTIST_ID, ARTIST_NAME, ARTIST_PFP, MONTHLY_LISTENER_COUNT, ARTIST_EMAIL) VALUES (31, 'OneRepublic', 'https://i.scdn.co/image/ab6761610000e5eb587687df50a967731901fcc2', 18789911, 'artist31@label.com') ON CONFLICT DO NOTHING;
INSERT INTO COLLECTIONS (COLLECTION_ID, COLLECTION_TITLE, COLLECTION_TYPE, COLLECTION_RELEASE_DATE, COLLECTION_COVER) VALUES (33, 'Counting Stars (Live From Dick Clark''s New Year''s Rockin'' Eve)', 'Single', '2022-01-08', 'https://i.scdn.co/image/ab6742d3000053b72d91a555728d5daeebabb834') ON CONFLICT DO NOTHING;
INSERT INTO RELEASES (ARTIST_ID, COLLECTION_ID) VALUES (31, 33) ON CONFLICT DO NOTHING;
INSERT INTO SONGS 
        (SONG_ID, SONG_TITLE, SONG_DURATION, SONG_FILE, POPULARITY, 
         VALENCE, ACCOUSTICNESS, DANCEABILITY, ENERGY, SONG_RELEASE_DATE) 
        VALUES 
        (34, 'Counting Stars - Live From Dick Clark''s New Year''s Rockin'' Eve', 198, '/default.mp3', 15, 
         0.044, 0.439, 0.805, 0.874, '2022-01-08') ON CONFLICT DO NOTHING;
INSERT INTO COLLECTIONS_SONGS (COLLECTION_ID, SONG_ID, NOMOR_DISC, NOMOR_TRACK) VALUES (33, 34, 1, 1) ON CONFLICT DO NOTHING;
INSERT INTO CREATE_SONGS (ARTIST_ID, SONG_ID) VALUES (31, 34) ON CONFLICT DO NOTHING;
INSERT INTO ARTISTS (ARTIST_ID, ARTIST_NAME, ARTIST_PFP, MONTHLY_LISTENER_COUNT, ARTIST_EMAIL) VALUES (32, 'James Bay', 'https://i.scdn.co/image/ab6761610000e5eb58d57084e75247d33ce25eaf', 4108903, 'artist32@label.com') ON CONFLICT DO NOTHING;
INSERT INTO COLLECTIONS (COLLECTION_ID, COLLECTION_TITLE, COLLECTION_TYPE, COLLECTION_RELEASE_DATE, COLLECTION_COVER) VALUES (34, 'One Life (Live from the Abbey Tavern / 2022)', 'Single', '2022-06-15', 'https://i.scdn.co/image/ab6742d3000053b733d699e5f16d5a6691d2eb0e') ON CONFLICT DO NOTHING;
INSERT INTO RELEASES (ARTIST_ID, COLLECTION_ID) VALUES (32, 34) ON CONFLICT DO NOTHING;
INSERT INTO SONGS 
        (SONG_ID, SONG_TITLE, SONG_DURATION, SONG_FILE, POPULARITY, 
         VALENCE, ACCOUSTICNESS, DANCEABILITY, ENERGY, SONG_RELEASE_DATE) 
        VALUES 
        (35, 'One Life - [Live from the Abbey Tavern / 2022', 224, '/default.mp3', 5, 
         0.016, 0.005, 0.946, 0.007, '2022-06-15') ON CONFLICT DO NOTHING;
INSERT INTO COLLECTIONS_SONGS (COLLECTION_ID, SONG_ID, NOMOR_DISC, NOMOR_TRACK) VALUES (34, 35, 1, 1) ON CONFLICT DO NOTHING;
INSERT INTO CREATE_SONGS (ARTIST_ID, SONG_ID) VALUES (32, 35) ON CONFLICT DO NOTHING;
INSERT INTO ARTISTS (ARTIST_ID, ARTIST_NAME, ARTIST_PFP, MONTHLY_LISTENER_COUNT, ARTIST_EMAIL) VALUES (33, 'Malcolm Todd', 'https://i.scdn.co/image/ab6761610000e5ebdee560c99d80399eb20c3147', 860842, 'artist33@label.com') ON CONFLICT DO NOTHING;
INSERT INTO COLLECTIONS (COLLECTION_ID, COLLECTION_TITLE, COLLECTION_TYPE, COLLECTION_RELEASE_DATE, COLLECTION_COVER) VALUES (35, 'Attention (Official Visualizer)', 'Single', '2025-08-08', 'https://i.scdn.co/image/ab6742d3000053b7fd2e74ab1a9999a07d02cc84') ON CONFLICT DO NOTHING;
INSERT INTO RELEASES (ARTIST_ID, COLLECTION_ID) VALUES (33, 35) ON CONFLICT DO NOTHING;
INSERT INTO SONGS 
        (SONG_ID, SONG_TITLE, SONG_DURATION, SONG_FILE, POPULARITY, 
         VALENCE, ACCOUSTICNESS, DANCEABILITY, ENERGY, SONG_RELEASE_DATE) 
        VALUES 
        (36, 'Attention - Official Visualizer', 114, '/default.mp3', 15, 
         0.364, 0.405, 0.955, 0.744, '2025-08-08') ON CONFLICT DO NOTHING;
INSERT INTO COLLECTIONS_SONGS (COLLECTION_ID, SONG_ID, NOMOR_DISC, NOMOR_TRACK) VALUES (35, 36, 1, 1) ON CONFLICT DO NOTHING;
INSERT INTO CREATE_SONGS (ARTIST_ID, SONG_ID) VALUES (33, 36) ON CONFLICT DO NOTHING;
INSERT INTO ARTISTS (ARTIST_ID, ARTIST_NAME, ARTIST_PFP, MONTHLY_LISTENER_COUNT, ARTIST_EMAIL) VALUES (34, 'Ruth B.', 'https://i.scdn.co/image/ab6761610000e5ebfaae1d3eac51a47b9f51c9bd', 4499331, 'artist34@label.com') ON CONFLICT DO NOTHING;
INSERT INTO COLLECTIONS (COLLECTION_ID, COLLECTION_TITLE, COLLECTION_TYPE, COLLECTION_RELEASE_DATE, COLLECTION_COVER) VALUES (36, 'Shape of You (New York Live Sessions)', 'Single', '2017-03-28', 'https://i.scdn.co/image/ab6742d3000053b7de83343170e2d6ca5e8c8394') ON CONFLICT DO NOTHING;
INSERT INTO RELEASES (ARTIST_ID, COLLECTION_ID) VALUES (34, 36) ON CONFLICT DO NOTHING;
INSERT INTO SONGS 
        (SONG_ID, SONG_TITLE, SONG_DURATION, SONG_FILE, POPULARITY, 
         VALENCE, ACCOUSTICNESS, DANCEABILITY, ENERGY, SONG_RELEASE_DATE) 
        VALUES 
        (37, 'Shape of You - New York Live Sessions', 247, '/default.mp3', 6, 
         0.042, 0.497, 0.468, 0.97, '2017-03-28') ON CONFLICT DO NOTHING;
INSERT INTO COLLECTIONS_SONGS (COLLECTION_ID, SONG_ID, NOMOR_DISC, NOMOR_TRACK) VALUES (36, 37, 1, 1) ON CONFLICT DO NOTHING;
INSERT INTO CREATE_SONGS (ARTIST_ID, SONG_ID) VALUES (34, 37) ON CONFLICT DO NOTHING;
INSERT INTO ARTISTS (ARTIST_ID, ARTIST_NAME, ARTIST_PFP, MONTHLY_LISTENER_COUNT, ARTIST_EMAIL) VALUES (35, 'Jet', 'https://i.scdn.co/image/ab6761610000e5eb7fee6883cc7e990e5b6de167', 730238, 'artist35@label.com') ON CONFLICT DO NOTHING;
INSERT INTO COLLECTIONS (COLLECTION_ID, COLLECTION_TITLE, COLLECTION_TYPE, COLLECTION_RELEASE_DATE, COLLECTION_COVER) VALUES (37, 'Shine On', 'Single', '2007-02-19', 'https://i.scdn.co/image/ab6742d3000053b7d13f89c76428d11bd3da0cf3') ON CONFLICT DO NOTHING;
INSERT INTO RELEASES (ARTIST_ID, COLLECTION_ID) VALUES (35, 37) ON CONFLICT DO NOTHING;
INSERT INTO SONGS 
        (SONG_ID, SONG_TITLE, SONG_DURATION, SONG_FILE, POPULARITY, 
         VALENCE, ACCOUSTICNESS, DANCEABILITY, ENERGY, SONG_RELEASE_DATE) 
        VALUES 
        (38, 'Shine On - Album Edit', 279, '/default.mp3', 7, 
         0.915, 0.154, 0.05, 0.543, '2007-02-19') ON CONFLICT DO NOTHING;
INSERT INTO COLLECTIONS_SONGS (COLLECTION_ID, SONG_ID, NOMOR_DISC, NOMOR_TRACK) VALUES (37, 38, 1, 1) ON CONFLICT DO NOTHING;
INSERT INTO CREATE_SONGS (ARTIST_ID, SONG_ID) VALUES (35, 38) ON CONFLICT DO NOTHING;
INSERT INTO ARTISTS (ARTIST_ID, ARTIST_NAME, ARTIST_PFP, MONTHLY_LISTENER_COUNT, ARTIST_EMAIL) VALUES (36, 'A Perfect Circle', 'https://i.scdn.co/image/ab6761610000e5eb5011bfcb59463d911b3e6be1', 2084214, 'artist36@label.com') ON CONFLICT DO NOTHING;
INSERT INTO GENRES (GENRE_ID, GENRE_NAME) VALUES (36, 'alternative metal') ON CONFLICT DO NOTHING;
INSERT INTO COLLECTIONS (COLLECTION_ID, COLLECTION_TITLE, COLLECTION_TYPE, COLLECTION_RELEASE_DATE, COLLECTION_COVER) VALUES (38, 'Outsider (Director''s Cut)', 'Single', '2005-05-02', 'https://i.scdn.co/image/ab6742d3000053b75373e22b3936c0afbecd4657') ON CONFLICT DO NOTHING;
INSERT INTO RELEASES (ARTIST_ID, COLLECTION_ID) VALUES (36, 38) ON CONFLICT DO NOTHING;
INSERT INTO SONGS 
        (SONG_ID, SONG_TITLE, SONG_DURATION, SONG_FILE, POPULARITY, 
         VALENCE, ACCOUSTICNESS, DANCEABILITY, ENERGY, SONG_RELEASE_DATE) 
        VALUES 
        (39, 'Outsider (Director''s Cut)', 248, '/default.mp3', 9, 
         0.01, 0.725, 0.921, 0.507, '2005-05-02') ON CONFLICT DO NOTHING;
INSERT INTO COLLECTIONS_SONGS (COLLECTION_ID, SONG_ID, NOMOR_DISC, NOMOR_TRACK) VALUES (38, 39, 1, 1) ON CONFLICT DO NOTHING;
INSERT INTO CREATE_SONGS (ARTIST_ID, SONG_ID) VALUES (36, 39) ON CONFLICT DO NOTHING;
INSERT INTO ARTISTS (ARTIST_ID, ARTIST_NAME, ARTIST_PFP, MONTHLY_LISTENER_COUNT, ARTIST_EMAIL) VALUES (37, 'Pinegrove', 'https://i.scdn.co/image/ab6761610000e5eb0089634a4e7964d250223ed6', 530717, 'artist37@label.com') ON CONFLICT DO NOTHING;
INSERT INTO GENRES (GENRE_ID, GENRE_NAME) VALUES (37, 'midwest emo') ON CONFLICT DO NOTHING;
INSERT INTO COLLECTIONS (COLLECTION_ID, COLLECTION_TITLE, COLLECTION_TYPE, COLLECTION_RELEASE_DATE, COLLECTION_COVER) VALUES (39, 'Orange (Acoustic)', 'Single', '2021-08-16', 'https://i.scdn.co/image/ab6742d3000053b7b14689cb4c89ddc42f368f16') ON CONFLICT DO NOTHING;
INSERT INTO RELEASES (ARTIST_ID, COLLECTION_ID) VALUES (37, 39) ON CONFLICT DO NOTHING;
INSERT INTO SONGS 
        (SONG_ID, SONG_TITLE, SONG_DURATION, SONG_FILE, POPULARITY, 
         VALENCE, ACCOUSTICNESS, DANCEABILITY, ENERGY, SONG_RELEASE_DATE) 
        VALUES 
        (40, 'Orange - Acoustic', 233, '/default.mp3', 1, 
         0.081, 0.747, 0.362, 0.989, '2021-08-16') ON CONFLICT DO NOTHING;
INSERT INTO COLLECTIONS_SONGS (COLLECTION_ID, SONG_ID, NOMOR_DISC, NOMOR_TRACK) VALUES (39, 40, 1, 1) ON CONFLICT DO NOTHING;
INSERT INTO CREATE_SONGS (ARTIST_ID, SONG_ID) VALUES (37, 40) ON CONFLICT DO NOTHING;
INSERT INTO ARTISTS (ARTIST_ID, ARTIST_NAME, ARTIST_PFP, MONTHLY_LISTENER_COUNT, ARTIST_EMAIL) VALUES (38, 'Hermione', 'https://i.scdn.co/image/ab6761610000e5eb412b3398cafab038b5f3accd', 2372, 'artist38@label.com') ON CONFLICT DO NOTHING;
INSERT INTO GENRES (GENRE_ID, GENRE_NAME) VALUES (38, 'math rock') ON CONFLICT DO NOTHING;
INSERT INTO COLLECTIONS (COLLECTION_ID, COLLECTION_TITLE, COLLECTION_TYPE, COLLECTION_RELEASE_DATE, COLLECTION_COVER) VALUES (40, 'I Do Believe Love at the First Sight', 'Single', '2025-06-27', 'https://i.scdn.co/image/ab67616d0000b2738c6e77302e8840dea69791c0') ON CONFLICT DO NOTHING;
INSERT INTO RELEASES (ARTIST_ID, COLLECTION_ID) VALUES (38, 40) ON CONFLICT DO NOTHING;
INSERT INTO SONGS 
        (SONG_ID, SONG_TITLE, SONG_DURATION, SONG_FILE, POPULARITY, 
         VALENCE, ACCOUSTICNESS, DANCEABILITY, ENERGY, SONG_RELEASE_DATE) 
        VALUES 
        (41, 'The Coffeeshop Where We First Met Right at the Corner', 255, '/default.mp3', 50, 
         0.242, 0.582, 0.084, 0.123, '2025-06-27') ON CONFLICT DO NOTHING;
INSERT INTO COLLECTIONS_SONGS (COLLECTION_ID, SONG_ID, NOMOR_DISC, NOMOR_TRACK) VALUES (40, 41, 1, 1) ON CONFLICT DO NOTHING;
INSERT INTO CREATE_SONGS (ARTIST_ID, SONG_ID) VALUES (38, 41) ON CONFLICT DO NOTHING;
INSERT INTO ARTISTS (ARTIST_ID, ARTIST_NAME, ARTIST_PFP, MONTHLY_LISTENER_COUNT, ARTIST_EMAIL) VALUES (39, 'Reed Wonder', 'https://i.scdn.co/image/ab6761610000e5eb0746aab9c07c00585fbffc8e', 103727, 'artist39@label.com') ON CONFLICT DO NOTHING;
INSERT INTO GENRES (GENRE_ID, GENRE_NAME) VALUES (39, 'dark r&b') ON CONFLICT DO NOTHING;
INSERT INTO COLLECTIONS (COLLECTION_ID, COLLECTION_TITLE, COLLECTION_TYPE, COLLECTION_RELEASE_DATE, COLLECTION_COVER) VALUES (41, 'The Machine', 'Single', '2023-03-17', 'https://i.scdn.co/image/ab67616d0000b2731967da4adf2250eea56f6894') ON CONFLICT DO NOTHING;
INSERT INTO RELEASES (ARTIST_ID, COLLECTION_ID) VALUES (39, 41) ON CONFLICT DO NOTHING;
INSERT INTO SONGS 
        (SONG_ID, SONG_TITLE, SONG_DURATION, SONG_FILE, POPULARITY, 
         VALENCE, ACCOUSTICNESS, DANCEABILITY, ENERGY, SONG_RELEASE_DATE) 
        VALUES 
        (42, 'The Machine', 192, '/default.mp3', 75, 
         0.589, 0.645, 0.128, 0.06, '2023-03-17') ON CONFLICT DO NOTHING;
INSERT INTO COLLECTIONS_SONGS (COLLECTION_ID, SONG_ID, NOMOR_DISC, NOMOR_TRACK) VALUES (41, 42, 1, 1) ON CONFLICT DO NOTHING;
INSERT INTO CREATE_SONGS (ARTIST_ID, SONG_ID) VALUES (39, 42) ON CONFLICT DO NOTHING;
INSERT INTO ARTISTS (ARTIST_ID, ARTIST_NAME, ARTIST_PFP, MONTHLY_LISTENER_COUNT, ARTIST_EMAIL) VALUES (40, 'The Panturas', 'https://i.scdn.co/image/ab6761610000e5eb4d0d9bec5511d4412e2425e8', 345652, 'artist40@label.com') ON CONFLICT DO NOTHING;
INSERT INTO GENRES (GENRE_ID, GENRE_NAME) VALUES (40, 'indonesian indie') ON CONFLICT DO NOTHING;
INSERT INTO GENRES (GENRE_ID, GENRE_NAME) VALUES (41, 'surf rock') ON CONFLICT DO NOTHING;
INSERT INTO GENRES (GENRE_ID, GENRE_NAME) VALUES (42, 'indonesian rock') ON CONFLICT DO NOTHING;
INSERT INTO GENRES (GENRE_ID, GENRE_NAME) VALUES (43, 'indorock') ON CONFLICT DO NOTHING;
INSERT INTO COLLECTIONS (COLLECTION_ID, COLLECTION_TITLE, COLLECTION_TYPE, COLLECTION_RELEASE_DATE, COLLECTION_COVER) VALUES (42, 'Mabuk Laut', 'Album', '2018-04-07', 'https://i.scdn.co/image/ab67616d0000b2733d3e53004945125cfeeeadc5') ON CONFLICT DO NOTHING;
INSERT INTO RELEASES (ARTIST_ID, COLLECTION_ID) VALUES (40, 42) ON CONFLICT DO NOTHING;
INSERT INTO SONGS 
        (SONG_ID, SONG_TITLE, SONG_DURATION, SONG_FILE, POPULARITY, 
         VALENCE, ACCOUSTICNESS, DANCEABILITY, ENERGY, SONG_RELEASE_DATE) 
        VALUES 
        (43, 'Sunshine', 254, '/default.mp3', 57, 
         0.248, 0.659, 0.923, 0.863, '2018-04-07') ON CONFLICT DO NOTHING;
INSERT INTO COLLECTIONS_SONGS (COLLECTION_ID, SONG_ID, NOMOR_DISC, NOMOR_TRACK) VALUES (42, 43, 1, 6) ON CONFLICT DO NOTHING;
INSERT INTO CREATE_SONGS (ARTIST_ID, SONG_ID) VALUES (40, 43) ON CONFLICT DO NOTHING;
INSERT INTO ARTISTS (ARTIST_ID, ARTIST_NAME, ARTIST_PFP, MONTHLY_LISTENER_COUNT, ARTIST_EMAIL) VALUES (41, 'Saybia', 'https://i.scdn.co/image/ce5be3a60ef3e2cead6b981b78ab5f1929b34882', 58320, 'artist41@label.com') ON CONFLICT DO NOTHING;
INSERT INTO GENRES (GENRE_ID, GENRE_NAME) VALUES (44, 'dansk pop') ON CONFLICT DO NOTHING;
INSERT INTO GENRES (GENRE_ID, GENRE_NAME) VALUES (45, 'soft rock') ON CONFLICT DO NOTHING;
INSERT INTO COLLECTIONS (COLLECTION_ID, COLLECTION_TITLE, COLLECTION_TYPE, COLLECTION_RELEASE_DATE, COLLECTION_COVER) VALUES (43, 'The Second You Sleep', 'Album', '2002-10-28', 'https://i.scdn.co/image/ab67616d0000b273b38a243e00efe0135fd0d247') ON CONFLICT DO NOTHING;
INSERT INTO RELEASES (ARTIST_ID, COLLECTION_ID) VALUES (41, 43) ON CONFLICT DO NOTHING;
INSERT INTO SONGS 
        (SONG_ID, SONG_TITLE, SONG_DURATION, SONG_FILE, POPULARITY, 
         VALENCE, ACCOUSTICNESS, DANCEABILITY, ENERGY, SONG_RELEASE_DATE) 
        VALUES 
        (44, 'The Second You Sleep', 257, '/default.mp3', 54, 
         0.873, 0.428, 0.982, 0.547, '2002-10-28') ON CONFLICT DO NOTHING;
INSERT INTO COLLECTIONS_SONGS (COLLECTION_ID, SONG_ID, NOMOR_DISC, NOMOR_TRACK) VALUES (43, 44, 1, 3) ON CONFLICT DO NOTHING;
INSERT INTO CREATE_SONGS (ARTIST_ID, SONG_ID) VALUES (41, 44) ON CONFLICT DO NOTHING;
INSERT INTO ARTISTS (ARTIST_ID, ARTIST_NAME, ARTIST_PFP, MONTHLY_LISTENER_COUNT, ARTIST_EMAIL) VALUES (42, 'Chase Atlantic', 'https://i.scdn.co/image/ab6761610000e5eba4e2d7045cbcca592ba6c7dd', 10584739, 'artist42@label.com') ON CONFLICT DO NOTHING;
INSERT INTO COLLECTIONS (COLLECTION_ID, COLLECTION_TITLE, COLLECTION_TYPE, COLLECTION_RELEASE_DATE, COLLECTION_COVER) VALUES (44, 'Chase Atlantic', 'Album', '2017-10-04', 'https://i.scdn.co/image/ab67616d0000b2735a0c2870f4f309e382d1fad6') ON CONFLICT DO NOTHING;
INSERT INTO RELEASES (ARTIST_ID, COLLECTION_ID) VALUES (42, 44) ON CONFLICT DO NOTHING;
INSERT INTO SONGS 
        (SONG_ID, SONG_TITLE, SONG_DURATION, SONG_FILE, POPULARITY, 
         VALENCE, ACCOUSTICNESS, DANCEABILITY, ENERGY, SONG_RELEASE_DATE) 
        VALUES 
        (45, 'The Walls', 229, '/default.mp3', 74, 
         0.429, 0.348, 0.935, 0.066, '2017-10-04') ON CONFLICT DO NOTHING;
INSERT INTO COLLECTIONS_SONGS (COLLECTION_ID, SONG_ID, NOMOR_DISC, NOMOR_TRACK) VALUES (44, 45, 1, 3) ON CONFLICT DO NOTHING;
INSERT INTO CREATE_SONGS (ARTIST_ID, SONG_ID) VALUES (42, 45) ON CONFLICT DO NOTHING;
INSERT INTO COLLECTIONS (COLLECTION_ID, COLLECTION_TITLE, COLLECTION_TYPE, COLLECTION_RELEASE_DATE, COLLECTION_COVER) VALUES (45, 'Tafsir Mistik', 'Single', '2021-03-05', 'https://i.scdn.co/image/ab67616d0000b273624e73487aaf05f259246b5c') ON CONFLICT DO NOTHING;
INSERT INTO RELEASES (ARTIST_ID, COLLECTION_ID) VALUES (40, 45) ON CONFLICT DO NOTHING;
INSERT INTO SONGS 
        (SONG_ID, SONG_TITLE, SONG_DURATION, SONG_FILE, POPULARITY, 
         VALENCE, ACCOUSTICNESS, DANCEABILITY, ENERGY, SONG_RELEASE_DATE) 
        VALUES 
        (46, 'Tafsir Mistik', 249, '/default.mp3', 47, 
         0.932, 0.954, 0.164, 0.391, '2021-03-05') ON CONFLICT DO NOTHING;
INSERT INTO COLLECTIONS_SONGS (COLLECTION_ID, SONG_ID, NOMOR_DISC, NOMOR_TRACK) VALUES (45, 46, 1, 1) ON CONFLICT DO NOTHING;
INSERT INTO CREATE_SONGS (ARTIST_ID, SONG_ID) VALUES (40, 46) ON CONFLICT DO NOTHING;
INSERT INTO ARTISTS (ARTIST_ID, ARTIST_NAME, ARTIST_PFP, MONTHLY_LISTENER_COUNT, ARTIST_EMAIL) VALUES (43, 'The Beatles', 'https://i.scdn.co/image/ab6761610000e5ebe9348cc01ff5d55971b22433', 30841231, 'artist43@label.com') ON CONFLICT DO NOTHING;
INSERT INTO GENRES (GENRE_ID, GENRE_NAME) VALUES (46, 'psychedelic rock') ON CONFLICT DO NOTHING;
INSERT INTO COLLECTIONS (COLLECTION_ID, COLLECTION_TITLE, COLLECTION_TYPE, COLLECTION_RELEASE_DATE, COLLECTION_COVER) VALUES (46, 'Love', 'Compilation', '2006-11-17', 'https://i.scdn.co/image/ab67616d0000b27330503dbc30e621c96913379b') ON CONFLICT DO NOTHING;
INSERT INTO RELEASES (ARTIST_ID, COLLECTION_ID) VALUES (43, 46) ON CONFLICT DO NOTHING;
INSERT INTO SONGS 
        (SONG_ID, SONG_TITLE, SONG_DURATION, SONG_FILE, POPULARITY, 
         VALENCE, ACCOUSTICNESS, DANCEABILITY, ENERGY, SONG_RELEASE_DATE) 
        VALUES 
        (47, 'Hey Jude', 238, '/default.mp3', 70, 
         0.406, 0.365, 0.921, 0.408, '2006-11-17') ON CONFLICT DO NOTHING;
INSERT INTO COLLECTIONS_SONGS (COLLECTION_ID, SONG_ID, NOMOR_DISC, NOMOR_TRACK) VALUES (46, 47, 1, 24) ON CONFLICT DO NOTHING;
INSERT INTO CREATE_SONGS (ARTIST_ID, SONG_ID) VALUES (43, 47) ON CONFLICT DO NOTHING;
INSERT INTO ARTISTS (ARTIST_ID, ARTIST_NAME, ARTIST_PFP, MONTHLY_LISTENER_COUNT, ARTIST_EMAIL) VALUES (44, 'The Weeknd', 'https://i.scdn.co/image/ab6761610000e5eb9e528993a2820267b97f6aae', 114144399, 'artist44@label.com') ON CONFLICT DO NOTHING;
INSERT INTO COLLECTIONS (COLLECTION_ID, COLLECTION_TITLE, COLLECTION_TYPE, COLLECTION_RELEASE_DATE, COLLECTION_COVER) VALUES (47, 'After Hours', 'Album', '2020-03-20', 'https://i.scdn.co/image/ab67616d0000b2738863bc11d2aa12b54f5aeb36') ON CONFLICT DO NOTHING;
INSERT INTO RELEASES (ARTIST_ID, COLLECTION_ID) VALUES (44, 47) ON CONFLICT DO NOTHING;
INSERT INTO SONGS 
        (SONG_ID, SONG_TITLE, SONG_DURATION, SONG_FILE, POPULARITY, 
         VALENCE, ACCOUSTICNESS, DANCEABILITY, ENERGY, SONG_RELEASE_DATE) 
        VALUES 
        (48, 'After Hours', 361, '/default.mp3', 82, 
         0.68, 0.8, 0.448, 0.437, '2020-03-20') ON CONFLICT DO NOTHING;
INSERT INTO COLLECTIONS_SONGS (COLLECTION_ID, SONG_ID, NOMOR_DISC, NOMOR_TRACK) VALUES (47, 48, 1, 13) ON CONFLICT DO NOTHING;
INSERT INTO CREATE_SONGS (ARTIST_ID, SONG_ID) VALUES (44, 48) ON CONFLICT DO NOTHING;
INSERT INTO ARTISTS (ARTIST_ID, ARTIST_NAME, ARTIST_PFP, MONTHLY_LISTENER_COUNT, ARTIST_EMAIL) VALUES (45, 'The Script', 'https://i.scdn.co/image/ab6761610000e5eb4a0b21cd87d8a8752fd32e94', 8843287, 'artist45@label.com') ON CONFLICT DO NOTHING;
INSERT INTO COLLECTIONS (COLLECTION_ID, COLLECTION_TITLE, COLLECTION_TYPE, COLLECTION_RELEASE_DATE, COLLECTION_COVER) VALUES (48, 'The Script', 'Album', '2008-07-14', 'https://i.scdn.co/image/ab67616d0000b273f33a9f529c12f79b116eb218') ON CONFLICT DO NOTHING;
INSERT INTO RELEASES (ARTIST_ID, COLLECTION_ID) VALUES (45, 48) ON CONFLICT DO NOTHING;
INSERT INTO SONGS 
        (SONG_ID, SONG_TITLE, SONG_DURATION, SONG_FILE, POPULARITY, 
         VALENCE, ACCOUSTICNESS, DANCEABILITY, ENERGY, SONG_RELEASE_DATE) 
        VALUES 
        (49, 'Breakeven', 261, '/default.mp3', 82, 
         0.317, 0.703, 0.715, 0.622, '2008-07-14') ON CONFLICT DO NOTHING;
INSERT INTO COLLECTIONS_SONGS (COLLECTION_ID, SONG_ID, NOMOR_DISC, NOMOR_TRACK) VALUES (48, 49, 1, 5) ON CONFLICT DO NOTHING;
INSERT INTO CREATE_SONGS (ARTIST_ID, SONG_ID) VALUES (45, 49) ON CONFLICT DO NOTHING;
INSERT INTO ARTISTS (ARTIST_ID, ARTIST_NAME, ARTIST_PFP, MONTHLY_LISTENER_COUNT, ARTIST_EMAIL) VALUES (46, 'The Jansen', 'https://i.scdn.co/image/ab6761610000e5eb351ce02f2445d478c0dd1a5e', 762945, 'artist46@label.com') ON CONFLICT DO NOTHING;
INSERT INTO GENRES (GENRE_ID, GENRE_NAME) VALUES (47, 'pop punk') ON CONFLICT DO NOTHING;
INSERT INTO GENRES (GENRE_ID, GENRE_NAME) VALUES (48, 'punk') ON CONFLICT DO NOTHING;
INSERT INTO COLLECTIONS (COLLECTION_ID, COLLECTION_TITLE, COLLECTION_TYPE, COLLECTION_RELEASE_DATE, COLLECTION_COVER) VALUES (49, 'berkelana dalam ruang dan mimpi', 'Single', '2023-06-23', 'https://i.scdn.co/image/ab67616d0000b2736bed09bcae6cbdf7c981bf6c') ON CONFLICT DO NOTHING;
INSERT INTO RELEASES (ARTIST_ID, COLLECTION_ID) VALUES (46, 49) ON CONFLICT DO NOTHING;
INSERT INTO SONGS 
        (SONG_ID, SONG_TITLE, SONG_DURATION, SONG_FILE, POPULARITY, 
         VALENCE, ACCOUSTICNESS, DANCEABILITY, ENERGY, SONG_RELEASE_DATE) 
        VALUES 
        (50, 'berkelana dalam ruang dan mimpi', 156, '/default.mp3', 57, 
         0.742, 0.766, 0.005, 0.724, '2023-06-23') ON CONFLICT DO NOTHING;
INSERT INTO COLLECTIONS_SONGS (COLLECTION_ID, SONG_ID, NOMOR_DISC, NOMOR_TRACK) VALUES (49, 50, 1, 1) ON CONFLICT DO NOTHING;
INSERT INTO CREATE_SONGS (ARTIST_ID, SONG_ID) VALUES (46, 50) ON CONFLICT DO NOTHING;
SELECT setval('seq_users_id', (SELECT MAX(USER_ID) FROM USERS));
SELECT setval('seq_artists_id', (SELECT MAX(ARTIST_ID) FROM ARTISTS));
SELECT setval('seq_genres_id', (SELECT MAX(GENRE_ID) FROM GENRES));
SELECT setval('seq_collections_id', (SELECT MAX(COLLECTION_ID) FROM COLLECTIONS));
SELECT setval('seq_songs_id', (SELECT MAX(SONG_ID) FROM SONGS));
SELECT setval('seq_reviews_id', (SELECT MAX(REVIEW_ID) FROM REVIEWS));
SELECT setval('seq_playlists_id', (SELECT MAX(PLAYLIST_ID) FROM PLAYLISTS));
-- COMMIT; <-- Uncomment jika sudah oke