/* Script Generated by Python Faker (Full 27 Tables) */
BEGIN;
CREATE EXTENSION IF NOT EXISTS pgcrypto;
TRUNCATE TABLE 
        USERS, ARTISTS, GENRES, COLLECTIONS, SONGS, PLAYLISTS, 
        RELEASES, COLLECTIONS_SONGS, CREATE_SONGS, SONGS_GENRES, 
        FOLLOW_ARTISTS, FOLLOW_USERS, LISTENS, LIKE_SONGS, REVIEWS, 
        RATE_SONGS, TOURS, ARTISTS_TOURS, SOCIALS, COLLECTION_LIBRARY, 
        PL_LIBRARY, BLOCK_USERS, BLOCKLIST_ARTISTS, LIKE_REVIEWS, 
        ADD_SONGS_PLAYLISTS, COLLECTION_TOP_3_GENRES, ARTIST_PROMOTION 
        RESTART IDENTITY CASCADE;
INSERT INTO USERS (USER_ID, USERNAME, USER_EMAIL, PW_HASH, USER_PFP, REGION, COUNTRY) VALUES (1, 'zaenab51', 'zaenab51_1@example.com', crypt('mH47OYgSV%i4', gen_salt('bf')), 'https://ui-avatars.com/api/?name=zaenab51&background=random', 'Sulawesi Tengah', 'Indonesia');
INSERT INTO USERS (USER_ID, USERNAME, USER_EMAIL, PW_HASH, USER_PFP, REGION, COUNTRY) VALUES (2, 'dagelputra', 'dagelputra_2@example.com', crypt('5S)4cDqn_6TQ', gen_salt('bf')), 'https://ui-avatars.com/api/?name=dagelputra&background=random', 'Sulawesi Selatan', 'Indonesia');
INSERT INTO USERS (USER_ID, USERNAME, USER_EMAIL, PW_HASH, USER_PFP, REGION, COUNTRY) VALUES (3, 'rahmat64', 'rahmat64_3@example.com', crypt('Y@9d5uvkkWPQ', gen_salt('bf')), 'https://ui-avatars.com/api/?name=rahmat64&background=random', 'Sumatera Utara', 'Indonesia');
INSERT INTO USERS (USER_ID, USERNAME, USER_EMAIL, PW_HASH, USER_PFP, REGION, COUNTRY) VALUES (4, 'rhasanah', 'rhasanah_4@example.com', crypt('$HdG_hAn93y1', gen_salt('bf')), 'https://ui-avatars.com/api/?name=rhasanah&background=random', 'Maluku Utara', 'Indonesia');
INSERT INTO USERS (USER_ID, USERNAME, USER_EMAIL, PW_HASH, USER_PFP, REGION, COUNTRY) VALUES (5, 'yolandacalista', 'yolandacalista_5@example.com', crypt('R!cO7AaI3b2Z', gen_salt('bf')), 'https://ui-avatars.com/api/?name=yolandacalista&background=random', 'DI Yogyakarta', 'Indonesia');
INSERT INTO USERS (USER_ID, USERNAME, USER_EMAIL, PW_HASH, USER_PFP, REGION, COUNTRY) VALUES (6, 'usyi33', 'usyi33_6@example.com', crypt('4)4AMRfx_u$i', gen_salt('bf')), 'https://ui-avatars.com/api/?name=usyi33&background=random', 'Nusa Tenggara Timur', 'Indonesia');
INSERT INTO USERS (USER_ID, USERNAME, USER_EMAIL, PW_HASH, USER_PFP, REGION, COUNTRY) VALUES (7, 'cakrabuanahardiansyah', 'cakrabuanahardiansyah_7@example.com', crypt('^^7bG3H@1piP', gen_salt('bf')), 'https://ui-avatars.com/api/?name=cakrabuanahardiansyah&background=random', 'Nusa Tenggara Barat', 'Indonesia');
INSERT INTO USERS (USER_ID, USERNAME, USER_EMAIL, PW_HASH, USER_PFP, REGION, COUNTRY) VALUES (8, 'mumpuni97', 'mumpuni97_8@example.com', crypt('R!Uo!X2hL+8g', gen_salt('bf')), 'https://ui-avatars.com/api/?name=mumpuni97&background=random', 'Papua Barat', 'Indonesia');
INSERT INTO USERS (USER_ID, USERNAME, USER_EMAIL, PW_HASH, USER_PFP, REGION, COUNTRY) VALUES (9, 'agneswaskita', 'agneswaskita_9@example.com', crypt('0KJ3VZRk$G1o', gen_salt('bf')), 'https://ui-avatars.com/api/?name=agneswaskita&background=random', 'Sulawesi Tengah', 'Indonesia');
INSERT INTO USERS (USER_ID, USERNAME, USER_EMAIL, PW_HASH, USER_PFP, REGION, COUNTRY) VALUES (10, 'fpradana', 'fpradana_10@example.com', crypt('_Re+P!um4NBM', gen_salt('bf')), 'https://ui-avatars.com/api/?name=fpradana&background=random', 'Sulawesi Barat', 'Indonesia');
INSERT INTO USERS (USER_ID, USERNAME, USER_EMAIL, PW_HASH, USER_PFP, REGION, COUNTRY) VALUES (11, 'ajimat89', 'ajimat89_11@example.com', crypt('($gFgZqpBd6v', gen_salt('bf')), 'https://ui-avatars.com/api/?name=ajimat89&background=random', 'Sumatera Barat', 'Indonesia');
INSERT INTO USERS (USER_ID, USERNAME, USER_EMAIL, PW_HASH, USER_PFP, REGION, COUNTRY) VALUES (12, 'mhardiansyah', 'mhardiansyah_12@example.com', crypt('753CHBu5Fu*J', gen_salt('bf')), 'https://ui-avatars.com/api/?name=mhardiansyah&background=random', 'Sulawesi Tenggara', 'Indonesia');
INSERT INTO USERS (USER_ID, USERNAME, USER_EMAIL, PW_HASH, USER_PFP, REGION, COUNTRY) VALUES (13, 'nusada', 'nusada_13@example.com', crypt('$*1rq1r5SD)D', gen_salt('bf')), 'https://ui-avatars.com/api/?name=nusada&background=random', 'Sulawesi Selatan', 'Indonesia');
INSERT INTO USERS (USER_ID, USERNAME, USER_EMAIL, PW_HASH, USER_PFP, REGION, COUNTRY) VALUES (14, 'yoga10', 'yoga10_14@example.com', crypt(')H2LZmEy7zcG', gen_salt('bf')), 'https://ui-avatars.com/api/?name=yoga10&background=random', 'Sulawesi Selatan', 'Indonesia');
INSERT INTO USERS (USER_ID, USERNAME, USER_EMAIL, PW_HASH, USER_PFP, REGION, COUNTRY) VALUES (15, 'reksaharyanto', 'reksaharyanto_15@example.com', crypt('%V2MOYorpjC6', gen_salt('bf')), 'https://ui-avatars.com/api/?name=reksaharyanto&background=random', 'Kalimantan Utara', 'Indonesia');
INSERT INTO USERS (USER_ID, USERNAME, USER_EMAIL, PW_HASH, USER_PFP, REGION, COUNTRY) VALUES (16, 'ellalazuardi', 'ellalazuardi_16@example.com', crypt('ul5nlBowq$fO', gen_salt('bf')), 'https://ui-avatars.com/api/?name=ellalazuardi&background=random', 'Sulawesi Utara', 'Indonesia');
INSERT INTO USERS (USER_ID, USERNAME, USER_EMAIL, PW_HASH, USER_PFP, REGION, COUNTRY) VALUES (17, 'mardhiyahpaiman', 'mardhiyahpaiman_17@example.com', crypt('#(7P&Eu5k*eT', gen_salt('bf')), 'https://ui-avatars.com/api/?name=mardhiyahpaiman&background=random', 'Kalimantan Timur', 'Indonesia');
INSERT INTO USERS (USER_ID, USERNAME, USER_EMAIL, PW_HASH, USER_PFP, REGION, COUNTRY) VALUES (18, 'ratna03', 'ratna03_18@example.com', crypt('hUJrTkYHz$T8', gen_salt('bf')), 'https://ui-avatars.com/api/?name=ratna03&background=random', 'DI Yogyakarta', 'Indonesia');
INSERT INTO USERS (USER_ID, USERNAME, USER_EMAIL, PW_HASH, USER_PFP, REGION, COUNTRY) VALUES (19, 'plestari', 'plestari_19@example.com', crypt('8DXBVQiD%01S', gen_salt('bf')), 'https://ui-avatars.com/api/?name=plestari&background=random', 'Sulawesi Barat', 'Indonesia');
INSERT INTO USERS (USER_ID, USERNAME, USER_EMAIL, PW_HASH, USER_PFP, REGION, COUNTRY) VALUES (20, 'sitorusutama', 'sitorusutama_20@example.com', crypt('@N(Ypur^#&80', gen_salt('bf')), 'https://ui-avatars.com/api/?name=sitorusutama&background=random', 'Papua Barat', 'Indonesia');
INSERT INTO USERS (USER_ID, USERNAME, USER_EMAIL, PW_HASH, USER_PFP, REGION, COUNTRY) VALUES (21, 'alambana06', 'alambana06_21@example.com', crypt('z6tU+Tk9+)%V', gen_salt('bf')), 'https://ui-avatars.com/api/?name=alambana06&background=random', 'Nusa Tenggara Barat', 'Indonesia');
INSERT INTO USERS (USER_ID, USERNAME, USER_EMAIL, PW_HASH, USER_PFP, REGION, COUNTRY) VALUES (22, 'maman83', 'maman83_22@example.com', crypt('4!6GTsH!(a2r', gen_salt('bf')), 'https://ui-avatars.com/api/?name=maman83&background=random', 'Kepulauan Riau', 'Indonesia');
INSERT INTO USERS (USER_ID, USERNAME, USER_EMAIL, PW_HASH, USER_PFP, REGION, COUNTRY) VALUES (23, 'grajata', 'grajata_23@example.com', crypt('_rl24tg!&cMf', gen_salt('bf')), 'https://ui-avatars.com/api/?name=grajata&background=random', 'Banten', 'Indonesia');
INSERT INTO USERS (USER_ID, USERNAME, USER_EMAIL, PW_HASH, USER_PFP, REGION, COUNTRY) VALUES (24, 'kasusranainggolan', 'kasusranainggolan_24@example.com', crypt('%r8D4vL_$dwl', gen_salt('bf')), 'https://ui-avatars.com/api/?name=kasusranainggolan&background=random', 'Jawa Tengah', 'Indonesia');
INSERT INTO USERS (USER_ID, USERNAME, USER_EMAIL, PW_HASH, USER_PFP, REGION, COUNTRY) VALUES (25, 'cnasyidah', 'cnasyidah_25@example.com', crypt('YO@uQMjl!4H5', gen_salt('bf')), 'https://ui-avatars.com/api/?name=cnasyidah&background=random', 'Kalimantan Tengah', 'Indonesia');
INSERT INTO ARTISTS (ARTIST_ID, ARTIST_NAME, ARTIST_PFP, MONTHLY_LISTENER_COUNT, ARTIST_EMAIL) VALUES (1, 'Kenshi Yonezu', 'https://i.scdn.co/image/ab6761610000e5eb551104d6bfdfc4de65b057a2', 7560737, 'contact.1@label.com') ON CONFLICT DO NOTHING;
INSERT INTO GENRES (GENRE_ID, GENRE_NAME) VALUES (1, 'j-pop') ON CONFLICT DO NOTHING;
INSERT INTO GENRES (GENRE_ID, GENRE_NAME) VALUES (2, 'anime') ON CONFLICT DO NOTHING;
INSERT INTO GENRES (GENRE_ID, GENRE_NAME) VALUES (3, 'j-rock') ON CONFLICT DO NOTHING;
INSERT INTO COLLECTIONS (COLLECTION_ID, COLLECTION_TITLE, COLLECTION_TYPE, COLLECTION_RELEASE_DATE, COLLECTION_COVER, ISPRERELEASE) VALUES (1, 'IRIS OUT', 'Single', '2025-09-15', 'https://i.scdn.co/image/ab67616d0000b2736d1d4e875e2424cdd07f3232', FALSE) ON CONFLICT DO NOTHING;
INSERT INTO RELEASES (ARTIST_ID, COLLECTION_ID) VALUES (1, 1) ON CONFLICT DO NOTHING;
INSERT INTO SONGS (SONG_ID, SONG_TITLE, SONG_DURATION, SONG_FILE, POPULARITY, VALENCE, ACCOUSTICNESS, DANCEABILITY, ENERGY, SONG_RELEASE_DATE) 
                  VALUES (1, 'IRIS OUT', 151, '/stream/audio_default.mp3', 89, 0.264, 0.549, 0.827, 0.27, '2025-09-15') ON CONFLICT DO NOTHING;
INSERT INTO SONGS_GENRES (SONG_ID, GENRE_ID) VALUES (1, 2) ON CONFLICT DO NOTHING;
INSERT INTO SONGS_GENRES (SONG_ID, GENRE_ID) VALUES (1, 1) ON CONFLICT DO NOTHING;
INSERT INTO COLLECTIONS_SONGS (COLLECTION_ID, SONG_ID, NOMOR_DISC, NOMOR_TRACK) VALUES (1, 1, 1, 1) ON CONFLICT DO NOTHING;
INSERT INTO CREATE_SONGS (ARTIST_ID, SONG_ID) VALUES (1, 1) ON CONFLICT DO NOTHING;
INSERT INTO ARTISTS (ARTIST_ID, ARTIST_NAME, ARTIST_PFP, MONTHLY_LISTENER_COUNT, ARTIST_EMAIL) VALUES (2, 'Idgitaf', 'https://i.scdn.co/image/ab6761610000e5ebc9938371e3f63554f5f66b44', 2353372, 'contact.2@label.com') ON CONFLICT DO NOTHING;
INSERT INTO GENRES (GENRE_ID, GENRE_NAME) VALUES (4, 'indonesian pop') ON CONFLICT DO NOTHING;
INSERT INTO GENRES (GENRE_ID, GENRE_NAME) VALUES (5, 'indonesian indie') ON CONFLICT DO NOTHING;
INSERT INTO COLLECTIONS (COLLECTION_ID, COLLECTION_TITLE, COLLECTION_TYPE, COLLECTION_RELEASE_DATE, COLLECTION_COVER, ISPRERELEASE) VALUES (2, 'Sedia Aku Sebelum Hujan', 'Single', '2025-10-08', 'https://i.scdn.co/image/ab67616d0000b2738dc8c573565969d55f9f3477', FALSE) ON CONFLICT DO NOTHING;
INSERT INTO RELEASES (ARTIST_ID, COLLECTION_ID) VALUES (2, 2) ON CONFLICT DO NOTHING;
INSERT INTO SONGS (SONG_ID, SONG_TITLE, SONG_DURATION, SONG_FILE, POPULARITY, VALENCE, ACCOUSTICNESS, DANCEABILITY, ENERGY, SONG_RELEASE_DATE) 
                  VALUES (2, 'Sedia Aku Sebelum Hujan', 230, '/stream/audio_default.mp3', 74, 0.351, 0.453, 0.784, 0.551, '2025-10-08') ON CONFLICT DO NOTHING;
INSERT INTO SONGS_GENRES (SONG_ID, GENRE_ID) VALUES (2, 4) ON CONFLICT DO NOTHING;
INSERT INTO SONGS_GENRES (SONG_ID, GENRE_ID) VALUES (2, 5) ON CONFLICT DO NOTHING;
INSERT INTO COLLECTIONS_SONGS (COLLECTION_ID, SONG_ID, NOMOR_DISC, NOMOR_TRACK) VALUES (2, 2, 1, 1) ON CONFLICT DO NOTHING;
INSERT INTO CREATE_SONGS (ARTIST_ID, SONG_ID) VALUES (2, 2) ON CONFLICT DO NOTHING;
INSERT INTO ARTISTS (ARTIST_ID, ARTIST_NAME, ARTIST_PFP, MONTHLY_LISTENER_COUNT, ARTIST_EMAIL) VALUES (3, 'Noel Gallagher''s High Flying Birds', 'https://i.scdn.co/image/ab6761610000e5eb21544d3b4e0a00d209f56743', 1066758, 'contact.3@label.com') ON CONFLICT DO NOTHING;
INSERT INTO GENRES (GENRE_ID, GENRE_NAME) VALUES (6, 'britpop') ON CONFLICT DO NOTHING;
INSERT INTO GENRES (GENRE_ID, GENRE_NAME) VALUES (7, 'madchester') ON CONFLICT DO NOTHING;
INSERT INTO COLLECTIONS (COLLECTION_ID, COLLECTION_TITLE, COLLECTION_TYPE, COLLECTION_RELEASE_DATE, COLLECTION_COVER, ISPRERELEASE) VALUES (3, 'Noel Gallagher''s High Flying Birds', 'Album', '2011-10-17', 'https://i.scdn.co/image/ab67616d0000b2732c59058c29e0f2eb289b120f', FALSE) ON CONFLICT DO NOTHING;
INSERT INTO RELEASES (ARTIST_ID, COLLECTION_ID) VALUES (3, 3) ON CONFLICT DO NOTHING;
INSERT INTO SONGS (SONG_ID, SONG_TITLE, SONG_DURATION, SONG_FILE, POPULARITY, VALENCE, ACCOUSTICNESS, DANCEABILITY, ENERGY, SONG_RELEASE_DATE) 
                  VALUES (3, 'If I Had A Gun…', 249, '/stream/audio_default.mp3', 68, 0.415, 0.775, 0.717, 0.248, '2011-10-17') ON CONFLICT DO NOTHING;
INSERT INTO SONGS_GENRES (SONG_ID, GENRE_ID) VALUES (3, 7) ON CONFLICT DO NOTHING;
INSERT INTO SONGS_GENRES (SONG_ID, GENRE_ID) VALUES (3, 6) ON CONFLICT DO NOTHING;
INSERT INTO COLLECTIONS_SONGS (COLLECTION_ID, SONG_ID, NOMOR_DISC, NOMOR_TRACK) VALUES (3, 3, 1, 3) ON CONFLICT DO NOTHING;
INSERT INTO CREATE_SONGS (ARTIST_ID, SONG_ID) VALUES (3, 3) ON CONFLICT DO NOTHING;
INSERT INTO ARTISTS (ARTIST_ID, ARTIST_NAME, ARTIST_PFP, MONTHLY_LISTENER_COUNT, ARTIST_EMAIL) VALUES (4, 'Jung Seung Hwan', 'https://i.scdn.co/image/ab6761610000e5eb70e421846bdd71847716d87d', 281315, 'contact.4@label.com') ON CONFLICT DO NOTHING;
INSERT INTO GENRES (GENRE_ID, GENRE_NAME) VALUES (8, 'k-ballad') ON CONFLICT DO NOTHING;
INSERT INTO GENRES (GENRE_ID, GENRE_NAME) VALUES (9, 'soundtrack') ON CONFLICT DO NOTHING;
INSERT INTO COLLECTIONS (COLLECTION_ID, COLLECTION_TITLE, COLLECTION_TYPE, COLLECTION_RELEASE_DATE, COLLECTION_COVER, ISPRERELEASE) VALUES (4, 'Another Miss Oh, Pt. 5 (Original Television Soundtrack)', 'Single', '2016-05-31', 'https://i.scdn.co/image/ab67616d0000b273d302508be9a23d452069eaa2', FALSE) ON CONFLICT DO NOTHING;
INSERT INTO RELEASES (ARTIST_ID, COLLECTION_ID) VALUES (4, 4) ON CONFLICT DO NOTHING;
INSERT INTO SONGS (SONG_ID, SONG_TITLE, SONG_DURATION, SONG_FILE, POPULARITY, VALENCE, ACCOUSTICNESS, DANCEABILITY, ENERGY, SONG_RELEASE_DATE) 
                  VALUES (4, 'If It Is You', 272, '/stream/audio_default.mp3', 62, 0.126, 0.417, 0.996, 0.837, '2016-05-31') ON CONFLICT DO NOTHING;
INSERT INTO SONGS_GENRES (SONG_ID, GENRE_ID) VALUES (4, 8) ON CONFLICT DO NOTHING;
INSERT INTO SONGS_GENRES (SONG_ID, GENRE_ID) VALUES (4, 9) ON CONFLICT DO NOTHING;
INSERT INTO COLLECTIONS_SONGS (COLLECTION_ID, SONG_ID, NOMOR_DISC, NOMOR_TRACK) VALUES (4, 4, 1, 1) ON CONFLICT DO NOTHING;
INSERT INTO CREATE_SONGS (ARTIST_ID, SONG_ID) VALUES (4, 4) ON CONFLICT DO NOTHING;
INSERT INTO ARTISTS (ARTIST_ID, ARTIST_NAME, ARTIST_PFP, MONTHLY_LISTENER_COUNT, ARTIST_EMAIL) VALUES (5, 'Demi Lovato', 'https://i.scdn.co/image/ab6761610000e5eb42d7061876b87861d7c8f3fb', 27283316, 'contact.5@label.com') ON CONFLICT DO NOTHING;
INSERT INTO COLLECTIONS (COLLECTION_ID, COLLECTION_TITLE, COLLECTION_TYPE, COLLECTION_RELEASE_DATE, COLLECTION_COVER, ISPRERELEASE) VALUES (5, 'The Angry Birds Movie (Original Motion Picture Soundtrack)', 'Compilation', '2016-05-06', 'https://i.scdn.co/image/ab67616d0000b273acd2af2b113e8b2ad2369af9', FALSE) ON CONFLICT DO NOTHING;
INSERT INTO RELEASES (ARTIST_ID, COLLECTION_ID) VALUES (5, 5) ON CONFLICT DO NOTHING;
INSERT INTO SONGS (SONG_ID, SONG_TITLE, SONG_DURATION, SONG_FILE, POPULARITY, VALENCE, ACCOUSTICNESS, DANCEABILITY, ENERGY, SONG_RELEASE_DATE) 
                  VALUES (5, 'I Will Survive', 245, '/stream/audio_default.mp3', 68, 0.995, 0.813, 0.035, 0.527, '2016-05-06') ON CONFLICT DO NOTHING;
INSERT INTO SONGS_GENRES (SONG_ID, GENRE_ID) VALUES (5, 9) ON CONFLICT DO NOTHING;
INSERT INTO SONGS_GENRES (SONG_ID, GENRE_ID) VALUES (5, 2) ON CONFLICT DO NOTHING;
INSERT INTO COLLECTIONS_SONGS (COLLECTION_ID, SONG_ID, NOMOR_DISC, NOMOR_TRACK) VALUES (5, 5, 1, 2) ON CONFLICT DO NOTHING;
INSERT INTO CREATE_SONGS (ARTIST_ID, SONG_ID) VALUES (5, 5) ON CONFLICT DO NOTHING;
INSERT INTO ARTISTS (ARTIST_ID, ARTIST_NAME, ARTIST_PFP, MONTHLY_LISTENER_COUNT, ARTIST_EMAIL) VALUES (6, 'Pidi Baiq', 'https://i.scdn.co/image/ab6761610000e5eb83ce7f2d97e0a443192c97cd', 91605, 'contact.6@label.com') ON CONFLICT DO NOTHING;
INSERT INTO COLLECTIONS (COLLECTION_ID, COLLECTION_TITLE, COLLECTION_TYPE, COLLECTION_RELEASE_DATE, COLLECTION_COVER, ISPRERELEASE) VALUES (6, 'Ibu Ibu Ibu', 'Single', '2021-12-22', 'https://i.scdn.co/image/ab67616d0000b27347f68ac0295e0613506150bf', FALSE) ON CONFLICT DO NOTHING;
INSERT INTO RELEASES (ARTIST_ID, COLLECTION_ID) VALUES (6, 6) ON CONFLICT DO NOTHING;
INSERT INTO SONGS (SONG_ID, SONG_TITLE, SONG_DURATION, SONG_FILE, POPULARITY, VALENCE, ACCOUSTICNESS, DANCEABILITY, ENERGY, SONG_RELEASE_DATE) 
                  VALUES (6, 'Ibu Ibu Ibu', 199, '/stream/audio_default.mp3', 51, 0.786, 0.002, 0.69, 0.739, '2021-12-22') ON CONFLICT DO NOTHING;
INSERT INTO SONGS_GENRES (SONG_ID, GENRE_ID) VALUES (6, 5) ON CONFLICT DO NOTHING;
INSERT INTO COLLECTIONS_SONGS (COLLECTION_ID, SONG_ID, NOMOR_DISC, NOMOR_TRACK) VALUES (6, 6, 1, 1) ON CONFLICT DO NOTHING;
INSERT INTO CREATE_SONGS (ARTIST_ID, SONG_ID) VALUES (6, 6) ON CONFLICT DO NOTHING;
INSERT INTO ARTISTS (ARTIST_ID, ARTIST_NAME, ARTIST_PFP, MONTHLY_LISTENER_COUNT, ARTIST_EMAIL) VALUES (7, 'Stephanie Poetri', 'https://i.scdn.co/image/ab6761610000e5eb16db0b637f09f2706c40d6da', 530654, 'contact.7@label.com') ON CONFLICT DO NOTHING;
INSERT INTO COLLECTIONS (COLLECTION_ID, COLLECTION_TITLE, COLLECTION_TYPE, COLLECTION_RELEASE_DATE, COLLECTION_COVER, ISPRERELEASE) VALUES (7, 'I Love You 3000', 'Single', '2019-06-03', 'https://i.scdn.co/image/ab67616d0000b2737ccc25a40a7a2f230fca5a36', FALSE) ON CONFLICT DO NOTHING;
INSERT INTO RELEASES (ARTIST_ID, COLLECTION_ID) VALUES (7, 7) ON CONFLICT DO NOTHING;
INSERT INTO SONGS (SONG_ID, SONG_TITLE, SONG_DURATION, SONG_FILE, POPULARITY, VALENCE, ACCOUSTICNESS, DANCEABILITY, ENERGY, SONG_RELEASE_DATE) 
                  VALUES (7, 'I Love You 3000', 209, '/stream/audio_default.mp3', 70, 0.346, 0.831, 0.116, 0.9, '2019-06-03') ON CONFLICT DO NOTHING;
INSERT INTO SONGS_GENRES (SONG_ID, GENRE_ID) VALUES (7, 7) ON CONFLICT DO NOTHING;
INSERT INTO SONGS_GENRES (SONG_ID, GENRE_ID) VALUES (7, 4) ON CONFLICT DO NOTHING;
INSERT INTO COLLECTIONS_SONGS (COLLECTION_ID, SONG_ID, NOMOR_DISC, NOMOR_TRACK) VALUES (7, 7, 1, 1) ON CONFLICT DO NOTHING;
INSERT INTO CREATE_SONGS (ARTIST_ID, SONG_ID) VALUES (7, 7) ON CONFLICT DO NOTHING;
INSERT INTO ARTISTS (ARTIST_ID, ARTIST_NAME, ARTIST_PFP, MONTHLY_LISTENER_COUNT, ARTIST_EMAIL) VALUES (8, 'Sam Smith', 'https://i.scdn.co/image/ab6761610000e5eb3262e01b79152c4f8007f3ac', 26400603, 'contact.8@label.com') ON CONFLICT DO NOTHING;
INSERT INTO GENRES (GENRE_ID, GENRE_NAME) VALUES (10, 'soft pop') ON CONFLICT DO NOTHING;
INSERT INTO COLLECTIONS (COLLECTION_ID, COLLECTION_TITLE, COLLECTION_TYPE, COLLECTION_RELEASE_DATE, COLLECTION_COVER, ISPRERELEASE) VALUES (8, 'In The Lonely Hour', 'Album', '2014-05-26', 'https://i.scdn.co/image/ab67616d0000b273b11bdc91cb9ac6b14f5c1dae', FALSE) ON CONFLICT DO NOTHING;
INSERT INTO RELEASES (ARTIST_ID, COLLECTION_ID) VALUES (8, 8) ON CONFLICT DO NOTHING;
INSERT INTO SONGS (SONG_ID, SONG_TITLE, SONG_DURATION, SONG_FILE, POPULARITY, VALENCE, ACCOUSTICNESS, DANCEABILITY, ENERGY, SONG_RELEASE_DATE) 
                  VALUES (8, 'I''m Not The Only One', 239, '/stream/audio_default.mp3', 86, 0.07, 0.564, 0.561, 0.025, '2014-05-26') ON CONFLICT DO NOTHING;
INSERT INTO SONGS_GENRES (SONG_ID, GENRE_ID) VALUES (8, 10) ON CONFLICT DO NOTHING;
INSERT INTO COLLECTIONS_SONGS (COLLECTION_ID, SONG_ID, NOMOR_DISC, NOMOR_TRACK) VALUES (8, 8, 1, 5) ON CONFLICT DO NOTHING;
INSERT INTO CREATE_SONGS (ARTIST_ID, SONG_ID) VALUES (8, 8) ON CONFLICT DO NOTHING;
INSERT INTO ARTISTS (ARTIST_ID, ARTIST_NAME, ARTIST_PFP, MONTHLY_LISTENER_COUNT, ARTIST_EMAIL) VALUES (9, 'Iyeth Bustami', 'https://i.scdn.co/image/ab67616d0000b2733273a94db1a09fb1ed556c66', 59829, 'contact.9@label.com') ON CONFLICT DO NOTHING;
INSERT INTO GENRES (GENRE_ID, GENRE_NAME) VALUES (11, 'dangdut') ON CONFLICT DO NOTHING;
INSERT INTO GENRES (GENRE_ID, GENRE_NAME) VALUES (12, 'malay') ON CONFLICT DO NOTHING;
INSERT INTO GENRES (GENRE_ID, GENRE_NAME) VALUES (13, 'malay pop') ON CONFLICT DO NOTHING;
INSERT INTO GENRES (GENRE_ID, GENRE_NAME) VALUES (14, 'koplo') ON CONFLICT DO NOTHING;
INSERT INTO GENRES (GENRE_ID, GENRE_NAME) VALUES (15, 'malaysian pop') ON CONFLICT DO NOTHING;
INSERT INTO COLLECTIONS (COLLECTION_ID, COLLECTION_TITLE, COLLECTION_TYPE, COLLECTION_RELEASE_DATE, COLLECTION_COVER, ISPRERELEASE) VALUES (9, 'Album Zapin Dut Iyeth Bustami', 'Album', '2003-08-24', 'https://i.scdn.co/image/ab67616d0000b2733273a94db1a09fb1ed556c66', FALSE) ON CONFLICT DO NOTHING;
INSERT INTO RELEASES (ARTIST_ID, COLLECTION_ID) VALUES (9, 9) ON CONFLICT DO NOTHING;
INSERT INTO SONGS (SONG_ID, SONG_TITLE, SONG_DURATION, SONG_FILE, POPULARITY, VALENCE, ACCOUSTICNESS, DANCEABILITY, ENERGY, SONG_RELEASE_DATE) 
                  VALUES (9, 'Ijuk', 346, '/stream/audio_default.mp3', 47, 0.737, 0.158, 0.986, 0.454, '2003-08-24') ON CONFLICT DO NOTHING;
INSERT INTO SONGS_GENRES (SONG_ID, GENRE_ID) VALUES (9, 12) ON CONFLICT DO NOTHING;
INSERT INTO SONGS_GENRES (SONG_ID, GENRE_ID) VALUES (9, 15) ON CONFLICT DO NOTHING;
INSERT INTO COLLECTIONS_SONGS (COLLECTION_ID, SONG_ID, NOMOR_DISC, NOMOR_TRACK) VALUES (9, 9, 1, 2) ON CONFLICT DO NOTHING;
INSERT INTO CREATE_SONGS (ARTIST_ID, SONG_ID) VALUES (9, 9) ON CONFLICT DO NOTHING;
INSERT INTO ARTISTS (ARTIST_ID, ARTIST_NAME, ARTIST_PFP, MONTHLY_LISTENER_COUNT, ARTIST_EMAIL) VALUES (10, 'Iwan Fals', 'https://i.scdn.co/image/ab6761610000e5eb579f65f66f96339a30aa4ddc', 7162525, 'contact.10@label.com') ON CONFLICT DO NOTHING;
INSERT INTO GENRES (GENRE_ID, GENRE_NAME) VALUES (16, 'indonesian rock') ON CONFLICT DO NOTHING;
INSERT INTO GENRES (GENRE_ID, GENRE_NAME) VALUES (17, 'indorock') ON CONFLICT DO NOTHING;
INSERT INTO GENRES (GENRE_ID, GENRE_NAME) VALUES (18, 'pop kreatif') ON CONFLICT DO NOTHING;
INSERT INTO COLLECTIONS (COLLECTION_ID, COLLECTION_TITLE, COLLECTION_TYPE, COLLECTION_RELEASE_DATE, COLLECTION_COVER, ISPRERELEASE) VALUES (10, 'Sugali', 'Album', '1984-01-01', 'https://i.scdn.co/image/ab67616d0000b2734c3c17b4babd8a1e0a98ea5f', FALSE) ON CONFLICT DO NOTHING;
INSERT INTO RELEASES (ARTIST_ID, COLLECTION_ID) VALUES (10, 10) ON CONFLICT DO NOTHING;
INSERT INTO SONGS (SONG_ID, SONG_TITLE, SONG_DURATION, SONG_FILE, POPULARITY, VALENCE, ACCOUSTICNESS, DANCEABILITY, ENERGY, SONG_RELEASE_DATE) 
                  VALUES (10, 'Rindu Tebal', 220, '/stream/audio_default.mp3', 55, 0.291, 0.164, 0.934, 0.004, '1984-01-01') ON CONFLICT DO NOTHING;
INSERT INTO SONGS_GENRES (SONG_ID, GENRE_ID) VALUES (10, 18) ON CONFLICT DO NOTHING;
INSERT INTO SONGS_GENRES (SONG_ID, GENRE_ID) VALUES (10, 16) ON CONFLICT DO NOTHING;
INSERT INTO COLLECTIONS_SONGS (COLLECTION_ID, SONG_ID, NOMOR_DISC, NOMOR_TRACK) VALUES (10, 10, 1, 2) ON CONFLICT DO NOTHING;
INSERT INTO CREATE_SONGS (ARTIST_ID, SONG_ID) VALUES (10, 10) ON CONFLICT DO NOTHING;
INSERT INTO ARTISTS (ARTIST_ID, ARTIST_NAME, ARTIST_PFP, MONTHLY_LISTENER_COUNT, ARTIST_EMAIL) VALUES (11, 'Westlife', 'https://i.scdn.co/image/ab6761610000e5eb7299fecc45211132432d7d8c', 4816821, 'contact.11@label.com') ON CONFLICT DO NOTHING;
INSERT INTO COLLECTIONS (COLLECTION_ID, COLLECTION_TITLE, COLLECTION_TYPE, COLLECTION_RELEASE_DATE, COLLECTION_COVER, ISPRERELEASE) VALUES (11, 'Westlife', 'Album', '1999-11-01', 'https://i.scdn.co/image/ab67616d0000b27344ead2b3b8073d06a23c8580', FALSE) ON CONFLICT DO NOTHING;
INSERT INTO RELEASES (ARTIST_ID, COLLECTION_ID) VALUES (11, 11) ON CONFLICT DO NOTHING;
INSERT INTO SONGS (SONG_ID, SONG_TITLE, SONG_DURATION, SONG_FILE, POPULARITY, VALENCE, ACCOUSTICNESS, DANCEABILITY, ENERGY, SONG_RELEASE_DATE) 
                  VALUES (11, 'If I Let You Go - Radio Edit', 221, '/stream/audio_default.mp3', 70, 0.605, 0.031, 0.552, 0.289, '1999-11-01') ON CONFLICT DO NOTHING;
INSERT INTO SONGS_GENRES (SONG_ID, GENRE_ID) VALUES (11, 7) ON CONFLICT DO NOTHING;
INSERT INTO SONGS_GENRES (SONG_ID, GENRE_ID) VALUES (11, 16) ON CONFLICT DO NOTHING;
INSERT INTO COLLECTIONS_SONGS (COLLECTION_ID, SONG_ID, NOMOR_DISC, NOMOR_TRACK) VALUES (11, 11, 1, 2) ON CONFLICT DO NOTHING;
INSERT INTO CREATE_SONGS (ARTIST_ID, SONG_ID) VALUES (11, 11) ON CONFLICT DO NOTHING;
INSERT INTO COLLECTIONS (COLLECTION_ID, COLLECTION_TITLE, COLLECTION_TYPE, COLLECTION_RELEASE_DATE, COLLECTION_COVER, ISPRERELEASE) VALUES (12, '1910', 'Album', '1993-10-03', 'https://i.scdn.co/image/ab67616d0000b273fdf505b06cccfb9e9a0b835b', FALSE) ON CONFLICT DO NOTHING;
INSERT INTO RELEASES (ARTIST_ID, COLLECTION_ID) VALUES (10, 12) ON CONFLICT DO NOTHING;
INSERT INTO SONGS (SONG_ID, SONG_TITLE, SONG_DURATION, SONG_FILE, POPULARITY, VALENCE, ACCOUSTICNESS, DANCEABILITY, ENERGY, SONG_RELEASE_DATE) 
                  VALUES (12, 'Buku Ini Aku Pinjam', 287, '/stream/audio_default.mp3', 48, 0.831, 0.218, 0.465, 0.349, '1993-10-03') ON CONFLICT DO NOTHING;
INSERT INTO SONGS_GENRES (SONG_ID, GENRE_ID) VALUES (12, 4) ON CONFLICT DO NOTHING;
INSERT INTO SONGS_GENRES (SONG_ID, GENRE_ID) VALUES (12, 17) ON CONFLICT DO NOTHING;
INSERT INTO COLLECTIONS_SONGS (COLLECTION_ID, SONG_ID, NOMOR_DISC, NOMOR_TRACK) VALUES (12, 12, 1, 1) ON CONFLICT DO NOTHING;
INSERT INTO CREATE_SONGS (ARTIST_ID, SONG_ID) VALUES (10, 12) ON CONFLICT DO NOTHING;
INSERT INTO ARTISTS (ARTIST_ID, ARTIST_NAME, ARTIST_PFP, MONTHLY_LISTENER_COUNT, ARTIST_EMAIL) VALUES (12, 'Stand Here Alone', 'https://i.scdn.co/image/ab6761610000e5ebffcfc1bde8c99fdeed11a640', 1427514, 'contact.12@label.com') ON CONFLICT DO NOTHING;
INSERT INTO GENRES (GENRE_ID, GENRE_NAME) VALUES (19, 'pop punk') ON CONFLICT DO NOTHING;
INSERT INTO GENRES (GENRE_ID, GENRE_NAME) VALUES (20, 'skate punk') ON CONFLICT DO NOTHING;
INSERT INTO GENRES (GENRE_ID, GENRE_NAME) VALUES (21, 'punk') ON CONFLICT DO NOTHING;
INSERT INTO COLLECTIONS (COLLECTION_ID, COLLECTION_TITLE, COLLECTION_TYPE, COLLECTION_RELEASE_DATE, COLLECTION_COVER, ISPRERELEASE) VALUES (13, 'Introvert', 'Single', '2023-05-05', 'https://i.scdn.co/image/ab67616d0000b2730d592810a7fedad52626a796', FALSE) ON CONFLICT DO NOTHING;
INSERT INTO RELEASES (ARTIST_ID, COLLECTION_ID) VALUES (12, 13) ON CONFLICT DO NOTHING;
INSERT INTO SONGS (SONG_ID, SONG_TITLE, SONG_DURATION, SONG_FILE, POPULARITY, VALENCE, ACCOUSTICNESS, DANCEABILITY, ENERGY, SONG_RELEASE_DATE) 
                  VALUES (13, 'Introvert', 192, '/stream/audio_default.mp3', 66, 0.267, 0.66, 0.637, 0.085, '2023-05-05') ON CONFLICT DO NOTHING;
INSERT INTO SONGS_GENRES (SONG_ID, GENRE_ID) VALUES (13, 21) ON CONFLICT DO NOTHING;
INSERT INTO SONGS_GENRES (SONG_ID, GENRE_ID) VALUES (13, 20) ON CONFLICT DO NOTHING;
INSERT INTO COLLECTIONS_SONGS (COLLECTION_ID, SONG_ID, NOMOR_DISC, NOMOR_TRACK) VALUES (13, 13, 1, 1) ON CONFLICT DO NOTHING;
INSERT INTO CREATE_SONGS (ARTIST_ID, SONG_ID) VALUES (12, 13) ON CONFLICT DO NOTHING;
INSERT INTO ARTISTS (ARTIST_ID, ARTIST_NAME, ARTIST_PFP, MONTHLY_LISTENER_COUNT, ARTIST_EMAIL) VALUES (13, 'Gloria Gaynor', 'https://i.scdn.co/image/ab6761610000e5ebb75ca1c0223fc450dfe3c1ec', 1197632, 'contact.13@label.com') ON CONFLICT DO NOTHING;
INSERT INTO GENRES (GENRE_ID, GENRE_NAME) VALUES (22, 'disco') ON CONFLICT DO NOTHING;
INSERT INTO COLLECTIONS (COLLECTION_ID, COLLECTION_TITLE, COLLECTION_TYPE, COLLECTION_RELEASE_DATE, COLLECTION_COVER, ISPRERELEASE) VALUES (14, 'Love Tracks', 'Album', '1978-11-27', 'https://i.scdn.co/image/ab67616d0000b2732a1049b6d0d2b4c3c0abe7a8', FALSE) ON CONFLICT DO NOTHING;
INSERT INTO RELEASES (ARTIST_ID, COLLECTION_ID) VALUES (13, 14) ON CONFLICT DO NOTHING;
INSERT INTO SONGS (SONG_ID, SONG_TITLE, SONG_DURATION, SONG_FILE, POPULARITY, VALENCE, ACCOUSTICNESS, DANCEABILITY, ENERGY, SONG_RELEASE_DATE) 
                  VALUES (14, 'I Will Survive', 296, '/stream/audio_default.mp3', 76, 0.175, 0.51, 0.607, 0.249, '1978-11-27') ON CONFLICT DO NOTHING;
INSERT INTO SONGS_GENRES (SONG_ID, GENRE_ID) VALUES (14, 22) ON CONFLICT DO NOTHING;
INSERT INTO COLLECTIONS_SONGS (COLLECTION_ID, SONG_ID, NOMOR_DISC, NOMOR_TRACK) VALUES (14, 14, 1, 5) ON CONFLICT DO NOTHING;
INSERT INTO CREATE_SONGS (ARTIST_ID, SONG_ID) VALUES (13, 14) ON CONFLICT DO NOTHING;
INSERT INTO ARTISTS (ARTIST_ID, ARTIST_NAME, ARTIST_PFP, MONTHLY_LISTENER_COUNT, ARTIST_EMAIL) VALUES (14, 'Alicia Keys', 'https://i.scdn.co/image/ab6761610000e5eb4518cf16a45e35fc0cc82862', 12977611, 'contact.14@label.com') ON CONFLICT DO NOTHING;
INSERT INTO GENRES (GENRE_ID, GENRE_NAME) VALUES (23, 'r&b') ON CONFLICT DO NOTHING;
INSERT INTO GENRES (GENRE_ID, GENRE_NAME) VALUES (24, 'neo soul') ON CONFLICT DO NOTHING;
INSERT INTO COLLECTIONS (COLLECTION_ID, COLLECTION_TITLE, COLLECTION_TYPE, COLLECTION_RELEASE_DATE, COLLECTION_COVER, ISPRERELEASE) VALUES (15, 'The Diary Of Alicia Keys', 'Album', '2003-12-02', 'https://i.scdn.co/image/ab67616d0000b27356ff19308ebeb48e2ba6094b', FALSE) ON CONFLICT DO NOTHING;
INSERT INTO RELEASES (ARTIST_ID, COLLECTION_ID) VALUES (14, 15) ON CONFLICT DO NOTHING;
INSERT INTO SONGS (SONG_ID, SONG_TITLE, SONG_DURATION, SONG_FILE, POPULARITY, VALENCE, ACCOUSTICNESS, DANCEABILITY, ENERGY, SONG_RELEASE_DATE) 
                  VALUES (15, 'If I Ain''t Got You', 228, '/stream/audio_default.mp3', 84, 0.729, 0.615, 0.296, 0.964, '2003-12-02') ON CONFLICT DO NOTHING;
INSERT INTO SONGS_GENRES (SONG_ID, GENRE_ID) VALUES (15, 24) ON CONFLICT DO NOTHING;
INSERT INTO SONGS_GENRES (SONG_ID, GENRE_ID) VALUES (15, 23) ON CONFLICT DO NOTHING;
INSERT INTO COLLECTIONS_SONGS (COLLECTION_ID, SONG_ID, NOMOR_DISC, NOMOR_TRACK) VALUES (15, 15, 1, 6) ON CONFLICT DO NOTHING;
INSERT INTO CREATE_SONGS (ARTIST_ID, SONG_ID) VALUES (14, 15) ON CONFLICT DO NOTHING;
INSERT INTO ARTISTS (ARTIST_ID, ARTIST_NAME, ARTIST_PFP, MONTHLY_LISTENER_COUNT, ARTIST_EMAIL) VALUES (15, 'Pamungkas', 'https://i.scdn.co/image/ab6761610000e5eb372a08067f92c816b121ac26', 6986956, 'contact.15@label.com') ON CONFLICT DO NOTHING;
INSERT INTO COLLECTIONS (COLLECTION_ID, COLLECTION_TITLE, COLLECTION_TYPE, COLLECTION_RELEASE_DATE, COLLECTION_COVER, ISPRERELEASE) VALUES (16, 'Walk the Talk', 'Album', '2018-07-20', 'https://i.scdn.co/image/ab67616d0000b2733e2cf96ce4558b8f2376b79a', FALSE) ON CONFLICT DO NOTHING;
INSERT INTO RELEASES (ARTIST_ID, COLLECTION_ID) VALUES (15, 16) ON CONFLICT DO NOTHING;
INSERT INTO SONGS (SONG_ID, SONG_TITLE, SONG_DURATION, SONG_FILE, POPULARITY, VALENCE, ACCOUSTICNESS, DANCEABILITY, ENERGY, SONG_RELEASE_DATE) 
                  VALUES (16, 'I Love You but I''m Letting Go', 220, '/stream/audio_default.mp3', 67, 0.565, 0.022, 0.78, 0.333, '2018-07-20') ON CONFLICT DO NOTHING;
INSERT INTO SONGS_GENRES (SONG_ID, GENRE_ID) VALUES (16, 5) ON CONFLICT DO NOTHING;
INSERT INTO SONGS_GENRES (SONG_ID, GENRE_ID) VALUES (16, 4) ON CONFLICT DO NOTHING;
INSERT INTO COLLECTIONS_SONGS (COLLECTION_ID, SONG_ID, NOMOR_DISC, NOMOR_TRACK) VALUES (16, 16, 1, 14) ON CONFLICT DO NOTHING;
INSERT INTO CREATE_SONGS (ARTIST_ID, SONG_ID) VALUES (15, 16) ON CONFLICT DO NOTHING;
INSERT INTO COLLECTIONS (COLLECTION_ID, COLLECTION_TITLE, COLLECTION_TYPE, COLLECTION_RELEASE_DATE, COLLECTION_COVER, ISPRERELEASE) VALUES (17, 'Celoteh - Celoteh', 'Album', '1990-01-08', 'https://i.scdn.co/image/ab67616d0000b27301949ea9fbae344c072e449c', FALSE) ON CONFLICT DO NOTHING;
INSERT INTO RELEASES (ARTIST_ID, COLLECTION_ID) VALUES (10, 17) ON CONFLICT DO NOTHING;
INSERT INTO SONGS (SONG_ID, SONG_TITLE, SONG_DURATION, SONG_FILE, POPULARITY, VALENCE, ACCOUSTICNESS, DANCEABILITY, ENERGY, SONG_RELEASE_DATE) 
                  VALUES (17, 'Pesawat Tempurku', 287, '/stream/audio_default.mp3', 64, 0.309, 0.82, 0.721, 0.61, '1990-01-08') ON CONFLICT DO NOTHING;
INSERT INTO SONGS_GENRES (SONG_ID, GENRE_ID) VALUES (17, 18) ON CONFLICT DO NOTHING;
INSERT INTO SONGS_GENRES (SONG_ID, GENRE_ID) VALUES (17, 16) ON CONFLICT DO NOTHING;
INSERT INTO COLLECTIONS_SONGS (COLLECTION_ID, SONG_ID, NOMOR_DISC, NOMOR_TRACK) VALUES (17, 17, 1, 20) ON CONFLICT DO NOTHING;
INSERT INTO CREATE_SONGS (ARTIST_ID, SONG_ID) VALUES (10, 17) ON CONFLICT DO NOTHING;
INSERT INTO ARTISTS (ARTIST_ID, ARTIST_NAME, ARTIST_PFP, MONTHLY_LISTENER_COUNT, ARTIST_EMAIL) VALUES (16, 'John Lennon', 'https://i.scdn.co/image/ab6761610000e5ebe336079626f2a1be7456486c', 6663973, 'contact.16@label.com') ON CONFLICT DO NOTHING;
INSERT INTO GENRES (GENRE_ID, GENRE_NAME) VALUES (25, 'christmas') ON CONFLICT DO NOTHING;
INSERT INTO COLLECTIONS (COLLECTION_ID, COLLECTION_TITLE, COLLECTION_TYPE, COLLECTION_RELEASE_DATE, COLLECTION_COVER, ISPRERELEASE) VALUES (18, 'Imagine', 'Album', '1971-09-09', 'https://i.scdn.co/image/ab67616d0000b27399581550ef9746ca582bb3cc', FALSE) ON CONFLICT DO NOTHING;
INSERT INTO RELEASES (ARTIST_ID, COLLECTION_ID) VALUES (16, 18) ON CONFLICT DO NOTHING;
INSERT INTO SONGS (SONG_ID, SONG_TITLE, SONG_DURATION, SONG_FILE, POPULARITY, VALENCE, ACCOUSTICNESS, DANCEABILITY, ENERGY, SONG_RELEASE_DATE) 
                  VALUES (18, 'Imagine - Remastered 2010', 187, '/stream/audio_default.mp3', 78, 0.701, 0.47, 0.898, 0.026, '1971-09-09') ON CONFLICT DO NOTHING;
INSERT INTO SONGS_GENRES (SONG_ID, GENRE_ID) VALUES (18, 25) ON CONFLICT DO NOTHING;
INSERT INTO COLLECTIONS_SONGS (COLLECTION_ID, SONG_ID, NOMOR_DISC, NOMOR_TRACK) VALUES (18, 18, 1, 1) ON CONFLICT DO NOTHING;
INSERT INTO CREATE_SONGS (ARTIST_ID, SONG_ID) VALUES (16, 18) ON CONFLICT DO NOTHING;
INSERT INTO COLLECTIONS (COLLECTION_ID, COLLECTION_TITLE, COLLECTION_TYPE, COLLECTION_RELEASE_DATE, COLLECTION_COVER, ISPRERELEASE) VALUES (19, 'Opini', 'Album', '1982-01-01', 'https://i.scdn.co/image/ab67616d0000b273de17860779f16973b9145b08', FALSE) ON CONFLICT DO NOTHING;
INSERT INTO RELEASES (ARTIST_ID, COLLECTION_ID) VALUES (10, 19) ON CONFLICT DO NOTHING;
INSERT INTO SONGS (SONG_ID, SONG_TITLE, SONG_DURATION, SONG_FILE, POPULARITY, VALENCE, ACCOUSTICNESS, DANCEABILITY, ENERGY, SONG_RELEASE_DATE) 
                  VALUES (19, 'Galang Rambu Anarki', 232, '/stream/audio_default.mp3', 64, 0.35, 0.71, 0.165, 0.79, '1982-01-01') ON CONFLICT DO NOTHING;
INSERT INTO SONGS_GENRES (SONG_ID, GENRE_ID) VALUES (19, 16) ON CONFLICT DO NOTHING;
INSERT INTO SONGS_GENRES (SONG_ID, GENRE_ID) VALUES (19, 17) ON CONFLICT DO NOTHING;
INSERT INTO COLLECTIONS_SONGS (COLLECTION_ID, SONG_ID, NOMOR_DISC, NOMOR_TRACK) VALUES (19, 19, 1, 1) ON CONFLICT DO NOTHING;
INSERT INTO CREATE_SONGS (ARTIST_ID, SONG_ID) VALUES (10, 19) ON CONFLICT DO NOTHING;
INSERT INTO ARTISTS (ARTIST_ID, ARTIST_NAME, ARTIST_PFP, MONTHLY_LISTENER_COUNT, ARTIST_EMAIL) VALUES (17, 'Peabo Bryson', 'https://i.scdn.co/image/29d1f2378dbd138b2b7fad8666ab6b547448e498', 622237, 'contact.17@label.com') ON CONFLICT DO NOTHING;
INSERT INTO GENRES (GENRE_ID, GENRE_NAME) VALUES (26, 'quiet storm') ON CONFLICT DO NOTHING;
INSERT INTO COLLECTIONS (COLLECTION_ID, COLLECTION_TITLE, COLLECTION_TYPE, COLLECTION_RELEASE_DATE, COLLECTION_COVER, ISPRERELEASE) VALUES (20, 'Straight From The Heart', 'Album', '1984-01-01', 'https://i.scdn.co/image/ab67616d0000b2738ea9b0b865a4977021ff9566', FALSE) ON CONFLICT DO NOTHING;
INSERT INTO RELEASES (ARTIST_ID, COLLECTION_ID) VALUES (17, 20) ON CONFLICT DO NOTHING;
INSERT INTO SONGS (SONG_ID, SONG_TITLE, SONG_DURATION, SONG_FILE, POPULARITY, VALENCE, ACCOUSTICNESS, DANCEABILITY, ENERGY, SONG_RELEASE_DATE) 
                  VALUES (20, 'If Ever You''re in My Arms Again', 251, '/stream/audio_default.mp3', 73, 0.128, 0.284, 0.52, 0.028, '1984-01-01') ON CONFLICT DO NOTHING;
INSERT INTO SONGS_GENRES (SONG_ID, GENRE_ID) VALUES (20, 26) ON CONFLICT DO NOTHING;
INSERT INTO COLLECTIONS_SONGS (COLLECTION_ID, SONG_ID, NOMOR_DISC, NOMOR_TRACK) VALUES (20, 20, 1, 2) ON CONFLICT DO NOTHING;
INSERT INTO CREATE_SONGS (ARTIST_ID, SONG_ID) VALUES (17, 20) ON CONFLICT DO NOTHING;
INSERT INTO ARTISTS (ARTIST_ID, ARTIST_NAME, ARTIST_PFP, MONTHLY_LISTENER_COUNT, ARTIST_EMAIL) VALUES (18, 'Search', 'https://i.scdn.co/image/ab6761610000e5eb6d2a8385532c31078360e5b9', 200806, 'contact.18@label.com') ON CONFLICT DO NOTHING;
INSERT INTO COLLECTIONS (COLLECTION_ID, COLLECTION_TITLE, COLLECTION_TYPE, COLLECTION_RELEASE_DATE, COLLECTION_COVER, ISPRERELEASE) VALUES (21, 'Fenomena', 'Album', '1989-01-31', 'https://i.scdn.co/image/ab67616d0000b2733b8d21e42c504b32b40d943f', FALSE) ON CONFLICT DO NOTHING;
INSERT INTO RELEASES (ARTIST_ID, COLLECTION_ID) VALUES (18, 21) ON CONFLICT DO NOTHING;
INSERT INTO SONGS (SONG_ID, SONG_TITLE, SONG_DURATION, SONG_FILE, POPULARITY, VALENCE, ACCOUSTICNESS, DANCEABILITY, ENERGY, SONG_RELEASE_DATE) 
                  VALUES (21, 'Isabella', 308, '/stream/audio_default.mp3', 58, 0.673, 0.9, 0.52, 0.251, '1989-01-31') ON CONFLICT DO NOTHING;
INSERT INTO SONGS_GENRES (SONG_ID, GENRE_ID) VALUES (21, 13) ON CONFLICT DO NOTHING;
INSERT INTO SONGS_GENRES (SONG_ID, GENRE_ID) VALUES (21, 12) ON CONFLICT DO NOTHING;
INSERT INTO COLLECTIONS_SONGS (COLLECTION_ID, SONG_ID, NOMOR_DISC, NOMOR_TRACK) VALUES (21, 21, 1, 3) ON CONFLICT DO NOTHING;
INSERT INTO CREATE_SONGS (ARTIST_ID, SONG_ID) VALUES (18, 21) ON CONFLICT DO NOTHING;
INSERT INTO COLLECTIONS (COLLECTION_ID, COLLECTION_TITLE, COLLECTION_TYPE, COLLECTION_RELEASE_DATE, COLLECTION_COVER, ISPRERELEASE) VALUES (22, 'Sumbang', 'Album', '1983-01-01', 'https://i.scdn.co/image/ab67616d0000b273f4f237a7601f409775cccbb6', FALSE) ON CONFLICT DO NOTHING;
INSERT INTO RELEASES (ARTIST_ID, COLLECTION_ID) VALUES (10, 22) ON CONFLICT DO NOTHING;
INSERT INTO SONGS (SONG_ID, SONG_TITLE, SONG_DURATION, SONG_FILE, POPULARITY, VALENCE, ACCOUSTICNESS, DANCEABILITY, ENERGY, SONG_RELEASE_DATE) 
                  VALUES (22, 'Kereta Tiba Pukul Berapa', 258, '/stream/audio_default.mp3', 58, 0.245, 0.319, 0.189, 0.108, '1983-01-01') ON CONFLICT DO NOTHING;
INSERT INTO SONGS_GENRES (SONG_ID, GENRE_ID) VALUES (22, 17) ON CONFLICT DO NOTHING;
INSERT INTO SONGS_GENRES (SONG_ID, GENRE_ID) VALUES (22, 16) ON CONFLICT DO NOTHING;
INSERT INTO COLLECTIONS_SONGS (COLLECTION_ID, SONG_ID, NOMOR_DISC, NOMOR_TRACK) VALUES (22, 22, 1, 2) ON CONFLICT DO NOTHING;
INSERT INTO CREATE_SONGS (ARTIST_ID, SONG_ID) VALUES (10, 22) ON CONFLICT DO NOTHING;
INSERT INTO ARTISTS (ARTIST_ID, ARTIST_NAME, ARTIST_PFP, MONTHLY_LISTENER_COUNT, ARTIST_EMAIL) VALUES (19, 'Sheila On 7', 'https://i.scdn.co/image/ab6761610000e5eb2017fda314b1745c3e96e0d5', 12784941, 'contact.19@label.com') ON CONFLICT DO NOTHING;
INSERT INTO COLLECTIONS (COLLECTION_ID, COLLECTION_TITLE, COLLECTION_TYPE, COLLECTION_RELEASE_DATE, COLLECTION_COVER, ISPRERELEASE) VALUES (23, 'Pejantan Tangguh', 'Album', '2004-05-25', 'https://i.scdn.co/image/ab67616d0000b273f0a7efc94687cc049b821529', FALSE) ON CONFLICT DO NOTHING;
INSERT INTO RELEASES (ARTIST_ID, COLLECTION_ID) VALUES (19, 23) ON CONFLICT DO NOTHING;
INSERT INTO SONGS (SONG_ID, SONG_TITLE, SONG_DURATION, SONG_FILE, POPULARITY, VALENCE, ACCOUSTICNESS, DANCEABILITY, ENERGY, SONG_RELEASE_DATE) 
                  VALUES (23, 'Itu Aku', 278, '/stream/audio_default.mp3', 65, 0.579, 0.736, 0.429, 0.197, '2004-05-25') ON CONFLICT DO NOTHING;
INSERT INTO SONGS_GENRES (SONG_ID, GENRE_ID) VALUES (23, 16) ON CONFLICT DO NOTHING;
INSERT INTO SONGS_GENRES (SONG_ID, GENRE_ID) VALUES (23, 17) ON CONFLICT DO NOTHING;
INSERT INTO COLLECTIONS_SONGS (COLLECTION_ID, SONG_ID, NOMOR_DISC, NOMOR_TRACK) VALUES (23, 23, 1, 2) ON CONFLICT DO NOTHING;
INSERT INTO CREATE_SONGS (ARTIST_ID, SONG_ID) VALUES (19, 23) ON CONFLICT DO NOTHING;
INSERT INTO ARTISTS (ARTIST_ID, ARTIST_NAME, ARTIST_PFP, MONTHLY_LISTENER_COUNT, ARTIST_EMAIL) VALUES (20, 'Dethron', 'https://i.scdn.co/image/ab6761610000e5eb2a36d3355cc6b7dfb52e6bbc', 8148, 'contact.20@label.com') ON CONFLICT DO NOTHING;
INSERT INTO GENRES (GENRE_ID, GENRE_NAME) VALUES (27, 'hipdut') ON CONFLICT DO NOTHING;
INSERT INTO GENRES (GENRE_ID, GENRE_NAME) VALUES (28, 'funkot') ON CONFLICT DO NOTHING;
INSERT INTO COLLECTIONS (COLLECTION_ID, COLLECTION_TITLE, COLLECTION_TYPE, COLLECTION_RELEASE_DATE, COLLECTION_COVER, ISPRERELEASE) VALUES (24, 'Intel Inside', 'Single', '2025-03-24', 'https://i.scdn.co/image/ab67616d0000b27305e43df8baaa4899b610a2b3', FALSE) ON CONFLICT DO NOTHING;
INSERT INTO RELEASES (ARTIST_ID, COLLECTION_ID) VALUES (20, 24) ON CONFLICT DO NOTHING;
INSERT INTO SONGS (SONG_ID, SONG_TITLE, SONG_DURATION, SONG_FILE, POPULARITY, VALENCE, ACCOUSTICNESS, DANCEABILITY, ENERGY, SONG_RELEASE_DATE) 
                  VALUES (24, 'Intel Inside', 222, '/stream/audio_default.mp3', 63, 0.113, 0.885, 0.999, 0.925, '2025-03-24') ON CONFLICT DO NOTHING;
INSERT INTO SONGS_GENRES (SONG_ID, GENRE_ID) VALUES (24, 27) ON CONFLICT DO NOTHING;
INSERT INTO SONGS_GENRES (SONG_ID, GENRE_ID) VALUES (24, 28) ON CONFLICT DO NOTHING;
INSERT INTO COLLECTIONS_SONGS (COLLECTION_ID, SONG_ID, NOMOR_DISC, NOMOR_TRACK) VALUES (24, 24, 1, 1) ON CONFLICT DO NOTHING;
INSERT INTO CREATE_SONGS (ARTIST_ID, SONG_ID) VALUES (20, 24) ON CONFLICT DO NOTHING;
INSERT INTO ARTISTS (ARTIST_ID, ARTIST_NAME, ARTIST_PFP, MONTHLY_LISTENER_COUNT, ARTIST_EMAIL) VALUES (21, 'The Goo Goo Dolls', 'https://i.scdn.co/image/ab6761610000e5ebe7b66b8c4ba729848574df7a', 3559950, 'contact.21@label.com') ON CONFLICT DO NOTHING;
INSERT INTO COLLECTIONS (COLLECTION_ID, COLLECTION_TITLE, COLLECTION_TYPE, COLLECTION_RELEASE_DATE, COLLECTION_COVER, ISPRERELEASE) VALUES (25, 'Greatest Hits Volume One - The Singles', 'Compilation', '2007-11-06', 'https://i.scdn.co/image/ab67616d0000b273d54c4b12c9242bda37f4bb25', FALSE) ON CONFLICT DO NOTHING;
INSERT INTO RELEASES (ARTIST_ID, COLLECTION_ID) VALUES (21, 25) ON CONFLICT DO NOTHING;
INSERT INTO SONGS (SONG_ID, SONG_TITLE, SONG_DURATION, SONG_FILE, POPULARITY, VALENCE, ACCOUSTICNESS, DANCEABILITY, ENERGY, SONG_RELEASE_DATE) 
                  VALUES (25, 'Iris', 289, '/stream/audio_default.mp3', 74, 0.111, 0.042, 0.017, 0.909, '2007-11-06') ON CONFLICT DO NOTHING;
INSERT INTO SONGS_GENRES (SONG_ID, GENRE_ID) VALUES (25, 11) ON CONFLICT DO NOTHING;
INSERT INTO SONGS_GENRES (SONG_ID, GENRE_ID) VALUES (25, 10) ON CONFLICT DO NOTHING;
INSERT INTO COLLECTIONS_SONGS (COLLECTION_ID, SONG_ID, NOMOR_DISC, NOMOR_TRACK) VALUES (25, 25, 1, 14) ON CONFLICT DO NOTHING;
INSERT INTO CREATE_SONGS (ARTIST_ID, SONG_ID) VALUES (21, 25) ON CONFLICT DO NOTHING;
INSERT INTO ARTISTS (ARTIST_ID, ARTIST_NAME, ARTIST_PFP, MONTHLY_LISTENER_COUNT, ARTIST_EMAIL) VALUES (22, 'Benson Boone', 'https://i.scdn.co/image/ab6761610000e5ebb68234e1a673acc3d873d3e6', 7209859, 'contact.22@label.com') ON CONFLICT DO NOTHING;
INSERT INTO COLLECTIONS (COLLECTION_ID, COLLECTION_TITLE, COLLECTION_TYPE, COLLECTION_RELEASE_DATE, COLLECTION_COVER, ISPRERELEASE) VALUES (26, 'Fireworks & Rollerblades', 'Album', '2024-04-05', 'https://i.scdn.co/image/ab67616d0000b273cc04ff3e70e146ba9abacf40', FALSE) ON CONFLICT DO NOTHING;
INSERT INTO RELEASES (ARTIST_ID, COLLECTION_ID) VALUES (22, 26) ON CONFLICT DO NOTHING;
INSERT INTO SONGS (SONG_ID, SONG_TITLE, SONG_DURATION, SONG_FILE, POPULARITY, VALENCE, ACCOUSTICNESS, DANCEABILITY, ENERGY, SONG_RELEASE_DATE) 
                  VALUES (26, 'In The Stars', 216, '/stream/audio_default.mp3', 84, 0.257, 0.803, 0.307, 0.961, '2024-04-05') ON CONFLICT DO NOTHING;
INSERT INTO SONGS_GENRES (SONG_ID, GENRE_ID) VALUES (26, 13) ON CONFLICT DO NOTHING;
INSERT INTO SONGS_GENRES (SONG_ID, GENRE_ID) VALUES (26, 24) ON CONFLICT DO NOTHING;
INSERT INTO COLLECTIONS_SONGS (COLLECTION_ID, SONG_ID, NOMOR_DISC, NOMOR_TRACK) VALUES (26, 26, 1, 7) ON CONFLICT DO NOTHING;
INSERT INTO CREATE_SONGS (ARTIST_ID, SONG_ID) VALUES (22, 26) ON CONFLICT DO NOTHING;
INSERT INTO ARTISTS (ARTIST_ID, ARTIST_NAME, ARTIST_PFP, MONTHLY_LISTENER_COUNT, ARTIST_EMAIL) VALUES (23, 'Billie Eilish', 'https://i.scdn.co/image/ab6761610000e5eb4a21b4760d2ecb7b0dcdc8da', 119716727, 'contact.23@label.com') ON CONFLICT DO NOTHING;
INSERT INTO COLLECTIONS (COLLECTION_ID, COLLECTION_TITLE, COLLECTION_TYPE, COLLECTION_RELEASE_DATE, COLLECTION_COVER, ISPRERELEASE) VALUES (27, 'i love you (Live At The Greek Theatre)', 'Single', '2019-08-12', 'https://i.scdn.co/image/ab6742d3000053b7f064b912a76966d3c064da6e', FALSE) ON CONFLICT DO NOTHING;
INSERT INTO RELEASES (ARTIST_ID, COLLECTION_ID) VALUES (23, 27) ON CONFLICT DO NOTHING;
INSERT INTO SONGS (SONG_ID, SONG_TITLE, SONG_DURATION, SONG_FILE, POPULARITY, VALENCE, ACCOUSTICNESS, DANCEABILITY, ENERGY, SONG_RELEASE_DATE) 
                  VALUES (27, 'i love you - Live At The Greek Theatre', 299, '/stream/audio_default.mp3', 31, 0.397, 0.913, 0.687, 0.589, '2019-08-12') ON CONFLICT DO NOTHING;
INSERT INTO SONGS_GENRES (SONG_ID, GENRE_ID) VALUES (27, 11) ON CONFLICT DO NOTHING;
INSERT INTO SONGS_GENRES (SONG_ID, GENRE_ID) VALUES (27, 4) ON CONFLICT DO NOTHING;
INSERT INTO COLLECTIONS_SONGS (COLLECTION_ID, SONG_ID, NOMOR_DISC, NOMOR_TRACK) VALUES (27, 27, 1, 1) ON CONFLICT DO NOTHING;
INSERT INTO CREATE_SONGS (ARTIST_ID, SONG_ID) VALUES (23, 27) ON CONFLICT DO NOTHING;
INSERT INTO ARTISTS (ARTIST_ID, ARTIST_NAME, ARTIST_PFP, MONTHLY_LISTENER_COUNT, ARTIST_EMAIL) VALUES (24, 'Milestone', 'https://i.scdn.co/image/ab6742d3000053b74e00cfd98e1069a627be7470', 276, 'contact.24@label.com') ON CONFLICT DO NOTHING;
INSERT INTO COLLECTIONS (COLLECTION_ID, COLLECTION_TITLE, COLLECTION_TYPE, COLLECTION_RELEASE_DATE, COLLECTION_COVER, ISPRERELEASE) VALUES (28, 'I Care ''Bout You', 'Single', '1997-01-01', 'https://i.scdn.co/image/ab6742d3000053b74e00cfd98e1069a627be7470', FALSE) ON CONFLICT DO NOTHING;
INSERT INTO RELEASES (ARTIST_ID, COLLECTION_ID) VALUES (24, 28) ON CONFLICT DO NOTHING;
INSERT INTO SONGS (SONG_ID, SONG_TITLE, SONG_DURATION, SONG_FILE, POPULARITY, VALENCE, ACCOUSTICNESS, DANCEABILITY, ENERGY, SONG_RELEASE_DATE) 
                  VALUES (28, 'I Care ''Bout You', 260, '/stream/audio_default.mp3', 14, 0.644, 0.477, 0.384, 0.874, '1997-01-01') ON CONFLICT DO NOTHING;
INSERT INTO SONGS_GENRES (SONG_ID, GENRE_ID) VALUES (28, 22) ON CONFLICT DO NOTHING;
INSERT INTO SONGS_GENRES (SONG_ID, GENRE_ID) VALUES (28, 16) ON CONFLICT DO NOTHING;
INSERT INTO COLLECTIONS_SONGS (COLLECTION_ID, SONG_ID, NOMOR_DISC, NOMOR_TRACK) VALUES (28, 28, 1, 1) ON CONFLICT DO NOTHING;
INSERT INTO CREATE_SONGS (ARTIST_ID, SONG_ID) VALUES (24, 28) ON CONFLICT DO NOTHING;
INSERT INTO ARTISTS (ARTIST_ID, ARTIST_NAME, ARTIST_PFP, MONTHLY_LISTENER_COUNT, ARTIST_EMAIL) VALUES (25, 'TWS', 'https://i.scdn.co/image/ab6761610000e5eb06a958a7da76c5b332d421c5', 882243, 'contact.25@label.com') ON CONFLICT DO NOTHING;
INSERT INTO GENRES (GENRE_ID, GENRE_NAME) VALUES (29, 'k-pop') ON CONFLICT DO NOTHING;
INSERT INTO COLLECTIONS (COLLECTION_ID, COLLECTION_TITLE, COLLECTION_TYPE, COLLECTION_RELEASE_DATE, COLLECTION_COVER, ISPRERELEASE) VALUES (29, 'If I''m S, Can You Be My N? | Live from Vevo Studios', 'Single', '2024-08-16', 'https://i.scdn.co/image/ab6742d3000053b760f201f8b46d523f3ea05883', FALSE) ON CONFLICT DO NOTHING;
INSERT INTO RELEASES (ARTIST_ID, COLLECTION_ID) VALUES (25, 29) ON CONFLICT DO NOTHING;
INSERT INTO SONGS (SONG_ID, SONG_TITLE, SONG_DURATION, SONG_FILE, POPULARITY, VALENCE, ACCOUSTICNESS, DANCEABILITY, ENERGY, SONG_RELEASE_DATE) 
                  VALUES (29, 'If I''m S, Can You Be My N? | Live from Vevo Studios', 172, '/stream/audio_default.mp3', 12, 0.879, 0.313, 0.754, 0.314, '2024-08-16') ON CONFLICT DO NOTHING;
INSERT INTO SONGS_GENRES (SONG_ID, GENRE_ID) VALUES (29, 29) ON CONFLICT DO NOTHING;
INSERT INTO COLLECTIONS_SONGS (COLLECTION_ID, SONG_ID, NOMOR_DISC, NOMOR_TRACK) VALUES (29, 29, 1, 1) ON CONFLICT DO NOTHING;
INSERT INTO CREATE_SONGS (ARTIST_ID, SONG_ID) VALUES (25, 29) ON CONFLICT DO NOTHING;
INSERT INTO COLLECTIONS (COLLECTION_ID, COLLECTION_TITLE, COLLECTION_TYPE, COLLECTION_RELEASE_DATE, COLLECTION_COVER, ISPRERELEASE) VALUES (30, 'I’m Not The Only One (Live From Jungle City Studios, NY)', 'Single', '2024-08-06', 'https://i.scdn.co/image/ab6742d3000053b7d31866480a5144bee315d888', FALSE) ON CONFLICT DO NOTHING;
INSERT INTO RELEASES (ARTIST_ID, COLLECTION_ID) VALUES (8, 30) ON CONFLICT DO NOTHING;
INSERT INTO SONGS (SONG_ID, SONG_TITLE, SONG_DURATION, SONG_FILE, POPULARITY, VALENCE, ACCOUSTICNESS, DANCEABILITY, ENERGY, SONG_RELEASE_DATE) 
                  VALUES (30, 'I’m Not The Only One - Live From Jungle City Studios, NY', 231, '/stream/audio_default.mp3', 23, 0.123, 0.076, 0.477, 0.291, '2024-08-06') ON CONFLICT DO NOTHING;
INSERT INTO SONGS_GENRES (SONG_ID, GENRE_ID) VALUES (30, 10) ON CONFLICT DO NOTHING;
INSERT INTO COLLECTIONS_SONGS (COLLECTION_ID, SONG_ID, NOMOR_DISC, NOMOR_TRACK) VALUES (30, 30, 1, 1) ON CONFLICT DO NOTHING;
INSERT INTO CREATE_SONGS (ARTIST_ID, SONG_ID) VALUES (8, 30) ON CONFLICT DO NOTHING;
INSERT INTO ARTISTS (ARTIST_ID, ARTIST_NAME, ARTIST_PFP, MONTHLY_LISTENER_COUNT, ARTIST_EMAIL) VALUES (26, 'BTS', 'https://i.scdn.co/image/ab6761610000e5ebd642648235ebf3460d2d1f6a', 81487075, 'contact.26@label.com') ON CONFLICT DO NOTHING;
INSERT INTO COLLECTIONS (COLLECTION_ID, COLLECTION_TITLE, COLLECTION_TYPE, COLLECTION_RELEASE_DATE, COLLECTION_COVER, ISPRERELEASE) VALUES (31, 'IDOL (feat. Nicki Minaj)', 'Single', '2018-09-07', 'https://i.scdn.co/image/ab6742d3000053b79dbc80140da729e739e98acf', FALSE) ON CONFLICT DO NOTHING;
INSERT INTO RELEASES (ARTIST_ID, COLLECTION_ID) VALUES (26, 31) ON CONFLICT DO NOTHING;
INSERT INTO SONGS (SONG_ID, SONG_TITLE, SONG_DURATION, SONG_FILE, POPULARITY, VALENCE, ACCOUSTICNESS, DANCEABILITY, ENERGY, SONG_RELEASE_DATE) 
                  VALUES (31, 'IDOL (feat. Nicki Minaj)', 286, '/stream/audio_default.mp3', 23, 0.035, 0.874, 0.288, 0.271, '2018-09-07') ON CONFLICT DO NOTHING;
INSERT INTO SONGS_GENRES (SONG_ID, GENRE_ID) VALUES (31, 29) ON CONFLICT DO NOTHING;
INSERT INTO COLLECTIONS_SONGS (COLLECTION_ID, SONG_ID, NOMOR_DISC, NOMOR_TRACK) VALUES (31, 31, 1, 1) ON CONFLICT DO NOTHING;
INSERT INTO CREATE_SONGS (ARTIST_ID, SONG_ID) VALUES (26, 31) ON CONFLICT DO NOTHING;
INSERT INTO ARTISTS (ARTIST_ID, ARTIST_NAME, ARTIST_PFP, MONTHLY_LISTENER_COUNT, ARTIST_EMAIL) VALUES (27, 'Post Malone', 'https://i.scdn.co/image/ab6761610000e5ebe17c0aa1714a03d62b5ce4e0', 47836688, 'contact.27@label.com') ON CONFLICT DO NOTHING;
INSERT INTO COLLECTIONS (COLLECTION_ID, COLLECTION_TITLE, COLLECTION_TYPE, COLLECTION_RELEASE_DATE, COLLECTION_COVER, ISPRERELEASE) VALUES (32, 'I Had Some Help', 'Single', '2024-10-04', 'https://i.scdn.co/image/ab6742d3000053b73b6d355eb8ba8a84d938634e', FALSE) ON CONFLICT DO NOTHING;
INSERT INTO RELEASES (ARTIST_ID, COLLECTION_ID) VALUES (27, 32) ON CONFLICT DO NOTHING;
INSERT INTO SONGS (SONG_ID, SONG_TITLE, SONG_DURATION, SONG_FILE, POPULARITY, VALENCE, ACCOUSTICNESS, DANCEABILITY, ENERGY, SONG_RELEASE_DATE) 
                  VALUES (32, 'I Had Some Help - F-1Trillion Album Livestream', 220, '/stream/audio_default.mp3', 24, 0.111, 0.419, 0.115, 0.288, '2024-10-04') ON CONFLICT DO NOTHING;
INSERT INTO SONGS_GENRES (SONG_ID, GENRE_ID) VALUES (32, 21) ON CONFLICT DO NOTHING;
INSERT INTO SONGS_GENRES (SONG_ID, GENRE_ID) VALUES (32, 15) ON CONFLICT DO NOTHING;
INSERT INTO COLLECTIONS_SONGS (COLLECTION_ID, SONG_ID, NOMOR_DISC, NOMOR_TRACK) VALUES (32, 32, 1, 1) ON CONFLICT DO NOTHING;
INSERT INTO CREATE_SONGS (ARTIST_ID, SONG_ID) VALUES (27, 32) ON CONFLICT DO NOTHING;
INSERT INTO COLLECTIONS (COLLECTION_ID, COLLECTION_TITLE, COLLECTION_TYPE, COLLECTION_RELEASE_DATE, COLLECTION_COVER, ISPRERELEASE) VALUES (33, 'idontwannabeyouanymore/lovely (Live from Electric Ballroom)', 'Single', '2023-11-07', 'https://i.scdn.co/image/ab6742d3000053b738cf657d273e81469c86f79f', FALSE) ON CONFLICT DO NOTHING;
INSERT INTO RELEASES (ARTIST_ID, COLLECTION_ID) VALUES (23, 33) ON CONFLICT DO NOTHING;
INSERT INTO SONGS (SONG_ID, SONG_TITLE, SONG_DURATION, SONG_FILE, POPULARITY, VALENCE, ACCOUSTICNESS, DANCEABILITY, ENERGY, SONG_RELEASE_DATE) 
                  VALUES (33, 'idontwannabeyouanymore/lovely - Live from Electric Ballroom', 194, '/stream/audio_default.mp3', 30, 0.173, 0.835, 0.567, 0.884, '2023-11-07') ON CONFLICT DO NOTHING;
INSERT INTO SONGS_GENRES (SONG_ID, GENRE_ID) VALUES (33, 13) ON CONFLICT DO NOTHING;
INSERT INTO SONGS_GENRES (SONG_ID, GENRE_ID) VALUES (33, 22) ON CONFLICT DO NOTHING;
INSERT INTO COLLECTIONS_SONGS (COLLECTION_ID, SONG_ID, NOMOR_DISC, NOMOR_TRACK) VALUES (33, 33, 1, 1) ON CONFLICT DO NOTHING;
INSERT INTO CREATE_SONGS (ARTIST_ID, SONG_ID) VALUES (23, 33) ON CONFLICT DO NOTHING;
INSERT INTO COLLECTIONS (COLLECTION_ID, COLLECTION_TITLE, COLLECTION_TYPE, COLLECTION_RELEASE_DATE, COLLECTION_COVER, ISPRERELEASE) VALUES (34, 'I''m Not The Only One (1 Mic 1 Take At Capitol Studios / In The Lonely Hour 10th Anniversary Edit)', 'Single', '2014-01-01', 'https://i.scdn.co/image/ab6742d3000053b7647cbbe8e6d251d75a3d22b5', FALSE) ON CONFLICT DO NOTHING;
INSERT INTO RELEASES (ARTIST_ID, COLLECTION_ID) VALUES (8, 34) ON CONFLICT DO NOTHING;
INSERT INTO SONGS (SONG_ID, SONG_TITLE, SONG_DURATION, SONG_FILE, POPULARITY, VALENCE, ACCOUSTICNESS, DANCEABILITY, ENERGY, SONG_RELEASE_DATE) 
                  VALUES (34, 'I''m Not The Only One - 1 Mic 1 Take At Capitol Studios / In The Lonely Hour 10th Anniversary Edit', 239, '/stream/audio_default.mp3', 14, 0.587, 0.226, 0.013, 0.109, '2014-01-01') ON CONFLICT DO NOTHING;
INSERT INTO SONGS_GENRES (SONG_ID, GENRE_ID) VALUES (34, 10) ON CONFLICT DO NOTHING;
INSERT INTO COLLECTIONS_SONGS (COLLECTION_ID, SONG_ID, NOMOR_DISC, NOMOR_TRACK) VALUES (34, 34, 1, 1) ON CONFLICT DO NOTHING;
INSERT INTO CREATE_SONGS (ARTIST_ID, SONG_ID) VALUES (8, 34) ON CONFLICT DO NOTHING;
INSERT INTO ARTISTS (ARTIST_ID, ARTIST_NAME, ARTIST_PFP, MONTHLY_LISTENER_COUNT, ARTIST_EMAIL) VALUES (28, 'Sade', 'https://i.scdn.co/image/ab6761610000e5eb92883b0e094a36d2f43ad284', 5200097, 'contact.28@label.com') ON CONFLICT DO NOTHING;
INSERT INTO COLLECTIONS (COLLECTION_ID, COLLECTION_TITLE, COLLECTION_TYPE, COLLECTION_RELEASE_DATE, COLLECTION_COVER, ISPRERELEASE) VALUES (35, 'Is It a Crime (Live 2011)', 'Single', '2012-01-01', 'https://i.scdn.co/image/ab6742d3000053b77cbe913340ad15262008c360', FALSE) ON CONFLICT DO NOTHING;
INSERT INTO RELEASES (ARTIST_ID, COLLECTION_ID) VALUES (28, 35) ON CONFLICT DO NOTHING;
INSERT INTO SONGS (SONG_ID, SONG_TITLE, SONG_DURATION, SONG_FILE, POPULARITY, VALENCE, ACCOUSTICNESS, DANCEABILITY, ENERGY, SONG_RELEASE_DATE) 
                  VALUES (35, 'Is It a Crime - Live 2011', 494, '/stream/audio_default.mp3', 20, 0.599, 0.755, 0.326, 0.933, '2012-01-01') ON CONFLICT DO NOTHING;
INSERT INTO SONGS_GENRES (SONG_ID, GENRE_ID) VALUES (35, 29) ON CONFLICT DO NOTHING;
INSERT INTO SONGS_GENRES (SONG_ID, GENRE_ID) VALUES (35, 6) ON CONFLICT DO NOTHING;
INSERT INTO COLLECTIONS_SONGS (COLLECTION_ID, SONG_ID, NOMOR_DISC, NOMOR_TRACK) VALUES (35, 35, 1, 1) ON CONFLICT DO NOTHING;
INSERT INTO CREATE_SONGS (ARTIST_ID, SONG_ID) VALUES (28, 35) ON CONFLICT DO NOTHING;
INSERT INTO ARTISTS (ARTIST_ID, ARTIST_NAME, ARTIST_PFP, MONTHLY_LISTENER_COUNT, ARTIST_EMAIL) VALUES (29, 'Kygo', 'https://i.scdn.co/image/ab6761610000e5ebe5ea1aa1404629c12ad86658', 8675999, 'contact.29@label.com') ON CONFLICT DO NOTHING;
INSERT INTO GENRES (GENRE_ID, GENRE_NAME) VALUES (30, 'tropical house') ON CONFLICT DO NOTHING;
INSERT INTO COLLECTIONS (COLLECTION_ID, COLLECTION_TITLE, COLLECTION_TYPE, COLLECTION_RELEASE_DATE, COLLECTION_COVER, ISPRERELEASE) VALUES (36, 'It Ain''t Me (Official Audio)', 'Single', '2017-04-24', 'https://i.scdn.co/image/ab6742d3000053b755b0d862c58a56272a2c3f4c', FALSE) ON CONFLICT DO NOTHING;
INSERT INTO RELEASES (ARTIST_ID, COLLECTION_ID) VALUES (29, 36) ON CONFLICT DO NOTHING;
INSERT INTO SONGS (SONG_ID, SONG_TITLE, SONG_DURATION, SONG_FILE, POPULARITY, VALENCE, ACCOUSTICNESS, DANCEABILITY, ENERGY, SONG_RELEASE_DATE) 
                  VALUES (36, 'It Ain''t Me - Official Audio', 240, '/stream/audio_default.mp3', 19, 0.126, 0.521, 0.406, 0.726, '2017-04-24') ON CONFLICT DO NOTHING;
INSERT INTO SONGS_GENRES (SONG_ID, GENRE_ID) VALUES (36, 30) ON CONFLICT DO NOTHING;
INSERT INTO COLLECTIONS_SONGS (COLLECTION_ID, SONG_ID, NOMOR_DISC, NOMOR_TRACK) VALUES (36, 36, 1, 1) ON CONFLICT DO NOTHING;
INSERT INTO CREATE_SONGS (ARTIST_ID, SONG_ID) VALUES (29, 36) ON CONFLICT DO NOTHING;
INSERT INTO ARTISTS (ARTIST_ID, ARTIST_NAME, ARTIST_PFP, MONTHLY_LISTENER_COUNT, ARTIST_EMAIL) VALUES (30, 'Audioslave', 'https://i.scdn.co/image/ab6761610000e5eb5a865295befda9e060a72cb0', 5190700, 'contact.30@label.com') ON CONFLICT DO NOTHING;
INSERT INTO GENRES (GENRE_ID, GENRE_NAME) VALUES (31, 'grunge') ON CONFLICT DO NOTHING;
INSERT INTO GENRES (GENRE_ID, GENRE_NAME) VALUES (32, 'post-grunge') ON CONFLICT DO NOTHING;
INSERT INTO GENRES (GENRE_ID, GENRE_NAME) VALUES (33, 'alternative metal') ON CONFLICT DO NOTHING;
INSERT INTO COLLECTIONS (COLLECTION_ID, COLLECTION_TITLE, COLLECTION_TYPE, COLLECTION_RELEASE_DATE, COLLECTION_COVER, ISPRERELEASE) VALUES (37, 'I Am The Highway (Sessions @ AOL 2003)', 'Single', '2003-01-01', 'https://i.scdn.co/image/ab6742d3000053b700951b19a0c651e996c73d50', FALSE) ON CONFLICT DO NOTHING;
INSERT INTO RELEASES (ARTIST_ID, COLLECTION_ID) VALUES (30, 37) ON CONFLICT DO NOTHING;
INSERT INTO SONGS (SONG_ID, SONG_TITLE, SONG_DURATION, SONG_FILE, POPULARITY, VALENCE, ACCOUSTICNESS, DANCEABILITY, ENERGY, SONG_RELEASE_DATE) 
                  VALUES (37, 'I Am The Highway - Sessions @ AOL 2003', 331, '/stream/audio_default.mp3', 24, 0.06, 0.192, 0.796, 0.532, '2003-01-01') ON CONFLICT DO NOTHING;
INSERT INTO SONGS_GENRES (SONG_ID, GENRE_ID) VALUES (37, 31) ON CONFLICT DO NOTHING;
INSERT INTO SONGS_GENRES (SONG_ID, GENRE_ID) VALUES (37, 33) ON CONFLICT DO NOTHING;
INSERT INTO COLLECTIONS_SONGS (COLLECTION_ID, SONG_ID, NOMOR_DISC, NOMOR_TRACK) VALUES (37, 37, 1, 1) ON CONFLICT DO NOTHING;
INSERT INTO CREATE_SONGS (ARTIST_ID, SONG_ID) VALUES (30, 37) ON CONFLICT DO NOTHING;
INSERT INTO ARTISTS (ARTIST_ID, ARTIST_NAME, ARTIST_PFP, MONTHLY_LISTENER_COUNT, ARTIST_EMAIL) VALUES (31, 'The Chainsmokers', 'https://i.scdn.co/image/ab6761610000e5eb4567279fac84a0375c3d819b', 21410398, 'contact.31@label.com') ON CONFLICT DO NOTHING;
INSERT INTO COLLECTIONS (COLLECTION_ID, COLLECTION_TITLE, COLLECTION_TYPE, COLLECTION_RELEASE_DATE, COLLECTION_COVER, ISPRERELEASE) VALUES (38, 'iPad (Live at SUMMIT at One Vanderbilt)', 'Single', '2022-03-24', 'https://i.scdn.co/image/ab6742d3000053b7920fc469ddb8e2ebecae8732', FALSE) ON CONFLICT DO NOTHING;
INSERT INTO RELEASES (ARTIST_ID, COLLECTION_ID) VALUES (31, 38) ON CONFLICT DO NOTHING;
INSERT INTO SONGS (SONG_ID, SONG_TITLE, SONG_DURATION, SONG_FILE, POPULARITY, VALENCE, ACCOUSTICNESS, DANCEABILITY, ENERGY, SONG_RELEASE_DATE) 
                  VALUES (38, 'iPad - Live at SUMMIT at One Vanderbilt', 221, '/stream/audio_default.mp3', 10, 0.241, 0.665, 0.032, 0.923, '2022-03-24') ON CONFLICT DO NOTHING;
INSERT INTO SONGS_GENRES (SONG_ID, GENRE_ID) VALUES (38, 18) ON CONFLICT DO NOTHING;
INSERT INTO SONGS_GENRES (SONG_ID, GENRE_ID) VALUES (38, 15) ON CONFLICT DO NOTHING;
INSERT INTO COLLECTIONS_SONGS (COLLECTION_ID, SONG_ID, NOMOR_DISC, NOMOR_TRACK) VALUES (38, 38, 1, 1) ON CONFLICT DO NOTHING;
INSERT INTO CREATE_SONGS (ARTIST_ID, SONG_ID) VALUES (31, 38) ON CONFLICT DO NOTHING;
INSERT INTO ARTISTS (ARTIST_ID, ARTIST_NAME, ARTIST_PFP, MONTHLY_LISTENER_COUNT, ARTIST_EMAIL) VALUES (32, 'Bruno Mars', 'https://i.scdn.co/image/ab6761610000e5ebc36dd9eb55fb0db4911f25dd', 76205934, 'contact.32@label.com') ON CONFLICT DO NOTHING;
INSERT INTO COLLECTIONS (COLLECTION_ID, COLLECTION_TITLE, COLLECTION_TYPE, COLLECTION_RELEASE_DATE, COLLECTION_COVER, ISPRERELEASE) VALUES (39, 'Unorthodox Jukebox', 'Album', '2012-12-07', 'https://i.scdn.co/image/ab67616d0000b273926f43e7cce571e62720fd46', FALSE) ON CONFLICT DO NOTHING;
INSERT INTO RELEASES (ARTIST_ID, COLLECTION_ID) VALUES (32, 39) ON CONFLICT DO NOTHING;
INSERT INTO SONGS (SONG_ID, SONG_TITLE, SONG_DURATION, SONG_FILE, POPULARITY, VALENCE, ACCOUSTICNESS, DANCEABILITY, ENERGY, SONG_RELEASE_DATE) 
                  VALUES (39, 'When I Was Your Man', 213, '/stream/audio_default.mp3', 88, 0.013, 0.171, 0.973, 0.594, '2012-12-07') ON CONFLICT DO NOTHING;
INSERT INTO SONGS_GENRES (SONG_ID, GENRE_ID) VALUES (39, 31) ON CONFLICT DO NOTHING;
INSERT INTO SONGS_GENRES (SONG_ID, GENRE_ID) VALUES (39, 16) ON CONFLICT DO NOTHING;
INSERT INTO COLLECTIONS_SONGS (COLLECTION_ID, SONG_ID, NOMOR_DISC, NOMOR_TRACK) VALUES (39, 39, 1, 6) ON CONFLICT DO NOTHING;
INSERT INTO CREATE_SONGS (ARTIST_ID, SONG_ID) VALUES (32, 39) ON CONFLICT DO NOTHING;
INSERT INTO ARTISTS (ARTIST_ID, ARTIST_NAME, ARTIST_PFP, MONTHLY_LISTENER_COUNT, ARTIST_EMAIL) VALUES (33, 'Ed Sheeran', 'https://i.scdn.co/image/ab6761610000e5ebd55c95ad400aed87da52daec', 123263017, 'contact.33@label.com') ON CONFLICT DO NOTHING;
INSERT INTO COLLECTIONS (COLLECTION_ID, COLLECTION_TITLE, COLLECTION_TYPE, COLLECTION_RELEASE_DATE, COLLECTION_COVER, ISPRERELEASE) VALUES (40, 'x (Deluxe Edition)', 'Album', '2014-06-21', 'https://i.scdn.co/image/ab67616d0000b27313b3e37318a0c247b550bccd', FALSE) ON CONFLICT DO NOTHING;
INSERT INTO RELEASES (ARTIST_ID, COLLECTION_ID) VALUES (33, 40) ON CONFLICT DO NOTHING;
INSERT INTO SONGS (SONG_ID, SONG_TITLE, SONG_DURATION, SONG_FILE, POPULARITY, VALENCE, ACCOUSTICNESS, DANCEABILITY, ENERGY, SONG_RELEASE_DATE) 
                  VALUES (40, 'Photograph', 258, '/stream/audio_default.mp3', 87, 0.238, 0.901, 0.087, 0.117, '2014-06-21') ON CONFLICT DO NOTHING;
INSERT INTO SONGS_GENRES (SONG_ID, GENRE_ID) VALUES (40, 10) ON CONFLICT DO NOTHING;
INSERT INTO COLLECTIONS_SONGS (COLLECTION_ID, SONG_ID, NOMOR_DISC, NOMOR_TRACK) VALUES (40, 40, 1, 6) ON CONFLICT DO NOTHING;
INSERT INTO CREATE_SONGS (ARTIST_ID, SONG_ID) VALUES (33, 40) ON CONFLICT DO NOTHING;
INSERT INTO ARTISTS (ARTIST_ID, ARTIST_NAME, ARTIST_PFP, MONTHLY_LISTENER_COUNT, ARTIST_EMAIL) VALUES (34, 'Vierra', 'https://i.scdn.co/image/ab6761610000e5ebce05aec92bc5b3e81205ff73', 2488673, 'contact.34@label.com') ON CONFLICT DO NOTHING;
INSERT INTO COLLECTIONS (COLLECTION_ID, COLLECTION_TITLE, COLLECTION_TYPE, COLLECTION_RELEASE_DATE, COLLECTION_COVER, ISPRERELEASE) VALUES (41, 'My First Love', 'Album', '2011-06-01', 'https://i.scdn.co/image/ab67616d0000b273bdc17798be456d9e4ad28dc0', FALSE) ON CONFLICT DO NOTHING;
INSERT INTO RELEASES (ARTIST_ID, COLLECTION_ID) VALUES (34, 41) ON CONFLICT DO NOTHING;
INSERT INTO SONGS (SONG_ID, SONG_TITLE, SONG_DURATION, SONG_FILE, POPULARITY, VALENCE, ACCOUSTICNESS, DANCEABILITY, ENERGY, SONG_RELEASE_DATE) 
                  VALUES (41, 'Rasa ini', 240, '/stream/audio_default.mp3', 75, 0.304, 0.912, 0.062, 0.457, '2011-06-01') ON CONFLICT DO NOTHING;
INSERT INTO SONGS_GENRES (SONG_ID, GENRE_ID) VALUES (41, 4) ON CONFLICT DO NOTHING;
INSERT INTO COLLECTIONS_SONGS (COLLECTION_ID, SONG_ID, NOMOR_DISC, NOMOR_TRACK) VALUES (41, 41, 1, 7) ON CONFLICT DO NOTHING;
INSERT INTO CREATE_SONGS (ARTIST_ID, SONG_ID) VALUES (34, 41) ON CONFLICT DO NOTHING;
INSERT INTO ARTISTS (ARTIST_ID, ARTIST_NAME, ARTIST_PFP, MONTHLY_LISTENER_COUNT, ARTIST_EMAIL) VALUES (35, 'Hindia', 'https://i.scdn.co/image/ab6761610000e5eb8022c4a018990cd93a9ddfe0', 11551080, 'contact.35@label.com') ON CONFLICT DO NOTHING;
INSERT INTO COLLECTIONS (COLLECTION_ID, COLLECTION_TITLE, COLLECTION_TYPE, COLLECTION_RELEASE_DATE, COLLECTION_COVER, ISPRERELEASE) VALUES (42, 'Doves, ''25 on Blank Canvas', 'Album', '2025-02-24', 'https://i.scdn.co/image/ab67616d0000b27305898628baab6ef07a0a4d03', FALSE) ON CONFLICT DO NOTHING;
INSERT INTO RELEASES (ARTIST_ID, COLLECTION_ID) VALUES (35, 42) ON CONFLICT DO NOTHING;
INSERT INTO SONGS (SONG_ID, SONG_TITLE, SONG_DURATION, SONG_FILE, POPULARITY, VALENCE, ACCOUSTICNESS, DANCEABILITY, ENERGY, SONG_RELEASE_DATE) 
                  VALUES (42, 'everything u are', 236, '/stream/audio_default.mp3', 86, 0.31, 0.555, 0.682, 0.561, '2025-02-24') ON CONFLICT DO NOTHING;
INSERT INTO SONGS_GENRES (SONG_ID, GENRE_ID) VALUES (42, 4) ON CONFLICT DO NOTHING;
INSERT INTO SONGS_GENRES (SONG_ID, GENRE_ID) VALUES (42, 5) ON CONFLICT DO NOTHING;
INSERT INTO COLLECTIONS_SONGS (COLLECTION_ID, SONG_ID, NOMOR_DISC, NOMOR_TRACK) VALUES (42, 42, 1, 3) ON CONFLICT DO NOTHING;
INSERT INTO CREATE_SONGS (ARTIST_ID, SONG_ID) VALUES (35, 42) ON CONFLICT DO NOTHING;
INSERT INTO COLLECTIONS (COLLECTION_ID, COLLECTION_TITLE, COLLECTION_TYPE, COLLECTION_RELEASE_DATE, COLLECTION_COVER, ISPRERELEASE) VALUES (43, 'Menari Dengan Bayangan', 'Album', '2019-11-29', 'https://i.scdn.co/image/ab67616d0000b273d623688488865906052ef96b', FALSE) ON CONFLICT DO NOTHING;
INSERT INTO RELEASES (ARTIST_ID, COLLECTION_ID) VALUES (35, 43) ON CONFLICT DO NOTHING;
INSERT INTO SONGS (SONG_ID, SONG_TITLE, SONG_DURATION, SONG_FILE, POPULARITY, VALENCE, ACCOUSTICNESS, DANCEABILITY, ENERGY, SONG_RELEASE_DATE) 
                  VALUES (43, 'Rumah Ke Rumah', 277, '/stream/audio_default.mp3', 82, 0.882, 0.787, 0.418, 0.594, '2019-11-29') ON CONFLICT DO NOTHING;
INSERT INTO SONGS_GENRES (SONG_ID, GENRE_ID) VALUES (43, 5) ON CONFLICT DO NOTHING;
INSERT INTO SONGS_GENRES (SONG_ID, GENRE_ID) VALUES (43, 4) ON CONFLICT DO NOTHING;
INSERT INTO COLLECTIONS_SONGS (COLLECTION_ID, SONG_ID, NOMOR_DISC, NOMOR_TRACK) VALUES (43, 43, 1, 12) ON CONFLICT DO NOTHING;
INSERT INTO CREATE_SONGS (ARTIST_ID, SONG_ID) VALUES (35, 43) ON CONFLICT DO NOTHING;
INSERT INTO ARTISTS (ARTIST_ID, ARTIST_NAME, ARTIST_PFP, MONTHLY_LISTENER_COUNT, ARTIST_EMAIL) VALUES (36, 'Batas Senja', 'https://i.scdn.co/image/ab6761610000e5eb4c259c9bc85186c2c3b89f84', 1035118, 'contact.36@label.com') ON CONFLICT DO NOTHING;
INSERT INTO COLLECTIONS (COLLECTION_ID, COLLECTION_TITLE, COLLECTION_TYPE, COLLECTION_RELEASE_DATE, COLLECTION_COVER, ISPRERELEASE) VALUES (44, 'Nanti Kita Seperti Ini', 'Single', '2022-09-27', 'https://i.scdn.co/image/ab67616d0000b273c6092bd9b2579479e5fa9891', FALSE) ON CONFLICT DO NOTHING;
INSERT INTO RELEASES (ARTIST_ID, COLLECTION_ID) VALUES (36, 44) ON CONFLICT DO NOTHING;
INSERT INTO SONGS (SONG_ID, SONG_TITLE, SONG_DURATION, SONG_FILE, POPULARITY, VALENCE, ACCOUSTICNESS, DANCEABILITY, ENERGY, SONG_RELEASE_DATE) 
                  VALUES (44, 'Nanti Kita Seperti Ini', 209, '/stream/audio_default.mp3', 80, 0.219, 0.786, 0.447, 0.005, '2022-09-27') ON CONFLICT DO NOTHING;
INSERT INTO SONGS_GENRES (SONG_ID, GENRE_ID) VALUES (44, 12) ON CONFLICT DO NOTHING;
INSERT INTO SONGS_GENRES (SONG_ID, GENRE_ID) VALUES (44, 4) ON CONFLICT DO NOTHING;
INSERT INTO COLLECTIONS_SONGS (COLLECTION_ID, SONG_ID, NOMOR_DISC, NOMOR_TRACK) VALUES (44, 44, 1, 1) ON CONFLICT DO NOTHING;
INSERT INTO CREATE_SONGS (ARTIST_ID, SONG_ID) VALUES (36, 44) ON CONFLICT DO NOTHING;
INSERT INTO ARTISTS (ARTIST_ID, ARTIST_NAME, ARTIST_PFP, MONTHLY_LISTENER_COUNT, ARTIST_EMAIL) VALUES (37, 'NIKI', 'https://i.scdn.co/image/ab6761610000e5eb0654e511623cba4e0e9e2f0c', 8919706, 'contact.37@label.com') ON CONFLICT DO NOTHING;
INSERT INTO GENRES (GENRE_ID, GENRE_NAME) VALUES (34, 'indonesian r&b') ON CONFLICT DO NOTHING;
INSERT INTO COLLECTIONS (COLLECTION_ID, COLLECTION_TITLE, COLLECTION_TYPE, COLLECTION_RELEASE_DATE, COLLECTION_COVER, ISPRERELEASE) VALUES (45, 'You''ll Be In My Heart', 'Single', '2022-09-14', 'https://i.scdn.co/image/ab67616d0000b2737cd329ea4a204a8a47caf3d5', FALSE) ON CONFLICT DO NOTHING;
INSERT INTO RELEASES (ARTIST_ID, COLLECTION_ID) VALUES (37, 45) ON CONFLICT DO NOTHING;
INSERT INTO SONGS (SONG_ID, SONG_TITLE, SONG_DURATION, SONG_FILE, POPULARITY, VALENCE, ACCOUSTICNESS, DANCEABILITY, ENERGY, SONG_RELEASE_DATE) 
                  VALUES (45, 'You''ll Be in My Heart', 241, '/stream/audio_default.mp3', 83, 0.292, 0.963, 0.363, 0.688, '2022-09-14') ON CONFLICT DO NOTHING;
INSERT INTO SONGS_GENRES (SONG_ID, GENRE_ID) VALUES (45, 34) ON CONFLICT DO NOTHING;
INSERT INTO COLLECTIONS_SONGS (COLLECTION_ID, SONG_ID, NOMOR_DISC, NOMOR_TRACK) VALUES (45, 45, 1, 2) ON CONFLICT DO NOTHING;
INSERT INTO CREATE_SONGS (ARTIST_ID, SONG_ID) VALUES (37, 45) ON CONFLICT DO NOTHING;
INSERT INTO ARTISTS (ARTIST_ID, ARTIST_NAME, ARTIST_PFP, MONTHLY_LISTENER_COUNT, ARTIST_EMAIL) VALUES (38, '.Feast', 'https://i.scdn.co/image/ab6761610000e5eb16f030ca05d4d917cdc2eb5e', 5100085, 'contact.38@label.com') ON CONFLICT DO NOTHING;
INSERT INTO COLLECTIONS (COLLECTION_ID, COLLECTION_TITLE, COLLECTION_TYPE, COLLECTION_RELEASE_DATE, COLLECTION_COVER, ISPRERELEASE) VALUES (46, 'Membangun & Menghancurkan', 'Album', '2024-08-30', 'https://i.scdn.co/image/ab67616d0000b273c800b90e2092a5328f699117', FALSE) ON CONFLICT DO NOTHING;
INSERT INTO RELEASES (ARTIST_ID, COLLECTION_ID) VALUES (38, 46) ON CONFLICT DO NOTHING;
INSERT INTO SONGS (SONG_ID, SONG_TITLE, SONG_DURATION, SONG_FILE, POPULARITY, VALENCE, ACCOUSTICNESS, DANCEABILITY, ENERGY, SONG_RELEASE_DATE) 
                  VALUES (46, 'Tarot', 288, '/stream/audio_default.mp3', 84, 0.04, 0.028, 0.242, 0.943, '2024-08-30') ON CONFLICT DO NOTHING;
INSERT INTO SONGS_GENRES (SONG_ID, GENRE_ID) VALUES (46, 16) ON CONFLICT DO NOTHING;
INSERT INTO SONGS_GENRES (SONG_ID, GENRE_ID) VALUES (46, 5) ON CONFLICT DO NOTHING;
INSERT INTO COLLECTIONS_SONGS (COLLECTION_ID, SONG_ID, NOMOR_DISC, NOMOR_TRACK) VALUES (46, 46, 1, 12) ON CONFLICT DO NOTHING;
INSERT INTO CREATE_SONGS (ARTIST_ID, SONG_ID) VALUES (38, 46) ON CONFLICT DO NOTHING;
INSERT INTO ARTISTS (ARTIST_ID, ARTIST_NAME, ARTIST_PFP, MONTHLY_LISTENER_COUNT, ARTIST_EMAIL) VALUES (39, 'Rizky Febian', 'https://i.scdn.co/image/ab6761610000e5eb6efe5841c8d0cf104c793d90', 7189928, 'contact.39@label.com') ON CONFLICT DO NOTHING;
INSERT INTO GENRES (GENRE_ID, GENRE_NAME) VALUES (35, 'indonesian jazz') ON CONFLICT DO NOTHING;
INSERT INTO COLLECTIONS (COLLECTION_ID, COLLECTION_TITLE, COLLECTION_TYPE, COLLECTION_RELEASE_DATE, COLLECTION_COVER, ISPRERELEASE) VALUES (47, 'Alamak', 'Single', '2025-10-03', 'https://i.scdn.co/image/ab67616d0000b27301b9750a33d771645d7f043a', FALSE) ON CONFLICT DO NOTHING;
INSERT INTO RELEASES (ARTIST_ID, COLLECTION_ID) VALUES (39, 47) ON CONFLICT DO NOTHING;
INSERT INTO SONGS (SONG_ID, SONG_TITLE, SONG_DURATION, SONG_FILE, POPULARITY, VALENCE, ACCOUSTICNESS, DANCEABILITY, ENERGY, SONG_RELEASE_DATE) 
                  VALUES (47, 'Alamak', 209, '/stream/audio_default.mp3', 83, 0.981, 0.889, 0.143, 0.076, '2025-10-03') ON CONFLICT DO NOTHING;
INSERT INTO SONGS_GENRES (SONG_ID, GENRE_ID) VALUES (47, 12) ON CONFLICT DO NOTHING;
INSERT INTO SONGS_GENRES (SONG_ID, GENRE_ID) VALUES (47, 34) ON CONFLICT DO NOTHING;
INSERT INTO COLLECTIONS_SONGS (COLLECTION_ID, SONG_ID, NOMOR_DISC, NOMOR_TRACK) VALUES (47, 47, 1, 1) ON CONFLICT DO NOTHING;
INSERT INTO CREATE_SONGS (ARTIST_ID, SONG_ID) VALUES (39, 47) ON CONFLICT DO NOTHING;
INSERT INTO COLLECTIONS (COLLECTION_ID, COLLECTION_TITLE, COLLECTION_TYPE, COLLECTION_RELEASE_DATE, COLLECTION_COVER, ISPRERELEASE) VALUES (48, 'Lagipula Hidup Akan Berakhir', 'Album', '2023-07-07', 'https://i.scdn.co/image/ab67616d0000b273d58121433ea3e6c4822ac494', FALSE) ON CONFLICT DO NOTHING;
INSERT INTO RELEASES (ARTIST_ID, COLLECTION_ID) VALUES (35, 48) ON CONFLICT DO NOTHING;
INSERT INTO SONGS (SONG_ID, SONG_TITLE, SONG_DURATION, SONG_FILE, POPULARITY, VALENCE, ACCOUSTICNESS, DANCEABILITY, ENERGY, SONG_RELEASE_DATE) 
                  VALUES (48, 'Cincin', 266, '/stream/audio_default.mp3', 83, 0.332, 0.451, 0.457, 0.143, '2023-07-07') ON CONFLICT DO NOTHING;
INSERT INTO SONGS_GENRES (SONG_ID, GENRE_ID) VALUES (48, 5) ON CONFLICT DO NOTHING;
INSERT INTO SONGS_GENRES (SONG_ID, GENRE_ID) VALUES (48, 4) ON CONFLICT DO NOTHING;
INSERT INTO COLLECTIONS_SONGS (COLLECTION_ID, SONG_ID, NOMOR_DISC, NOMOR_TRACK) VALUES (48, 48, 1, 9) ON CONFLICT DO NOTHING;
INSERT INTO CREATE_SONGS (ARTIST_ID, SONG_ID) VALUES (35, 48) ON CONFLICT DO NOTHING;
INSERT INTO ARTISTS (ARTIST_ID, ARTIST_NAME, ARTIST_PFP, MONTHLY_LISTENER_COUNT, ARTIST_EMAIL) VALUES (40, 'Raim Laode', 'https://i.scdn.co/image/ab6761610000e5eb36773c2a7ae7faaedc3daac3', 1772163, 'contact.40@label.com') ON CONFLICT DO NOTHING;
INSERT INTO COLLECTIONS (COLLECTION_ID, COLLECTION_TITLE, COLLECTION_TYPE, COLLECTION_RELEASE_DATE, COLLECTION_COVER, ISPRERELEASE) VALUES (49, 'Lesung Pipi', 'Single', '2023-08-31', 'https://i.scdn.co/image/ab67616d0000b2732605ea6f02168bf5a74c012e', FALSE) ON CONFLICT DO NOTHING;
INSERT INTO RELEASES (ARTIST_ID, COLLECTION_ID) VALUES (40, 49) ON CONFLICT DO NOTHING;
INSERT INTO SONGS (SONG_ID, SONG_TITLE, SONG_DURATION, SONG_FILE, POPULARITY, VALENCE, ACCOUSTICNESS, DANCEABILITY, ENERGY, SONG_RELEASE_DATE) 
                  VALUES (49, 'Lesung Pipi', 225, '/stream/audio_default.mp3', 83, 0.888, 0.916, 0.101, 0.568, '2023-08-31') ON CONFLICT DO NOTHING;
INSERT INTO SONGS_GENRES (SONG_ID, GENRE_ID) VALUES (49, 5) ON CONFLICT DO NOTHING;
INSERT INTO SONGS_GENRES (SONG_ID, GENRE_ID) VALUES (49, 4) ON CONFLICT DO NOTHING;
INSERT INTO COLLECTIONS_SONGS (COLLECTION_ID, SONG_ID, NOMOR_DISC, NOMOR_TRACK) VALUES (49, 49, 1, 1) ON CONFLICT DO NOTHING;
INSERT INTO CREATE_SONGS (ARTIST_ID, SONG_ID) VALUES (40, 49) ON CONFLICT DO NOTHING;
INSERT INTO ARTISTS (ARTIST_ID, ARTIST_NAME, ARTIST_PFP, MONTHLY_LISTENER_COUNT, ARTIST_EMAIL) VALUES (41, 'For Revenge', 'https://i.scdn.co/image/ab6761610000e5eb966755ed50b3f4487621b030', 4566030, 'contact.41@label.com') ON CONFLICT DO NOTHING;
INSERT INTO COLLECTIONS (COLLECTION_ID, COLLECTION_TITLE, COLLECTION_TYPE, COLLECTION_RELEASE_DATE, COLLECTION_COVER, ISPRERELEASE) VALUES (50, 'Perayaan Patah Hati - Babak 1', 'Album', '2022-09-06', 'https://i.scdn.co/image/ab67616d0000b2731e2bf47fcf24c1b5fdfd0d69', FALSE) ON CONFLICT DO NOTHING;
INSERT INTO RELEASES (ARTIST_ID, COLLECTION_ID) VALUES (41, 50) ON CONFLICT DO NOTHING;
INSERT INTO SONGS (SONG_ID, SONG_TITLE, SONG_DURATION, SONG_FILE, POPULARITY, VALENCE, ACCOUSTICNESS, DANCEABILITY, ENERGY, SONG_RELEASE_DATE) 
                  VALUES (50, 'Jakarta Hari Ini', 221, '/stream/audio_default.mp3', 77, 0.274, 0.201, 0.839, 0.636, '2022-09-06') ON CONFLICT DO NOTHING;
INSERT INTO SONGS_GENRES (SONG_ID, GENRE_ID) VALUES (50, 19) ON CONFLICT DO NOTHING;
INSERT INTO SONGS_GENRES (SONG_ID, GENRE_ID) VALUES (50, 17) ON CONFLICT DO NOTHING;
INSERT INTO COLLECTIONS_SONGS (COLLECTION_ID, SONG_ID, NOMOR_DISC, NOMOR_TRACK) VALUES (50, 50, 1, 7) ON CONFLICT DO NOTHING;
INSERT INTO CREATE_SONGS (ARTIST_ID, SONG_ID) VALUES (41, 50) ON CONFLICT DO NOTHING;
INSERT INTO ARTISTS (ARTIST_ID, ARTIST_NAME, ARTIST_PFP, MONTHLY_LISTENER_COUNT, ARTIST_EMAIL) VALUES (42, 'Xdinary Heroes', 'https://i.scdn.co/image/ab6761610000e5eb573af559d98d0c0228422910', 1235115, 'contact.42@label.com') ON CONFLICT DO NOTHING;
INSERT INTO GENRES (GENRE_ID, GENRE_NAME) VALUES (36, 'k-rock') ON CONFLICT DO NOTHING;
INSERT INTO GENRES (GENRE_ID, GENRE_NAME) VALUES (37, 'noise music') ON CONFLICT DO NOTHING;
INSERT INTO COLLECTIONS (COLLECTION_ID, COLLECTION_TITLE, COLLECTION_TYPE, COLLECTION_RELEASE_DATE, COLLECTION_COVER, ISPRERELEASE) VALUES (51, 'LIVE and FALL', 'Album', '2024-10-14', 'https://i.scdn.co/image/ab67616d0000b273063b24418879e9ae9c833471', FALSE) ON CONFLICT DO NOTHING;
INSERT INTO RELEASES (ARTIST_ID, COLLECTION_ID) VALUES (42, 51) ON CONFLICT DO NOTHING;
INSERT INTO SONGS (SONG_ID, SONG_TITLE, SONG_DURATION, SONG_FILE, POPULARITY, VALENCE, ACCOUSTICNESS, DANCEABILITY, ENERGY, SONG_RELEASE_DATE) 
                  VALUES (51, 'Night before the end', 205, '/stream/audio_default.mp3', 57, 0.073, 0.261, 0.878, 0.759, '2024-10-14') ON CONFLICT DO NOTHING;
INSERT INTO SONGS_GENRES (SONG_ID, GENRE_ID) VALUES (51, 36) ON CONFLICT DO NOTHING;
INSERT INTO SONGS_GENRES (SONG_ID, GENRE_ID) VALUES (51, 37) ON CONFLICT DO NOTHING;
INSERT INTO COLLECTIONS_SONGS (COLLECTION_ID, SONG_ID, NOMOR_DISC, NOMOR_TRACK) VALUES (51, 51, 1, 2) ON CONFLICT DO NOTHING;
INSERT INTO CREATE_SONGS (ARTIST_ID, SONG_ID) VALUES (42, 51) ON CONFLICT DO NOTHING;
INSERT INTO ARTISTS (ARTIST_ID, ARTIST_NAME, ARTIST_PFP, MONTHLY_LISTENER_COUNT, ARTIST_EMAIL) VALUES (43, 'Guns N'' Roses', 'https://i.scdn.co/image/ab6761610000e5eb50defaf9fc059a1efc541f4c', 35487701, 'contact.43@label.com') ON CONFLICT DO NOTHING;
INSERT INTO GENRES (GENRE_ID, GENRE_NAME) VALUES (38, 'rock') ON CONFLICT DO NOTHING;
INSERT INTO GENRES (GENRE_ID, GENRE_NAME) VALUES (39, 'glam metal') ON CONFLICT DO NOTHING;
INSERT INTO GENRES (GENRE_ID, GENRE_NAME) VALUES (40, 'hard rock') ON CONFLICT DO NOTHING;
INSERT INTO GENRES (GENRE_ID, GENRE_NAME) VALUES (41, 'classic rock') ON CONFLICT DO NOTHING;
INSERT INTO COLLECTIONS (COLLECTION_ID, COLLECTION_TITLE, COLLECTION_TYPE, COLLECTION_RELEASE_DATE, COLLECTION_COVER, ISPRERELEASE) VALUES (52, 'Appetite For Destruction', 'Album', '1987-07-21', 'https://i.scdn.co/image/ab67616d0000b27321ebf49b3292c3f0f575f0f5', FALSE) ON CONFLICT DO NOTHING;
INSERT INTO RELEASES (ARTIST_ID, COLLECTION_ID) VALUES (43, 52) ON CONFLICT DO NOTHING;
INSERT INTO SONGS (SONG_ID, SONG_TITLE, SONG_DURATION, SONG_FILE, POPULARITY, VALENCE, ACCOUSTICNESS, DANCEABILITY, ENERGY, SONG_RELEASE_DATE) 
                  VALUES (52, 'Nightrain', 268, '/stream/audio_default.mp3', 68, 0.539, 0.696, 0.302, 0.631, '1987-07-21') ON CONFLICT DO NOTHING;
INSERT INTO SONGS_GENRES (SONG_ID, GENRE_ID) VALUES (52, 41) ON CONFLICT DO NOTHING;
INSERT INTO SONGS_GENRES (SONG_ID, GENRE_ID) VALUES (52, 38) ON CONFLICT DO NOTHING;
INSERT INTO COLLECTIONS_SONGS (COLLECTION_ID, SONG_ID, NOMOR_DISC, NOMOR_TRACK) VALUES (52, 52, 1, 3) ON CONFLICT DO NOTHING;
INSERT INTO CREATE_SONGS (ARTIST_ID, SONG_ID) VALUES (43, 52) ON CONFLICT DO NOTHING;
INSERT INTO ARTISTS (ARTIST_ID, ARTIST_NAME, ARTIST_PFP, MONTHLY_LISTENER_COUNT, ARTIST_EMAIL) VALUES (44, 'keshi', 'https://i.scdn.co/image/ab6761610000e5eb3a0f8f319aeef1aa4115f5e8', 4246381, 'contact.44@label.com') ON CONFLICT DO NOTHING;
INSERT INTO COLLECTIONS (COLLECTION_ID, COLLECTION_TITLE, COLLECTION_TYPE, COLLECTION_RELEASE_DATE, COLLECTION_COVER, ISPRERELEASE) VALUES (53, 'Requiem', 'Album', '2024-09-13', 'https://i.scdn.co/image/ab67616d0000b273617997bc09bb7fa23624eff5', FALSE) ON CONFLICT DO NOTHING;
INSERT INTO RELEASES (ARTIST_ID, COLLECTION_ID) VALUES (44, 53) ON CONFLICT DO NOTHING;
INSERT INTO SONGS (SONG_ID, SONG_TITLE, SONG_DURATION, SONG_FILE, POPULARITY, VALENCE, ACCOUSTICNESS, DANCEABILITY, ENERGY, SONG_RELEASE_DATE) 
                  VALUES (53, 'Night', 179, '/stream/audio_default.mp3', 61, 0.321, 0.941, 0.014, 0.195, '2024-09-13') ON CONFLICT DO NOTHING;
INSERT INTO SONGS_GENRES (SONG_ID, GENRE_ID) VALUES (53, 4) ON CONFLICT DO NOTHING;
INSERT INTO SONGS_GENRES (SONG_ID, GENRE_ID) VALUES (53, 21) ON CONFLICT DO NOTHING;
INSERT INTO COLLECTIONS_SONGS (COLLECTION_ID, SONG_ID, NOMOR_DISC, NOMOR_TRACK) VALUES (53, 53, 1, 3) ON CONFLICT DO NOTHING;
INSERT INTO CREATE_SONGS (ARTIST_ID, SONG_ID) VALUES (44, 53) ON CONFLICT DO NOTHING;
INSERT INTO ARTISTS (ARTIST_ID, ARTIST_NAME, ARTIST_PFP, MONTHLY_LISTENER_COUNT, ARTIST_EMAIL) VALUES (45, 'Lucy Dacus', 'https://i.scdn.co/image/ab6761610000e5eba5a55fb2f2c129da51b7676e', 624884, 'contact.45@label.com') ON CONFLICT DO NOTHING;
INSERT INTO COLLECTIONS (COLLECTION_ID, COLLECTION_TITLE, COLLECTION_TYPE, COLLECTION_RELEASE_DATE, COLLECTION_COVER, ISPRERELEASE) VALUES (54, 'Historian', 'Album', '2018-03-02', 'https://i.scdn.co/image/ab67616d0000b2736c3ce277efb2276dd13991a0', FALSE) ON CONFLICT DO NOTHING;
INSERT INTO RELEASES (ARTIST_ID, COLLECTION_ID) VALUES (45, 54) ON CONFLICT DO NOTHING;
INSERT INTO SONGS (SONG_ID, SONG_TITLE, SONG_DURATION, SONG_FILE, POPULARITY, VALENCE, ACCOUSTICNESS, DANCEABILITY, ENERGY, SONG_RELEASE_DATE) 
                  VALUES (54, 'Night Shift', 391, '/stream/audio_default.mp3', 66, 0.212, 0.394, 0.361, 0.008, '2018-03-02') ON CONFLICT DO NOTHING;
INSERT INTO SONGS_GENRES (SONG_ID, GENRE_ID) VALUES (54, 37) ON CONFLICT DO NOTHING;
INSERT INTO SONGS_GENRES (SONG_ID, GENRE_ID) VALUES (54, 15) ON CONFLICT DO NOTHING;
INSERT INTO COLLECTIONS_SONGS (COLLECTION_ID, SONG_ID, NOMOR_DISC, NOMOR_TRACK) VALUES (54, 54, 1, 1) ON CONFLICT DO NOTHING;
INSERT INTO CREATE_SONGS (ARTIST_ID, SONG_ID) VALUES (45, 54) ON CONFLICT DO NOTHING;
INSERT INTO ARTISTS (ARTIST_ID, ARTIST_NAME, ARTIST_PFP, MONTHLY_LISTENER_COUNT, ARTIST_EMAIL) VALUES (46, 'Jesus Molina', 'https://i.scdn.co/image/ab6761610000e5eb4b60b548af59a1447ea6d8a5', 52534, 'contact.46@label.com') ON CONFLICT DO NOTHING;
INSERT INTO GENRES (GENRE_ID, GENRE_NAME) VALUES (42, 'jazz fusion') ON CONFLICT DO NOTHING;
INSERT INTO GENRES (GENRE_ID, GENRE_NAME) VALUES (43, 'jazz') ON CONFLICT DO NOTHING;
INSERT INTO GENRES (GENRE_ID, GENRE_NAME) VALUES (44, 'bebop') ON CONFLICT DO NOTHING;
INSERT INTO COLLECTIONS (COLLECTION_ID, COLLECTION_TITLE, COLLECTION_TYPE, COLLECTION_RELEASE_DATE, COLLECTION_COVER, ISPRERELEASE) VALUES (55, 'Departing', 'Album', '2020-06-05', 'https://i.scdn.co/image/ab67616d0000b27390ee068042e6372064a1f4c5', FALSE) ON CONFLICT DO NOTHING;
INSERT INTO RELEASES (ARTIST_ID, COLLECTION_ID) VALUES (46, 55) ON CONFLICT DO NOTHING;
INSERT INTO SONGS (SONG_ID, SONG_TITLE, SONG_DURATION, SONG_FILE, POPULARITY, VALENCE, ACCOUSTICNESS, DANCEABILITY, ENERGY, SONG_RELEASE_DATE) 
                  VALUES (55, 'Night in Tunisia', 216, '/stream/audio_default.mp3', 53, 0.351, 0.598, 0.457, 0.436, '2020-06-05') ON CONFLICT DO NOTHING;
INSERT INTO SONGS_GENRES (SONG_ID, GENRE_ID) VALUES (55, 44) ON CONFLICT DO NOTHING;
INSERT INTO SONGS_GENRES (SONG_ID, GENRE_ID) VALUES (55, 43) ON CONFLICT DO NOTHING;
INSERT INTO COLLECTIONS_SONGS (COLLECTION_ID, SONG_ID, NOMOR_DISC, NOMOR_TRACK) VALUES (55, 55, 1, 5) ON CONFLICT DO NOTHING;
INSERT INTO CREATE_SONGS (ARTIST_ID, SONG_ID) VALUES (46, 55) ON CONFLICT DO NOTHING;
INSERT INTO ARTISTS (ARTIST_ID, ARTIST_NAME, ARTIST_PFP, MONTHLY_LISTENER_COUNT, ARTIST_EMAIL) VALUES (47, 'Kye Thompson', 'https://i.scdn.co/image/ab6761610000e5ebee9ebda3bcd9d4d2a4fe8a94', 6862, 'contact.47@label.com') ON CONFLICT DO NOTHING;
INSERT INTO COLLECTIONS (COLLECTION_ID, COLLECTION_TITLE, COLLECTION_TYPE, COLLECTION_RELEASE_DATE, COLLECTION_COVER, ISPRERELEASE) VALUES (56, 'Night Time', 'Single', '2019-05-15', 'https://i.scdn.co/image/ab67616d0000b27393240e58b1f2fdd96b05b61c', FALSE) ON CONFLICT DO NOTHING;
INSERT INTO RELEASES (ARTIST_ID, COLLECTION_ID) VALUES (47, 56) ON CONFLICT DO NOTHING;
INSERT INTO SONGS (SONG_ID, SONG_TITLE, SONG_DURATION, SONG_FILE, POPULARITY, VALENCE, ACCOUSTICNESS, DANCEABILITY, ENERGY, SONG_RELEASE_DATE) 
                  VALUES (56, 'Night Time', 212, '/stream/audio_default.mp3', 34, 0.289, 0.886, 0.187, 0.075, '2019-05-15') ON CONFLICT DO NOTHING;
INSERT INTO SONGS_GENRES (SONG_ID, GENRE_ID) VALUES (56, 36) ON CONFLICT DO NOTHING;
INSERT INTO SONGS_GENRES (SONG_ID, GENRE_ID) VALUES (56, 4) ON CONFLICT DO NOTHING;
INSERT INTO COLLECTIONS_SONGS (COLLECTION_ID, SONG_ID, NOMOR_DISC, NOMOR_TRACK) VALUES (56, 56, 1, 1) ON CONFLICT DO NOTHING;
INSERT INTO CREATE_SONGS (ARTIST_ID, SONG_ID) VALUES (47, 56) ON CONFLICT DO NOTHING;
INSERT INTO ARTISTS (ARTIST_ID, ARTIST_NAME, ARTIST_PFP, MONTHLY_LISTENER_COUNT, ARTIST_EMAIL) VALUES (48, 'Kavinsky', 'https://i.scdn.co/image/ab6761610000e5eb2dc7b3180bad1885c6ee1320', 1040118, 'contact.48@label.com') ON CONFLICT DO NOTHING;
INSERT INTO GENRES (GENRE_ID, GENRE_NAME) VALUES (45, 'synthwave') ON CONFLICT DO NOTHING;
INSERT INTO GENRES (GENRE_ID, GENRE_NAME) VALUES (46, 'french house') ON CONFLICT DO NOTHING;
INSERT INTO COLLECTIONS (COLLECTION_ID, COLLECTION_TITLE, COLLECTION_TYPE, COLLECTION_RELEASE_DATE, COLLECTION_COVER, ISPRERELEASE) VALUES (57, 'Nightcall', 'Album', '2010-01-01', 'https://i.scdn.co/image/ab67616d0000b273d6d8c2eaa1f9031b62f7a3f7', FALSE) ON CONFLICT DO NOTHING;
INSERT INTO RELEASES (ARTIST_ID, COLLECTION_ID) VALUES (48, 57) ON CONFLICT DO NOTHING;
INSERT INTO SONGS (SONG_ID, SONG_TITLE, SONG_DURATION, SONG_FILE, POPULARITY, VALENCE, ACCOUSTICNESS, DANCEABILITY, ENERGY, SONG_RELEASE_DATE) 
                  VALUES (57, 'Nightcall', 258, '/stream/audio_default.mp3', 75, 0.212, 0.953, 0.418, 0.121, '2010-01-01') ON CONFLICT DO NOTHING;
INSERT INTO SONGS_GENRES (SONG_ID, GENRE_ID) VALUES (57, 45) ON CONFLICT DO NOTHING;
INSERT INTO SONGS_GENRES (SONG_ID, GENRE_ID) VALUES (57, 46) ON CONFLICT DO NOTHING;
INSERT INTO COLLECTIONS_SONGS (COLLECTION_ID, SONG_ID, NOMOR_DISC, NOMOR_TRACK) VALUES (57, 57, 1, 1) ON CONFLICT DO NOTHING;
INSERT INTO CREATE_SONGS (ARTIST_ID, SONG_ID) VALUES (48, 57) ON CONFLICT DO NOTHING;
INSERT INTO ARTISTS (ARTIST_ID, ARTIST_NAME, ARTIST_PFP, MONTHLY_LISTENER_COUNT, ARTIST_EMAIL) VALUES (49, 'fam0uz', 'https://i.scdn.co/image/ab6761610000e5ebf19a3d7d67007fe64b913e9b', 100778, 'contact.49@label.com') ON CONFLICT DO NOTHING;
INSERT INTO GENRES (GENRE_ID, GENRE_NAME) VALUES (47, 'phonk') ON CONFLICT DO NOTHING;
INSERT INTO COLLECTIONS (COLLECTION_ID, COLLECTION_TITLE, COLLECTION_TYPE, COLLECTION_RELEASE_DATE, COLLECTION_COVER, ISPRERELEASE) VALUES (58, 'Nightcrawler', 'Single', '2024-01-24', 'https://i.scdn.co/image/ab67616d0000b27327bf240597f9ee4135af7660', FALSE) ON CONFLICT DO NOTHING;
INSERT INTO RELEASES (ARTIST_ID, COLLECTION_ID) VALUES (49, 58) ON CONFLICT DO NOTHING;
INSERT INTO SONGS (SONG_ID, SONG_TITLE, SONG_DURATION, SONG_FILE, POPULARITY, VALENCE, ACCOUSTICNESS, DANCEABILITY, ENERGY, SONG_RELEASE_DATE) 
                  VALUES (58, 'Nightcrawler - Instrumental Slowed', 75, '/stream/audio_default.mp3', 56, 0.696, 0.053, 0.058, 0.937, '2024-01-24') ON CONFLICT DO NOTHING;
INSERT INTO SONGS_GENRES (SONG_ID, GENRE_ID) VALUES (58, 47) ON CONFLICT DO NOTHING;
INSERT INTO COLLECTIONS_SONGS (COLLECTION_ID, SONG_ID, NOMOR_DISC, NOMOR_TRACK) VALUES (58, 58, 1, 2) ON CONFLICT DO NOTHING;
INSERT INTO CREATE_SONGS (ARTIST_ID, SONG_ID) VALUES (49, 58) ON CONFLICT DO NOTHING;
INSERT INTO ARTISTS (ARTIST_ID, ARTIST_NAME, ARTIST_PFP, MONTHLY_LISTENER_COUNT, ARTIST_EMAIL) VALUES (50, 'Skyline', 'https://i.scdn.co/image/ab6761610000e5ebdfc9d539a6d48fa82c5b7cbf', 44660, 'contact.50@label.com') ON CONFLICT DO NOTHING;
INSERT INTO COLLECTIONS (COLLECTION_ID, COLLECTION_TITLE, COLLECTION_TYPE, COLLECTION_RELEASE_DATE, COLLECTION_COVER, ISPRERELEASE) VALUES (59, 'night shift', 'Single', '2024-01-31', 'https://i.scdn.co/image/ab67616d0000b27388ff5112da4c4150d3bb9ab8', FALSE) ON CONFLICT DO NOTHING;
INSERT INTO RELEASES (ARTIST_ID, COLLECTION_ID) VALUES (50, 59) ON CONFLICT DO NOTHING;
INSERT INTO SONGS (SONG_ID, SONG_TITLE, SONG_DURATION, SONG_FILE, POPULARITY, VALENCE, ACCOUSTICNESS, DANCEABILITY, ENERGY, SONG_RELEASE_DATE) 
                  VALUES (59, 'night shift', 213, '/stream/audio_default.mp3', 43, 0.152, 0.96, 0.472, 0.229, '2024-01-31') ON CONFLICT DO NOTHING;
INSERT INTO SONGS_GENRES (SONG_ID, GENRE_ID) VALUES (59, 47) ON CONFLICT DO NOTHING;
INSERT INTO SONGS_GENRES (SONG_ID, GENRE_ID) VALUES (59, 21) ON CONFLICT DO NOTHING;
INSERT INTO COLLECTIONS_SONGS (COLLECTION_ID, SONG_ID, NOMOR_DISC, NOMOR_TRACK) VALUES (59, 59, 1, 1) ON CONFLICT DO NOTHING;
INSERT INTO CREATE_SONGS (ARTIST_ID, SONG_ID) VALUES (50, 59) ON CONFLICT DO NOTHING;
INSERT INTO ARTISTS (ARTIST_ID, ARTIST_NAME, ARTIST_PFP, MONTHLY_LISTENER_COUNT, ARTIST_EMAIL) VALUES (51, 'Bee Gees', 'https://i.scdn.co/image/1d5a05673975ba0c378cd280344e000b0b865620', 9421696, 'contact.51@label.com') ON CONFLICT DO NOTHING;
INSERT INTO COLLECTIONS (COLLECTION_ID, COLLECTION_TITLE, COLLECTION_TYPE, COLLECTION_RELEASE_DATE, COLLECTION_COVER, ISPRERELEASE) VALUES (60, 'Greatest', 'Compilation', '1979-01-01', 'https://i.scdn.co/image/ab67616d0000b27352038992fc6d7868f31d23b7', FALSE) ON CONFLICT DO NOTHING;
INSERT INTO RELEASES (ARTIST_ID, COLLECTION_ID) VALUES (51, 60) ON CONFLICT DO NOTHING;
INSERT INTO SONGS (SONG_ID, SONG_TITLE, SONG_DURATION, SONG_FILE, POPULARITY, VALENCE, ACCOUSTICNESS, DANCEABILITY, ENERGY, SONG_RELEASE_DATE) 
                  VALUES (60, 'Night Fever - From "Saturday Night Fever" Soundtrack', 212, '/stream/audio_default.mp3', 76, 0.918, 0.096, 0.41, 0.083, '1979-01-01') ON CONFLICT DO NOTHING;
INSERT INTO SONGS_GENRES (SONG_ID, GENRE_ID) VALUES (60, 22) ON CONFLICT DO NOTHING;
INSERT INTO COLLECTIONS_SONGS (COLLECTION_ID, SONG_ID, NOMOR_DISC, NOMOR_TRACK) VALUES (60, 60, 1, 2) ON CONFLICT DO NOTHING;
INSERT INTO CREATE_SONGS (ARTIST_ID, SONG_ID) VALUES (51, 60) ON CONFLICT DO NOTHING;
INSERT INTO ARTISTS (ARTIST_ID, ARTIST_NAME, ARTIST_PFP, MONTHLY_LISTENER_COUNT, ARTIST_EMAIL) VALUES (52, 'Columbia Sur', 'https://i.scdn.co/image/ab6761610000e5ebee3986a29819e958da800ed7', 249, 'contact.52@label.com') ON CONFLICT DO NOTHING;
INSERT INTO COLLECTIONS (COLLECTION_ID, COLLECTION_TITLE, COLLECTION_TYPE, COLLECTION_RELEASE_DATE, COLLECTION_COVER, ISPRERELEASE) VALUES (61, 'Tu Jaane Na x Night Changes', 'Single', '2024-05-01', 'https://i.scdn.co/image/ab67616d0000b2735a9758b1e6c10314a9f94cb8', FALSE) ON CONFLICT DO NOTHING;
INSERT INTO RELEASES (ARTIST_ID, COLLECTION_ID) VALUES (52, 61) ON CONFLICT DO NOTHING;
INSERT INTO SONGS (SONG_ID, SONG_TITLE, SONG_DURATION, SONG_FILE, POPULARITY, VALENCE, ACCOUSTICNESS, DANCEABILITY, ENERGY, SONG_RELEASE_DATE) 
                  VALUES (61, 'Tu Jaane Na x Night Changes', 256, '/stream/audio_default.mp3', 28, 0.684, 0.262, 0.705, 0.556, '2024-05-01') ON CONFLICT DO NOTHING;
INSERT INTO SONGS_GENRES (SONG_ID, GENRE_ID) VALUES (61, 39) ON CONFLICT DO NOTHING;
INSERT INTO SONGS_GENRES (SONG_ID, GENRE_ID) VALUES (61, 47) ON CONFLICT DO NOTHING;
INSERT INTO COLLECTIONS_SONGS (COLLECTION_ID, SONG_ID, NOMOR_DISC, NOMOR_TRACK) VALUES (61, 61, 1, 1) ON CONFLICT DO NOTHING;
INSERT INTO CREATE_SONGS (ARTIST_ID, SONG_ID) VALUES (52, 61) ON CONFLICT DO NOTHING;
INSERT INTO ARTISTS (ARTIST_ID, ARTIST_NAME, ARTIST_PFP, MONTHLY_LISTENER_COUNT, ARTIST_EMAIL) VALUES (53, 'DJ GreyttBlack', 'https://i.scdn.co/image/ab6761610000e5eb337fb334d91ab8a83b6491c3', 21421, 'contact.53@label.com') ON CONFLICT DO NOTHING;
INSERT INTO COLLECTIONS (COLLECTION_ID, COLLECTION_TITLE, COLLECTION_TYPE, COLLECTION_RELEASE_DATE, COLLECTION_COVER, ISPRERELEASE) VALUES (62, 'Night Changes (Sped Up)', 'Single', '2020-06-26', 'https://i.scdn.co/image/ab67616d0000b27301d20f60a9a6691721c08aa6', FALSE) ON CONFLICT DO NOTHING;
INSERT INTO RELEASES (ARTIST_ID, COLLECTION_ID) VALUES (53, 62) ON CONFLICT DO NOTHING;
INSERT INTO SONGS (SONG_ID, SONG_TITLE, SONG_DURATION, SONG_FILE, POPULARITY, VALENCE, ACCOUSTICNESS, DANCEABILITY, ENERGY, SONG_RELEASE_DATE) 
                  VALUES (62, 'Night Changes - Sped Up', 177, '/stream/audio_default.mp3', 53, 0.866, 0.028, 0.794, 0.899, '2020-06-26') ON CONFLICT DO NOTHING;
INSERT INTO SONGS_GENRES (SONG_ID, GENRE_ID) VALUES (62, 16) ON CONFLICT DO NOTHING;
INSERT INTO SONGS_GENRES (SONG_ID, GENRE_ID) VALUES (62, 41) ON CONFLICT DO NOTHING;
INSERT INTO COLLECTIONS_SONGS (COLLECTION_ID, SONG_ID, NOMOR_DISC, NOMOR_TRACK) VALUES (62, 62, 1, 1) ON CONFLICT DO NOTHING;
INSERT INTO CREATE_SONGS (ARTIST_ID, SONG_ID) VALUES (53, 62) ON CONFLICT DO NOTHING;
INSERT INTO ARTISTS (ARTIST_ID, ARTIST_NAME, ARTIST_PFP, MONTHLY_LISTENER_COUNT, ARTIST_EMAIL) VALUES (54, 'Dream Theater', 'https://i.scdn.co/image/ab6761610000e5eb6c2390469c190a49f3926865', 1786443, 'contact.54@label.com') ON CONFLICT DO NOTHING;
INSERT INTO GENRES (GENRE_ID, GENRE_NAME) VALUES (48, 'progressive metal') ON CONFLICT DO NOTHING;
INSERT INTO GENRES (GENRE_ID, GENRE_NAME) VALUES (49, 'progressive rock') ON CONFLICT DO NOTHING;
INSERT INTO GENRES (GENRE_ID, GENRE_NAME) VALUES (50, 'metal') ON CONFLICT DO NOTHING;
INSERT INTO COLLECTIONS (COLLECTION_ID, COLLECTION_TITLE, COLLECTION_TYPE, COLLECTION_RELEASE_DATE, COLLECTION_COVER, ISPRERELEASE) VALUES (63, 'Parasomnia', 'Album', '2025-02-07', 'https://i.scdn.co/image/ab67616d0000b2731ba3cfbc1cabb6f3211744a3', FALSE) ON CONFLICT DO NOTHING;
INSERT INTO RELEASES (ARTIST_ID, COLLECTION_ID) VALUES (54, 63) ON CONFLICT DO NOTHING;
INSERT INTO SONGS (SONG_ID, SONG_TITLE, SONG_DURATION, SONG_FILE, POPULARITY, VALENCE, ACCOUSTICNESS, DANCEABILITY, ENERGY, SONG_RELEASE_DATE) 
                  VALUES (63, 'Night Terror', 595, '/stream/audio_default.mp3', 49, 0.061, 0.522, 0.301, 0.272, '2025-02-07') ON CONFLICT DO NOTHING;
INSERT INTO SONGS_GENRES (SONG_ID, GENRE_ID) VALUES (63, 49) ON CONFLICT DO NOTHING;
INSERT INTO SONGS_GENRES (SONG_ID, GENRE_ID) VALUES (63, 48) ON CONFLICT DO NOTHING;
INSERT INTO COLLECTIONS_SONGS (COLLECTION_ID, SONG_ID, NOMOR_DISC, NOMOR_TRACK) VALUES (63, 63, 1, 2) ON CONFLICT DO NOTHING;
INSERT INTO CREATE_SONGS (ARTIST_ID, SONG_ID) VALUES (54, 63) ON CONFLICT DO NOTHING;
INSERT INTO ARTISTS (ARTIST_ID, ARTIST_NAME, ARTIST_PFP, MONTHLY_LISTENER_COUNT, ARTIST_EMAIL) VALUES (55, 'beabadoobee', 'https://i.scdn.co/image/ab6761610000e5ebe7c6cea0c83857388127fced', 6635453, 'contact.55@label.com') ON CONFLICT DO NOTHING;
INSERT INTO GENRES (GENRE_ID, GENRE_NAME) VALUES (51, 'bedroom pop') ON CONFLICT DO NOTHING;
INSERT INTO COLLECTIONS (COLLECTION_ID, COLLECTION_TITLE, COLLECTION_TYPE, COLLECTION_RELEASE_DATE, COLLECTION_COVER, ISPRERELEASE) VALUES (64, 'A Night To Remember', 'Single', '2023-10-20', 'https://i.scdn.co/image/ab67616d0000b27303ea1900840b8804f779f7b3', FALSE) ON CONFLICT DO NOTHING;
INSERT INTO RELEASES (ARTIST_ID, COLLECTION_ID) VALUES (55, 64) ON CONFLICT DO NOTHING;
INSERT INTO SONGS (SONG_ID, SONG_TITLE, SONG_DURATION, SONG_FILE, POPULARITY, VALENCE, ACCOUSTICNESS, DANCEABILITY, ENERGY, SONG_RELEASE_DATE) 
                  VALUES (64, 'A Night To Remember', 233, '/stream/audio_default.mp3', 77, 0.187, 0.946, 0.506, 0.44, '2023-10-20') ON CONFLICT DO NOTHING;
INSERT INTO SONGS_GENRES (SONG_ID, GENRE_ID) VALUES (64, 51) ON CONFLICT DO NOTHING;
INSERT INTO COLLECTIONS_SONGS (COLLECTION_ID, SONG_ID, NOMOR_DISC, NOMOR_TRACK) VALUES (64, 64, 1, 1) ON CONFLICT DO NOTHING;
INSERT INTO CREATE_SONGS (ARTIST_ID, SONG_ID) VALUES (55, 64) ON CONFLICT DO NOTHING;
INSERT INTO ARTISTS (ARTIST_ID, ARTIST_NAME, ARTIST_PFP, MONTHLY_LISTENER_COUNT, ARTIST_EMAIL) VALUES (56, 'Pierre Thibault', 'https://i.scdn.co/image/ab6761610000e5ebcc18c531049a0e7e1362cc75', 9056, 'contact.56@label.com') ON CONFLICT DO NOTHING;
INSERT INTO COLLECTIONS (COLLECTION_ID, COLLECTION_TITLE, COLLECTION_TYPE, COLLECTION_RELEASE_DATE, COLLECTION_COVER, ISPRERELEASE) VALUES (65, 'Super Bear Adventure: Pierre Music Kit, Vol. 1 (Original Soundtrack)', 'Single', '2024-04-05', 'https://i.scdn.co/image/ab67616d0000b273272539dd1e87e2a6926a8d83', FALSE) ON CONFLICT DO NOTHING;
INSERT INTO RELEASES (ARTIST_ID, COLLECTION_ID) VALUES (56, 65) ON CONFLICT DO NOTHING;
INSERT INTO SONGS (SONG_ID, SONG_TITLE, SONG_DURATION, SONG_FILE, POPULARITY, VALENCE, ACCOUSTICNESS, DANCEABILITY, ENERGY, SONG_RELEASE_DATE) 
                  VALUES (65, 'Night Bear', 175, '/stream/audio_default.mp3', 38, 0.638, 0.046, 0.367, 0.131, '2024-04-05') ON CONFLICT DO NOTHING;
INSERT INTO SONGS_GENRES (SONG_ID, GENRE_ID) VALUES (65, 28) ON CONFLICT DO NOTHING;
INSERT INTO SONGS_GENRES (SONG_ID, GENRE_ID) VALUES (65, 16) ON CONFLICT DO NOTHING;
INSERT INTO COLLECTIONS_SONGS (COLLECTION_ID, SONG_ID, NOMOR_DISC, NOMOR_TRACK) VALUES (65, 65, 1, 1) ON CONFLICT DO NOTHING;
INSERT INTO CREATE_SONGS (ARTIST_ID, SONG_ID) VALUES (56, 65) ON CONFLICT DO NOTHING;
INSERT INTO ARTISTS (ARTIST_ID, ARTIST_NAME, ARTIST_PFP, MONTHLY_LISTENER_COUNT, ARTIST_EMAIL) VALUES (57, 'Tanya Chua', 'https://i.scdn.co/image/ab6761610000e5eb6a0678a926bd4812fb8a4099', 713936, 'contact.57@label.com') ON CONFLICT DO NOTHING;
INSERT INTO GENRES (GENRE_ID, GENRE_NAME) VALUES (52, 'mandopop') ON CONFLICT DO NOTHING;
INSERT INTO GENRES (GENRE_ID, GENRE_NAME) VALUES (53, 'taiwanese pop') ON CONFLICT DO NOTHING;
INSERT INTO GENRES (GENRE_ID, GENRE_NAME) VALUES (54, 'c-pop') ON CONFLICT DO NOTHING;
INSERT INTO COLLECTIONS (COLLECTION_ID, COLLECTION_TITLE, COLLECTION_TYPE, COLLECTION_RELEASE_DATE, COLLECTION_COVER, ISPRERELEASE) VALUES (66, '崩坏3-Onwards (Original Soundtrack)', 'Album', '2018-12-21', 'https://i.scdn.co/image/ab67616d0000b27363bd7dc4537f2bcdb73d3197', FALSE) ON CONFLICT DO NOTHING;
INSERT INTO RELEASES (ARTIST_ID, COLLECTION_ID) VALUES (57, 66) ON CONFLICT DO NOTHING;
INSERT INTO SONGS (SONG_ID, SONG_TITLE, SONG_DURATION, SONG_FILE, POPULARITY, VALENCE, ACCOUSTICNESS, DANCEABILITY, ENERGY, SONG_RELEASE_DATE) 
                  VALUES (66, 'Nightglow - 崩坏3印象曲', 183, '/stream/audio_default.mp3', 46, 0.782, 0.289, 0.93, 0.035, '2018-12-21') ON CONFLICT DO NOTHING;
INSERT INTO SONGS_GENRES (SONG_ID, GENRE_ID) VALUES (66, 53) ON CONFLICT DO NOTHING;
INSERT INTO SONGS_GENRES (SONG_ID, GENRE_ID) VALUES (66, 54) ON CONFLICT DO NOTHING;
INSERT INTO COLLECTIONS_SONGS (COLLECTION_ID, SONG_ID, NOMOR_DISC, NOMOR_TRACK) VALUES (66, 66, 1, 1) ON CONFLICT DO NOTHING;
INSERT INTO CREATE_SONGS (ARTIST_ID, SONG_ID) VALUES (57, 66) ON CONFLICT DO NOTHING;
INSERT INTO ARTISTS (ARTIST_ID, ARTIST_NAME, ARTIST_PFP, MONTHLY_LISTENER_COUNT, ARTIST_EMAIL) VALUES (58, 'Night to Remember', 'https://i.scdn.co/image/ab67616d0000b2731f33576684c47346522a1ef9', 43037, 'contact.58@label.com') ON CONFLICT DO NOTHING;
INSERT INTO COLLECTIONS (COLLECTION_ID, COLLECTION_TITLE, COLLECTION_TYPE, COLLECTION_RELEASE_DATE, COLLECTION_COVER, ISPRERELEASE) VALUES (67, 'Wake Up', 'Album', '2010-08-04', 'https://i.scdn.co/image/ab67616d0000b2731f33576684c47346522a1ef9', FALSE) ON CONFLICT DO NOTHING;
INSERT INTO RELEASES (ARTIST_ID, COLLECTION_ID) VALUES (58, 67) ON CONFLICT DO NOTHING;
INSERT INTO SONGS (SONG_ID, SONG_TITLE, SONG_DURATION, SONG_FILE, POPULARITY, VALENCE, ACCOUSTICNESS, DANCEABILITY, ENERGY, SONG_RELEASE_DATE) 
                  VALUES (67, 'Sorry! (Dirinya Bersamaku)', 257, '/stream/audio_default.mp3', 32, 0.011, 0.164, 0.335, 0.308, '2010-08-04') ON CONFLICT DO NOTHING;
INSERT INTO SONGS_GENRES (SONG_ID, GENRE_ID) VALUES (67, 4) ON CONFLICT DO NOTHING;
INSERT INTO SONGS_GENRES (SONG_ID, GENRE_ID) VALUES (67, 5) ON CONFLICT DO NOTHING;
INSERT INTO COLLECTIONS_SONGS (COLLECTION_ID, SONG_ID, NOMOR_DISC, NOMOR_TRACK) VALUES (67, 67, 1, 3) ON CONFLICT DO NOTHING;
INSERT INTO CREATE_SONGS (ARTIST_ID, SONG_ID) VALUES (58, 67) ON CONFLICT DO NOTHING;
INSERT INTO ARTISTS (ARTIST_ID, ARTIST_NAME, ARTIST_PFP, MONTHLY_LISTENER_COUNT, ARTIST_EMAIL) VALUES (59, 'Jones', 'https://i.scdn.co/image/ab67616d0000b27323ac40bac43dff974fce40ac', 11, 'contact.59@label.com') ON CONFLICT DO NOTHING;
INSERT INTO COLLECTIONS (COLLECTION_ID, COLLECTION_TITLE, COLLECTION_TYPE, COLLECTION_RELEASE_DATE, COLLECTION_COVER, ISPRERELEASE) VALUES (68, 'Night clubbing (Remastered 2024)', 'Single', '2024-09-24', 'https://i.scdn.co/image/ab67616d0000b27323ac40bac43dff974fce40ac', FALSE) ON CONFLICT DO NOTHING;
INSERT INTO RELEASES (ARTIST_ID, COLLECTION_ID) VALUES (59, 68) ON CONFLICT DO NOTHING;
INSERT INTO SONGS (SONG_ID, SONG_TITLE, SONG_DURATION, SONG_FILE, POPULARITY, VALENCE, ACCOUSTICNESS, DANCEABILITY, ENERGY, SONG_RELEASE_DATE) 
                  VALUES (68, 'Night clubbing - Remastered 2024', 68, '/stream/audio_default.mp3', 14, 0.532, 0.283, 0.642, 0.767, '2024-09-24') ON CONFLICT DO NOTHING;
INSERT INTO SONGS_GENRES (SONG_ID, GENRE_ID) VALUES (68, 28) ON CONFLICT DO NOTHING;
INSERT INTO COLLECTIONS_SONGS (COLLECTION_ID, SONG_ID, NOMOR_DISC, NOMOR_TRACK) VALUES (68, 68, 1, 1) ON CONFLICT DO NOTHING;
INSERT INTO CREATE_SONGS (ARTIST_ID, SONG_ID) VALUES (59, 68) ON CONFLICT DO NOTHING;
INSERT INTO ARTISTS (ARTIST_ID, ARTIST_NAME, ARTIST_PFP, MONTHLY_LISTENER_COUNT, ARTIST_EMAIL) VALUES (60, 'One Direction', 'https://i.scdn.co/image/5bb443424a1ad71603c43d67f5af1a04da6bb3c8', 40383535, 'contact.60@label.com') ON CONFLICT DO NOTHING;
INSERT INTO COLLECTIONS (COLLECTION_ID, COLLECTION_TITLE, COLLECTION_TYPE, COLLECTION_RELEASE_DATE, COLLECTION_COVER, ISPRERELEASE) VALUES (69, 'Acoustic - EP', 'Single', '2010-11-29', 'https://i.scdn.co/image/ab67616d0000b2737db6a91139a0ba99110d07d1', FALSE) ON CONFLICT DO NOTHING;
INSERT INTO RELEASES (ARTIST_ID, COLLECTION_ID) VALUES (60, 69) ON CONFLICT DO NOTHING;
INSERT INTO SONGS (SONG_ID, SONG_TITLE, SONG_DURATION, SONG_FILE, POPULARITY, VALENCE, ACCOUSTICNESS, DANCEABILITY, ENERGY, SONG_RELEASE_DATE) 
                  VALUES (69, 'Night Changes - Live Acoustic Session', 221, '/stream/audio_default.mp3', 51, 0.578, 0.05, 0.692, 0.537, '2010-11-29') ON CONFLICT DO NOTHING;
INSERT INTO SONGS_GENRES (SONG_ID, GENRE_ID) VALUES (69, 17) ON CONFLICT DO NOTHING;
INSERT INTO SONGS_GENRES (SONG_ID, GENRE_ID) VALUES (69, 42) ON CONFLICT DO NOTHING;
INSERT INTO COLLECTIONS_SONGS (COLLECTION_ID, SONG_ID, NOMOR_DISC, NOMOR_TRACK) VALUES (69, 69, 1, 4) ON CONFLICT DO NOTHING;
INSERT INTO CREATE_SONGS (ARTIST_ID, SONG_ID) VALUES (60, 69) ON CONFLICT DO NOTHING;
INSERT INTO ARTISTS (ARTIST_ID, ARTIST_NAME, ARTIST_PFP, MONTHLY_LISTENER_COUNT, ARTIST_EMAIL) VALUES (61, 'Laufey', 'https://i.scdn.co/image/ab6761610000e5eb98c2527b85500f68f53084f2', 8703092, 'contact.61@label.com') ON CONFLICT DO NOTHING;
INSERT INTO COLLECTIONS (COLLECTION_ID, COLLECTION_TITLE, COLLECTION_TYPE, COLLECTION_RELEASE_DATE, COLLECTION_COVER, ISPRERELEASE) VALUES (70, 'Everything I Know About Love', 'Album', '2022-08-26', 'https://i.scdn.co/image/ab67616d0000b27348341e864d4b4881f56f01b4', FALSE) ON CONFLICT DO NOTHING;
INSERT INTO RELEASES (ARTIST_ID, COLLECTION_ID) VALUES (61, 70) ON CONFLICT DO NOTHING;
INSERT INTO SONGS (SONG_ID, SONG_TITLE, SONG_DURATION, SONG_FILE, POPULARITY, VALENCE, ACCOUSTICNESS, DANCEABILITY, ENERGY, SONG_RELEASE_DATE) 
                  VALUES (70, 'Night Light', 242, '/stream/audio_default.mp3', 57, 0.446, 0.301, 0.01, 0.493, '2022-08-26') ON CONFLICT DO NOTHING;
INSERT INTO SONGS_GENRES (SONG_ID, GENRE_ID) VALUES (70, 54) ON CONFLICT DO NOTHING;
INSERT INTO SONGS_GENRES (SONG_ID, GENRE_ID) VALUES (70, 10) ON CONFLICT DO NOTHING;
INSERT INTO COLLECTIONS_SONGS (COLLECTION_ID, SONG_ID, NOMOR_DISC, NOMOR_TRACK) VALUES (70, 70, 1, 13) ON CONFLICT DO NOTHING;
INSERT INTO CREATE_SONGS (ARTIST_ID, SONG_ID) VALUES (61, 70) ON CONFLICT DO NOTHING;
INSERT INTO ARTISTS (ARTIST_ID, ARTIST_NAME, ARTIST_PFP, MONTHLY_LISTENER_COUNT, ARTIST_EMAIL) VALUES (62, 'CARA', 'https://i.scdn.co/image/ab6761610000e5eb73173c1cc33bd411dfcf49c9', 4590, 'contact.62@label.com') ON CONFLICT DO NOTHING;
INSERT INTO COLLECTIONS (COLLECTION_ID, COLLECTION_TITLE, COLLECTION_TYPE, COLLECTION_RELEASE_DATE, COLLECTION_COVER, ISPRERELEASE) VALUES (71, 'Night Work (Slowed)', 'Single', '2023-06-19', 'https://i.scdn.co/image/ab67616d0000b27352c7dbccb8a4c0a1c94492d6', FALSE) ON CONFLICT DO NOTHING;
INSERT INTO RELEASES (ARTIST_ID, COLLECTION_ID) VALUES (62, 71) ON CONFLICT DO NOTHING;
INSERT INTO SONGS (SONG_ID, SONG_TITLE, SONG_DURATION, SONG_FILE, POPULARITY, VALENCE, ACCOUSTICNESS, DANCEABILITY, ENERGY, SONG_RELEASE_DATE) 
                  VALUES (71, 'Night Work (Slowed)', 263, '/stream/audio_default.mp3', 43, 0.011, 0.107, 0.675, 0.399, '2023-06-19') ON CONFLICT DO NOTHING;
INSERT INTO SONGS_GENRES (SONG_ID, GENRE_ID) VALUES (71, 12) ON CONFLICT DO NOTHING;
INSERT INTO SONGS_GENRES (SONG_ID, GENRE_ID) VALUES (71, 53) ON CONFLICT DO NOTHING;
INSERT INTO COLLECTIONS_SONGS (COLLECTION_ID, SONG_ID, NOMOR_DISC, NOMOR_TRACK) VALUES (71, 71, 1, 1) ON CONFLICT DO NOTHING;
INSERT INTO CREATE_SONGS (ARTIST_ID, SONG_ID) VALUES (62, 71) ON CONFLICT DO NOTHING;
INSERT INTO ARTISTS (ARTIST_ID, ARTIST_NAME, ARTIST_PFP, MONTHLY_LISTENER_COUNT, ARTIST_EMAIL) VALUES (63, 'Wilee', 'https://i.scdn.co/image/ab6761610000e5eb96fcc0caccedce0c019d7aee', 34835, 'contact.63@label.com') ON CONFLICT DO NOTHING;
INSERT INTO GENRES (GENRE_ID, GENRE_NAME) VALUES (55, 'drift phonk') ON CONFLICT DO NOTHING;
INSERT INTO COLLECTIONS (COLLECTION_ID, COLLECTION_TITLE, COLLECTION_TYPE, COLLECTION_RELEASE_DATE, COLLECTION_COVER, ISPRERELEASE) VALUES (72, 'Night Drive', 'Single', '2022-02-25', 'https://i.scdn.co/image/ab67616d0000b273698ff65d67dabb964e33788d', FALSE) ON CONFLICT DO NOTHING;
INSERT INTO RELEASES (ARTIST_ID, COLLECTION_ID) VALUES (63, 72) ON CONFLICT DO NOTHING;
INSERT INTO SONGS (SONG_ID, SONG_TITLE, SONG_DURATION, SONG_FILE, POPULARITY, VALENCE, ACCOUSTICNESS, DANCEABILITY, ENERGY, SONG_RELEASE_DATE) 
                  VALUES (72, 'Night Drive', 124, '/stream/audio_default.mp3', 59, 0.565, 0.662, 0.136, 0.626, '2022-02-25') ON CONFLICT DO NOTHING;
INSERT INTO SONGS_GENRES (SONG_ID, GENRE_ID) VALUES (72, 55) ON CONFLICT DO NOTHING;
INSERT INTO SONGS_GENRES (SONG_ID, GENRE_ID) VALUES (72, 47) ON CONFLICT DO NOTHING;
INSERT INTO COLLECTIONS_SONGS (COLLECTION_ID, SONG_ID, NOMOR_DISC, NOMOR_TRACK) VALUES (72, 72, 1, 1) ON CONFLICT DO NOTHING;
INSERT INTO CREATE_SONGS (ARTIST_ID, SONG_ID) VALUES (63, 72) ON CONFLICT DO NOTHING;
INSERT INTO ARTISTS (ARTIST_ID, ARTIST_NAME, ARTIST_PFP, MONTHLY_LISTENER_COUNT, ARTIST_EMAIL) VALUES (64, 'The Kid LAROI', 'https://i.scdn.co/image/ab6761610000e5eb47a63ec071646765439ba93a', 6658119, 'contact.64@label.com') ON CONFLICT DO NOTHING;
INSERT INTO COLLECTIONS (COLLECTION_ID, COLLECTION_TITLE, COLLECTION_TYPE, COLLECTION_RELEASE_DATE, COLLECTION_COVER, ISPRERELEASE) VALUES (73, 'THE FIRST TIME (DELUXE VERSION)', 'Album', '2024-08-09', 'https://i.scdn.co/image/ab67616d0000b273a690d2e65a50a742f19939ea', FALSE) ON CONFLICT DO NOTHING;
INSERT INTO RELEASES (ARTIST_ID, COLLECTION_ID) VALUES (64, 73) ON CONFLICT DO NOTHING;
INSERT INTO SONGS (SONG_ID, SONG_TITLE, SONG_DURATION, SONG_FILE, POPULARITY, VALENCE, ACCOUSTICNESS, DANCEABILITY, ENERGY, SONG_RELEASE_DATE) 
                  VALUES (73, 'NIGHTS LIKE THIS PT 2', 166, '/stream/audio_default.mp3', 65, 0.695, 0.063, 0.559, 0.573, '2024-08-09') ON CONFLICT DO NOTHING;
INSERT INTO SONGS_GENRES (SONG_ID, GENRE_ID) VALUES (73, 38) ON CONFLICT DO NOTHING;
INSERT INTO SONGS_GENRES (SONG_ID, GENRE_ID) VALUES (73, 11) ON CONFLICT DO NOTHING;
INSERT INTO COLLECTIONS_SONGS (COLLECTION_ID, SONG_ID, NOMOR_DISC, NOMOR_TRACK) VALUES (73, 73, 1, 4) ON CONFLICT DO NOTHING;
INSERT INTO CREATE_SONGS (ARTIST_ID, SONG_ID) VALUES (64, 73) ON CONFLICT DO NOTHING;
INSERT INTO ARTISTS (ARTIST_ID, ARTIST_NAME, ARTIST_PFP, MONTHLY_LISTENER_COUNT, ARTIST_EMAIL) VALUES (65, 'Muse', 'https://i.scdn.co/image/ab6761610000e5eba16a11aa5842607c88a8d8a9', 8504451, 'contact.65@label.com') ON CONFLICT DO NOTHING;
INSERT INTO GENRES (GENRE_ID, GENRE_NAME) VALUES (56, 'alternative rock') ON CONFLICT DO NOTHING;
INSERT INTO COLLECTIONS (COLLECTION_ID, COLLECTION_TITLE, COLLECTION_TYPE, COLLECTION_RELEASE_DATE, COLLECTION_COVER, ISPRERELEASE) VALUES (74, 'Black Holes and Revelations', 'Album', '2006-06-28', 'https://i.scdn.co/image/ab67616d0000b27328933b808bfb4cbbd0385400', FALSE) ON CONFLICT DO NOTHING;
INSERT INTO RELEASES (ARTIST_ID, COLLECTION_ID) VALUES (65, 74) ON CONFLICT DO NOTHING;
INSERT INTO SONGS (SONG_ID, SONG_TITLE, SONG_DURATION, SONG_FILE, POPULARITY, VALENCE, ACCOUSTICNESS, DANCEABILITY, ENERGY, SONG_RELEASE_DATE) 
                  VALUES (74, 'Knights of Cydonia', 366, '/stream/audio_default.mp3', 69, 0.337, 0.67, 0.519, 0.573, '2006-06-28') ON CONFLICT DO NOTHING;
INSERT INTO SONGS_GENRES (SONG_ID, GENRE_ID) VALUES (74, 38) ON CONFLICT DO NOTHING;
INSERT INTO SONGS_GENRES (SONG_ID, GENRE_ID) VALUES (74, 56) ON CONFLICT DO NOTHING;
INSERT INTO COLLECTIONS_SONGS (COLLECTION_ID, SONG_ID, NOMOR_DISC, NOMOR_TRACK) VALUES (74, 74, 1, 11) ON CONFLICT DO NOTHING;
INSERT INTO CREATE_SONGS (ARTIST_ID, SONG_ID) VALUES (65, 74) ON CONFLICT DO NOTHING;
INSERT INTO COLLECTIONS (COLLECTION_ID, COLLECTION_TITLE, COLLECTION_TYPE, COLLECTION_RELEASE_DATE, COLLECTION_COVER, ISPRERELEASE) VALUES (75, 'Midnight Memories (Deluxe)', 'Album', '2013-11-25', 'https://i.scdn.co/image/ab67616d0000b2733cf0191cca87a4bc7e34bc4a', FALSE) ON CONFLICT DO NOTHING;
INSERT INTO RELEASES (ARTIST_ID, COLLECTION_ID) VALUES (60, 75) ON CONFLICT DO NOTHING;
INSERT INTO SONGS (SONG_ID, SONG_TITLE, SONG_DURATION, SONG_FILE, POPULARITY, VALENCE, ACCOUSTICNESS, DANCEABILITY, ENERGY, SONG_RELEASE_DATE) 
                  VALUES (75, 'Right Now', 200, '/stream/audio_default.mp3', 78, 0.463, 0.911, 0.385, 0.443, '2013-11-25') ON CONFLICT DO NOTHING;
INSERT INTO SONGS_GENRES (SONG_ID, GENRE_ID) VALUES (75, 9) ON CONFLICT DO NOTHING;
INSERT INTO SONGS_GENRES (SONG_ID, GENRE_ID) VALUES (75, 45) ON CONFLICT DO NOTHING;
INSERT INTO COLLECTIONS_SONGS (COLLECTION_ID, SONG_ID, NOMOR_DISC, NOMOR_TRACK) VALUES (75, 75, 1, 9) ON CONFLICT DO NOTHING;
INSERT INTO CREATE_SONGS (ARTIST_ID, SONG_ID) VALUES (60, 75) ON CONFLICT DO NOTHING;
INSERT INTO ARTISTS (ARTIST_ID, ARTIST_NAME, ARTIST_PFP, MONTHLY_LISTENER_COUNT, ARTIST_EMAIL) VALUES (66, 'James Arthur', 'https://i.scdn.co/image/ab6761610000e5eb5a55e66595e80fb12dc5f5fa', 20939358, 'contact.66@label.com') ON CONFLICT DO NOTHING;
INSERT INTO COLLECTIONS (COLLECTION_ID, COLLECTION_TITLE, COLLECTION_TYPE, COLLECTION_RELEASE_DATE, COLLECTION_COVER, ISPRERELEASE) VALUES (76, 'The Greatest Showman: Reimagined (Deluxe)', 'Compilation', '2017-12-08', 'https://i.scdn.co/image/ab67616d0000b273c4e9d12d9ccdd7e48d2a0329', FALSE) ON CONFLICT DO NOTHING;
INSERT INTO RELEASES (ARTIST_ID, COLLECTION_ID) VALUES (66, 76) ON CONFLICT DO NOTHING;
INSERT INTO SONGS (SONG_ID, SONG_TITLE, SONG_DURATION, SONG_FILE, POPULARITY, VALENCE, ACCOUSTICNESS, DANCEABILITY, ENERGY, SONG_RELEASE_DATE) 
                  VALUES (76, 'Rewrite The Stars', 218, '/stream/audio_default.mp3', 72, 0.424, 0.199, 0.853, 0.67, '2017-12-08') ON CONFLICT DO NOTHING;
INSERT INTO SONGS_GENRES (SONG_ID, GENRE_ID) VALUES (76, 10) ON CONFLICT DO NOTHING;
INSERT INTO COLLECTIONS_SONGS (COLLECTION_ID, SONG_ID, NOMOR_DISC, NOMOR_TRACK) VALUES (76, 76, 1, 8) ON CONFLICT DO NOTHING;
INSERT INTO CREATE_SONGS (ARTIST_ID, SONG_ID) VALUES (66, 76) ON CONFLICT DO NOTHING;
INSERT INTO SONGS (SONG_ID, SONG_TITLE, SONG_DURATION, SONG_FILE, POPULARITY, VALENCE, ACCOUSTICNESS, DANCEABILITY, ENERGY, SONG_RELEASE_DATE) 
                  VALUES (77, 'Strong', 184, '/stream/audio_default.mp3', 73, 0.887, 0.41, 0.839, 0.098, '2013-11-25') ON CONFLICT DO NOTHING;
INSERT INTO SONGS_GENRES (SONG_ID, GENRE_ID) VALUES (77, 46) ON CONFLICT DO NOTHING;
INSERT INTO SONGS_GENRES (SONG_ID, GENRE_ID) VALUES (77, 17) ON CONFLICT DO NOTHING;
INSERT INTO COLLECTIONS_SONGS (COLLECTION_ID, SONG_ID, NOMOR_DISC, NOMOR_TRACK) VALUES (75, 77, 1, 7) ON CONFLICT DO NOTHING;
INSERT INTO CREATE_SONGS (ARTIST_ID, SONG_ID) VALUES (60, 77) ON CONFLICT DO NOTHING;
INSERT INTO ARTISTS (ARTIST_ID, ARTIST_NAME, ARTIST_PFP, MONTHLY_LISTENER_COUNT, ARTIST_EMAIL) VALUES (67, 'Henry Moodie', 'https://i.scdn.co/image/ab6761610000e5ebeb112262ba2e60bf90053a02', 838674, 'contact.67@label.com') ON CONFLICT DO NOTHING;
INSERT INTO COLLECTIONS (COLLECTION_ID, COLLECTION_TITLE, COLLECTION_TYPE, COLLECTION_RELEASE_DATE, COLLECTION_COVER, ISPRERELEASE) VALUES (77, 'in all of my lonely nights', 'Single', '2024-01-26', 'https://i.scdn.co/image/ab67616d0000b273db94c82db2d786cd9e03a538', FALSE) ON CONFLICT DO NOTHING;
INSERT INTO RELEASES (ARTIST_ID, COLLECTION_ID) VALUES (67, 77) ON CONFLICT DO NOTHING;
INSERT INTO SONGS (SONG_ID, SONG_TITLE, SONG_DURATION, SONG_FILE, POPULARITY, VALENCE, ACCOUSTICNESS, DANCEABILITY, ENERGY, SONG_RELEASE_DATE) 
                  VALUES (78, 'drunk text', 187, '/stream/audio_default.mp3', 76, 0.658, 0.49, 0.163, 0.848, '2024-01-26') ON CONFLICT DO NOTHING;
INSERT INTO SONGS_GENRES (SONG_ID, GENRE_ID) VALUES (78, 26) ON CONFLICT DO NOTHING;
INSERT INTO SONGS_GENRES (SONG_ID, GENRE_ID) VALUES (78, 47) ON CONFLICT DO NOTHING;
INSERT INTO COLLECTIONS_SONGS (COLLECTION_ID, SONG_ID, NOMOR_DISC, NOMOR_TRACK) VALUES (77, 78, 1, 1) ON CONFLICT DO NOTHING;
INSERT INTO CREATE_SONGS (ARTIST_ID, SONG_ID) VALUES (67, 78) ON CONFLICT DO NOTHING;
INSERT INTO ARTISTS (ARTIST_ID, ARTIST_NAME, ARTIST_PFP, MONTHLY_LISTENER_COUNT, ARTIST_EMAIL) VALUES (68, 'Rod Stewart', 'https://i.scdn.co/image/ab6761610000e5eb876f7ad601fe9a02247b9fb9', 5599626, 'contact.68@label.com') ON CONFLICT DO NOTHING;
INSERT INTO GENRES (GENRE_ID, GENRE_NAME) VALUES (57, 'soft rock') ON CONFLICT DO NOTHING;
INSERT INTO COLLECTIONS (COLLECTION_ID, COLLECTION_TITLE, COLLECTION_TYPE, COLLECTION_RELEASE_DATE, COLLECTION_COVER, ISPRERELEASE) VALUES (78, 'I Don''t Want To Talk About It (feat. Amy Belle) [from One Night Only! Rod Stewart Live at Royal Albert Hall]', 'Single', '2004-01-01', 'https://i.scdn.co/image/ab6742d3000053b78253195215c42c1f0aac4664', FALSE) ON CONFLICT DO NOTHING;
INSERT INTO RELEASES (ARTIST_ID, COLLECTION_ID) VALUES (68, 78) ON CONFLICT DO NOTHING;
INSERT INTO SONGS (SONG_ID, SONG_TITLE, SONG_DURATION, SONG_FILE, POPULARITY, VALENCE, ACCOUSTICNESS, DANCEABILITY, ENERGY, SONG_RELEASE_DATE) 
                  VALUES (79, 'I Don''t Want To Talk About It (feat. Amy Belle) - from One Night Only! Rod Stewart Live at Royal Albert Hall', 269, '/stream/audio_default.mp3', 48, 0.032, 0.09, 0.766, 0.706, '2004-01-01') ON CONFLICT DO NOTHING;
INSERT INTO SONGS_GENRES (SONG_ID, GENRE_ID) VALUES (79, 57) ON CONFLICT DO NOTHING;
INSERT INTO COLLECTIONS_SONGS (COLLECTION_ID, SONG_ID, NOMOR_DISC, NOMOR_TRACK) VALUES (78, 79, 1, 1) ON CONFLICT DO NOTHING;
INSERT INTO CREATE_SONGS (ARTIST_ID, SONG_ID) VALUES (68, 79) ON CONFLICT DO NOTHING;
INSERT INTO ARTISTS (ARTIST_ID, ARTIST_NAME, ARTIST_PFP, MONTHLY_LISTENER_COUNT, ARTIST_EMAIL) VALUES (69, 'LE SSERAFIM', 'https://i.scdn.co/image/ab6761610000e5eb9095683b555d7c16fd3b633f', 8178044, 'contact.69@label.com') ON CONFLICT DO NOTHING;
INSERT INTO COLLECTIONS (COLLECTION_ID, COLLECTION_TITLE, COLLECTION_TYPE, COLLECTION_RELEASE_DATE, COLLECTION_COVER, ISPRERELEASE) VALUES (79, 'Perfect Night', 'Single', '2023-10-27', 'https://i.scdn.co/image/ab67616d0000b273c9af8979e5cb3fe7ecc5e230', FALSE) ON CONFLICT DO NOTHING;
INSERT INTO RELEASES (ARTIST_ID, COLLECTION_ID) VALUES (69, 79) ON CONFLICT DO NOTHING;
INSERT INTO SONGS (SONG_ID, SONG_TITLE, SONG_DURATION, SONG_FILE, POPULARITY, VALENCE, ACCOUSTICNESS, DANCEABILITY, ENERGY, SONG_RELEASE_DATE) 
                  VALUES (80, 'Perfect Night', 159, '/stream/audio_default.mp3', 77, 0.776, 0.421, 0.985, 0.061, '2023-10-27') ON CONFLICT DO NOTHING;
INSERT INTO SONGS_GENRES (SONG_ID, GENRE_ID) VALUES (80, 29) ON CONFLICT DO NOTHING;
INSERT INTO COLLECTIONS_SONGS (COLLECTION_ID, SONG_ID, NOMOR_DISC, NOMOR_TRACK) VALUES (79, 80, 1, 1) ON CONFLICT DO NOTHING;
INSERT INTO CREATE_SONGS (ARTIST_ID, SONG_ID) VALUES (69, 80) ON CONFLICT DO NOTHING;
INSERT INTO ARTISTS (ARTIST_ID, ARTIST_NAME, ARTIST_PFP, MONTHLY_LISTENER_COUNT, ARTIST_EMAIL) VALUES (70, 'NightSoundClouds', 'https://i.scdn.co/image/ab6761610000e5eb6809fafde1a2a54333c2b921', 3549, 'contact.70@label.com') ON CONFLICT DO NOTHING;
INSERT INTO GENRES (GENRE_ID, GENRE_NAME) VALUES (58, 'breakbeat') ON CONFLICT DO NOTHING;
INSERT INTO COLLECTIONS (COLLECTION_ID, COLLECTION_TITLE, COLLECTION_TYPE, COLLECTION_RELEASE_DATE, COLLECTION_COVER, ISPRERELEASE) VALUES (80, 'Aria Freaks Stadium', 'Single', '2024-12-04', 'https://i.scdn.co/image/ab67616d0000b2733a0686a323c2d375e22bf4ad', FALSE) ON CONFLICT DO NOTHING;
INSERT INTO RELEASES (ARTIST_ID, COLLECTION_ID) VALUES (70, 80) ON CONFLICT DO NOTHING;
INSERT INTO SONGS (SONG_ID, SONG_TITLE, SONG_DURATION, SONG_FILE, POPULARITY, VALENCE, ACCOUSTICNESS, DANCEABILITY, ENERGY, SONG_RELEASE_DATE) 
                  VALUES (81, 'Aria Freaks Stadium', 192, '/stream/audio_default.mp3', 62, 0.383, 0.255, 0.936, 0.191, '2024-12-04') ON CONFLICT DO NOTHING;
INSERT INTO SONGS_GENRES (SONG_ID, GENRE_ID) VALUES (81, 58) ON CONFLICT DO NOTHING;
INSERT INTO SONGS_GENRES (SONG_ID, GENRE_ID) VALUES (81, 28) ON CONFLICT DO NOTHING;
INSERT INTO COLLECTIONS_SONGS (COLLECTION_ID, SONG_ID, NOMOR_DISC, NOMOR_TRACK) VALUES (80, 81, 1, 1) ON CONFLICT DO NOTHING;
INSERT INTO CREATE_SONGS (ARTIST_ID, SONG_ID) VALUES (70, 81) ON CONFLICT DO NOTHING;
INSERT INTO ARTISTS (ARTIST_ID, ARTIST_NAME, ARTIST_PFP, MONTHLY_LISTENER_COUNT, ARTIST_EMAIL) VALUES (71, 'Avenged Sevenfold', 'https://i.scdn.co/image/ab6761610000e5eb097658d63473ecb243ed4b1f', 11830472, 'contact.71@label.com') ON CONFLICT DO NOTHING;
INSERT INTO COLLECTIONS (COLLECTION_ID, COLLECTION_TITLE, COLLECTION_TYPE, COLLECTION_RELEASE_DATE, COLLECTION_COVER, ISPRERELEASE) VALUES (81, 'Nightmare', 'Album', '2010-07-25', 'https://i.scdn.co/image/ab67616d0000b273c34064a3c5e4a25892a091f3', FALSE) ON CONFLICT DO NOTHING;
INSERT INTO RELEASES (ARTIST_ID, COLLECTION_ID) VALUES (71, 81) ON CONFLICT DO NOTHING;
INSERT INTO SONGS (SONG_ID, SONG_TITLE, SONG_DURATION, SONG_FILE, POPULARITY, VALENCE, ACCOUSTICNESS, DANCEABILITY, ENERGY, SONG_RELEASE_DATE) 
                  VALUES (82, 'So Far Away', 326, '/stream/audio_default.mp3', 71, 0.295, 0.781, 0.768, 0.809, '2010-07-25') ON CONFLICT DO NOTHING;
INSERT INTO SONGS_GENRES (SONG_ID, GENRE_ID) VALUES (82, 50) ON CONFLICT DO NOTHING;
INSERT INTO SONGS_GENRES (SONG_ID, GENRE_ID) VALUES (82, 33) ON CONFLICT DO NOTHING;
INSERT INTO COLLECTIONS_SONGS (COLLECTION_ID, SONG_ID, NOMOR_DISC, NOMOR_TRACK) VALUES (81, 82, 1, 6) ON CONFLICT DO NOTHING;
INSERT INTO CREATE_SONGS (ARTIST_ID, SONG_ID) VALUES (71, 82) ON CONFLICT DO NOTHING;
INSERT INTO ARTISTS (ARTIST_ID, ARTIST_NAME, ARTIST_PFP, MONTHLY_LISTENER_COUNT, ARTIST_EMAIL) VALUES (72, 'Lord Huron', 'https://i.scdn.co/image/ab6761610000e5eb0d4d3bb72e9375017fd94f71', 2195213, 'contact.72@label.com') ON CONFLICT DO NOTHING;
INSERT INTO COLLECTIONS (COLLECTION_ID, COLLECTION_TITLE, COLLECTION_TYPE, COLLECTION_RELEASE_DATE, COLLECTION_COVER, ISPRERELEASE) VALUES (82, 'The Night We Met', 'Single', '2015-02-10', 'https://i.scdn.co/image/ab67616d0000b273b422a8058999f84dac00f046', FALSE) ON CONFLICT DO NOTHING;
INSERT INTO RELEASES (ARTIST_ID, COLLECTION_ID) VALUES (72, 82) ON CONFLICT DO NOTHING;
INSERT INTO SONGS (SONG_ID, SONG_TITLE, SONG_DURATION, SONG_FILE, POPULARITY, VALENCE, ACCOUSTICNESS, DANCEABILITY, ENERGY, SONG_RELEASE_DATE) 
                  VALUES (83, 'The Night We Met', 208, '/stream/audio_default.mp3', 60, 0.354, 0.662, 0.19, 0.13, '2015-02-10') ON CONFLICT DO NOTHING;
INSERT INTO SONGS_GENRES (SONG_ID, GENRE_ID) VALUES (83, 29) ON CONFLICT DO NOTHING;
INSERT INTO SONGS_GENRES (SONG_ID, GENRE_ID) VALUES (83, 36) ON CONFLICT DO NOTHING;
INSERT INTO COLLECTIONS_SONGS (COLLECTION_ID, SONG_ID, NOMOR_DISC, NOMOR_TRACK) VALUES (82, 83, 1, 1) ON CONFLICT DO NOTHING;
INSERT INTO CREATE_SONGS (ARTIST_ID, SONG_ID) VALUES (72, 83) ON CONFLICT DO NOTHING;
INSERT INTO ARTISTS (ARTIST_ID, ARTIST_NAME, ARTIST_PFP, MONTHLY_LISTENER_COUNT, ARTIST_EMAIL) VALUES (73, 'Deva Pratama', 'https://i.scdn.co/image/ab67616d0000b2738d442e7544b79aba51f28ca3', 407, 'contact.73@label.com') ON CONFLICT DO NOTHING;
INSERT INTO COLLECTIONS (COLLECTION_ID, COLLECTION_TITLE, COLLECTION_TYPE, COLLECTION_RELEASE_DATE, COLLECTION_COVER, ISPRERELEASE) VALUES (83, 'All Night You', 'Single', '2024-08-12', 'https://i.scdn.co/image/ab67616d0000b2738d442e7544b79aba51f28ca3', FALSE) ON CONFLICT DO NOTHING;
INSERT INTO RELEASES (ARTIST_ID, COLLECTION_ID) VALUES (73, 83) ON CONFLICT DO NOTHING;
INSERT INTO SONGS (SONG_ID, SONG_TITLE, SONG_DURATION, SONG_FILE, POPULARITY, VALENCE, ACCOUSTICNESS, DANCEABILITY, ENERGY, SONG_RELEASE_DATE) 
                  VALUES (84, 'All Night You', 171, '/stream/audio_default.mp3', 60, 0.764, 0.035, 0.563, 0.91, '2024-08-12') ON CONFLICT DO NOTHING;
INSERT INTO SONGS_GENRES (SONG_ID, GENRE_ID) VALUES (84, 27) ON CONFLICT DO NOTHING;
INSERT INTO SONGS_GENRES (SONG_ID, GENRE_ID) VALUES (84, 28) ON CONFLICT DO NOTHING;
INSERT INTO COLLECTIONS_SONGS (COLLECTION_ID, SONG_ID, NOMOR_DISC, NOMOR_TRACK) VALUES (83, 84, 1, 1) ON CONFLICT DO NOTHING;
INSERT INTO CREATE_SONGS (ARTIST_ID, SONG_ID) VALUES (73, 84) ON CONFLICT DO NOTHING;
INSERT INTO ARTISTS (ARTIST_ID, ARTIST_NAME, ARTIST_PFP, MONTHLY_LISTENER_COUNT, ARTIST_EMAIL) VALUES (74, 'Katy Perry', 'https://i.scdn.co/image/ab6761610000e5eb4be5330bd48527f9dd620663', 38646403, 'contact.74@label.com') ON CONFLICT DO NOTHING;
INSERT INTO GENRES (GENRE_ID, GENRE_NAME) VALUES (59, 'pop') ON CONFLICT DO NOTHING;
INSERT INTO COLLECTIONS (COLLECTION_ID, COLLECTION_TITLE, COLLECTION_TYPE, COLLECTION_RELEASE_DATE, COLLECTION_COVER, ISPRERELEASE) VALUES (84, 'Teenage Dream', 'Album', '2010-01-01', 'https://i.scdn.co/image/ab67616d0000b2731d955011a3ed477dc77865ad', FALSE) ON CONFLICT DO NOTHING;
INSERT INTO RELEASES (ARTIST_ID, COLLECTION_ID) VALUES (74, 84) ON CONFLICT DO NOTHING;
INSERT INTO SONGS (SONG_ID, SONG_TITLE, SONG_DURATION, SONG_FILE, POPULARITY, VALENCE, ACCOUSTICNESS, DANCEABILITY, ENERGY, SONG_RELEASE_DATE) 
                  VALUES (85, 'Last Friday Night (T.G.I.F.)', 230, '/stream/audio_default.mp3', 78, 0.15, 0.197, 0.926, 0.816, '2010-01-01') ON CONFLICT DO NOTHING;
INSERT INTO SONGS_GENRES (SONG_ID, GENRE_ID) VALUES (85, 59) ON CONFLICT DO NOTHING;
INSERT INTO COLLECTIONS_SONGS (COLLECTION_ID, SONG_ID, NOMOR_DISC, NOMOR_TRACK) VALUES (84, 85, 1, 2) ON CONFLICT DO NOTHING;
INSERT INTO CREATE_SONGS (ARTIST_ID, SONG_ID) VALUES (74, 85) ON CONFLICT DO NOTHING;
INSERT INTO COLLECTIONS (COLLECTION_ID, COLLECTION_TITLE, COLLECTION_TYPE, COLLECTION_RELEASE_DATE, COLLECTION_COVER, ISPRERELEASE) VALUES (85, 'Nightmare', 'Album', '2010-07-25', 'https://i.scdn.co/image/ab67616d0000b2738b83ab2ca2c034de5bcaa634', FALSE) ON CONFLICT DO NOTHING;
INSERT INTO RELEASES (ARTIST_ID, COLLECTION_ID) VALUES (71, 85) ON CONFLICT DO NOTHING;
INSERT INTO SONGS (SONG_ID, SONG_TITLE, SONG_DURATION, SONG_FILE, POPULARITY, VALENCE, ACCOUSTICNESS, DANCEABILITY, ENERGY, SONG_RELEASE_DATE) 
                  VALUES (86, 'So Far Away', 326, '/stream/audio_default.mp3', 61, 0.931, 0.555, 0.718, 0.686, '2010-07-25') ON CONFLICT DO NOTHING;
INSERT INTO SONGS_GENRES (SONG_ID, GENRE_ID) VALUES (86, 33) ON CONFLICT DO NOTHING;
INSERT INTO SONGS_GENRES (SONG_ID, GENRE_ID) VALUES (86, 50) ON CONFLICT DO NOTHING;
INSERT INTO COLLECTIONS_SONGS (COLLECTION_ID, SONG_ID, NOMOR_DISC, NOMOR_TRACK) VALUES (85, 86, 1, 6) ON CONFLICT DO NOTHING;
INSERT INTO CREATE_SONGS (ARTIST_ID, SONG_ID) VALUES (71, 86) ON CONFLICT DO NOTHING;
INSERT INTO ARTISTS (ARTIST_ID, ARTIST_NAME, ARTIST_PFP, MONTHLY_LISTENER_COUNT, ARTIST_EMAIL) VALUES (75, 'Imagine Dragons', 'https://i.scdn.co/image/ab6761610000e5ebab47d8dae2b24f5afe7f9d38', 58554322, 'contact.75@label.com') ON CONFLICT DO NOTHING;
INSERT INTO COLLECTIONS (COLLECTION_ID, COLLECTION_TITLE, COLLECTION_TYPE, COLLECTION_RELEASE_DATE, COLLECTION_COVER, ISPRERELEASE) VALUES (86, 'Night Visions', 'Album', '2012-09-04', 'https://i.scdn.co/image/ab67616d0000b273407bd04707c463bbb3410737', FALSE) ON CONFLICT DO NOTHING;
INSERT INTO RELEASES (ARTIST_ID, COLLECTION_ID) VALUES (75, 86) ON CONFLICT DO NOTHING;
INSERT INTO SONGS (SONG_ID, SONG_TITLE, SONG_DURATION, SONG_FILE, POPULARITY, VALENCE, ACCOUSTICNESS, DANCEABILITY, ENERGY, SONG_RELEASE_DATE) 
                  VALUES (87, 'Demons', 177, '/stream/audio_default.mp3', 84, 0.686, 0.189, 0.91, 0.75, '2012-09-04') ON CONFLICT DO NOTHING;
INSERT INTO SONGS_GENRES (SONG_ID, GENRE_ID) VALUES (87, 21) ON CONFLICT DO NOTHING;
INSERT INTO SONGS_GENRES (SONG_ID, GENRE_ID) VALUES (87, 5) ON CONFLICT DO NOTHING;
INSERT INTO COLLECTIONS_SONGS (COLLECTION_ID, SONG_ID, NOMOR_DISC, NOMOR_TRACK) VALUES (86, 87, 1, 4) ON CONFLICT DO NOTHING;
INSERT INTO CREATE_SONGS (ARTIST_ID, SONG_ID) VALUES (75, 87) ON CONFLICT DO NOTHING;
INSERT INTO ARTISTS (ARTIST_ID, ARTIST_NAME, ARTIST_PFP, MONTHLY_LISTENER_COUNT, ARTIST_EMAIL) VALUES (76, 'Maroon 5', 'https://i.scdn.co/image/ab6761610000e5ebf8349dfb619a7f842242de77', 46006429, 'contact.76@label.com') ON CONFLICT DO NOTHING;
INSERT INTO COLLECTIONS (COLLECTION_ID, COLLECTION_TITLE, COLLECTION_TYPE, COLLECTION_RELEASE_DATE, COLLECTION_COVER, ISPRERELEASE) VALUES (87, 'Overexposed Track By Track', 'Album', '2012-01-01', 'https://i.scdn.co/image/ab67616d0000b273fc8633e22a7dba6aab817bff', FALSE) ON CONFLICT DO NOTHING;
INSERT INTO RELEASES (ARTIST_ID, COLLECTION_ID) VALUES (76, 87) ON CONFLICT DO NOTHING;
INSERT INTO SONGS (SONG_ID, SONG_TITLE, SONG_DURATION, SONG_FILE, POPULARITY, VALENCE, ACCOUSTICNESS, DANCEABILITY, ENERGY, SONG_RELEASE_DATE) 
                  VALUES (88, 'One More Night', 219, '/stream/audio_default.mp3', 81, 0.05, 0.198, 0.075, 0.439, '2012-01-01') ON CONFLICT DO NOTHING;
INSERT INTO SONGS_GENRES (SONG_ID, GENRE_ID) VALUES (88, 59) ON CONFLICT DO NOTHING;
INSERT INTO COLLECTIONS_SONGS (COLLECTION_ID, SONG_ID, NOMOR_DISC, NOMOR_TRACK) VALUES (87, 88, 1, 2) ON CONFLICT DO NOTHING;
INSERT INTO CREATE_SONGS (ARTIST_ID, SONG_ID) VALUES (76, 88) ON CONFLICT DO NOTHING;
INSERT INTO ARTISTS (ARTIST_ID, ARTIST_NAME, ARTIST_PFP, MONTHLY_LISTENER_COUNT, ARTIST_EMAIL) VALUES (77, 'Carrie Underwood', 'https://i.scdn.co/image/ab6761610000e5eb44ebad015b420333513354ce', 6133376, 'contact.77@label.com') ON CONFLICT DO NOTHING;
INSERT INTO GENRES (GENRE_ID, GENRE_NAME) VALUES (60, 'country') ON CONFLICT DO NOTHING;
INSERT INTO COLLECTIONS (COLLECTION_ID, COLLECTION_TITLE, COLLECTION_TYPE, COLLECTION_RELEASE_DATE, COLLECTION_COVER, ISPRERELEASE) VALUES (88, 'O Holy Night (Live From Carols In The Domain, 2021)', 'Single', '2021-12-23', 'https://i.scdn.co/image/ab6742d3000053b705c2c1743a642f888c0b19fd', FALSE) ON CONFLICT DO NOTHING;
INSERT INTO RELEASES (ARTIST_ID, COLLECTION_ID) VALUES (77, 88) ON CONFLICT DO NOTHING;
INSERT INTO SONGS (SONG_ID, SONG_TITLE, SONG_DURATION, SONG_FILE, POPULARITY, VALENCE, ACCOUSTICNESS, DANCEABILITY, ENERGY, SONG_RELEASE_DATE) 
                  VALUES (89, 'O Holy Night - Live From Carols In The Domain, 2021', 282, '/stream/audio_default.mp3', 7, 0.279, 0.587, 0.857, 0.028, '2021-12-23') ON CONFLICT DO NOTHING;
INSERT INTO SONGS_GENRES (SONG_ID, GENRE_ID) VALUES (89, 60) ON CONFLICT DO NOTHING;
INSERT INTO COLLECTIONS_SONGS (COLLECTION_ID, SONG_ID, NOMOR_DISC, NOMOR_TRACK) VALUES (88, 89, 1, 1) ON CONFLICT DO NOTHING;
INSERT INTO CREATE_SONGS (ARTIST_ID, SONG_ID) VALUES (77, 89) ON CONFLICT DO NOTHING;
INSERT INTO ARTISTS (ARTIST_ID, ARTIST_NAME, ARTIST_PFP, MONTHLY_LISTENER_COUNT, ARTIST_EMAIL) VALUES (78, 'Bill & Gloria Gaither', 'https://i.scdn.co/image/ab6761610000e5eb1a6289dc19b5f9899f46cfbc', 96065, 'contact.78@label.com') ON CONFLICT DO NOTHING;
INSERT INTO GENRES (GENRE_ID, GENRE_NAME) VALUES (61, 'southern gospel') ON CONFLICT DO NOTHING;
INSERT INTO GENRES (GENRE_ID, GENRE_NAME) VALUES (62, 'christian country') ON CONFLICT DO NOTHING;
INSERT INTO GENRES (GENRE_ID, GENRE_NAME) VALUES (63, 'gospel') ON CONFLICT DO NOTHING;
INSERT INTO COLLECTIONS (COLLECTION_ID, COLLECTION_TITLE, COLLECTION_TYPE, COLLECTION_RELEASE_DATE, COLLECTION_COVER, ISPRERELEASE) VALUES (89, 'Silent Night, Holy Night (Live)', 'Single', '2012-01-01', 'https://i.scdn.co/image/ab6742d3000053b7173bb55a8e347bea3e1bad98', FALSE) ON CONFLICT DO NOTHING;
INSERT INTO RELEASES (ARTIST_ID, COLLECTION_ID) VALUES (78, 89) ON CONFLICT DO NOTHING;
INSERT INTO SONGS (SONG_ID, SONG_TITLE, SONG_DURATION, SONG_FILE, POPULARITY, VALENCE, ACCOUSTICNESS, DANCEABILITY, ENERGY, SONG_RELEASE_DATE) 
                  VALUES (90, 'Silent Night, Holy Night - Live', 190, '/stream/audio_default.mp3', 0, 0.607, 0.9, 0.074, 0.205, '2012-01-01') ON CONFLICT DO NOTHING;
INSERT INTO SONGS_GENRES (SONG_ID, GENRE_ID) VALUES (90, 61) ON CONFLICT DO NOTHING;
INSERT INTO SONGS_GENRES (SONG_ID, GENRE_ID) VALUES (90, 63) ON CONFLICT DO NOTHING;
INSERT INTO COLLECTIONS_SONGS (COLLECTION_ID, SONG_ID, NOMOR_DISC, NOMOR_TRACK) VALUES (89, 90, 1, 1) ON CONFLICT DO NOTHING;
INSERT INTO CREATE_SONGS (ARTIST_ID, SONG_ID) VALUES (78, 90) ON CONFLICT DO NOTHING;
INSERT INTO ARTISTS (ARTIST_ID, ARTIST_NAME, ARTIST_PFP, MONTHLY_LISTENER_COUNT, ARTIST_EMAIL) VALUES (79, 'Deep Purple', 'https://i.scdn.co/image/ab6761610000e5eb3a475812e97ee788cfd5fd1a', 6013341, 'contact.79@label.com') ON CONFLICT DO NOTHING;
INSERT INTO COLLECTIONS (COLLECTION_ID, COLLECTION_TITLE, COLLECTION_TYPE, COLLECTION_RELEASE_DATE, COLLECTION_COVER, ISPRERELEASE) VALUES (90, 'Black Night (from Come Hell or High Water)', 'Single', '1994-01-01', 'https://i.scdn.co/image/ab6742d3000053b7a2a7f8239191586e44151073', FALSE) ON CONFLICT DO NOTHING;
INSERT INTO RELEASES (ARTIST_ID, COLLECTION_ID) VALUES (79, 90) ON CONFLICT DO NOTHING;
INSERT INTO SONGS (SONG_ID, SONG_TITLE, SONG_DURATION, SONG_FILE, POPULARITY, VALENCE, ACCOUSTICNESS, DANCEABILITY, ENERGY, SONG_RELEASE_DATE) 
                  VALUES (91, 'Black Night - from Come Hell or High Water', 290, '/stream/audio_default.mp3', 6, 0.843, 0.729, 0.454, 0.008, '1994-01-01') ON CONFLICT DO NOTHING;
INSERT INTO SONGS_GENRES (SONG_ID, GENRE_ID) VALUES (91, 40) ON CONFLICT DO NOTHING;
INSERT INTO SONGS_GENRES (SONG_ID, GENRE_ID) VALUES (91, 41) ON CONFLICT DO NOTHING;
INSERT INTO COLLECTIONS_SONGS (COLLECTION_ID, SONG_ID, NOMOR_DISC, NOMOR_TRACK) VALUES (90, 91, 1, 1) ON CONFLICT DO NOTHING;
INSERT INTO CREATE_SONGS (ARTIST_ID, SONG_ID) VALUES (79, 91) ON CONFLICT DO NOTHING;
INSERT INTO ARTISTS (ARTIST_ID, ARTIST_NAME, ARTIST_PFP, MONTHLY_LISTENER_COUNT, ARTIST_EMAIL) VALUES (80, 'Dire Straits', 'https://i.scdn.co/image/ab6761610000e5eb4bdaa8c5e65b64f50549c393', 8923021, 'contact.80@label.com') ON CONFLICT DO NOTHING;
INSERT INTO COLLECTIONS (COLLECTION_ID, COLLECTION_TITLE, COLLECTION_TYPE, COLLECTION_RELEASE_DATE, COLLECTION_COVER, ISPRERELEASE) VALUES (91, 'Romeo & Juliet (On The Night / Live In Rotterdam, Netherlands / 31st May 1992)', 'Single', '1993-01-01', 'https://i.scdn.co/image/ab6742d3000053b75cf79eee253e96019cb40889', FALSE) ON CONFLICT DO NOTHING;
INSERT INTO RELEASES (ARTIST_ID, COLLECTION_ID) VALUES (80, 91) ON CONFLICT DO NOTHING;
INSERT INTO SONGS (SONG_ID, SONG_TITLE, SONG_DURATION, SONG_FILE, POPULARITY, VALENCE, ACCOUSTICNESS, DANCEABILITY, ENERGY, SONG_RELEASE_DATE) 
                  VALUES (92, 'Romeo & Juliet - On The Night / Live In Rotterdam, Netherlands / 31st May 1992', 590, '/stream/audio_default.mp3', 13, 0.43, 0.651, 0.873, 0.471, '1993-01-01') ON CONFLICT DO NOTHING;
INSERT INTO SONGS_GENRES (SONG_ID, GENRE_ID) VALUES (92, 41) ON CONFLICT DO NOTHING;
INSERT INTO COLLECTIONS_SONGS (COLLECTION_ID, SONG_ID, NOMOR_DISC, NOMOR_TRACK) VALUES (91, 92, 1, 1) ON CONFLICT DO NOTHING;
INSERT INTO CREATE_SONGS (ARTIST_ID, SONG_ID) VALUES (80, 92) ON CONFLICT DO NOTHING;
INSERT INTO ARTISTS (ARTIST_ID, ARTIST_NAME, ARTIST_PFP, MONTHLY_LISTENER_COUNT, ARTIST_EMAIL) VALUES (81, 'Charlotte Church', 'https://i.scdn.co/image/ab6761610000e5eb432a12de532268c0f74452c5', 41775, 'contact.81@label.com') ON CONFLICT DO NOTHING;
INSERT INTO COLLECTIONS (COLLECTION_ID, COLLECTION_TITLE, COLLECTION_TYPE, COLLECTION_RELEASE_DATE, COLLECTION_COVER, ISPRERELEASE) VALUES (92, 'Silent Night (Live from the Llandaff Cathedral, 1998)', 'Single', '2022-11-17', 'https://i.scdn.co/image/ab6742d3000053b7338535761649c24dbf03bad3', FALSE) ON CONFLICT DO NOTHING;
INSERT INTO RELEASES (ARTIST_ID, COLLECTION_ID) VALUES (81, 92) ON CONFLICT DO NOTHING;
INSERT INTO SONGS (SONG_ID, SONG_TITLE, SONG_DURATION, SONG_FILE, POPULARITY, VALENCE, ACCOUSTICNESS, DANCEABILITY, ENERGY, SONG_RELEASE_DATE) 
                  VALUES (93, 'Silent Night - Live from the Llandaff Cathedral, 1998', 221, '/stream/audio_default.mp3', 7, 0.488, 0.383, 0.562, 0.357, '2022-11-17') ON CONFLICT DO NOTHING;
INSERT INTO SONGS_GENRES (SONG_ID, GENRE_ID) VALUES (93, 60) ON CONFLICT DO NOTHING;
INSERT INTO SONGS_GENRES (SONG_ID, GENRE_ID) VALUES (93, 29) ON CONFLICT DO NOTHING;
INSERT INTO COLLECTIONS_SONGS (COLLECTION_ID, SONG_ID, NOMOR_DISC, NOMOR_TRACK) VALUES (92, 93, 1, 1) ON CONFLICT DO NOTHING;
INSERT INTO CREATE_SONGS (ARTIST_ID, SONG_ID) VALUES (81, 93) ON CONFLICT DO NOTHING;
INSERT INTO ARTISTS (ARTIST_ID, ARTIST_NAME, ARTIST_PFP, MONTHLY_LISTENER_COUNT, ARTIST_EMAIL) VALUES (82, 'Adolphe Adam', 'https://i.scdn.co/image/a177d0b503757e4d2c314222277ea38d92e85650', 9277, 'contact.82@label.com') ON CONFLICT DO NOTHING;
INSERT INTO COLLECTIONS (COLLECTION_ID, COLLECTION_TITLE, COLLECTION_TYPE, COLLECTION_RELEASE_DATE, COLLECTION_COVER, ISPRERELEASE) VALUES (93, 'O Holy Night (Live in Armagh)', 'Single', '2008-11-24', 'https://i.scdn.co/image/ab6742d3000053b775e221b889e0d7a09834bddb', FALSE) ON CONFLICT DO NOTHING;
INSERT INTO RELEASES (ARTIST_ID, COLLECTION_ID) VALUES (82, 93) ON CONFLICT DO NOTHING;
INSERT INTO SONGS (SONG_ID, SONG_TITLE, SONG_DURATION, SONG_FILE, POPULARITY, VALENCE, ACCOUSTICNESS, DANCEABILITY, ENERGY, SONG_RELEASE_DATE) 
                  VALUES (94, 'O Holy Night - Live in Armagh', 238, '/stream/audio_default.mp3', 1, 0.11, 0.495, 0.754, 0.47, '2008-11-24') ON CONFLICT DO NOTHING;
INSERT INTO SONGS_GENRES (SONG_ID, GENRE_ID) VALUES (94, 50) ON CONFLICT DO NOTHING;
INSERT INTO SONGS_GENRES (SONG_ID, GENRE_ID) VALUES (94, 45) ON CONFLICT DO NOTHING;
INSERT INTO COLLECTIONS_SONGS (COLLECTION_ID, SONG_ID, NOMOR_DISC, NOMOR_TRACK) VALUES (93, 94, 1, 1) ON CONFLICT DO NOTHING;
INSERT INTO CREATE_SONGS (ARTIST_ID, SONG_ID) VALUES (82, 94) ON CONFLICT DO NOTHING;
INSERT INTO ARTISTS (ARTIST_ID, ARTIST_NAME, ARTIST_PFP, MONTHLY_LISTENER_COUNT, ARTIST_EMAIL) VALUES (83, 'Van Halen', 'https://i.scdn.co/image/ab6761610000e5ebd8475001d2700686e1008dfb', 6884741, 'contact.83@label.com') ON CONFLICT DO NOTHING;
INSERT INTO COLLECTIONS (COLLECTION_ID, COLLECTION_TITLE, COLLECTION_TYPE, COLLECTION_RELEASE_DATE, COLLECTION_COVER, ISPRERELEASE) VALUES (94, 'Dance the Night Away', 'Single', '1979-04-01', 'https://i.scdn.co/image/ab6742d3000053b7d83c86a760e841c50745b0ef', FALSE) ON CONFLICT DO NOTHING;
INSERT INTO RELEASES (ARTIST_ID, COLLECTION_ID) VALUES (83, 94) ON CONFLICT DO NOTHING;
INSERT INTO SONGS (SONG_ID, SONG_TITLE, SONG_DURATION, SONG_FILE, POPULARITY, VALENCE, ACCOUSTICNESS, DANCEABILITY, ENERGY, SONG_RELEASE_DATE) 
                  VALUES (95, 'Dance the Night Away', 235, '/stream/audio_default.mp3', 8, 0.15, 0.192, 0.553, 0.504, '1979-04-01') ON CONFLICT DO NOTHING;
INSERT INTO SONGS_GENRES (SONG_ID, GENRE_ID) VALUES (95, 38) ON CONFLICT DO NOTHING;
INSERT INTO SONGS_GENRES (SONG_ID, GENRE_ID) VALUES (95, 41) ON CONFLICT DO NOTHING;
INSERT INTO COLLECTIONS_SONGS (COLLECTION_ID, SONG_ID, NOMOR_DISC, NOMOR_TRACK) VALUES (94, 95, 1, 1) ON CONFLICT DO NOTHING;
INSERT INTO CREATE_SONGS (ARTIST_ID, SONG_ID) VALUES (83, 95) ON CONFLICT DO NOTHING;
INSERT INTO COLLECTIONS (COLLECTION_ID, COLLECTION_TITLE, COLLECTION_TYPE, COLLECTION_RELEASE_DATE, COLLECTION_COVER, ISPRERELEASE) VALUES (95, 'Silent Night (2021 Opry Live: USO Holiday Special)', 'Single', '2021-12-21', 'https://i.scdn.co/image/ab6742d3000053b708945003dbd4586458fac0bf', FALSE) ON CONFLICT DO NOTHING;
INSERT INTO RELEASES (ARTIST_ID, COLLECTION_ID) VALUES (77, 95) ON CONFLICT DO NOTHING;
INSERT INTO SONGS (SONG_ID, SONG_TITLE, SONG_DURATION, SONG_FILE, POPULARITY, VALENCE, ACCOUSTICNESS, DANCEABILITY, ENERGY, SONG_RELEASE_DATE) 
                  VALUES (96, 'Silent Night - 2021 Opry Live: USO Holiday Special', 200, '/stream/audio_default.mp3', 4, 0.113, 0.595, 0.536, 0.762, '2021-12-21') ON CONFLICT DO NOTHING;
INSERT INTO SONGS_GENRES (SONG_ID, GENRE_ID) VALUES (96, 60) ON CONFLICT DO NOTHING;
INSERT INTO COLLECTIONS_SONGS (COLLECTION_ID, SONG_ID, NOMOR_DISC, NOMOR_TRACK) VALUES (95, 96, 1, 1) ON CONFLICT DO NOTHING;
INSERT INTO CREATE_SONGS (ARTIST_ID, SONG_ID) VALUES (77, 96) ON CONFLICT DO NOTHING;
INSERT INTO ARTISTS (ARTIST_ID, ARTIST_NAME, ARTIST_PFP, MONTHLY_LISTENER_COUNT, ARTIST_EMAIL) VALUES (84, 'Charlie Burg', 'https://i.scdn.co/image/ab6761610000e5ebfa1a67d19f843ca5760748d3', 220265, 'contact.84@label.com') ON CONFLICT DO NOTHING;
INSERT INTO COLLECTIONS (COLLECTION_ID, COLLECTION_TITLE, COLLECTION_TYPE, COLLECTION_RELEASE_DATE, COLLECTION_COVER, ISPRERELEASE) VALUES (96, 'Lancaster Nights / Title Guide to the Talkies', 'Single', '2020-09-09', 'https://i.scdn.co/image/ab6742d3000053b7adb250a5725572a7c98df37a', FALSE) ON CONFLICT DO NOTHING;
INSERT INTO RELEASES (ARTIST_ID, COLLECTION_ID) VALUES (84, 96) ON CONFLICT DO NOTHING;
INSERT INTO SONGS (SONG_ID, SONG_TITLE, SONG_DURATION, SONG_FILE, POPULARITY, VALENCE, ACCOUSTICNESS, DANCEABILITY, ENERGY, SONG_RELEASE_DATE) 
                  VALUES (97, 'Lancaster Nights / Title Guide to the Talkies', 367, '/stream/audio_default.mp3', 1, 0.198, 0.664, 0.527, 0.77, '2020-09-09') ON CONFLICT DO NOTHING;
INSERT INTO SONGS_GENRES (SONG_ID, GENRE_ID) VALUES (97, 25) ON CONFLICT DO NOTHING;
INSERT INTO SONGS_GENRES (SONG_ID, GENRE_ID) VALUES (97, 29) ON CONFLICT DO NOTHING;
INSERT INTO COLLECTIONS_SONGS (COLLECTION_ID, SONG_ID, NOMOR_DISC, NOMOR_TRACK) VALUES (96, 97, 1, 1) ON CONFLICT DO NOTHING;
INSERT INTO CREATE_SONGS (ARTIST_ID, SONG_ID) VALUES (84, 97) ON CONFLICT DO NOTHING;
INSERT INTO ARTISTS (ARTIST_ID, ARTIST_NAME, ARTIST_PFP, MONTHLY_LISTENER_COUNT, ARTIST_EMAIL) VALUES (85, 'Judas Priest', 'https://i.scdn.co/image/ab6761610000e5eb4b3cfc24737acb15e73e8bd6', 4544011, 'contact.85@label.com') ON CONFLICT DO NOTHING;
INSERT INTO GENRES (GENRE_ID, GENRE_NAME) VALUES (64, 'heavy metal') ON CONFLICT DO NOTHING;
INSERT INTO COLLECTIONS (COLLECTION_ID, COLLECTION_TITLE, COLLECTION_TYPE, COLLECTION_RELEASE_DATE, COLLECTION_COVER, ISPRERELEASE) VALUES (97, 'Night Crawler (Epitaph)', 'Single', '2013-01-01', 'https://i.scdn.co/image/ab6742d3000053b718c90a71df61bbc089ab8de3', FALSE) ON CONFLICT DO NOTHING;
INSERT INTO RELEASES (ARTIST_ID, COLLECTION_ID) VALUES (85, 97) ON CONFLICT DO NOTHING;
INSERT INTO SONGS (SONG_ID, SONG_TITLE, SONG_DURATION, SONG_FILE, POPULARITY, VALENCE, ACCOUSTICNESS, DANCEABILITY, ENERGY, SONG_RELEASE_DATE) 
                  VALUES (98, 'Night Crawler - Epitaph', 383, '/stream/audio_default.mp3', 6, 0.468, 0.958, 0.236, 0.732, '2013-01-01') ON CONFLICT DO NOTHING;
INSERT INTO SONGS_GENRES (SONG_ID, GENRE_ID) VALUES (98, 40) ON CONFLICT DO NOTHING;
INSERT INTO SONGS_GENRES (SONG_ID, GENRE_ID) VALUES (98, 50) ON CONFLICT DO NOTHING;
INSERT INTO COLLECTIONS_SONGS (COLLECTION_ID, SONG_ID, NOMOR_DISC, NOMOR_TRACK) VALUES (97, 98, 1, 1) ON CONFLICT DO NOTHING;
INSERT INTO CREATE_SONGS (ARTIST_ID, SONG_ID) VALUES (85, 98) ON CONFLICT DO NOTHING;
INSERT INTO ARTISTS (ARTIST_ID, ARTIST_NAME, ARTIST_PFP, MONTHLY_LISTENER_COUNT, ARTIST_EMAIL) VALUES (86, 'Shoti', 'https://i.scdn.co/image/ab6761610000e5ebf8fd742eb49ffc9188451370', 241415, 'contact.86@label.com') ON CONFLICT DO NOTHING;
INSERT INTO COLLECTIONS (COLLECTION_ID, COLLECTION_TITLE, COLLECTION_TYPE, COLLECTION_RELEASE_DATE, COLLECTION_COVER, ISPRERELEASE) VALUES (98, 'Night and Day (Live Performance Video)', 'Single', '2024-08-24', 'https://i.scdn.co/image/ab6742d3000053b72add1469f370085f4f762b3e', FALSE) ON CONFLICT DO NOTHING;
INSERT INTO RELEASES (ARTIST_ID, COLLECTION_ID) VALUES (86, 98) ON CONFLICT DO NOTHING;
INSERT INTO SONGS (SONG_ID, SONG_TITLE, SONG_DURATION, SONG_FILE, POPULARITY, VALENCE, ACCOUSTICNESS, DANCEABILITY, ENERGY, SONG_RELEASE_DATE) 
                  VALUES (99, 'Night and Day (Live Performance Video)', 209, '/stream/audio_default.mp3', 2, 0.6, 0.1, 0.083, 0.868, '2024-08-24') ON CONFLICT DO NOTHING;
INSERT INTO SONGS_GENRES (SONG_ID, GENRE_ID) VALUES (99, 58) ON CONFLICT DO NOTHING;
INSERT INTO SONGS_GENRES (SONG_ID, GENRE_ID) VALUES (99, 17) ON CONFLICT DO NOTHING;
INSERT INTO COLLECTIONS_SONGS (COLLECTION_ID, SONG_ID, NOMOR_DISC, NOMOR_TRACK) VALUES (98, 99, 1, 1) ON CONFLICT DO NOTHING;
INSERT INTO CREATE_SONGS (ARTIST_ID, SONG_ID) VALUES (86, 99) ON CONFLICT DO NOTHING;
INSERT INTO ARTISTS (ARTIST_ID, ARTIST_NAME, ARTIST_PFP, MONTHLY_LISTENER_COUNT, ARTIST_EMAIL) VALUES (87, 'hard life', 'https://i.scdn.co/image/ab6761610000e5ebdbb424cfd3b128a8fafef54f', 332851, 'contact.87@label.com') ON CONFLICT DO NOTHING;
INSERT INTO COLLECTIONS (COLLECTION_ID, COLLECTION_TITLE, COLLECTION_TYPE, COLLECTION_RELEASE_DATE, COLLECTION_COVER, ISPRERELEASE) VALUES (99, 'nightmares (live)', 'Single', '2020-09-28', 'https://i.scdn.co/image/ab6742d3000053b74208afe898e90045da1eb743', FALSE) ON CONFLICT DO NOTHING;
INSERT INTO RELEASES (ARTIST_ID, COLLECTION_ID) VALUES (87, 99) ON CONFLICT DO NOTHING;
INSERT INTO SONGS (SONG_ID, SONG_TITLE, SONG_DURATION, SONG_FILE, POPULARITY, VALENCE, ACCOUSTICNESS, DANCEABILITY, ENERGY, SONG_RELEASE_DATE) 
                  VALUES (100, 'nightmares - live', 265, '/stream/audio_default.mp3', 5, 0.967, 0.454, 0.533, 0.105, '2020-09-28') ON CONFLICT DO NOTHING;
INSERT INTO SONGS_GENRES (SONG_ID, GENRE_ID) VALUES (100, 16) ON CONFLICT DO NOTHING;
INSERT INTO SONGS_GENRES (SONG_ID, GENRE_ID) VALUES (100, 63) ON CONFLICT DO NOTHING;
INSERT INTO COLLECTIONS_SONGS (COLLECTION_ID, SONG_ID, NOMOR_DISC, NOMOR_TRACK) VALUES (99, 100, 1, 1) ON CONFLICT DO NOTHING;
INSERT INTO CREATE_SONGS (ARTIST_ID, SONG_ID) VALUES (87, 100) ON CONFLICT DO NOTHING;
INSERT INTO PLAYLISTS (PLAYLIST_ID, USER_ID, PLAYLIST_TITLE, ISPUBLIC, ISCOLLABORATIVE, PLAYLIST_DESC, ISONPROFILE, PLAYLIST_DATE_CREATED) VALUES (1, 1, 'Modi nam et', TRUE, FALSE, 'My playlist', TRUE, '2025-02-27');
INSERT INTO ADD_SONGS_PLAYLISTS (PLAYLIST_ID, SONG_ID, NO_URUT, USER_ID) VALUES (1, 63, 1, 1);
INSERT INTO ADD_SONGS_PLAYLISTS (PLAYLIST_ID, SONG_ID, NO_URUT, USER_ID) VALUES (1, 58, 2, 1);
INSERT INTO ADD_SONGS_PLAYLISTS (PLAYLIST_ID, SONG_ID, NO_URUT, USER_ID) VALUES (1, 72, 3, 1);
INSERT INTO ADD_SONGS_PLAYLISTS (PLAYLIST_ID, SONG_ID, NO_URUT, USER_ID) VALUES (1, 65, 4, 1);
INSERT INTO ADD_SONGS_PLAYLISTS (PLAYLIST_ID, SONG_ID, NO_URUT, USER_ID) VALUES (1, 70, 5, 1);
INSERT INTO ADD_SONGS_PLAYLISTS (PLAYLIST_ID, SONG_ID, NO_URUT, USER_ID) VALUES (1, 91, 6, 1);
INSERT INTO ADD_SONGS_PLAYLISTS (PLAYLIST_ID, SONG_ID, NO_URUT, USER_ID) VALUES (1, 5, 7, 1);
INSERT INTO ADD_SONGS_PLAYLISTS (PLAYLIST_ID, SONG_ID, NO_URUT, USER_ID) VALUES (1, 25, 8, 1);
INSERT INTO PLAYLISTS (PLAYLIST_ID, USER_ID, PLAYLIST_TITLE, ISPUBLIC, ISCOLLABORATIVE, PLAYLIST_DESC, ISONPROFILE, PLAYLIST_DATE_CREATED) VALUES (2, 1, 'Commodi debitis', TRUE, FALSE, 'My playlist', TRUE, '2025-09-13');
INSERT INTO ADD_SONGS_PLAYLISTS (PLAYLIST_ID, SONG_ID, NO_URUT, USER_ID) VALUES (2, 47, 1, 1);
INSERT INTO ADD_SONGS_PLAYLISTS (PLAYLIST_ID, SONG_ID, NO_URUT, USER_ID) VALUES (2, 29, 2, 1);
INSERT INTO ADD_SONGS_PLAYLISTS (PLAYLIST_ID, SONG_ID, NO_URUT, USER_ID) VALUES (2, 38, 3, 1);
INSERT INTO ADD_SONGS_PLAYLISTS (PLAYLIST_ID, SONG_ID, NO_URUT, USER_ID) VALUES (2, 51, 4, 1);
INSERT INTO ADD_SONGS_PLAYLISTS (PLAYLIST_ID, SONG_ID, NO_URUT, USER_ID) VALUES (2, 45, 5, 1);
INSERT INTO PLAYLISTS (PLAYLIST_ID, USER_ID, PLAYLIST_TITLE, ISPUBLIC, ISCOLLABORATIVE, PLAYLIST_DESC, ISONPROFILE, PLAYLIST_DATE_CREATED) VALUES (3, 2, 'Repellendus odit nihil', TRUE, FALSE, 'My playlist', TRUE, '2025-07-06');
INSERT INTO ADD_SONGS_PLAYLISTS (PLAYLIST_ID, SONG_ID, NO_URUT, USER_ID) VALUES (3, 10, 1, 2);
INSERT INTO ADD_SONGS_PLAYLISTS (PLAYLIST_ID, SONG_ID, NO_URUT, USER_ID) VALUES (3, 36, 2, 2);
INSERT INTO ADD_SONGS_PLAYLISTS (PLAYLIST_ID, SONG_ID, NO_URUT, USER_ID) VALUES (3, 12, 3, 2);
INSERT INTO PLAYLISTS (PLAYLIST_ID, USER_ID, PLAYLIST_TITLE, ISPUBLIC, ISCOLLABORATIVE, PLAYLIST_DESC, ISONPROFILE, PLAYLIST_DATE_CREATED) VALUES (4, 3, 'Qui autem', TRUE, FALSE, 'My playlist', TRUE, '2025-07-28');
INSERT INTO ADD_SONGS_PLAYLISTS (PLAYLIST_ID, SONG_ID, NO_URUT, USER_ID) VALUES (4, 54, 1, 3);
INSERT INTO ADD_SONGS_PLAYLISTS (PLAYLIST_ID, SONG_ID, NO_URUT, USER_ID) VALUES (4, 11, 2, 3);
INSERT INTO ADD_SONGS_PLAYLISTS (PLAYLIST_ID, SONG_ID, NO_URUT, USER_ID) VALUES (4, 41, 3, 3);
INSERT INTO ADD_SONGS_PLAYLISTS (PLAYLIST_ID, SONG_ID, NO_URUT, USER_ID) VALUES (4, 17, 4, 3);
INSERT INTO ADD_SONGS_PLAYLISTS (PLAYLIST_ID, SONG_ID, NO_URUT, USER_ID) VALUES (4, 22, 5, 3);
INSERT INTO ADD_SONGS_PLAYLISTS (PLAYLIST_ID, SONG_ID, NO_URUT, USER_ID) VALUES (4, 58, 6, 3);
INSERT INTO ADD_SONGS_PLAYLISTS (PLAYLIST_ID, SONG_ID, NO_URUT, USER_ID) VALUES (4, 79, 7, 3);
INSERT INTO ADD_SONGS_PLAYLISTS (PLAYLIST_ID, SONG_ID, NO_URUT, USER_ID) VALUES (4, 21, 8, 3);
INSERT INTO PLAYLISTS (PLAYLIST_ID, USER_ID, PLAYLIST_TITLE, ISPUBLIC, ISCOLLABORATIVE, PLAYLIST_DESC, ISONPROFILE, PLAYLIST_DATE_CREATED) VALUES (5, 3, 'Ullam nesciunt', TRUE, FALSE, 'My playlist', TRUE, '2025-08-17');
INSERT INTO ADD_SONGS_PLAYLISTS (PLAYLIST_ID, SONG_ID, NO_URUT, USER_ID) VALUES (5, 90, 1, 3);
INSERT INTO ADD_SONGS_PLAYLISTS (PLAYLIST_ID, SONG_ID, NO_URUT, USER_ID) VALUES (5, 1, 2, 3);
INSERT INTO ADD_SONGS_PLAYLISTS (PLAYLIST_ID, SONG_ID, NO_URUT, USER_ID) VALUES (5, 75, 3, 3);
INSERT INTO PLAYLISTS (PLAYLIST_ID, USER_ID, PLAYLIST_TITLE, ISPUBLIC, ISCOLLABORATIVE, PLAYLIST_DESC, ISONPROFILE, PLAYLIST_DATE_CREATED) VALUES (6, 4, 'Vero totam distinctio', TRUE, FALSE, 'My playlist', TRUE, '2025-07-27');
INSERT INTO ADD_SONGS_PLAYLISTS (PLAYLIST_ID, SONG_ID, NO_URUT, USER_ID) VALUES (6, 40, 1, 4);
INSERT INTO ADD_SONGS_PLAYLISTS (PLAYLIST_ID, SONG_ID, NO_URUT, USER_ID) VALUES (6, 18, 2, 4);
INSERT INTO ADD_SONGS_PLAYLISTS (PLAYLIST_ID, SONG_ID, NO_URUT, USER_ID) VALUES (6, 42, 3, 4);
INSERT INTO ADD_SONGS_PLAYLISTS (PLAYLIST_ID, SONG_ID, NO_URUT, USER_ID) VALUES (6, 68, 4, 4);
INSERT INTO ADD_SONGS_PLAYLISTS (PLAYLIST_ID, SONG_ID, NO_URUT, USER_ID) VALUES (6, 79, 5, 4);
INSERT INTO ADD_SONGS_PLAYLISTS (PLAYLIST_ID, SONG_ID, NO_URUT, USER_ID) VALUES (6, 87, 6, 4);
INSERT INTO PLAYLISTS (PLAYLIST_ID, USER_ID, PLAYLIST_TITLE, ISPUBLIC, ISCOLLABORATIVE, PLAYLIST_DESC, ISONPROFILE, PLAYLIST_DATE_CREATED) VALUES (7, 4, 'Amet eligendi', TRUE, FALSE, 'My playlist', TRUE, '2025-10-06');
INSERT INTO ADD_SONGS_PLAYLISTS (PLAYLIST_ID, SONG_ID, NO_URUT, USER_ID) VALUES (7, 37, 1, 4);
INSERT INTO ADD_SONGS_PLAYLISTS (PLAYLIST_ID, SONG_ID, NO_URUT, USER_ID) VALUES (7, 31, 2, 4);
INSERT INTO ADD_SONGS_PLAYLISTS (PLAYLIST_ID, SONG_ID, NO_URUT, USER_ID) VALUES (7, 39, 3, 4);
INSERT INTO ADD_SONGS_PLAYLISTS (PLAYLIST_ID, SONG_ID, NO_URUT, USER_ID) VALUES (7, 34, 4, 4);
INSERT INTO ADD_SONGS_PLAYLISTS (PLAYLIST_ID, SONG_ID, NO_URUT, USER_ID) VALUES (7, 54, 5, 4);
INSERT INTO PLAYLISTS (PLAYLIST_ID, USER_ID, PLAYLIST_TITLE, ISPUBLIC, ISCOLLABORATIVE, PLAYLIST_DESC, ISONPROFILE, PLAYLIST_DATE_CREATED) VALUES (8, 5, 'Impedit dolorem aliquam', TRUE, FALSE, 'My playlist', TRUE, '2025-10-29');
INSERT INTO ADD_SONGS_PLAYLISTS (PLAYLIST_ID, SONG_ID, NO_URUT, USER_ID) VALUES (8, 27, 1, 5);
INSERT INTO ADD_SONGS_PLAYLISTS (PLAYLIST_ID, SONG_ID, NO_URUT, USER_ID) VALUES (8, 55, 2, 5);
INSERT INTO ADD_SONGS_PLAYLISTS (PLAYLIST_ID, SONG_ID, NO_URUT, USER_ID) VALUES (8, 12, 3, 5);
INSERT INTO ADD_SONGS_PLAYLISTS (PLAYLIST_ID, SONG_ID, NO_URUT, USER_ID) VALUES (8, 89, 4, 5);
INSERT INTO ADD_SONGS_PLAYLISTS (PLAYLIST_ID, SONG_ID, NO_URUT, USER_ID) VALUES (8, 68, 5, 5);
INSERT INTO PLAYLISTS (PLAYLIST_ID, USER_ID, PLAYLIST_TITLE, ISPUBLIC, ISCOLLABORATIVE, PLAYLIST_DESC, ISONPROFILE, PLAYLIST_DATE_CREATED) VALUES (9, 5, 'Libero fugiat', TRUE, FALSE, 'My playlist', TRUE, '2025-10-29');
INSERT INTO ADD_SONGS_PLAYLISTS (PLAYLIST_ID, SONG_ID, NO_URUT, USER_ID) VALUES (9, 44, 1, 5);
INSERT INTO ADD_SONGS_PLAYLISTS (PLAYLIST_ID, SONG_ID, NO_URUT, USER_ID) VALUES (9, 42, 2, 5);
INSERT INTO ADD_SONGS_PLAYLISTS (PLAYLIST_ID, SONG_ID, NO_URUT, USER_ID) VALUES (9, 58, 3, 5);
INSERT INTO PLAYLISTS (PLAYLIST_ID, USER_ID, PLAYLIST_TITLE, ISPUBLIC, ISCOLLABORATIVE, PLAYLIST_DESC, ISONPROFILE, PLAYLIST_DATE_CREATED) VALUES (10, 6, 'Natus hic doloribus', TRUE, FALSE, 'My playlist', TRUE, '2025-08-31');
INSERT INTO ADD_SONGS_PLAYLISTS (PLAYLIST_ID, SONG_ID, NO_URUT, USER_ID) VALUES (10, 89, 1, 6);
INSERT INTO ADD_SONGS_PLAYLISTS (PLAYLIST_ID, SONG_ID, NO_URUT, USER_ID) VALUES (10, 45, 2, 6);
INSERT INTO ADD_SONGS_PLAYLISTS (PLAYLIST_ID, SONG_ID, NO_URUT, USER_ID) VALUES (10, 11, 3, 6);
INSERT INTO ADD_SONGS_PLAYLISTS (PLAYLIST_ID, SONG_ID, NO_URUT, USER_ID) VALUES (10, 27, 4, 6);
INSERT INTO PLAYLISTS (PLAYLIST_ID, USER_ID, PLAYLIST_TITLE, ISPUBLIC, ISCOLLABORATIVE, PLAYLIST_DESC, ISONPROFILE, PLAYLIST_DATE_CREATED) VALUES (11, 7, 'Error sit iste', TRUE, FALSE, 'My playlist', TRUE, '2025-09-10');
INSERT INTO ADD_SONGS_PLAYLISTS (PLAYLIST_ID, SONG_ID, NO_URUT, USER_ID) VALUES (11, 21, 1, 7);
INSERT INTO ADD_SONGS_PLAYLISTS (PLAYLIST_ID, SONG_ID, NO_URUT, USER_ID) VALUES (11, 28, 2, 7);
INSERT INTO ADD_SONGS_PLAYLISTS (PLAYLIST_ID, SONG_ID, NO_URUT, USER_ID) VALUES (11, 26, 3, 7);
INSERT INTO ADD_SONGS_PLAYLISTS (PLAYLIST_ID, SONG_ID, NO_URUT, USER_ID) VALUES (11, 91, 4, 7);
INSERT INTO PLAYLISTS (PLAYLIST_ID, USER_ID, PLAYLIST_TITLE, ISPUBLIC, ISCOLLABORATIVE, PLAYLIST_DESC, ISONPROFILE, PLAYLIST_DATE_CREATED) VALUES (12, 8, 'Reiciendis quibusdam rem', TRUE, FALSE, 'My playlist', TRUE, '2025-10-16');
INSERT INTO ADD_SONGS_PLAYLISTS (PLAYLIST_ID, SONG_ID, NO_URUT, USER_ID) VALUES (12, 45, 1, 8);
INSERT INTO ADD_SONGS_PLAYLISTS (PLAYLIST_ID, SONG_ID, NO_URUT, USER_ID) VALUES (12, 59, 2, 8);
INSERT INTO ADD_SONGS_PLAYLISTS (PLAYLIST_ID, SONG_ID, NO_URUT, USER_ID) VALUES (12, 92, 3, 8);
INSERT INTO ADD_SONGS_PLAYLISTS (PLAYLIST_ID, SONG_ID, NO_URUT, USER_ID) VALUES (12, 100, 4, 8);
INSERT INTO ADD_SONGS_PLAYLISTS (PLAYLIST_ID, SONG_ID, NO_URUT, USER_ID) VALUES (12, 33, 5, 8);
INSERT INTO ADD_SONGS_PLAYLISTS (PLAYLIST_ID, SONG_ID, NO_URUT, USER_ID) VALUES (12, 50, 6, 8);
INSERT INTO PLAYLISTS (PLAYLIST_ID, USER_ID, PLAYLIST_TITLE, ISPUBLIC, ISCOLLABORATIVE, PLAYLIST_DESC, ISONPROFILE, PLAYLIST_DATE_CREATED) VALUES (13, 9, 'Voluptate aperiam sit', TRUE, FALSE, 'My playlist', TRUE, '2025-03-19');
INSERT INTO ADD_SONGS_PLAYLISTS (PLAYLIST_ID, SONG_ID, NO_URUT, USER_ID) VALUES (13, 45, 1, 9);
INSERT INTO ADD_SONGS_PLAYLISTS (PLAYLIST_ID, SONG_ID, NO_URUT, USER_ID) VALUES (13, 18, 2, 9);
INSERT INTO ADD_SONGS_PLAYLISTS (PLAYLIST_ID, SONG_ID, NO_URUT, USER_ID) VALUES (13, 57, 3, 9);
INSERT INTO ADD_SONGS_PLAYLISTS (PLAYLIST_ID, SONG_ID, NO_URUT, USER_ID) VALUES (13, 47, 4, 9);
INSERT INTO ADD_SONGS_PLAYLISTS (PLAYLIST_ID, SONG_ID, NO_URUT, USER_ID) VALUES (13, 64, 5, 9);
INSERT INTO ADD_SONGS_PLAYLISTS (PLAYLIST_ID, SONG_ID, NO_URUT, USER_ID) VALUES (13, 9, 6, 9);
INSERT INTO ADD_SONGS_PLAYLISTS (PLAYLIST_ID, SONG_ID, NO_URUT, USER_ID) VALUES (13, 36, 7, 9);
INSERT INTO ADD_SONGS_PLAYLISTS (PLAYLIST_ID, SONG_ID, NO_URUT, USER_ID) VALUES (13, 27, 8, 9);
INSERT INTO PLAYLISTS (PLAYLIST_ID, USER_ID, PLAYLIST_TITLE, ISPUBLIC, ISCOLLABORATIVE, PLAYLIST_DESC, ISONPROFILE, PLAYLIST_DATE_CREATED) VALUES (14, 9, 'Quis atque facere optio', TRUE, FALSE, 'My playlist', TRUE, '2025-09-13');
INSERT INTO ADD_SONGS_PLAYLISTS (PLAYLIST_ID, SONG_ID, NO_URUT, USER_ID) VALUES (14, 43, 1, 9);
INSERT INTO ADD_SONGS_PLAYLISTS (PLAYLIST_ID, SONG_ID, NO_URUT, USER_ID) VALUES (14, 57, 2, 9);
INSERT INTO ADD_SONGS_PLAYLISTS (PLAYLIST_ID, SONG_ID, NO_URUT, USER_ID) VALUES (14, 94, 3, 9);
INSERT INTO ADD_SONGS_PLAYLISTS (PLAYLIST_ID, SONG_ID, NO_URUT, USER_ID) VALUES (14, 67, 4, 9);
INSERT INTO ADD_SONGS_PLAYLISTS (PLAYLIST_ID, SONG_ID, NO_URUT, USER_ID) VALUES (14, 30, 5, 9);
INSERT INTO ADD_SONGS_PLAYLISTS (PLAYLIST_ID, SONG_ID, NO_URUT, USER_ID) VALUES (14, 42, 6, 9);
INSERT INTO ADD_SONGS_PLAYLISTS (PLAYLIST_ID, SONG_ID, NO_URUT, USER_ID) VALUES (14, 33, 7, 9);
INSERT INTO ADD_SONGS_PLAYLISTS (PLAYLIST_ID, SONG_ID, NO_URUT, USER_ID) VALUES (14, 81, 8, 9);
INSERT INTO PLAYLISTS (PLAYLIST_ID, USER_ID, PLAYLIST_TITLE, ISPUBLIC, ISCOLLABORATIVE, PLAYLIST_DESC, ISONPROFILE, PLAYLIST_DATE_CREATED) VALUES (15, 10, 'Esse laborum', TRUE, FALSE, 'My playlist', TRUE, '2025-05-15');
INSERT INTO ADD_SONGS_PLAYLISTS (PLAYLIST_ID, SONG_ID, NO_URUT, USER_ID) VALUES (15, 93, 1, 10);
INSERT INTO ADD_SONGS_PLAYLISTS (PLAYLIST_ID, SONG_ID, NO_URUT, USER_ID) VALUES (15, 12, 2, 10);
INSERT INTO ADD_SONGS_PLAYLISTS (PLAYLIST_ID, SONG_ID, NO_URUT, USER_ID) VALUES (15, 87, 3, 10);
INSERT INTO PLAYLISTS (PLAYLIST_ID, USER_ID, PLAYLIST_TITLE, ISPUBLIC, ISCOLLABORATIVE, PLAYLIST_DESC, ISONPROFILE, PLAYLIST_DATE_CREATED) VALUES (16, 11, 'Aut quaerat', TRUE, FALSE, 'My playlist', TRUE, '2025-10-26');
INSERT INTO ADD_SONGS_PLAYLISTS (PLAYLIST_ID, SONG_ID, NO_URUT, USER_ID) VALUES (16, 21, 1, 11);
INSERT INTO ADD_SONGS_PLAYLISTS (PLAYLIST_ID, SONG_ID, NO_URUT, USER_ID) VALUES (16, 12, 2, 11);
INSERT INTO ADD_SONGS_PLAYLISTS (PLAYLIST_ID, SONG_ID, NO_URUT, USER_ID) VALUES (16, 33, 3, 11);
INSERT INTO ADD_SONGS_PLAYLISTS (PLAYLIST_ID, SONG_ID, NO_URUT, USER_ID) VALUES (16, 53, 4, 11);
INSERT INTO ADD_SONGS_PLAYLISTS (PLAYLIST_ID, SONG_ID, NO_URUT, USER_ID) VALUES (16, 56, 5, 11);
INSERT INTO ADD_SONGS_PLAYLISTS (PLAYLIST_ID, SONG_ID, NO_URUT, USER_ID) VALUES (16, 67, 6, 11);
INSERT INTO PLAYLISTS (PLAYLIST_ID, USER_ID, PLAYLIST_TITLE, ISPUBLIC, ISCOLLABORATIVE, PLAYLIST_DESC, ISONPROFILE, PLAYLIST_DATE_CREATED) VALUES (17, 12, 'Ipsum pariatur', TRUE, FALSE, 'My playlist', TRUE, '2025-08-04');
INSERT INTO ADD_SONGS_PLAYLISTS (PLAYLIST_ID, SONG_ID, NO_URUT, USER_ID) VALUES (17, 69, 1, 12);
INSERT INTO ADD_SONGS_PLAYLISTS (PLAYLIST_ID, SONG_ID, NO_URUT, USER_ID) VALUES (17, 32, 2, 12);
INSERT INTO ADD_SONGS_PLAYLISTS (PLAYLIST_ID, SONG_ID, NO_URUT, USER_ID) VALUES (17, 99, 3, 12);
INSERT INTO ADD_SONGS_PLAYLISTS (PLAYLIST_ID, SONG_ID, NO_URUT, USER_ID) VALUES (17, 41, 4, 12);
INSERT INTO ADD_SONGS_PLAYLISTS (PLAYLIST_ID, SONG_ID, NO_URUT, USER_ID) VALUES (17, 66, 5, 12);
INSERT INTO ADD_SONGS_PLAYLISTS (PLAYLIST_ID, SONG_ID, NO_URUT, USER_ID) VALUES (17, 29, 6, 12);
INSERT INTO ADD_SONGS_PLAYLISTS (PLAYLIST_ID, SONG_ID, NO_URUT, USER_ID) VALUES (17, 31, 7, 12);
INSERT INTO PLAYLISTS (PLAYLIST_ID, USER_ID, PLAYLIST_TITLE, ISPUBLIC, ISCOLLABORATIVE, PLAYLIST_DESC, ISONPROFILE, PLAYLIST_DATE_CREATED) VALUES (18, 13, 'Expedita veritatis earum', TRUE, FALSE, 'My playlist', TRUE, '2025-11-22');
INSERT INTO ADD_SONGS_PLAYLISTS (PLAYLIST_ID, SONG_ID, NO_URUT, USER_ID) VALUES (18, 6, 1, 13);
INSERT INTO ADD_SONGS_PLAYLISTS (PLAYLIST_ID, SONG_ID, NO_URUT, USER_ID) VALUES (18, 78, 2, 13);
INSERT INTO ADD_SONGS_PLAYLISTS (PLAYLIST_ID, SONG_ID, NO_URUT, USER_ID) VALUES (18, 54, 3, 13);
INSERT INTO ADD_SONGS_PLAYLISTS (PLAYLIST_ID, SONG_ID, NO_URUT, USER_ID) VALUES (18, 76, 4, 13);
INSERT INTO PLAYLISTS (PLAYLIST_ID, USER_ID, PLAYLIST_TITLE, ISPUBLIC, ISCOLLABORATIVE, PLAYLIST_DESC, ISONPROFILE, PLAYLIST_DATE_CREATED) VALUES (19, 13, 'Quae et sit natus', TRUE, FALSE, 'My playlist', TRUE, '2025-01-09');
INSERT INTO ADD_SONGS_PLAYLISTS (PLAYLIST_ID, SONG_ID, NO_URUT, USER_ID) VALUES (19, 37, 1, 13);
INSERT INTO ADD_SONGS_PLAYLISTS (PLAYLIST_ID, SONG_ID, NO_URUT, USER_ID) VALUES (19, 65, 2, 13);
INSERT INTO ADD_SONGS_PLAYLISTS (PLAYLIST_ID, SONG_ID, NO_URUT, USER_ID) VALUES (19, 18, 3, 13);
INSERT INTO ADD_SONGS_PLAYLISTS (PLAYLIST_ID, SONG_ID, NO_URUT, USER_ID) VALUES (19, 87, 4, 13);
INSERT INTO ADD_SONGS_PLAYLISTS (PLAYLIST_ID, SONG_ID, NO_URUT, USER_ID) VALUES (19, 100, 5, 13);
INSERT INTO ADD_SONGS_PLAYLISTS (PLAYLIST_ID, SONG_ID, NO_URUT, USER_ID) VALUES (19, 13, 6, 13);
INSERT INTO ADD_SONGS_PLAYLISTS (PLAYLIST_ID, SONG_ID, NO_URUT, USER_ID) VALUES (19, 71, 7, 13);
INSERT INTO PLAYLISTS (PLAYLIST_ID, USER_ID, PLAYLIST_TITLE, ISPUBLIC, ISCOLLABORATIVE, PLAYLIST_DESC, ISONPROFILE, PLAYLIST_DATE_CREATED) VALUES (20, 14, 'Beatae excepturi sint', TRUE, FALSE, 'My playlist', TRUE, '2025-09-03');
INSERT INTO ADD_SONGS_PLAYLISTS (PLAYLIST_ID, SONG_ID, NO_URUT, USER_ID) VALUES (20, 5, 1, 14);
INSERT INTO ADD_SONGS_PLAYLISTS (PLAYLIST_ID, SONG_ID, NO_URUT, USER_ID) VALUES (20, 98, 2, 14);
INSERT INTO ADD_SONGS_PLAYLISTS (PLAYLIST_ID, SONG_ID, NO_URUT, USER_ID) VALUES (20, 67, 3, 14);
INSERT INTO PLAYLISTS (PLAYLIST_ID, USER_ID, PLAYLIST_TITLE, ISPUBLIC, ISCOLLABORATIVE, PLAYLIST_DESC, ISONPROFILE, PLAYLIST_DATE_CREATED) VALUES (21, 14, 'Debitis', TRUE, FALSE, 'My playlist', TRUE, '2025-01-09');
INSERT INTO ADD_SONGS_PLAYLISTS (PLAYLIST_ID, SONG_ID, NO_URUT, USER_ID) VALUES (21, 65, 1, 14);
INSERT INTO ADD_SONGS_PLAYLISTS (PLAYLIST_ID, SONG_ID, NO_URUT, USER_ID) VALUES (21, 32, 2, 14);
INSERT INTO ADD_SONGS_PLAYLISTS (PLAYLIST_ID, SONG_ID, NO_URUT, USER_ID) VALUES (21, 27, 3, 14);
INSERT INTO ADD_SONGS_PLAYLISTS (PLAYLIST_ID, SONG_ID, NO_URUT, USER_ID) VALUES (21, 97, 4, 14);
INSERT INTO ADD_SONGS_PLAYLISTS (PLAYLIST_ID, SONG_ID, NO_URUT, USER_ID) VALUES (21, 13, 5, 14);
INSERT INTO ADD_SONGS_PLAYLISTS (PLAYLIST_ID, SONG_ID, NO_URUT, USER_ID) VALUES (21, 77, 6, 14);
INSERT INTO ADD_SONGS_PLAYLISTS (PLAYLIST_ID, SONG_ID, NO_URUT, USER_ID) VALUES (21, 90, 7, 14);
INSERT INTO PLAYLISTS (PLAYLIST_ID, USER_ID, PLAYLIST_TITLE, ISPUBLIC, ISCOLLABORATIVE, PLAYLIST_DESC, ISONPROFILE, PLAYLIST_DATE_CREATED) VALUES (22, 15, 'Dolorum exercitationem', TRUE, FALSE, 'My playlist', TRUE, '2025-05-17');
INSERT INTO ADD_SONGS_PLAYLISTS (PLAYLIST_ID, SONG_ID, NO_URUT, USER_ID) VALUES (22, 84, 1, 15);
INSERT INTO ADD_SONGS_PLAYLISTS (PLAYLIST_ID, SONG_ID, NO_URUT, USER_ID) VALUES (22, 4, 2, 15);
INSERT INTO ADD_SONGS_PLAYLISTS (PLAYLIST_ID, SONG_ID, NO_URUT, USER_ID) VALUES (22, 29, 3, 15);
INSERT INTO ADD_SONGS_PLAYLISTS (PLAYLIST_ID, SONG_ID, NO_URUT, USER_ID) VALUES (22, 55, 4, 15);
INSERT INTO ADD_SONGS_PLAYLISTS (PLAYLIST_ID, SONG_ID, NO_URUT, USER_ID) VALUES (22, 89, 5, 15);
INSERT INTO ADD_SONGS_PLAYLISTS (PLAYLIST_ID, SONG_ID, NO_URUT, USER_ID) VALUES (22, 58, 6, 15);
INSERT INTO ADD_SONGS_PLAYLISTS (PLAYLIST_ID, SONG_ID, NO_URUT, USER_ID) VALUES (22, 75, 7, 15);
INSERT INTO ADD_SONGS_PLAYLISTS (PLAYLIST_ID, SONG_ID, NO_URUT, USER_ID) VALUES (22, 72, 8, 15);
INSERT INTO PLAYLISTS (PLAYLIST_ID, USER_ID, PLAYLIST_TITLE, ISPUBLIC, ISCOLLABORATIVE, PLAYLIST_DESC, ISONPROFILE, PLAYLIST_DATE_CREATED) VALUES (23, 16, 'Dolorum quos', TRUE, FALSE, 'My playlist', TRUE, '2025-05-09');
INSERT INTO ADD_SONGS_PLAYLISTS (PLAYLIST_ID, SONG_ID, NO_URUT, USER_ID) VALUES (23, 80, 1, 16);
INSERT INTO ADD_SONGS_PLAYLISTS (PLAYLIST_ID, SONG_ID, NO_URUT, USER_ID) VALUES (23, 20, 2, 16);
INSERT INTO ADD_SONGS_PLAYLISTS (PLAYLIST_ID, SONG_ID, NO_URUT, USER_ID) VALUES (23, 34, 3, 16);
INSERT INTO PLAYLISTS (PLAYLIST_ID, USER_ID, PLAYLIST_TITLE, ISPUBLIC, ISCOLLABORATIVE, PLAYLIST_DESC, ISONPROFILE, PLAYLIST_DATE_CREATED) VALUES (24, 16, 'Deserunt quas', TRUE, FALSE, 'My playlist', TRUE, '2025-11-20');
INSERT INTO ADD_SONGS_PLAYLISTS (PLAYLIST_ID, SONG_ID, NO_URUT, USER_ID) VALUES (24, 3, 1, 16);
INSERT INTO ADD_SONGS_PLAYLISTS (PLAYLIST_ID, SONG_ID, NO_URUT, USER_ID) VALUES (24, 52, 2, 16);
INSERT INTO ADD_SONGS_PLAYLISTS (PLAYLIST_ID, SONG_ID, NO_URUT, USER_ID) VALUES (24, 86, 3, 16);
INSERT INTO ADD_SONGS_PLAYLISTS (PLAYLIST_ID, SONG_ID, NO_URUT, USER_ID) VALUES (24, 82, 4, 16);
INSERT INTO ADD_SONGS_PLAYLISTS (PLAYLIST_ID, SONG_ID, NO_URUT, USER_ID) VALUES (24, 62, 5, 16);
INSERT INTO ADD_SONGS_PLAYLISTS (PLAYLIST_ID, SONG_ID, NO_URUT, USER_ID) VALUES (24, 32, 6, 16);
INSERT INTO ADD_SONGS_PLAYLISTS (PLAYLIST_ID, SONG_ID, NO_URUT, USER_ID) VALUES (24, 35, 7, 16);
INSERT INTO ADD_SONGS_PLAYLISTS (PLAYLIST_ID, SONG_ID, NO_URUT, USER_ID) VALUES (24, 73, 8, 16);
INSERT INTO PLAYLISTS (PLAYLIST_ID, USER_ID, PLAYLIST_TITLE, ISPUBLIC, ISCOLLABORATIVE, PLAYLIST_DESC, ISONPROFILE, PLAYLIST_DATE_CREATED) VALUES (25, 17, 'Eius est', TRUE, FALSE, 'My playlist', TRUE, '2025-11-18');
INSERT INTO ADD_SONGS_PLAYLISTS (PLAYLIST_ID, SONG_ID, NO_URUT, USER_ID) VALUES (25, 69, 1, 17);
INSERT INTO ADD_SONGS_PLAYLISTS (PLAYLIST_ID, SONG_ID, NO_URUT, USER_ID) VALUES (25, 65, 2, 17);
INSERT INTO ADD_SONGS_PLAYLISTS (PLAYLIST_ID, SONG_ID, NO_URUT, USER_ID) VALUES (25, 67, 3, 17);
INSERT INTO ADD_SONGS_PLAYLISTS (PLAYLIST_ID, SONG_ID, NO_URUT, USER_ID) VALUES (25, 1, 4, 17);
INSERT INTO ADD_SONGS_PLAYLISTS (PLAYLIST_ID, SONG_ID, NO_URUT, USER_ID) VALUES (25, 26, 5, 17);
INSERT INTO ADD_SONGS_PLAYLISTS (PLAYLIST_ID, SONG_ID, NO_URUT, USER_ID) VALUES (25, 28, 6, 17);
INSERT INTO ADD_SONGS_PLAYLISTS (PLAYLIST_ID, SONG_ID, NO_URUT, USER_ID) VALUES (25, 15, 7, 17);
INSERT INTO ADD_SONGS_PLAYLISTS (PLAYLIST_ID, SONG_ID, NO_URUT, USER_ID) VALUES (25, 31, 8, 17);
INSERT INTO PLAYLISTS (PLAYLIST_ID, USER_ID, PLAYLIST_TITLE, ISPUBLIC, ISCOLLABORATIVE, PLAYLIST_DESC, ISONPROFILE, PLAYLIST_DATE_CREATED) VALUES (26, 18, 'Suscipit aspernatur quae', TRUE, FALSE, 'My playlist', TRUE, '2025-08-09');
INSERT INTO ADD_SONGS_PLAYLISTS (PLAYLIST_ID, SONG_ID, NO_URUT, USER_ID) VALUES (26, 7, 1, 18);
INSERT INTO ADD_SONGS_PLAYLISTS (PLAYLIST_ID, SONG_ID, NO_URUT, USER_ID) VALUES (26, 71, 2, 18);
INSERT INTO ADD_SONGS_PLAYLISTS (PLAYLIST_ID, SONG_ID, NO_URUT, USER_ID) VALUES (26, 43, 3, 18);
INSERT INTO ADD_SONGS_PLAYLISTS (PLAYLIST_ID, SONG_ID, NO_URUT, USER_ID) VALUES (26, 20, 4, 18);
INSERT INTO ADD_SONGS_PLAYLISTS (PLAYLIST_ID, SONG_ID, NO_URUT, USER_ID) VALUES (26, 13, 5, 18);
INSERT INTO ADD_SONGS_PLAYLISTS (PLAYLIST_ID, SONG_ID, NO_URUT, USER_ID) VALUES (26, 1, 6, 18);
INSERT INTO ADD_SONGS_PLAYLISTS (PLAYLIST_ID, SONG_ID, NO_URUT, USER_ID) VALUES (26, 93, 7, 18);
INSERT INTO ADD_SONGS_PLAYLISTS (PLAYLIST_ID, SONG_ID, NO_URUT, USER_ID) VALUES (26, 27, 8, 18);
INSERT INTO PLAYLISTS (PLAYLIST_ID, USER_ID, PLAYLIST_TITLE, ISPUBLIC, ISCOLLABORATIVE, PLAYLIST_DESC, ISONPROFILE, PLAYLIST_DATE_CREATED) VALUES (27, 18, 'Repellat quaerat', TRUE, FALSE, 'My playlist', TRUE, '2025-01-01');
INSERT INTO ADD_SONGS_PLAYLISTS (PLAYLIST_ID, SONG_ID, NO_URUT, USER_ID) VALUES (27, 13, 1, 18);
INSERT INTO ADD_SONGS_PLAYLISTS (PLAYLIST_ID, SONG_ID, NO_URUT, USER_ID) VALUES (27, 67, 2, 18);
INSERT INTO ADD_SONGS_PLAYLISTS (PLAYLIST_ID, SONG_ID, NO_URUT, USER_ID) VALUES (27, 48, 3, 18);
INSERT INTO ADD_SONGS_PLAYLISTS (PLAYLIST_ID, SONG_ID, NO_URUT, USER_ID) VALUES (27, 75, 4, 18);
INSERT INTO ADD_SONGS_PLAYLISTS (PLAYLIST_ID, SONG_ID, NO_URUT, USER_ID) VALUES (27, 73, 5, 18);
INSERT INTO ADD_SONGS_PLAYLISTS (PLAYLIST_ID, SONG_ID, NO_URUT, USER_ID) VALUES (27, 19, 6, 18);
INSERT INTO ADD_SONGS_PLAYLISTS (PLAYLIST_ID, SONG_ID, NO_URUT, USER_ID) VALUES (27, 21, 7, 18);
INSERT INTO ADD_SONGS_PLAYLISTS (PLAYLIST_ID, SONG_ID, NO_URUT, USER_ID) VALUES (27, 62, 8, 18);
INSERT INTO PLAYLISTS (PLAYLIST_ID, USER_ID, PLAYLIST_TITLE, ISPUBLIC, ISCOLLABORATIVE, PLAYLIST_DESC, ISONPROFILE, PLAYLIST_DATE_CREATED) VALUES (28, 19, 'Facere deleniti corrupti', TRUE, FALSE, 'My playlist', TRUE, '2025-05-31');
INSERT INTO ADD_SONGS_PLAYLISTS (PLAYLIST_ID, SONG_ID, NO_URUT, USER_ID) VALUES (28, 65, 1, 19);
INSERT INTO ADD_SONGS_PLAYLISTS (PLAYLIST_ID, SONG_ID, NO_URUT, USER_ID) VALUES (28, 87, 2, 19);
INSERT INTO ADD_SONGS_PLAYLISTS (PLAYLIST_ID, SONG_ID, NO_URUT, USER_ID) VALUES (28, 35, 3, 19);
INSERT INTO ADD_SONGS_PLAYLISTS (PLAYLIST_ID, SONG_ID, NO_URUT, USER_ID) VALUES (28, 95, 4, 19);
INSERT INTO ADD_SONGS_PLAYLISTS (PLAYLIST_ID, SONG_ID, NO_URUT, USER_ID) VALUES (28, 37, 5, 19);
INSERT INTO ADD_SONGS_PLAYLISTS (PLAYLIST_ID, SONG_ID, NO_URUT, USER_ID) VALUES (28, 42, 6, 19);
INSERT INTO PLAYLISTS (PLAYLIST_ID, USER_ID, PLAYLIST_TITLE, ISPUBLIC, ISCOLLABORATIVE, PLAYLIST_DESC, ISONPROFILE, PLAYLIST_DATE_CREATED) VALUES (29, 19, 'Animi quo labore', TRUE, FALSE, 'My playlist', TRUE, '2025-09-07');
INSERT INTO ADD_SONGS_PLAYLISTS (PLAYLIST_ID, SONG_ID, NO_URUT, USER_ID) VALUES (29, 13, 1, 19);
INSERT INTO ADD_SONGS_PLAYLISTS (PLAYLIST_ID, SONG_ID, NO_URUT, USER_ID) VALUES (29, 28, 2, 19);
INSERT INTO ADD_SONGS_PLAYLISTS (PLAYLIST_ID, SONG_ID, NO_URUT, USER_ID) VALUES (29, 52, 3, 19);
INSERT INTO ADD_SONGS_PLAYLISTS (PLAYLIST_ID, SONG_ID, NO_URUT, USER_ID) VALUES (29, 89, 4, 19);
INSERT INTO ADD_SONGS_PLAYLISTS (PLAYLIST_ID, SONG_ID, NO_URUT, USER_ID) VALUES (29, 4, 5, 19);
INSERT INTO ADD_SONGS_PLAYLISTS (PLAYLIST_ID, SONG_ID, NO_URUT, USER_ID) VALUES (29, 58, 6, 19);
INSERT INTO PLAYLISTS (PLAYLIST_ID, USER_ID, PLAYLIST_TITLE, ISPUBLIC, ISCOLLABORATIVE, PLAYLIST_DESC, ISONPROFILE, PLAYLIST_DATE_CREATED) VALUES (30, 20, 'Sit nam quas', TRUE, FALSE, 'My playlist', TRUE, '2025-09-29');
INSERT INTO ADD_SONGS_PLAYLISTS (PLAYLIST_ID, SONG_ID, NO_URUT, USER_ID) VALUES (30, 34, 1, 20);
INSERT INTO ADD_SONGS_PLAYLISTS (PLAYLIST_ID, SONG_ID, NO_URUT, USER_ID) VALUES (30, 6, 2, 20);
INSERT INTO ADD_SONGS_PLAYLISTS (PLAYLIST_ID, SONG_ID, NO_URUT, USER_ID) VALUES (30, 17, 3, 20);
INSERT INTO PLAYLISTS (PLAYLIST_ID, USER_ID, PLAYLIST_TITLE, ISPUBLIC, ISCOLLABORATIVE, PLAYLIST_DESC, ISONPROFILE, PLAYLIST_DATE_CREATED) VALUES (31, 21, 'Natus pariatur molestias', TRUE, FALSE, 'My playlist', TRUE, '2025-04-24');
INSERT INTO ADD_SONGS_PLAYLISTS (PLAYLIST_ID, SONG_ID, NO_URUT, USER_ID) VALUES (31, 94, 1, 21);
INSERT INTO ADD_SONGS_PLAYLISTS (PLAYLIST_ID, SONG_ID, NO_URUT, USER_ID) VALUES (31, 11, 2, 21);
INSERT INTO ADD_SONGS_PLAYLISTS (PLAYLIST_ID, SONG_ID, NO_URUT, USER_ID) VALUES (31, 4, 3, 21);
INSERT INTO PLAYLISTS (PLAYLIST_ID, USER_ID, PLAYLIST_TITLE, ISPUBLIC, ISCOLLABORATIVE, PLAYLIST_DESC, ISONPROFILE, PLAYLIST_DATE_CREATED) VALUES (32, 21, 'Laudantium assumenda reiciendis', TRUE, FALSE, 'My playlist', TRUE, '2025-03-25');
INSERT INTO ADD_SONGS_PLAYLISTS (PLAYLIST_ID, SONG_ID, NO_URUT, USER_ID) VALUES (32, 44, 1, 21);
INSERT INTO ADD_SONGS_PLAYLISTS (PLAYLIST_ID, SONG_ID, NO_URUT, USER_ID) VALUES (32, 47, 2, 21);
INSERT INTO ADD_SONGS_PLAYLISTS (PLAYLIST_ID, SONG_ID, NO_URUT, USER_ID) VALUES (32, 72, 3, 21);
INSERT INTO ADD_SONGS_PLAYLISTS (PLAYLIST_ID, SONG_ID, NO_URUT, USER_ID) VALUES (32, 9, 4, 21);
INSERT INTO ADD_SONGS_PLAYLISTS (PLAYLIST_ID, SONG_ID, NO_URUT, USER_ID) VALUES (32, 45, 5, 21);
INSERT INTO ADD_SONGS_PLAYLISTS (PLAYLIST_ID, SONG_ID, NO_URUT, USER_ID) VALUES (32, 4, 6, 21);
INSERT INTO ADD_SONGS_PLAYLISTS (PLAYLIST_ID, SONG_ID, NO_URUT, USER_ID) VALUES (32, 32, 7, 21);
INSERT INTO PLAYLISTS (PLAYLIST_ID, USER_ID, PLAYLIST_TITLE, ISPUBLIC, ISCOLLABORATIVE, PLAYLIST_DESC, ISONPROFILE, PLAYLIST_DATE_CREATED) VALUES (33, 22, 'Minus ad quasi', TRUE, FALSE, 'My playlist', TRUE, '2025-09-14');
INSERT INTO ADD_SONGS_PLAYLISTS (PLAYLIST_ID, SONG_ID, NO_URUT, USER_ID) VALUES (33, 26, 1, 22);
INSERT INTO ADD_SONGS_PLAYLISTS (PLAYLIST_ID, SONG_ID, NO_URUT, USER_ID) VALUES (33, 89, 2, 22);
INSERT INTO ADD_SONGS_PLAYLISTS (PLAYLIST_ID, SONG_ID, NO_URUT, USER_ID) VALUES (33, 44, 3, 22);
INSERT INTO ADD_SONGS_PLAYLISTS (PLAYLIST_ID, SONG_ID, NO_URUT, USER_ID) VALUES (33, 45, 4, 22);
INSERT INTO PLAYLISTS (PLAYLIST_ID, USER_ID, PLAYLIST_TITLE, ISPUBLIC, ISCOLLABORATIVE, PLAYLIST_DESC, ISONPROFILE, PLAYLIST_DATE_CREATED) VALUES (34, 22, 'Animi ipsam iusto', TRUE, FALSE, 'My playlist', TRUE, '2025-03-09');
INSERT INTO ADD_SONGS_PLAYLISTS (PLAYLIST_ID, SONG_ID, NO_URUT, USER_ID) VALUES (34, 48, 1, 22);
INSERT INTO ADD_SONGS_PLAYLISTS (PLAYLIST_ID, SONG_ID, NO_URUT, USER_ID) VALUES (34, 34, 2, 22);
INSERT INTO ADD_SONGS_PLAYLISTS (PLAYLIST_ID, SONG_ID, NO_URUT, USER_ID) VALUES (34, 97, 3, 22);
INSERT INTO ADD_SONGS_PLAYLISTS (PLAYLIST_ID, SONG_ID, NO_URUT, USER_ID) VALUES (34, 15, 4, 22);
INSERT INTO PLAYLISTS (PLAYLIST_ID, USER_ID, PLAYLIST_TITLE, ISPUBLIC, ISCOLLABORATIVE, PLAYLIST_DESC, ISONPROFILE, PLAYLIST_DATE_CREATED) VALUES (35, 23, 'Suscipit maxime excepturi', TRUE, FALSE, 'My playlist', TRUE, '2025-06-05');
INSERT INTO ADD_SONGS_PLAYLISTS (PLAYLIST_ID, SONG_ID, NO_URUT, USER_ID) VALUES (35, 47, 1, 23);
INSERT INTO ADD_SONGS_PLAYLISTS (PLAYLIST_ID, SONG_ID, NO_URUT, USER_ID) VALUES (35, 73, 2, 23);
INSERT INTO ADD_SONGS_PLAYLISTS (PLAYLIST_ID, SONG_ID, NO_URUT, USER_ID) VALUES (35, 39, 3, 23);
INSERT INTO ADD_SONGS_PLAYLISTS (PLAYLIST_ID, SONG_ID, NO_URUT, USER_ID) VALUES (35, 82, 4, 23);
INSERT INTO ADD_SONGS_PLAYLISTS (PLAYLIST_ID, SONG_ID, NO_URUT, USER_ID) VALUES (35, 83, 5, 23);
INSERT INTO ADD_SONGS_PLAYLISTS (PLAYLIST_ID, SONG_ID, NO_URUT, USER_ID) VALUES (35, 7, 6, 23);
INSERT INTO PLAYLISTS (PLAYLIST_ID, USER_ID, PLAYLIST_TITLE, ISPUBLIC, ISCOLLABORATIVE, PLAYLIST_DESC, ISONPROFILE, PLAYLIST_DATE_CREATED) VALUES (36, 23, 'Odit alias sunt', TRUE, FALSE, 'My playlist', TRUE, '2025-06-19');
INSERT INTO ADD_SONGS_PLAYLISTS (PLAYLIST_ID, SONG_ID, NO_URUT, USER_ID) VALUES (36, 84, 1, 23);
INSERT INTO ADD_SONGS_PLAYLISTS (PLAYLIST_ID, SONG_ID, NO_URUT, USER_ID) VALUES (36, 19, 2, 23);
INSERT INTO ADD_SONGS_PLAYLISTS (PLAYLIST_ID, SONG_ID, NO_URUT, USER_ID) VALUES (36, 10, 3, 23);
INSERT INTO ADD_SONGS_PLAYLISTS (PLAYLIST_ID, SONG_ID, NO_URUT, USER_ID) VALUES (36, 24, 4, 23);
INSERT INTO ADD_SONGS_PLAYLISTS (PLAYLIST_ID, SONG_ID, NO_URUT, USER_ID) VALUES (36, 27, 5, 23);
INSERT INTO ADD_SONGS_PLAYLISTS (PLAYLIST_ID, SONG_ID, NO_URUT, USER_ID) VALUES (36, 14, 6, 23);
INSERT INTO PLAYLISTS (PLAYLIST_ID, USER_ID, PLAYLIST_TITLE, ISPUBLIC, ISCOLLABORATIVE, PLAYLIST_DESC, ISONPROFILE, PLAYLIST_DATE_CREATED) VALUES (37, 24, 'Officiis adipisci facilis', TRUE, FALSE, 'My playlist', TRUE, '2025-09-15');
INSERT INTO ADD_SONGS_PLAYLISTS (PLAYLIST_ID, SONG_ID, NO_URUT, USER_ID) VALUES (37, 13, 1, 24);
INSERT INTO ADD_SONGS_PLAYLISTS (PLAYLIST_ID, SONG_ID, NO_URUT, USER_ID) VALUES (37, 100, 2, 24);
INSERT INTO ADD_SONGS_PLAYLISTS (PLAYLIST_ID, SONG_ID, NO_URUT, USER_ID) VALUES (37, 5, 3, 24);
INSERT INTO ADD_SONGS_PLAYLISTS (PLAYLIST_ID, SONG_ID, NO_URUT, USER_ID) VALUES (37, 1, 4, 24);
INSERT INTO ADD_SONGS_PLAYLISTS (PLAYLIST_ID, SONG_ID, NO_URUT, USER_ID) VALUES (37, 8, 5, 24);
INSERT INTO ADD_SONGS_PLAYLISTS (PLAYLIST_ID, SONG_ID, NO_URUT, USER_ID) VALUES (37, 88, 6, 24);
INSERT INTO ADD_SONGS_PLAYLISTS (PLAYLIST_ID, SONG_ID, NO_URUT, USER_ID) VALUES (37, 67, 7, 24);
INSERT INTO ADD_SONGS_PLAYLISTS (PLAYLIST_ID, SONG_ID, NO_URUT, USER_ID) VALUES (37, 4, 8, 24);
INSERT INTO PLAYLISTS (PLAYLIST_ID, USER_ID, PLAYLIST_TITLE, ISPUBLIC, ISCOLLABORATIVE, PLAYLIST_DESC, ISONPROFILE, PLAYLIST_DATE_CREATED) VALUES (38, 25, 'Ipsa odit ducimus', TRUE, FALSE, 'My playlist', TRUE, '2025-08-03');
INSERT INTO ADD_SONGS_PLAYLISTS (PLAYLIST_ID, SONG_ID, NO_URUT, USER_ID) VALUES (38, 23, 1, 25);
INSERT INTO ADD_SONGS_PLAYLISTS (PLAYLIST_ID, SONG_ID, NO_URUT, USER_ID) VALUES (38, 26, 2, 25);
INSERT INTO ADD_SONGS_PLAYLISTS (PLAYLIST_ID, SONG_ID, NO_URUT, USER_ID) VALUES (38, 16, 3, 25);
INSERT INTO ADD_SONGS_PLAYLISTS (PLAYLIST_ID, SONG_ID, NO_URUT, USER_ID) VALUES (38, 89, 4, 25);
INSERT INTO ADD_SONGS_PLAYLISTS (PLAYLIST_ID, SONG_ID, NO_URUT, USER_ID) VALUES (38, 92, 5, 25);
INSERT INTO ADD_SONGS_PLAYLISTS (PLAYLIST_ID, SONG_ID, NO_URUT, USER_ID) VALUES (38, 33, 6, 25);
INSERT INTO ADD_SONGS_PLAYLISTS (PLAYLIST_ID, SONG_ID, NO_URUT, USER_ID) VALUES (38, 72, 7, 25);
INSERT INTO PLAYLISTS (PLAYLIST_ID, USER_ID, PLAYLIST_TITLE, ISPUBLIC, ISCOLLABORATIVE, PLAYLIST_DESC, ISONPROFILE, PLAYLIST_DATE_CREATED) VALUES (39, 25, 'Reiciendis magnam', TRUE, FALSE, 'My playlist', TRUE, '2025-04-23');
INSERT INTO ADD_SONGS_PLAYLISTS (PLAYLIST_ID, SONG_ID, NO_URUT, USER_ID) VALUES (39, 10, 1, 25);
INSERT INTO ADD_SONGS_PLAYLISTS (PLAYLIST_ID, SONG_ID, NO_URUT, USER_ID) VALUES (39, 29, 2, 25);
INSERT INTO ADD_SONGS_PLAYLISTS (PLAYLIST_ID, SONG_ID, NO_URUT, USER_ID) VALUES (39, 71, 3, 25);
INSERT INTO ADD_SONGS_PLAYLISTS (PLAYLIST_ID, SONG_ID, NO_URUT, USER_ID) VALUES (39, 73, 4, 25);
INSERT INTO ADD_SONGS_PLAYLISTS (PLAYLIST_ID, SONG_ID, NO_URUT, USER_ID) VALUES (39, 79, 5, 25);
INSERT INTO ADD_SONGS_PLAYLISTS (PLAYLIST_ID, SONG_ID, NO_URUT, USER_ID) VALUES (39, 28, 6, 25);
INSERT INTO ADD_SONGS_PLAYLISTS (PLAYLIST_ID, SONG_ID, NO_URUT, USER_ID) VALUES (39, 80, 7, 25);
INSERT INTO ADD_SONGS_PLAYLISTS (PLAYLIST_ID, SONG_ID, NO_URUT, USER_ID) VALUES (39, 13, 8, 25);
INSERT INTO LISTENS (USER_ID, SONG_ID, DURATION_LISTENED, "TIMESTAMP") VALUES (25, 18, 149, '2025-11-27 17:56:16');
INSERT INTO LISTENS (USER_ID, SONG_ID, DURATION_LISTENED, "TIMESTAMP") VALUES (5, 89, 118, '2025-11-27 17:56:57');
INSERT INTO LISTENS (USER_ID, SONG_ID, DURATION_LISTENED, "TIMESTAMP") VALUES (16, 89, 166, '2025-11-27 17:52:28');
INSERT INTO LISTENS (USER_ID, SONG_ID, DURATION_LISTENED, "TIMESTAMP") VALUES (2, 23, 42, '2025-11-27 17:54:47');
INSERT INTO LISTENS (USER_ID, SONG_ID, DURATION_LISTENED, "TIMESTAMP") VALUES (14, 25, 299, '2025-11-27 17:57:25');
INSERT INTO LISTENS (USER_ID, SONG_ID, DURATION_LISTENED, "TIMESTAMP") VALUES (4, 24, 54, '2025-11-27 17:55:21');
INSERT INTO LISTENS (USER_ID, SONG_ID, DURATION_LISTENED, "TIMESTAMP") VALUES (6, 83, 245, '2025-11-27 17:53:50');
INSERT INTO LISTENS (USER_ID, SONG_ID, DURATION_LISTENED, "TIMESTAMP") VALUES (2, 84, 249, '2025-11-27 17:53:41');
INSERT INTO LISTENS (USER_ID, SONG_ID, DURATION_LISTENED, "TIMESTAMP") VALUES (15, 48, 227, '2025-11-27 17:55:00');
INSERT INTO LISTENS (USER_ID, SONG_ID, DURATION_LISTENED, "TIMESTAMP") VALUES (2, 57, 236, '2025-11-27 17:54:47');
INSERT INTO LISTENS (USER_ID, SONG_ID, DURATION_LISTENED, "TIMESTAMP") VALUES (8, 60, 183, '2025-11-27 17:55:05');
INSERT INTO LISTENS (USER_ID, SONG_ID, DURATION_LISTENED, "TIMESTAMP") VALUES (8, 36, 166, '2025-11-27 17:52:33');
INSERT INTO LISTENS (USER_ID, SONG_ID, DURATION_LISTENED, "TIMESTAMP") VALUES (17, 4, 178, '2025-11-27 17:53:34');
INSERT INTO LISTENS (USER_ID, SONG_ID, DURATION_LISTENED, "TIMESTAMP") VALUES (22, 61, 77, '2025-11-27 17:53:28');
INSERT INTO LISTENS (USER_ID, SONG_ID, DURATION_LISTENED, "TIMESTAMP") VALUES (19, 84, 262, '2025-11-27 17:52:03');
INSERT INTO LISTENS (USER_ID, SONG_ID, DURATION_LISTENED, "TIMESTAMP") VALUES (20, 69, 128, '2025-11-27 17:56:11');
INSERT INTO LISTENS (USER_ID, SONG_ID, DURATION_LISTENED, "TIMESTAMP") VALUES (21, 30, 83, '2025-11-27 17:54:12');
INSERT INTO LISTENS (USER_ID, SONG_ID, DURATION_LISTENED, "TIMESTAMP") VALUES (3, 32, 155, '2025-11-27 17:55:48');
INSERT INTO LISTENS (USER_ID, SONG_ID, DURATION_LISTENED, "TIMESTAMP") VALUES (11, 14, 209, '2025-11-27 17:54:01');
INSERT INTO LISTENS (USER_ID, SONG_ID, DURATION_LISTENED, "TIMESTAMP") VALUES (16, 10, 278, '2025-11-27 17:57:58');
INSERT INTO LISTENS (USER_ID, SONG_ID, DURATION_LISTENED, "TIMESTAMP") VALUES (22, 85, 231, '2025-11-27 17:52:35');
INSERT INTO LISTENS (USER_ID, SONG_ID, DURATION_LISTENED, "TIMESTAMP") VALUES (18, 66, 70, '2025-11-27 17:56:51');
INSERT INTO LISTENS (USER_ID, SONG_ID, DURATION_LISTENED, "TIMESTAMP") VALUES (21, 47, 232, '2025-11-27 17:56:27');
INSERT INTO LISTENS (USER_ID, SONG_ID, DURATION_LISTENED, "TIMESTAMP") VALUES (11, 74, 40, '2025-11-27 17:55:01');
INSERT INTO LISTENS (USER_ID, SONG_ID, DURATION_LISTENED, "TIMESTAMP") VALUES (14, 71, 136, '2025-11-27 17:56:25');
INSERT INTO LISTENS (USER_ID, SONG_ID, DURATION_LISTENED, "TIMESTAMP") VALUES (4, 94, 257, '2025-11-27 17:53:14');
INSERT INTO LISTENS (USER_ID, SONG_ID, DURATION_LISTENED, "TIMESTAMP") VALUES (19, 40, 120, '2025-11-27 17:57:38');
INSERT INTO LISTENS (USER_ID, SONG_ID, DURATION_LISTENED, "TIMESTAMP") VALUES (23, 57, 30, '2025-11-27 17:55:43');
INSERT INTO LISTENS (USER_ID, SONG_ID, DURATION_LISTENED, "TIMESTAMP") VALUES (20, 67, 230, '2025-11-27 17:53:09');
INSERT INTO LISTENS (USER_ID, SONG_ID, DURATION_LISTENED, "TIMESTAMP") VALUES (7, 21, 85, '2025-11-27 17:54:54');
INSERT INTO LISTENS (USER_ID, SONG_ID, DURATION_LISTENED, "TIMESTAMP") VALUES (5, 59, 104, '2025-11-27 17:56:49');
INSERT INTO LISTENS (USER_ID, SONG_ID, DURATION_LISTENED, "TIMESTAMP") VALUES (20, 71, 257, '2025-11-27 17:57:19');
INSERT INTO LISTENS (USER_ID, SONG_ID, DURATION_LISTENED, "TIMESTAMP") VALUES (4, 56, 210, '2025-11-27 17:54:12');
INSERT INTO LISTENS (USER_ID, SONG_ID, DURATION_LISTENED, "TIMESTAMP") VALUES (22, 47, 198, '2025-11-27 17:57:30');
INSERT INTO LISTENS (USER_ID, SONG_ID, DURATION_LISTENED, "TIMESTAMP") VALUES (18, 17, 137, '2025-11-27 17:52:48');
INSERT INTO LISTENS (USER_ID, SONG_ID, DURATION_LISTENED, "TIMESTAMP") VALUES (18, 72, 169, '2025-11-27 17:53:20');
INSERT INTO LISTENS (USER_ID, SONG_ID, DURATION_LISTENED, "TIMESTAMP") VALUES (12, 2, 126, '2025-11-27 17:55:33');
INSERT INTO LISTENS (USER_ID, SONG_ID, DURATION_LISTENED, "TIMESTAMP") VALUES (21, 79, 141, '2025-11-27 17:52:08');
INSERT INTO LISTENS (USER_ID, SONG_ID, DURATION_LISTENED, "TIMESTAMP") VALUES (11, 85, 265, '2025-11-27 17:52:29');
INSERT INTO LISTENS (USER_ID, SONG_ID, DURATION_LISTENED, "TIMESTAMP") VALUES (7, 20, 287, '2025-11-27 17:53:43');
INSERT INTO LISTENS (USER_ID, SONG_ID, DURATION_LISTENED, "TIMESTAMP") VALUES (17, 10, 260, '2025-11-27 17:52:43');
INSERT INTO LISTENS (USER_ID, SONG_ID, DURATION_LISTENED, "TIMESTAMP") VALUES (15, 71, 94, '2025-11-27 17:57:16');
INSERT INTO LISTENS (USER_ID, SONG_ID, DURATION_LISTENED, "TIMESTAMP") VALUES (1, 80, 33, '2025-11-27 17:52:19');
INSERT INTO LISTENS (USER_ID, SONG_ID, DURATION_LISTENED, "TIMESTAMP") VALUES (25, 68, 297, '2025-11-27 17:56:31');
INSERT INTO LISTENS (USER_ID, SONG_ID, DURATION_LISTENED, "TIMESTAMP") VALUES (7, 22, 115, '2025-11-27 17:54:55');
INSERT INTO LISTENS (USER_ID, SONG_ID, DURATION_LISTENED, "TIMESTAMP") VALUES (25, 17, 93, '2025-11-27 17:54:46');
INSERT INTO LISTENS (USER_ID, SONG_ID, DURATION_LISTENED, "TIMESTAMP") VALUES (3, 6, 44, '2025-11-27 17:55:23');
INSERT INTO LISTENS (USER_ID, SONG_ID, DURATION_LISTENED, "TIMESTAMP") VALUES (3, 59, 16, '2025-11-27 17:54:00');
INSERT INTO LISTENS (USER_ID, SONG_ID, DURATION_LISTENED, "TIMESTAMP") VALUES (12, 1, 131, '2025-11-27 17:52:19');
INSERT INTO LISTENS (USER_ID, SONG_ID, DURATION_LISTENED, "TIMESTAMP") VALUES (6, 32, 294, '2025-11-27 17:55:36');
INSERT INTO LISTENS (USER_ID, SONG_ID, DURATION_LISTENED, "TIMESTAMP") VALUES (24, 1, 192, '2025-11-27 17:57:22');
INSERT INTO LISTENS (USER_ID, SONG_ID, DURATION_LISTENED, "TIMESTAMP") VALUES (5, 99, 175, '2025-11-27 17:54:20');
INSERT INTO LISTENS (USER_ID, SONG_ID, DURATION_LISTENED, "TIMESTAMP") VALUES (25, 13, 287, '2025-11-27 17:53:32');
INSERT INTO LISTENS (USER_ID, SONG_ID, DURATION_LISTENED, "TIMESTAMP") VALUES (20, 64, 16, '2025-11-27 17:54:10');
INSERT INTO LISTENS (USER_ID, SONG_ID, DURATION_LISTENED, "TIMESTAMP") VALUES (17, 24, 161, '2025-11-27 17:53:56');
INSERT INTO LISTENS (USER_ID, SONG_ID, DURATION_LISTENED, "TIMESTAMP") VALUES (16, 58, 46, '2025-11-27 17:53:23');
INSERT INTO LISTENS (USER_ID, SONG_ID, DURATION_LISTENED, "TIMESTAMP") VALUES (25, 41, 188, '2025-11-27 17:55:59');
INSERT INTO LISTENS (USER_ID, SONG_ID, DURATION_LISTENED, "TIMESTAMP") VALUES (25, 33, 291, '2025-11-27 17:54:31');
INSERT INTO LISTENS (USER_ID, SONG_ID, DURATION_LISTENED, "TIMESTAMP") VALUES (22, 52, 165, '2025-11-27 17:52:34');
INSERT INTO LISTENS (USER_ID, SONG_ID, DURATION_LISTENED, "TIMESTAMP") VALUES (20, 29, 200, '2025-11-27 17:53:07');
INSERT INTO LISTENS (USER_ID, SONG_ID, DURATION_LISTENED, "TIMESTAMP") VALUES (17, 81, 36, '2025-11-27 17:52:43');
INSERT INTO LISTENS (USER_ID, SONG_ID, DURATION_LISTENED, "TIMESTAMP") VALUES (22, 28, 293, '2025-11-27 17:52:48');
INSERT INTO LISTENS (USER_ID, SONG_ID, DURATION_LISTENED, "TIMESTAMP") VALUES (25, 44, 273, '2025-11-27 17:55:37');
INSERT INTO LISTENS (USER_ID, SONG_ID, DURATION_LISTENED, "TIMESTAMP") VALUES (24, 73, 300, '2025-11-27 17:55:38');
INSERT INTO LISTENS (USER_ID, SONG_ID, DURATION_LISTENED, "TIMESTAMP") VALUES (3, 7, 136, '2025-11-27 17:56:57');
INSERT INTO LISTENS (USER_ID, SONG_ID, DURATION_LISTENED, "TIMESTAMP") VALUES (11, 20, 268, '2025-11-27 17:55:41');
INSERT INTO LISTENS (USER_ID, SONG_ID, DURATION_LISTENED, "TIMESTAMP") VALUES (20, 21, 166, '2025-11-27 17:55:22');
INSERT INTO LISTENS (USER_ID, SONG_ID, DURATION_LISTENED, "TIMESTAMP") VALUES (14, 91, 117, '2025-11-27 17:55:24');
INSERT INTO LISTENS (USER_ID, SONG_ID, DURATION_LISTENED, "TIMESTAMP") VALUES (10, 68, 109, '2025-11-27 17:56:52');
INSERT INTO LISTENS (USER_ID, SONG_ID, DURATION_LISTENED, "TIMESTAMP") VALUES (3, 50, 234, '2025-11-27 17:56:01');
INSERT INTO LISTENS (USER_ID, SONG_ID, DURATION_LISTENED, "TIMESTAMP") VALUES (24, 34, 209, '2025-11-27 17:51:59');
INSERT INTO LISTENS (USER_ID, SONG_ID, DURATION_LISTENED, "TIMESTAMP") VALUES (3, 90, 265, '2025-11-27 17:52:59');
INSERT INTO LISTENS (USER_ID, SONG_ID, DURATION_LISTENED, "TIMESTAMP") VALUES (24, 23, 174, '2025-11-27 17:56:35');
INSERT INTO LISTENS (USER_ID, SONG_ID, DURATION_LISTENED, "TIMESTAMP") VALUES (7, 100, 243, '2025-11-27 17:52:59');
INSERT INTO LISTENS (USER_ID, SONG_ID, DURATION_LISTENED, "TIMESTAMP") VALUES (19, 81, 28, '2025-11-27 17:57:51');
INSERT INTO LISTENS (USER_ID, SONG_ID, DURATION_LISTENED, "TIMESTAMP") VALUES (10, 25, 175, '2025-11-27 17:53:51');
INSERT INTO LISTENS (USER_ID, SONG_ID, DURATION_LISTENED, "TIMESTAMP") VALUES (17, 77, 205, '2025-11-27 17:52:17');
INSERT INTO LISTENS (USER_ID, SONG_ID, DURATION_LISTENED, "TIMESTAMP") VALUES (8, 73, 275, '2025-11-27 17:54:38');
INSERT INTO LISTENS (USER_ID, SONG_ID, DURATION_LISTENED, "TIMESTAMP") VALUES (25, 39, 206, '2025-11-27 17:54:22');
INSERT INTO LISTENS (USER_ID, SONG_ID, DURATION_LISTENED, "TIMESTAMP") VALUES (15, 90, 37, '2025-11-27 17:56:34');
INSERT INTO LISTENS (USER_ID, SONG_ID, DURATION_LISTENED, "TIMESTAMP") VALUES (8, 72, 238, '2025-11-27 17:52:06');
INSERT INTO LISTENS (USER_ID, SONG_ID, DURATION_LISTENED, "TIMESTAMP") VALUES (19, 12, 298, '2025-11-27 17:56:09');
INSERT INTO LISTENS (USER_ID, SONG_ID, DURATION_LISTENED, "TIMESTAMP") VALUES (7, 4, 59, '2025-11-27 17:55:57');
INSERT INTO LISTENS (USER_ID, SONG_ID, DURATION_LISTENED, "TIMESTAMP") VALUES (7, 33, 210, '2025-11-27 17:52:26');
INSERT INTO LISTENS (USER_ID, SONG_ID, DURATION_LISTENED, "TIMESTAMP") VALUES (23, 68, 280, '2025-11-27 17:53:21');
INSERT INTO LISTENS (USER_ID, SONG_ID, DURATION_LISTENED, "TIMESTAMP") VALUES (17, 42, 140, '2025-11-27 17:57:10');
INSERT INTO LISTENS (USER_ID, SONG_ID, DURATION_LISTENED, "TIMESTAMP") VALUES (12, 24, 132, '2025-11-27 17:52:07');
INSERT INTO LISTENS (USER_ID, SONG_ID, DURATION_LISTENED, "TIMESTAMP") VALUES (23, 88, 12, '2025-11-27 17:54:00');
INSERT INTO LISTENS (USER_ID, SONG_ID, DURATION_LISTENED, "TIMESTAMP") VALUES (14, 74, 114, '2025-11-27 17:54:15');
INSERT INTO LISTENS (USER_ID, SONG_ID, DURATION_LISTENED, "TIMESTAMP") VALUES (13, 36, 231, '2025-11-27 17:52:16');
INSERT INTO LISTENS (USER_ID, SONG_ID, DURATION_LISTENED, "TIMESTAMP") VALUES (14, 79, 118, '2025-11-27 17:57:42');
INSERT INTO LISTENS (USER_ID, SONG_ID, DURATION_LISTENED, "TIMESTAMP") VALUES (3, 76, 266, '2025-11-27 17:52:29');
INSERT INTO LISTENS (USER_ID, SONG_ID, DURATION_LISTENED, "TIMESTAMP") VALUES (19, 53, 182, '2025-11-27 17:56:43');
INSERT INTO LISTENS (USER_ID, SONG_ID, DURATION_LISTENED, "TIMESTAMP") VALUES (16, 96, 130, '2025-11-27 17:54:01');
INSERT INTO LISTENS (USER_ID, SONG_ID, DURATION_LISTENED, "TIMESTAMP") VALUES (6, 10, 252, '2025-11-27 17:53:19');
INSERT INTO LISTENS (USER_ID, SONG_ID, DURATION_LISTENED, "TIMESTAMP") VALUES (16, 51, 68, '2025-11-27 17:56:57');
INSERT INTO LISTENS (USER_ID, SONG_ID, DURATION_LISTENED, "TIMESTAMP") VALUES (7, 96, 210, '2025-11-27 17:52:45');
INSERT INTO LISTENS (USER_ID, SONG_ID, DURATION_LISTENED, "TIMESTAMP") VALUES (25, 50, 256, '2025-11-27 17:52:16');
INSERT INTO LISTENS (USER_ID, SONG_ID, DURATION_LISTENED, "TIMESTAMP") VALUES (18, 39, 136, '2025-11-27 17:56:04');
INSERT INTO LISTENS (USER_ID, SONG_ID, DURATION_LISTENED, "TIMESTAMP") VALUES (22, 98, 147, '2025-11-27 17:55:06');
INSERT INTO LISTENS (USER_ID, SONG_ID, DURATION_LISTENED, "TIMESTAMP") VALUES (4, 20, 241, '2025-11-27 17:55:34');
INSERT INTO LISTENS (USER_ID, SONG_ID, DURATION_LISTENED, "TIMESTAMP") VALUES (25, 51, 239, '2025-11-27 17:53:45');
INSERT INTO LISTENS (USER_ID, SONG_ID, DURATION_LISTENED, "TIMESTAMP") VALUES (3, 14, 72, '2025-11-27 17:57:51');
INSERT INTO LISTENS (USER_ID, SONG_ID, DURATION_LISTENED, "TIMESTAMP") VALUES (13, 74, 165, '2025-11-27 17:56:15');
INSERT INTO LISTENS (USER_ID, SONG_ID, DURATION_LISTENED, "TIMESTAMP") VALUES (5, 48, 26, '2025-11-27 17:54:50');
INSERT INTO LISTENS (USER_ID, SONG_ID, DURATION_LISTENED, "TIMESTAMP") VALUES (1, 3, 140, '2025-11-27 17:54:46');
INSERT INTO LISTENS (USER_ID, SONG_ID, DURATION_LISTENED, "TIMESTAMP") VALUES (12, 13, 153, '2025-11-27 17:52:04');
INSERT INTO LISTENS (USER_ID, SONG_ID, DURATION_LISTENED, "TIMESTAMP") VALUES (9, 41, 132, '2025-11-27 17:55:34');
INSERT INTO LISTENS (USER_ID, SONG_ID, DURATION_LISTENED, "TIMESTAMP") VALUES (3, 90, 192, '2025-11-27 17:56:48');
INSERT INTO LISTENS (USER_ID, SONG_ID, DURATION_LISTENED, "TIMESTAMP") VALUES (6, 62, 200, '2025-11-27 17:53:37');
INSERT INTO LISTENS (USER_ID, SONG_ID, DURATION_LISTENED, "TIMESTAMP") VALUES (19, 52, 111, '2025-11-27 17:55:13');
INSERT INTO LISTENS (USER_ID, SONG_ID, DURATION_LISTENED, "TIMESTAMP") VALUES (2, 58, 206, '2025-11-27 17:57:16');
INSERT INTO LISTENS (USER_ID, SONG_ID, DURATION_LISTENED, "TIMESTAMP") VALUES (11, 58, 97, '2025-11-27 17:54:37');
INSERT INTO LISTENS (USER_ID, SONG_ID, DURATION_LISTENED, "TIMESTAMP") VALUES (19, 48, 265, '2025-11-27 17:53:06');
INSERT INTO LISTENS (USER_ID, SONG_ID, DURATION_LISTENED, "TIMESTAMP") VALUES (18, 84, 159, '2025-11-27 17:54:43');
INSERT INTO LISTENS (USER_ID, SONG_ID, DURATION_LISTENED, "TIMESTAMP") VALUES (23, 4, 282, '2025-11-27 17:57:44');
INSERT INTO LISTENS (USER_ID, SONG_ID, DURATION_LISTENED, "TIMESTAMP") VALUES (25, 91, 118, '2025-11-27 17:57:33');
INSERT INTO LISTENS (USER_ID, SONG_ID, DURATION_LISTENED, "TIMESTAMP") VALUES (7, 82, 286, '2025-11-27 17:57:26');
INSERT INTO LISTENS (USER_ID, SONG_ID, DURATION_LISTENED, "TIMESTAMP") VALUES (2, 35, 237, '2025-11-27 17:53:11');
INSERT INTO LISTENS (USER_ID, SONG_ID, DURATION_LISTENED, "TIMESTAMP") VALUES (24, 1, 169, '2025-11-27 17:53:46');
INSERT INTO LISTENS (USER_ID, SONG_ID, DURATION_LISTENED, "TIMESTAMP") VALUES (8, 48, 158, '2025-11-27 17:52:55');
INSERT INTO LISTENS (USER_ID, SONG_ID, DURATION_LISTENED, "TIMESTAMP") VALUES (7, 24, 91, '2025-11-27 17:55:08');
INSERT INTO LISTENS (USER_ID, SONG_ID, DURATION_LISTENED, "TIMESTAMP") VALUES (18, 24, 159, '2025-11-27 17:52:05');
INSERT INTO LISTENS (USER_ID, SONG_ID, DURATION_LISTENED, "TIMESTAMP") VALUES (16, 39, 294, '2025-11-27 17:52:18');
INSERT INTO LISTENS (USER_ID, SONG_ID, DURATION_LISTENED, "TIMESTAMP") VALUES (19, 35, 228, '2025-11-27 17:53:33');
INSERT INTO LISTENS (USER_ID, SONG_ID, DURATION_LISTENED, "TIMESTAMP") VALUES (5, 85, 218, '2025-11-27 17:55:11');
INSERT INTO LISTENS (USER_ID, SONG_ID, DURATION_LISTENED, "TIMESTAMP") VALUES (23, 91, 99, '2025-11-27 17:57:23');
INSERT INTO LISTENS (USER_ID, SONG_ID, DURATION_LISTENED, "TIMESTAMP") VALUES (1, 31, 80, '2025-11-27 17:55:48');
INSERT INTO LISTENS (USER_ID, SONG_ID, DURATION_LISTENED, "TIMESTAMP") VALUES (8, 49, 37, '2025-11-27 17:54:09');
INSERT INTO LISTENS (USER_ID, SONG_ID, DURATION_LISTENED, "TIMESTAMP") VALUES (12, 59, 299, '2025-11-27 17:55:38');
INSERT INTO LISTENS (USER_ID, SONG_ID, DURATION_LISTENED, "TIMESTAMP") VALUES (5, 67, 226, '2025-11-27 17:55:31');
INSERT INTO LISTENS (USER_ID, SONG_ID, DURATION_LISTENED, "TIMESTAMP") VALUES (22, 60, 257, '2025-11-27 17:53:14');
INSERT INTO LISTENS (USER_ID, SONG_ID, DURATION_LISTENED, "TIMESTAMP") VALUES (12, 21, 73, '2025-11-27 17:53:23');
INSERT INTO LISTENS (USER_ID, SONG_ID, DURATION_LISTENED, "TIMESTAMP") VALUES (19, 19, 92, '2025-11-27 17:52:53');
INSERT INTO LISTENS (USER_ID, SONG_ID, DURATION_LISTENED, "TIMESTAMP") VALUES (14, 95, 123, '2025-11-27 17:55:33');
INSERT INTO LISTENS (USER_ID, SONG_ID, DURATION_LISTENED, "TIMESTAMP") VALUES (25, 25, 65, '2025-11-27 17:54:27');
INSERT INTO LISTENS (USER_ID, SONG_ID, DURATION_LISTENED, "TIMESTAMP") VALUES (7, 68, 169, '2025-11-27 17:56:32');
INSERT INTO LISTENS (USER_ID, SONG_ID, DURATION_LISTENED, "TIMESTAMP") VALUES (3, 19, 65, '2025-11-27 17:57:15');
INSERT INTO LISTENS (USER_ID, SONG_ID, DURATION_LISTENED, "TIMESTAMP") VALUES (19, 17, 131, '2025-11-27 17:55:46');
INSERT INTO LISTENS (USER_ID, SONG_ID, DURATION_LISTENED, "TIMESTAMP") VALUES (1, 89, 113, '2025-11-27 17:56:26');
INSERT INTO LISTENS (USER_ID, SONG_ID, DURATION_LISTENED, "TIMESTAMP") VALUES (5, 79, 37, '2025-11-27 17:54:49');
INSERT INTO LISTENS (USER_ID, SONG_ID, DURATION_LISTENED, "TIMESTAMP") VALUES (13, 93, 165, '2025-11-27 17:55:52');
INSERT INTO LISTENS (USER_ID, SONG_ID, DURATION_LISTENED, "TIMESTAMP") VALUES (16, 49, 196, '2025-11-27 17:56:41');
INSERT INTO LISTENS (USER_ID, SONG_ID, DURATION_LISTENED, "TIMESTAMP") VALUES (8, 87, 64, '2025-11-27 17:55:40');
INSERT INTO LISTENS (USER_ID, SONG_ID, DURATION_LISTENED, "TIMESTAMP") VALUES (16, 53, 236, '2025-11-27 17:53:55');
INSERT INTO LISTENS (USER_ID, SONG_ID, DURATION_LISTENED, "TIMESTAMP") VALUES (6, 73, 215, '2025-11-27 17:53:28');
INSERT INTO LISTENS (USER_ID, SONG_ID, DURATION_LISTENED, "TIMESTAMP") VALUES (14, 4, 227, '2025-11-27 17:52:15');
INSERT INTO LISTENS (USER_ID, SONG_ID, DURATION_LISTENED, "TIMESTAMP") VALUES (12, 93, 102, '2025-11-27 17:54:46');
INSERT INTO LISTENS (USER_ID, SONG_ID, DURATION_LISTENED, "TIMESTAMP") VALUES (19, 13, 87, '2025-11-27 17:54:46');
INSERT INTO LISTENS (USER_ID, SONG_ID, DURATION_LISTENED, "TIMESTAMP") VALUES (13, 87, 35, '2025-11-27 17:56:25');
INSERT INTO LISTENS (USER_ID, SONG_ID, DURATION_LISTENED, "TIMESTAMP") VALUES (15, 34, 98, '2025-11-27 17:56:49');
INSERT INTO LISTENS (USER_ID, SONG_ID, DURATION_LISTENED, "TIMESTAMP") VALUES (25, 11, 184, '2025-11-27 17:57:10');
INSERT INTO LISTENS (USER_ID, SONG_ID, DURATION_LISTENED, "TIMESTAMP") VALUES (7, 100, 162, '2025-11-27 17:57:37');
INSERT INTO LISTENS (USER_ID, SONG_ID, DURATION_LISTENED, "TIMESTAMP") VALUES (3, 68, 250, '2025-11-27 17:55:13');
INSERT INTO LISTENS (USER_ID, SONG_ID, DURATION_LISTENED, "TIMESTAMP") VALUES (6, 12, 88, '2025-11-27 17:55:41');
INSERT INTO LISTENS (USER_ID, SONG_ID, DURATION_LISTENED, "TIMESTAMP") VALUES (17, 79, 284, '2025-11-27 17:52:55');
INSERT INTO LISTENS (USER_ID, SONG_ID, DURATION_LISTENED, "TIMESTAMP") VALUES (11, 59, 101, '2025-11-27 17:52:44');
INSERT INTO LISTENS (USER_ID, SONG_ID, DURATION_LISTENED, "TIMESTAMP") VALUES (8, 5, 76, '2025-11-27 17:53:19');
INSERT INTO LISTENS (USER_ID, SONG_ID, DURATION_LISTENED, "TIMESTAMP") VALUES (25, 80, 255, '2025-11-27 17:57:55');
INSERT INTO LISTENS (USER_ID, SONG_ID, DURATION_LISTENED, "TIMESTAMP") VALUES (11, 20, 224, '2025-11-27 17:53:49');
INSERT INTO LISTENS (USER_ID, SONG_ID, DURATION_LISTENED, "TIMESTAMP") VALUES (25, 41, 29, '2025-11-27 17:52:26');
INSERT INTO LISTENS (USER_ID, SONG_ID, DURATION_LISTENED, "TIMESTAMP") VALUES (9, 20, 230, '2025-11-27 17:52:38');
INSERT INTO LISTENS (USER_ID, SONG_ID, DURATION_LISTENED, "TIMESTAMP") VALUES (5, 22, 19, '2025-11-27 17:53:02');
INSERT INTO LISTENS (USER_ID, SONG_ID, DURATION_LISTENED, "TIMESTAMP") VALUES (12, 59, 207, '2025-11-27 17:55:38');
INSERT INTO LISTENS (USER_ID, SONG_ID, DURATION_LISTENED, "TIMESTAMP") VALUES (9, 85, 146, '2025-11-27 17:57:17');
INSERT INTO LISTENS (USER_ID, SONG_ID, DURATION_LISTENED, "TIMESTAMP") VALUES (22, 21, 196, '2025-11-27 17:57:58');
INSERT INTO LISTENS (USER_ID, SONG_ID, DURATION_LISTENED, "TIMESTAMP") VALUES (10, 4, 178, '2025-11-27 17:52:36');
INSERT INTO LISTENS (USER_ID, SONG_ID, DURATION_LISTENED, "TIMESTAMP") VALUES (23, 32, 55, '2025-11-27 17:55:08');
INSERT INTO LISTENS (USER_ID, SONG_ID, DURATION_LISTENED, "TIMESTAMP") VALUES (9, 79, 70, '2025-11-27 17:57:44');
INSERT INTO LISTENS (USER_ID, SONG_ID, DURATION_LISTENED, "TIMESTAMP") VALUES (9, 45, 208, '2025-11-27 17:52:05');
INSERT INTO LISTENS (USER_ID, SONG_ID, DURATION_LISTENED, "TIMESTAMP") VALUES (7, 95, 145, '2025-11-27 17:55:29');
INSERT INTO LISTENS (USER_ID, SONG_ID, DURATION_LISTENED, "TIMESTAMP") VALUES (19, 23, 261, '2025-11-27 17:57:51');
INSERT INTO LISTENS (USER_ID, SONG_ID, DURATION_LISTENED, "TIMESTAMP") VALUES (16, 75, 254, '2025-11-27 17:54:38');
INSERT INTO LISTENS (USER_ID, SONG_ID, DURATION_LISTENED, "TIMESTAMP") VALUES (12, 59, 120, '2025-11-27 17:57:20');
INSERT INTO LISTENS (USER_ID, SONG_ID, DURATION_LISTENED, "TIMESTAMP") VALUES (17, 100, 154, '2025-11-27 17:55:26');
INSERT INTO LISTENS (USER_ID, SONG_ID, DURATION_LISTENED, "TIMESTAMP") VALUES (17, 100, 182, '2025-11-27 17:54:58');
INSERT INTO LISTENS (USER_ID, SONG_ID, DURATION_LISTENED, "TIMESTAMP") VALUES (21, 97, 40, '2025-11-27 17:53:31');
INSERT INTO LISTENS (USER_ID, SONG_ID, DURATION_LISTENED, "TIMESTAMP") VALUES (21, 43, 42, '2025-11-27 17:53:24');
INSERT INTO LISTENS (USER_ID, SONG_ID, DURATION_LISTENED, "TIMESTAMP") VALUES (7, 21, 292, '2025-11-27 17:53:18');
INSERT INTO LISTENS (USER_ID, SONG_ID, DURATION_LISTENED, "TIMESTAMP") VALUES (22, 30, 121, '2025-11-27 17:55:10');
INSERT INTO LISTENS (USER_ID, SONG_ID, DURATION_LISTENED, "TIMESTAMP") VALUES (1, 79, 41, '2025-11-27 17:53:58');
INSERT INTO LISTENS (USER_ID, SONG_ID, DURATION_LISTENED, "TIMESTAMP") VALUES (22, 25, 253, '2025-11-27 17:56:19');
INSERT INTO LISTENS (USER_ID, SONG_ID, DURATION_LISTENED, "TIMESTAMP") VALUES (9, 74, 120, '2025-11-27 17:54:20');
INSERT INTO LISTENS (USER_ID, SONG_ID, DURATION_LISTENED, "TIMESTAMP") VALUES (3, 61, 69, '2025-11-27 17:54:52');
INSERT INTO LISTENS (USER_ID, SONG_ID, DURATION_LISTENED, "TIMESTAMP") VALUES (12, 76, 35, '2025-11-27 17:52:08');
INSERT INTO LISTENS (USER_ID, SONG_ID, DURATION_LISTENED, "TIMESTAMP") VALUES (7, 51, 139, '2025-11-27 17:52:13');
INSERT INTO LISTENS (USER_ID, SONG_ID, DURATION_LISTENED, "TIMESTAMP") VALUES (5, 66, 249, '2025-11-27 17:53:42');
INSERT INTO LISTENS (USER_ID, SONG_ID, DURATION_LISTENED, "TIMESTAMP") VALUES (11, 23, 85, '2025-11-27 17:52:09');
INSERT INTO LISTENS (USER_ID, SONG_ID, DURATION_LISTENED, "TIMESTAMP") VALUES (9, 92, 19, '2025-11-27 17:54:18');
INSERT INTO LISTENS (USER_ID, SONG_ID, DURATION_LISTENED, "TIMESTAMP") VALUES (10, 49, 74, '2025-11-27 17:53:51');
INSERT INTO LISTENS (USER_ID, SONG_ID, DURATION_LISTENED, "TIMESTAMP") VALUES (7, 53, 72, '2025-11-27 17:53:39');
INSERT INTO LISTENS (USER_ID, SONG_ID, DURATION_LISTENED, "TIMESTAMP") VALUES (14, 90, 153, '2025-11-27 17:53:31');
INSERT INTO LISTENS (USER_ID, SONG_ID, DURATION_LISTENED, "TIMESTAMP") VALUES (8, 46, 148, '2025-11-27 17:57:50');
INSERT INTO LISTENS (USER_ID, SONG_ID, DURATION_LISTENED, "TIMESTAMP") VALUES (15, 62, 89, '2025-11-27 17:55:19');
INSERT INTO LISTENS (USER_ID, SONG_ID, DURATION_LISTENED, "TIMESTAMP") VALUES (4, 25, 148, '2025-11-27 17:52:29');
INSERT INTO LISTENS (USER_ID, SONG_ID, DURATION_LISTENED, "TIMESTAMP") VALUES (3, 75, 91, '2025-11-27 17:52:40');
INSERT INTO LISTENS (USER_ID, SONG_ID, DURATION_LISTENED, "TIMESTAMP") VALUES (7, 21, 284, '2025-11-27 17:53:30');
INSERT INTO LISTENS (USER_ID, SONG_ID, DURATION_LISTENED, "TIMESTAMP") VALUES (25, 77, 260, '2025-11-27 17:53:39');
INSERT INTO LISTENS (USER_ID, SONG_ID, DURATION_LISTENED, "TIMESTAMP") VALUES (14, 51, 67, '2025-11-27 17:55:16');
INSERT INTO LISTENS (USER_ID, SONG_ID, DURATION_LISTENED, "TIMESTAMP") VALUES (2, 12, 161, '2025-11-27 17:57:33');
INSERT INTO LISTENS (USER_ID, SONG_ID, DURATION_LISTENED, "TIMESTAMP") VALUES (1, 27, 211, '2025-11-27 17:53:34');
INSERT INTO LISTENS (USER_ID, SONG_ID, DURATION_LISTENED, "TIMESTAMP") VALUES (12, 70, 37, '2025-11-27 17:54:41');
INSERT INTO LISTENS (USER_ID, SONG_ID, DURATION_LISTENED, "TIMESTAMP") VALUES (5, 7, 84, '2025-11-27 17:55:29');
INSERT INTO LISTENS (USER_ID, SONG_ID, DURATION_LISTENED, "TIMESTAMP") VALUES (7, 92, 281, '2025-11-27 17:54:46');
INSERT INTO LISTENS (USER_ID, SONG_ID, DURATION_LISTENED, "TIMESTAMP") VALUES (4, 6, 261, '2025-11-27 17:54:09');
INSERT INTO LISTENS (USER_ID, SONG_ID, DURATION_LISTENED, "TIMESTAMP") VALUES (8, 48, 290, '2025-11-27 17:53:30');
INSERT INTO LISTENS (USER_ID, SONG_ID, DURATION_LISTENED, "TIMESTAMP") VALUES (21, 49, 25, '2025-11-27 17:55:27');
INSERT INTO LISTENS (USER_ID, SONG_ID, DURATION_LISTENED, "TIMESTAMP") VALUES (3, 9, 100, '2025-11-27 17:54:34');
INSERT INTO LISTENS (USER_ID, SONG_ID, DURATION_LISTENED, "TIMESTAMP") VALUES (5, 100, 229, '2025-11-27 17:55:53');
INSERT INTO LISTENS (USER_ID, SONG_ID, DURATION_LISTENED, "TIMESTAMP") VALUES (10, 10, 152, '2025-11-27 17:52:29');
INSERT INTO LISTENS (USER_ID, SONG_ID, DURATION_LISTENED, "TIMESTAMP") VALUES (2, 51, 109, '2025-11-27 17:53:55');
INSERT INTO LISTENS (USER_ID, SONG_ID, DURATION_LISTENED, "TIMESTAMP") VALUES (9, 61, 122, '2025-11-27 17:55:17');
INSERT INTO LISTENS (USER_ID, SONG_ID, DURATION_LISTENED, "TIMESTAMP") VALUES (6, 36, 282, '2025-11-27 17:55:13');
INSERT INTO LISTENS (USER_ID, SONG_ID, DURATION_LISTENED, "TIMESTAMP") VALUES (20, 86, 140, '2025-11-27 17:52:49');
INSERT INTO LISTENS (USER_ID, SONG_ID, DURATION_LISTENED, "TIMESTAMP") VALUES (23, 8, 129, '2025-11-27 17:55:56');
INSERT INTO LISTENS (USER_ID, SONG_ID, DURATION_LISTENED, "TIMESTAMP") VALUES (15, 50, 83, '2025-11-27 17:57:46');
INSERT INTO LISTENS (USER_ID, SONG_ID, DURATION_LISTENED, "TIMESTAMP") VALUES (15, 96, 238, '2025-11-27 17:55:26');
INSERT INTO LISTENS (USER_ID, SONG_ID, DURATION_LISTENED, "TIMESTAMP") VALUES (9, 84, 226, '2025-11-27 17:52:05');
INSERT INTO LISTENS (USER_ID, SONG_ID, DURATION_LISTENED, "TIMESTAMP") VALUES (7, 64, 35, '2025-11-27 17:57:36');
INSERT INTO LISTENS (USER_ID, SONG_ID, DURATION_LISTENED, "TIMESTAMP") VALUES (10, 33, 167, '2025-11-27 17:57:05');
INSERT INTO LISTENS (USER_ID, SONG_ID, DURATION_LISTENED, "TIMESTAMP") VALUES (12, 1, 115, '2025-11-27 17:56:39');
INSERT INTO LISTENS (USER_ID, SONG_ID, DURATION_LISTENED, "TIMESTAMP") VALUES (6, 57, 163, '2025-11-27 17:56:48');
INSERT INTO LISTENS (USER_ID, SONG_ID, DURATION_LISTENED, "TIMESTAMP") VALUES (23, 11, 108, '2025-11-27 17:53:53');
INSERT INTO LISTENS (USER_ID, SONG_ID, DURATION_LISTENED, "TIMESTAMP") VALUES (16, 21, 150, '2025-11-27 17:53:53');
INSERT INTO LISTENS (USER_ID, SONG_ID, DURATION_LISTENED, "TIMESTAMP") VALUES (8, 54, 202, '2025-11-27 17:53:04');
INSERT INTO LISTENS (USER_ID, SONG_ID, DURATION_LISTENED, "TIMESTAMP") VALUES (12, 93, 55, '2025-11-27 17:56:13');
INSERT INTO LISTENS (USER_ID, SONG_ID, DURATION_LISTENED, "TIMESTAMP") VALUES (6, 25, 68, '2025-11-27 17:52:37');
INSERT INTO LISTENS (USER_ID, SONG_ID, DURATION_LISTENED, "TIMESTAMP") VALUES (15, 8, 100, '2025-11-27 17:53:50');
INSERT INTO LISTENS (USER_ID, SONG_ID, DURATION_LISTENED, "TIMESTAMP") VALUES (13, 81, 74, '2025-11-27 17:57:23');
INSERT INTO LISTENS (USER_ID, SONG_ID, DURATION_LISTENED, "TIMESTAMP") VALUES (21, 49, 75, '2025-11-27 17:54:45');
INSERT INTO LISTENS (USER_ID, SONG_ID, DURATION_LISTENED, "TIMESTAMP") VALUES (17, 79, 223, '2025-11-27 17:57:44');
INSERT INTO LISTENS (USER_ID, SONG_ID, DURATION_LISTENED, "TIMESTAMP") VALUES (3, 8, 286, '2025-11-27 17:52:48');
INSERT INTO LISTENS (USER_ID, SONG_ID, DURATION_LISTENED, "TIMESTAMP") VALUES (5, 87, 192, '2025-11-27 17:52:33');
INSERT INTO LISTENS (USER_ID, SONG_ID, DURATION_LISTENED, "TIMESTAMP") VALUES (16, 57, 154, '2025-11-27 17:55:21');
INSERT INTO LISTENS (USER_ID, SONG_ID, DURATION_LISTENED, "TIMESTAMP") VALUES (22, 5, 142, '2025-11-27 17:52:07');
INSERT INTO LISTENS (USER_ID, SONG_ID, DURATION_LISTENED, "TIMESTAMP") VALUES (12, 18, 216, '2025-11-27 17:55:12');
INSERT INTO LISTENS (USER_ID, SONG_ID, DURATION_LISTENED, "TIMESTAMP") VALUES (23, 96, 235, '2025-11-27 17:56:08');
INSERT INTO LISTENS (USER_ID, SONG_ID, DURATION_LISTENED, "TIMESTAMP") VALUES (21, 63, 235, '2025-11-27 17:57:31');
INSERT INTO LISTENS (USER_ID, SONG_ID, DURATION_LISTENED, "TIMESTAMP") VALUES (5, 75, 14, '2025-11-27 17:56:49');
INSERT INTO LISTENS (USER_ID, SONG_ID, DURATION_LISTENED, "TIMESTAMP") VALUES (16, 10, 199, '2025-11-27 17:56:54');
INSERT INTO LISTENS (USER_ID, SONG_ID, DURATION_LISTENED, "TIMESTAMP") VALUES (17, 81, 247, '2025-11-27 17:57:34');
INSERT INTO LISTENS (USER_ID, SONG_ID, DURATION_LISTENED, "TIMESTAMP") VALUES (2, 81, 273, '2025-11-27 17:53:18');
INSERT INTO LISTENS (USER_ID, SONG_ID, DURATION_LISTENED, "TIMESTAMP") VALUES (14, 98, 157, '2025-11-27 17:56:25');
INSERT INTO LISTENS (USER_ID, SONG_ID, DURATION_LISTENED, "TIMESTAMP") VALUES (15, 63, 132, '2025-11-27 17:57:15');
INSERT INTO LISTENS (USER_ID, SONG_ID, DURATION_LISTENED, "TIMESTAMP") VALUES (15, 2, 157, '2025-11-27 17:55:29');
INSERT INTO LISTENS (USER_ID, SONG_ID, DURATION_LISTENED, "TIMESTAMP") VALUES (22, 19, 17, '2025-11-27 17:54:29');
INSERT INTO LISTENS (USER_ID, SONG_ID, DURATION_LISTENED, "TIMESTAMP") VALUES (24, 99, 104, '2025-11-27 17:53:49');
INSERT INTO LISTENS (USER_ID, SONG_ID, DURATION_LISTENED, "TIMESTAMP") VALUES (7, 72, 111, '2025-11-27 17:56:22');
INSERT INTO LISTENS (USER_ID, SONG_ID, DURATION_LISTENED, "TIMESTAMP") VALUES (10, 15, 62, '2025-11-27 17:52:35');
INSERT INTO LISTENS (USER_ID, SONG_ID, DURATION_LISTENED, "TIMESTAMP") VALUES (17, 90, 188, '2025-11-27 17:52:28');
INSERT INTO LIKE_SONGS (USER_ID, SONG_ID) VALUES (1, 2) ON CONFLICT DO NOTHING;
INSERT INTO LIKE_SONGS (USER_ID, SONG_ID) VALUES (1, 36) ON CONFLICT DO NOTHING;
INSERT INTO LIKE_SONGS (USER_ID, SONG_ID) VALUES (1, 75) ON CONFLICT DO NOTHING;
INSERT INTO LIKE_SONGS (USER_ID, SONG_ID) VALUES (1, 34) ON CONFLICT DO NOTHING;
INSERT INTO LIKE_SONGS (USER_ID, SONG_ID) VALUES (1, 18) ON CONFLICT DO NOTHING;
INSERT INTO LIKE_SONGS (USER_ID, SONG_ID) VALUES (2, 41) ON CONFLICT DO NOTHING;
INSERT INTO LIKE_SONGS (USER_ID, SONG_ID) VALUES (2, 31) ON CONFLICT DO NOTHING;
INSERT INTO LIKE_SONGS (USER_ID, SONG_ID) VALUES (2, 4) ON CONFLICT DO NOTHING;
INSERT INTO LIKE_SONGS (USER_ID, SONG_ID) VALUES (2, 36) ON CONFLICT DO NOTHING;
INSERT INTO LIKE_SONGS (USER_ID, SONG_ID) VALUES (2, 99) ON CONFLICT DO NOTHING;
INSERT INTO LIKE_SONGS (USER_ID, SONG_ID) VALUES (3, 59) ON CONFLICT DO NOTHING;
INSERT INTO LIKE_SONGS (USER_ID, SONG_ID) VALUES (3, 65) ON CONFLICT DO NOTHING;
INSERT INTO LIKE_SONGS (USER_ID, SONG_ID) VALUES (3, 9) ON CONFLICT DO NOTHING;
INSERT INTO LIKE_SONGS (USER_ID, SONG_ID) VALUES (3, 90) ON CONFLICT DO NOTHING;
INSERT INTO LIKE_SONGS (USER_ID, SONG_ID) VALUES (3, 60) ON CONFLICT DO NOTHING;
INSERT INTO LIKE_SONGS (USER_ID, SONG_ID) VALUES (4, 98) ON CONFLICT DO NOTHING;
INSERT INTO LIKE_SONGS (USER_ID, SONG_ID) VALUES (4, 50) ON CONFLICT DO NOTHING;
INSERT INTO LIKE_SONGS (USER_ID, SONG_ID) VALUES (4, 70) ON CONFLICT DO NOTHING;
INSERT INTO LIKE_SONGS (USER_ID, SONG_ID) VALUES (4, 2) ON CONFLICT DO NOTHING;
INSERT INTO LIKE_SONGS (USER_ID, SONG_ID) VALUES (4, 87) ON CONFLICT DO NOTHING;
INSERT INTO LIKE_SONGS (USER_ID, SONG_ID) VALUES (5, 73) ON CONFLICT DO NOTHING;
INSERT INTO LIKE_SONGS (USER_ID, SONG_ID) VALUES (5, 49) ON CONFLICT DO NOTHING;
INSERT INTO LIKE_SONGS (USER_ID, SONG_ID) VALUES (5, 62) ON CONFLICT DO NOTHING;
INSERT INTO LIKE_SONGS (USER_ID, SONG_ID) VALUES (5, 83) ON CONFLICT DO NOTHING;
INSERT INTO LIKE_SONGS (USER_ID, SONG_ID) VALUES (5, 99) ON CONFLICT DO NOTHING;
INSERT INTO LIKE_SONGS (USER_ID, SONG_ID) VALUES (6, 69) ON CONFLICT DO NOTHING;
INSERT INTO LIKE_SONGS (USER_ID, SONG_ID) VALUES (6, 10) ON CONFLICT DO NOTHING;
INSERT INTO LIKE_SONGS (USER_ID, SONG_ID) VALUES (6, 33) ON CONFLICT DO NOTHING;
INSERT INTO LIKE_SONGS (USER_ID, SONG_ID) VALUES (6, 67) ON CONFLICT DO NOTHING;
INSERT INTO LIKE_SONGS (USER_ID, SONG_ID) VALUES (6, 35) ON CONFLICT DO NOTHING;
INSERT INTO LIKE_SONGS (USER_ID, SONG_ID) VALUES (7, 86) ON CONFLICT DO NOTHING;
INSERT INTO LIKE_SONGS (USER_ID, SONG_ID) VALUES (7, 26) ON CONFLICT DO NOTHING;
INSERT INTO LIKE_SONGS (USER_ID, SONG_ID) VALUES (7, 50) ON CONFLICT DO NOTHING;
INSERT INTO LIKE_SONGS (USER_ID, SONG_ID) VALUES (7, 84) ON CONFLICT DO NOTHING;
INSERT INTO LIKE_SONGS (USER_ID, SONG_ID) VALUES (7, 85) ON CONFLICT DO NOTHING;
INSERT INTO LIKE_SONGS (USER_ID, SONG_ID) VALUES (8, 48) ON CONFLICT DO NOTHING;
INSERT INTO LIKE_SONGS (USER_ID, SONG_ID) VALUES (8, 71) ON CONFLICT DO NOTHING;
INSERT INTO LIKE_SONGS (USER_ID, SONG_ID) VALUES (8, 6) ON CONFLICT DO NOTHING;
INSERT INTO LIKE_SONGS (USER_ID, SONG_ID) VALUES (8, 24) ON CONFLICT DO NOTHING;
INSERT INTO LIKE_SONGS (USER_ID, SONG_ID) VALUES (8, 23) ON CONFLICT DO NOTHING;
INSERT INTO LIKE_SONGS (USER_ID, SONG_ID) VALUES (9, 31) ON CONFLICT DO NOTHING;
INSERT INTO LIKE_SONGS (USER_ID, SONG_ID) VALUES (9, 25) ON CONFLICT DO NOTHING;
INSERT INTO LIKE_SONGS (USER_ID, SONG_ID) VALUES (9, 91) ON CONFLICT DO NOTHING;
INSERT INTO LIKE_SONGS (USER_ID, SONG_ID) VALUES (9, 10) ON CONFLICT DO NOTHING;
INSERT INTO LIKE_SONGS (USER_ID, SONG_ID) VALUES (9, 59) ON CONFLICT DO NOTHING;
INSERT INTO LIKE_SONGS (USER_ID, SONG_ID) VALUES (10, 50) ON CONFLICT DO NOTHING;
INSERT INTO LIKE_SONGS (USER_ID, SONG_ID) VALUES (10, 21) ON CONFLICT DO NOTHING;
INSERT INTO LIKE_SONGS (USER_ID, SONG_ID) VALUES (10, 16) ON CONFLICT DO NOTHING;
INSERT INTO LIKE_SONGS (USER_ID, SONG_ID) VALUES (10, 48) ON CONFLICT DO NOTHING;
INSERT INTO LIKE_SONGS (USER_ID, SONG_ID) VALUES (10, 38) ON CONFLICT DO NOTHING;
INSERT INTO LIKE_SONGS (USER_ID, SONG_ID) VALUES (11, 82) ON CONFLICT DO NOTHING;
INSERT INTO LIKE_SONGS (USER_ID, SONG_ID) VALUES (11, 100) ON CONFLICT DO NOTHING;
INSERT INTO LIKE_SONGS (USER_ID, SONG_ID) VALUES (11, 80) ON CONFLICT DO NOTHING;
INSERT INTO LIKE_SONGS (USER_ID, SONG_ID) VALUES (11, 21) ON CONFLICT DO NOTHING;
INSERT INTO LIKE_SONGS (USER_ID, SONG_ID) VALUES (11, 15) ON CONFLICT DO NOTHING;
INSERT INTO LIKE_SONGS (USER_ID, SONG_ID) VALUES (12, 99) ON CONFLICT DO NOTHING;
INSERT INTO LIKE_SONGS (USER_ID, SONG_ID) VALUES (12, 5) ON CONFLICT DO NOTHING;
INSERT INTO LIKE_SONGS (USER_ID, SONG_ID) VALUES (12, 30) ON CONFLICT DO NOTHING;
INSERT INTO LIKE_SONGS (USER_ID, SONG_ID) VALUES (12, 95) ON CONFLICT DO NOTHING;
INSERT INTO LIKE_SONGS (USER_ID, SONG_ID) VALUES (12, 37) ON CONFLICT DO NOTHING;
INSERT INTO LIKE_SONGS (USER_ID, SONG_ID) VALUES (13, 91) ON CONFLICT DO NOTHING;
INSERT INTO LIKE_SONGS (USER_ID, SONG_ID) VALUES (13, 76) ON CONFLICT DO NOTHING;
INSERT INTO LIKE_SONGS (USER_ID, SONG_ID) VALUES (13, 25) ON CONFLICT DO NOTHING;
INSERT INTO LIKE_SONGS (USER_ID, SONG_ID) VALUES (13, 69) ON CONFLICT DO NOTHING;
INSERT INTO LIKE_SONGS (USER_ID, SONG_ID) VALUES (13, 5) ON CONFLICT DO NOTHING;
INSERT INTO LIKE_SONGS (USER_ID, SONG_ID) VALUES (14, 66) ON CONFLICT DO NOTHING;
INSERT INTO LIKE_SONGS (USER_ID, SONG_ID) VALUES (14, 98) ON CONFLICT DO NOTHING;
INSERT INTO LIKE_SONGS (USER_ID, SONG_ID) VALUES (14, 56) ON CONFLICT DO NOTHING;
INSERT INTO LIKE_SONGS (USER_ID, SONG_ID) VALUES (14, 24) ON CONFLICT DO NOTHING;
INSERT INTO LIKE_SONGS (USER_ID, SONG_ID) VALUES (14, 75) ON CONFLICT DO NOTHING;
INSERT INTO LIKE_SONGS (USER_ID, SONG_ID) VALUES (15, 16) ON CONFLICT DO NOTHING;
INSERT INTO LIKE_SONGS (USER_ID, SONG_ID) VALUES (15, 60) ON CONFLICT DO NOTHING;
INSERT INTO LIKE_SONGS (USER_ID, SONG_ID) VALUES (15, 2) ON CONFLICT DO NOTHING;
INSERT INTO LIKE_SONGS (USER_ID, SONG_ID) VALUES (15, 52) ON CONFLICT DO NOTHING;
INSERT INTO LIKE_SONGS (USER_ID, SONG_ID) VALUES (15, 1) ON CONFLICT DO NOTHING;
INSERT INTO LIKE_SONGS (USER_ID, SONG_ID) VALUES (16, 42) ON CONFLICT DO NOTHING;
INSERT INTO LIKE_SONGS (USER_ID, SONG_ID) VALUES (16, 86) ON CONFLICT DO NOTHING;
INSERT INTO LIKE_SONGS (USER_ID, SONG_ID) VALUES (16, 59) ON CONFLICT DO NOTHING;
INSERT INTO LIKE_SONGS (USER_ID, SONG_ID) VALUES (16, 98) ON CONFLICT DO NOTHING;
INSERT INTO LIKE_SONGS (USER_ID, SONG_ID) VALUES (16, 35) ON CONFLICT DO NOTHING;
INSERT INTO LIKE_SONGS (USER_ID, SONG_ID) VALUES (17, 77) ON CONFLICT DO NOTHING;
INSERT INTO LIKE_SONGS (USER_ID, SONG_ID) VALUES (17, 89) ON CONFLICT DO NOTHING;
INSERT INTO LIKE_SONGS (USER_ID, SONG_ID) VALUES (17, 36) ON CONFLICT DO NOTHING;
INSERT INTO LIKE_SONGS (USER_ID, SONG_ID) VALUES (17, 95) ON CONFLICT DO NOTHING;
INSERT INTO LIKE_SONGS (USER_ID, SONG_ID) VALUES (17, 54) ON CONFLICT DO NOTHING;
INSERT INTO LIKE_SONGS (USER_ID, SONG_ID) VALUES (18, 24) ON CONFLICT DO NOTHING;
INSERT INTO LIKE_SONGS (USER_ID, SONG_ID) VALUES (18, 98) ON CONFLICT DO NOTHING;
INSERT INTO LIKE_SONGS (USER_ID, SONG_ID) VALUES (18, 60) ON CONFLICT DO NOTHING;
INSERT INTO LIKE_SONGS (USER_ID, SONG_ID) VALUES (18, 52) ON CONFLICT DO NOTHING;
INSERT INTO LIKE_SONGS (USER_ID, SONG_ID) VALUES (18, 77) ON CONFLICT DO NOTHING;
INSERT INTO LIKE_SONGS (USER_ID, SONG_ID) VALUES (19, 16) ON CONFLICT DO NOTHING;
INSERT INTO LIKE_SONGS (USER_ID, SONG_ID) VALUES (19, 72) ON CONFLICT DO NOTHING;
INSERT INTO LIKE_SONGS (USER_ID, SONG_ID) VALUES (19, 79) ON CONFLICT DO NOTHING;
INSERT INTO LIKE_SONGS (USER_ID, SONG_ID) VALUES (19, 40) ON CONFLICT DO NOTHING;
INSERT INTO LIKE_SONGS (USER_ID, SONG_ID) VALUES (19, 19) ON CONFLICT DO NOTHING;
INSERT INTO LIKE_SONGS (USER_ID, SONG_ID) VALUES (20, 43) ON CONFLICT DO NOTHING;
INSERT INTO LIKE_SONGS (USER_ID, SONG_ID) VALUES (20, 58) ON CONFLICT DO NOTHING;
INSERT INTO LIKE_SONGS (USER_ID, SONG_ID) VALUES (20, 57) ON CONFLICT DO NOTHING;
INSERT INTO LIKE_SONGS (USER_ID, SONG_ID) VALUES (20, 75) ON CONFLICT DO NOTHING;
INSERT INTO LIKE_SONGS (USER_ID, SONG_ID) VALUES (20, 21) ON CONFLICT DO NOTHING;
INSERT INTO LIKE_SONGS (USER_ID, SONG_ID) VALUES (21, 41) ON CONFLICT DO NOTHING;
INSERT INTO LIKE_SONGS (USER_ID, SONG_ID) VALUES (21, 60) ON CONFLICT DO NOTHING;
INSERT INTO LIKE_SONGS (USER_ID, SONG_ID) VALUES (21, 67) ON CONFLICT DO NOTHING;
INSERT INTO LIKE_SONGS (USER_ID, SONG_ID) VALUES (21, 78) ON CONFLICT DO NOTHING;
INSERT INTO LIKE_SONGS (USER_ID, SONG_ID) VALUES (21, 12) ON CONFLICT DO NOTHING;
INSERT INTO LIKE_SONGS (USER_ID, SONG_ID) VALUES (22, 48) ON CONFLICT DO NOTHING;
INSERT INTO LIKE_SONGS (USER_ID, SONG_ID) VALUES (22, 25) ON CONFLICT DO NOTHING;
INSERT INTO LIKE_SONGS (USER_ID, SONG_ID) VALUES (22, 14) ON CONFLICT DO NOTHING;
INSERT INTO LIKE_SONGS (USER_ID, SONG_ID) VALUES (22, 98) ON CONFLICT DO NOTHING;
INSERT INTO LIKE_SONGS (USER_ID, SONG_ID) VALUES (22, 73) ON CONFLICT DO NOTHING;
INSERT INTO LIKE_SONGS (USER_ID, SONG_ID) VALUES (23, 36) ON CONFLICT DO NOTHING;
INSERT INTO LIKE_SONGS (USER_ID, SONG_ID) VALUES (23, 13) ON CONFLICT DO NOTHING;
INSERT INTO LIKE_SONGS (USER_ID, SONG_ID) VALUES (23, 96) ON CONFLICT DO NOTHING;
INSERT INTO LIKE_SONGS (USER_ID, SONG_ID) VALUES (23, 31) ON CONFLICT DO NOTHING;
INSERT INTO LIKE_SONGS (USER_ID, SONG_ID) VALUES (23, 87) ON CONFLICT DO NOTHING;
INSERT INTO LIKE_SONGS (USER_ID, SONG_ID) VALUES (24, 96) ON CONFLICT DO NOTHING;
INSERT INTO LIKE_SONGS (USER_ID, SONG_ID) VALUES (24, 44) ON CONFLICT DO NOTHING;
INSERT INTO LIKE_SONGS (USER_ID, SONG_ID) VALUES (24, 89) ON CONFLICT DO NOTHING;
INSERT INTO LIKE_SONGS (USER_ID, SONG_ID) VALUES (24, 97) ON CONFLICT DO NOTHING;
INSERT INTO LIKE_SONGS (USER_ID, SONG_ID) VALUES (24, 86) ON CONFLICT DO NOTHING;
INSERT INTO LIKE_SONGS (USER_ID, SONG_ID) VALUES (25, 14) ON CONFLICT DO NOTHING;
INSERT INTO LIKE_SONGS (USER_ID, SONG_ID) VALUES (25, 19) ON CONFLICT DO NOTHING;
INSERT INTO LIKE_SONGS (USER_ID, SONG_ID) VALUES (25, 35) ON CONFLICT DO NOTHING;
INSERT INTO LIKE_SONGS (USER_ID, SONG_ID) VALUES (25, 57) ON CONFLICT DO NOTHING;
INSERT INTO LIKE_SONGS (USER_ID, SONG_ID) VALUES (25, 48) ON CONFLICT DO NOTHING;
INSERT INTO RATE_SONGS (USER_ID, SONG_ID, SONG_RATING) VALUES (1, 24, 25) ON CONFLICT DO NOTHING;
INSERT INTO RATE_SONGS (USER_ID, SONG_ID, SONG_RATING) VALUES (1, 34, 76) ON CONFLICT DO NOTHING;
INSERT INTO RATE_SONGS (USER_ID, SONG_ID, SONG_RATING) VALUES (1, 94, 57) ON CONFLICT DO NOTHING;
INSERT INTO RATE_SONGS (USER_ID, SONG_ID, SONG_RATING) VALUES (2, 23, 24) ON CONFLICT DO NOTHING;
INSERT INTO RATE_SONGS (USER_ID, SONG_ID, SONG_RATING) VALUES (2, 64, 40) ON CONFLICT DO NOTHING;
INSERT INTO RATE_SONGS (USER_ID, SONG_ID, SONG_RATING) VALUES (2, 70, 50) ON CONFLICT DO NOTHING;
INSERT INTO RATE_SONGS (USER_ID, SONG_ID, SONG_RATING) VALUES (3, 6, 79) ON CONFLICT DO NOTHING;
INSERT INTO RATE_SONGS (USER_ID, SONG_ID, SONG_RATING) VALUES (3, 72, 80) ON CONFLICT DO NOTHING;
INSERT INTO RATE_SONGS (USER_ID, SONG_ID, SONG_RATING) VALUES (3, 98, 51) ON CONFLICT DO NOTHING;
INSERT INTO RATE_SONGS (USER_ID, SONG_ID, SONG_RATING) VALUES (4, 58, 63) ON CONFLICT DO NOTHING;
INSERT INTO RATE_SONGS (USER_ID, SONG_ID, SONG_RATING) VALUES (4, 4, 24) ON CONFLICT DO NOTHING;
INSERT INTO RATE_SONGS (USER_ID, SONG_ID, SONG_RATING) VALUES (4, 85, 35) ON CONFLICT DO NOTHING;
INSERT INTO RATE_SONGS (USER_ID, SONG_ID, SONG_RATING) VALUES (5, 26, 3) ON CONFLICT DO NOTHING;
INSERT INTO RATE_SONGS (USER_ID, SONG_ID, SONG_RATING) VALUES (5, 82, 86) ON CONFLICT DO NOTHING;
INSERT INTO RATE_SONGS (USER_ID, SONG_ID, SONG_RATING) VALUES (5, 67, 88) ON CONFLICT DO NOTHING;
INSERT INTO RATE_SONGS (USER_ID, SONG_ID, SONG_RATING) VALUES (6, 74, 42) ON CONFLICT DO NOTHING;
INSERT INTO RATE_SONGS (USER_ID, SONG_ID, SONG_RATING) VALUES (6, 71, 99) ON CONFLICT DO NOTHING;
INSERT INTO RATE_SONGS (USER_ID, SONG_ID, SONG_RATING) VALUES (6, 38, 23) ON CONFLICT DO NOTHING;
INSERT INTO RATE_SONGS (USER_ID, SONG_ID, SONG_RATING) VALUES (7, 66, 19) ON CONFLICT DO NOTHING;
INSERT INTO RATE_SONGS (USER_ID, SONG_ID, SONG_RATING) VALUES (7, 7, 46) ON CONFLICT DO NOTHING;
INSERT INTO RATE_SONGS (USER_ID, SONG_ID, SONG_RATING) VALUES (7, 63, 57) ON CONFLICT DO NOTHING;
INSERT INTO RATE_SONGS (USER_ID, SONG_ID, SONG_RATING) VALUES (8, 85, 29) ON CONFLICT DO NOTHING;
INSERT INTO RATE_SONGS (USER_ID, SONG_ID, SONG_RATING) VALUES (8, 32, 9) ON CONFLICT DO NOTHING;
INSERT INTO RATE_SONGS (USER_ID, SONG_ID, SONG_RATING) VALUES (8, 52, 46) ON CONFLICT DO NOTHING;
INSERT INTO RATE_SONGS (USER_ID, SONG_ID, SONG_RATING) VALUES (9, 2, 12) ON CONFLICT DO NOTHING;
INSERT INTO RATE_SONGS (USER_ID, SONG_ID, SONG_RATING) VALUES (9, 97, 28) ON CONFLICT DO NOTHING;
INSERT INTO RATE_SONGS (USER_ID, SONG_ID, SONG_RATING) VALUES (9, 45, 48) ON CONFLICT DO NOTHING;
INSERT INTO RATE_SONGS (USER_ID, SONG_ID, SONG_RATING) VALUES (10, 49, 52) ON CONFLICT DO NOTHING;
INSERT INTO RATE_SONGS (USER_ID, SONG_ID, SONG_RATING) VALUES (10, 98, 7) ON CONFLICT DO NOTHING;
INSERT INTO RATE_SONGS (USER_ID, SONG_ID, SONG_RATING) VALUES (10, 75, 31) ON CONFLICT DO NOTHING;
INSERT INTO RATE_SONGS (USER_ID, SONG_ID, SONG_RATING) VALUES (11, 32, 14) ON CONFLICT DO NOTHING;
INSERT INTO RATE_SONGS (USER_ID, SONG_ID, SONG_RATING) VALUES (11, 54, 82) ON CONFLICT DO NOTHING;
INSERT INTO RATE_SONGS (USER_ID, SONG_ID, SONG_RATING) VALUES (11, 99, 37) ON CONFLICT DO NOTHING;
INSERT INTO RATE_SONGS (USER_ID, SONG_ID, SONG_RATING) VALUES (12, 46, 69) ON CONFLICT DO NOTHING;
INSERT INTO RATE_SONGS (USER_ID, SONG_ID, SONG_RATING) VALUES (12, 3, 21) ON CONFLICT DO NOTHING;
INSERT INTO RATE_SONGS (USER_ID, SONG_ID, SONG_RATING) VALUES (12, 82, 68) ON CONFLICT DO NOTHING;
INSERT INTO RATE_SONGS (USER_ID, SONG_ID, SONG_RATING) VALUES (13, 73, 72) ON CONFLICT DO NOTHING;
INSERT INTO RATE_SONGS (USER_ID, SONG_ID, SONG_RATING) VALUES (13, 88, 33) ON CONFLICT DO NOTHING;
INSERT INTO RATE_SONGS (USER_ID, SONG_ID, SONG_RATING) VALUES (13, 92, 89) ON CONFLICT DO NOTHING;
INSERT INTO RATE_SONGS (USER_ID, SONG_ID, SONG_RATING) VALUES (14, 9, 56) ON CONFLICT DO NOTHING;
INSERT INTO RATE_SONGS (USER_ID, SONG_ID, SONG_RATING) VALUES (14, 99, 5) ON CONFLICT DO NOTHING;
INSERT INTO RATE_SONGS (USER_ID, SONG_ID, SONG_RATING) VALUES (14, 74, 10) ON CONFLICT DO NOTHING;
INSERT INTO RATE_SONGS (USER_ID, SONG_ID, SONG_RATING) VALUES (15, 90, 77) ON CONFLICT DO NOTHING;
INSERT INTO RATE_SONGS (USER_ID, SONG_ID, SONG_RATING) VALUES (15, 17, 81) ON CONFLICT DO NOTHING;
INSERT INTO RATE_SONGS (USER_ID, SONG_ID, SONG_RATING) VALUES (15, 33, 19) ON CONFLICT DO NOTHING;
INSERT INTO RATE_SONGS (USER_ID, SONG_ID, SONG_RATING) VALUES (16, 39, 21) ON CONFLICT DO NOTHING;
INSERT INTO RATE_SONGS (USER_ID, SONG_ID, SONG_RATING) VALUES (16, 16, 35) ON CONFLICT DO NOTHING;
INSERT INTO RATE_SONGS (USER_ID, SONG_ID, SONG_RATING) VALUES (16, 42, 89) ON CONFLICT DO NOTHING;
INSERT INTO RATE_SONGS (USER_ID, SONG_ID, SONG_RATING) VALUES (17, 94, 64) ON CONFLICT DO NOTHING;
INSERT INTO RATE_SONGS (USER_ID, SONG_ID, SONG_RATING) VALUES (17, 77, 35) ON CONFLICT DO NOTHING;
INSERT INTO RATE_SONGS (USER_ID, SONG_ID, SONG_RATING) VALUES (17, 31, 26) ON CONFLICT DO NOTHING;
INSERT INTO RATE_SONGS (USER_ID, SONG_ID, SONG_RATING) VALUES (18, 7, 53) ON CONFLICT DO NOTHING;
INSERT INTO RATE_SONGS (USER_ID, SONG_ID, SONG_RATING) VALUES (18, 56, 75) ON CONFLICT DO NOTHING;
INSERT INTO RATE_SONGS (USER_ID, SONG_ID, SONG_RATING) VALUES (18, 34, 90) ON CONFLICT DO NOTHING;
INSERT INTO RATE_SONGS (USER_ID, SONG_ID, SONG_RATING) VALUES (19, 72, 8) ON CONFLICT DO NOTHING;
INSERT INTO RATE_SONGS (USER_ID, SONG_ID, SONG_RATING) VALUES (19, 63, 65) ON CONFLICT DO NOTHING;
INSERT INTO RATE_SONGS (USER_ID, SONG_ID, SONG_RATING) VALUES (19, 8, 93) ON CONFLICT DO NOTHING;
INSERT INTO RATE_SONGS (USER_ID, SONG_ID, SONG_RATING) VALUES (20, 17, 47) ON CONFLICT DO NOTHING;
INSERT INTO RATE_SONGS (USER_ID, SONG_ID, SONG_RATING) VALUES (20, 45, 11) ON CONFLICT DO NOTHING;
INSERT INTO RATE_SONGS (USER_ID, SONG_ID, SONG_RATING) VALUES (20, 62, 61) ON CONFLICT DO NOTHING;
INSERT INTO RATE_SONGS (USER_ID, SONG_ID, SONG_RATING) VALUES (21, 42, 21) ON CONFLICT DO NOTHING;
INSERT INTO RATE_SONGS (USER_ID, SONG_ID, SONG_RATING) VALUES (21, 17, 100) ON CONFLICT DO NOTHING;
INSERT INTO RATE_SONGS (USER_ID, SONG_ID, SONG_RATING) VALUES (21, 25, 28) ON CONFLICT DO NOTHING;
INSERT INTO RATE_SONGS (USER_ID, SONG_ID, SONG_RATING) VALUES (22, 22, 5) ON CONFLICT DO NOTHING;
INSERT INTO RATE_SONGS (USER_ID, SONG_ID, SONG_RATING) VALUES (22, 4, 15) ON CONFLICT DO NOTHING;
INSERT INTO RATE_SONGS (USER_ID, SONG_ID, SONG_RATING) VALUES (22, 45, 1) ON CONFLICT DO NOTHING;
INSERT INTO RATE_SONGS (USER_ID, SONG_ID, SONG_RATING) VALUES (23, 87, 56) ON CONFLICT DO NOTHING;
INSERT INTO RATE_SONGS (USER_ID, SONG_ID, SONG_RATING) VALUES (23, 68, 44) ON CONFLICT DO NOTHING;
INSERT INTO RATE_SONGS (USER_ID, SONG_ID, SONG_RATING) VALUES (23, 27, 70) ON CONFLICT DO NOTHING;
INSERT INTO RATE_SONGS (USER_ID, SONG_ID, SONG_RATING) VALUES (24, 98, 25) ON CONFLICT DO NOTHING;
INSERT INTO RATE_SONGS (USER_ID, SONG_ID, SONG_RATING) VALUES (24, 48, 95) ON CONFLICT DO NOTHING;
INSERT INTO RATE_SONGS (USER_ID, SONG_ID, SONG_RATING) VALUES (24, 7, 48) ON CONFLICT DO NOTHING;
INSERT INTO RATE_SONGS (USER_ID, SONG_ID, SONG_RATING) VALUES (25, 67, 50) ON CONFLICT DO NOTHING;
INSERT INTO RATE_SONGS (USER_ID, SONG_ID, SONG_RATING) VALUES (25, 62, 74) ON CONFLICT DO NOTHING;
INSERT INTO RATE_SONGS (USER_ID, SONG_ID, SONG_RATING) VALUES (25, 12, 44) ON CONFLICT DO NOTHING;
INSERT INTO REVIEWS (USER_ID, COLLECTION_ID, RATING, REVIEW) VALUES (1, 31, 66, 'Tempore soluta unde.');
INSERT INTO REVIEWS (USER_ID, COLLECTION_ID, RATING, REVIEW) VALUES (2, 67, 41, 'Ullam aliquam et alias voluptate.');
INSERT INTO REVIEWS (USER_ID, COLLECTION_ID, RATING, REVIEW) VALUES (2, 70, 20, 'Labore qui possimus.');
INSERT INTO REVIEWS (USER_ID, COLLECTION_ID, RATING, REVIEW) VALUES (3, 86, 51, 'Temporibus quam inventore dolorum quas at.');
INSERT INTO REVIEWS (USER_ID, COLLECTION_ID, RATING, REVIEW) VALUES (3, 33, 38, 'Aperiam ratione explicabo nemo.');
INSERT INTO REVIEWS (USER_ID, COLLECTION_ID, RATING, REVIEW) VALUES (4, 55, 43, 'Non blanditiis laboriosam aperiam officiis iusto fugit.');
INSERT INTO REVIEWS (USER_ID, COLLECTION_ID, RATING, REVIEW) VALUES (4, 45, 48, 'Cumque ducimus vitae quisquam harum.');
INSERT INTO REVIEWS (USER_ID, COLLECTION_ID, RATING, REVIEW) VALUES (5, 68, 94, 'Iure doloremque nulla fuga.');
INSERT INTO REVIEWS (USER_ID, COLLECTION_ID, RATING, REVIEW) VALUES (6, 93, 76, 'Sint eos officiis velit quisquam debitis dolor.');
INSERT INTO REVIEWS (USER_ID, COLLECTION_ID, RATING, REVIEW) VALUES (6, 19, 45, 'Autem ipsa saepe tempore nulla.');
INSERT INTO REVIEWS (USER_ID, COLLECTION_ID, RATING, REVIEW) VALUES (7, 14, 100, 'Praesentium ad deserunt laborum quod officia.');
INSERT INTO REVIEWS (USER_ID, COLLECTION_ID, RATING, REVIEW) VALUES (8, 38, 36, 'Ut ab tenetur quo illum corrupti laboriosam.');
INSERT INTO REVIEWS (USER_ID, COLLECTION_ID, RATING, REVIEW) VALUES (8, 13, 65, 'Cupiditate exercitationem commodi.');
INSERT INTO REVIEWS (USER_ID, COLLECTION_ID, RATING, REVIEW) VALUES (9, 46, 31, 'Dolore doloremque aliquam ipsa facere eos adipisci.');
INSERT INTO REVIEWS (USER_ID, COLLECTION_ID, RATING, REVIEW) VALUES (9, 85, 35, 'Ea nam id laborum maxime laudantium.');
INSERT INTO REVIEWS (USER_ID, COLLECTION_ID, RATING, REVIEW) VALUES (10, 20, 75, 'Ducimus repellat pariatur odit tenetur.');
INSERT INTO REVIEWS (USER_ID, COLLECTION_ID, RATING, REVIEW) VALUES (10, 99, 85, 'Commodi sapiente repellendus quisquam.');
INSERT INTO REVIEWS (USER_ID, COLLECTION_ID, RATING, REVIEW) VALUES (11, 23, 62, 'Veniam sapiente voluptatibus illum quibusdam.');
INSERT INTO REVIEWS (USER_ID, COLLECTION_ID, RATING, REVIEW) VALUES (12, 16, 21, 'Harum ratione tempore praesentium veritatis.');
INSERT INTO REVIEWS (USER_ID, COLLECTION_ID, RATING, REVIEW) VALUES (12, 61, 84, 'Eveniet libero ullam dolores at cupiditate.');
INSERT INTO REVIEWS (USER_ID, COLLECTION_ID, RATING, REVIEW) VALUES (13, 61, 39, 'Omnis eaque numquam minima.');
INSERT INTO REVIEWS (USER_ID, COLLECTION_ID, RATING, REVIEW) VALUES (13, 43, 34, 'Blanditiis magni porro nesciunt neque.');
INSERT INTO REVIEWS (USER_ID, COLLECTION_ID, RATING, REVIEW) VALUES (14, 61, 62, 'Quia cupiditate a dolores.');
INSERT INTO REVIEWS (USER_ID, COLLECTION_ID, RATING, REVIEW) VALUES (15, 41, 49, 'Magnam et rerum voluptate quos expedita labore.');
INSERT INTO REVIEWS (USER_ID, COLLECTION_ID, RATING, REVIEW) VALUES (16, 34, 46, 'Ducimus nesciunt minus ratione accusamus.');
INSERT INTO REVIEWS (USER_ID, COLLECTION_ID, RATING, REVIEW) VALUES (16, 21, 76, 'Nobis ullam aliquam a dolorum deserunt inventore.');
INSERT INTO REVIEWS (USER_ID, COLLECTION_ID, RATING, REVIEW) VALUES (17, 27, 79, 'Cumque modi in consequuntur quod.');
INSERT INTO REVIEWS (USER_ID, COLLECTION_ID, RATING, REVIEW) VALUES (18, 80, 98, 'Ratione optio necessitatibus cumque harum in.');
INSERT INTO REVIEWS (USER_ID, COLLECTION_ID, RATING, REVIEW) VALUES (18, 45, 61, 'Laboriosam est hic nihil ipsam vero temporibus.');
INSERT INTO REVIEWS (USER_ID, COLLECTION_ID, RATING, REVIEW) VALUES (19, 51, 54, 'Ratione impedit velit accusamus est dolore reiciendis ipsam.');
INSERT INTO REVIEWS (USER_ID, COLLECTION_ID, RATING, REVIEW) VALUES (20, 5, 21, 'Earum nihil cumque ducimus dignissimos dicta.');
INSERT INTO REVIEWS (USER_ID, COLLECTION_ID, RATING, REVIEW) VALUES (20, 52, 93, 'Labore qui nesciunt illo.');
INSERT INTO REVIEWS (USER_ID, COLLECTION_ID, RATING, REVIEW) VALUES (21, 4, 68, 'Odio nisi illum voluptas nobis incidunt praesentium quae.');
INSERT INTO REVIEWS (USER_ID, COLLECTION_ID, RATING, REVIEW) VALUES (21, 65, 73, 'Eveniet illum officiis debitis.');
INSERT INTO REVIEWS (USER_ID, COLLECTION_ID, RATING, REVIEW) VALUES (22, 50, 80, 'Iure placeat id deleniti a.');
INSERT INTO REVIEWS (USER_ID, COLLECTION_ID, RATING, REVIEW) VALUES (23, 98, 46, 'Architecto necessitatibus impedit accusamus facere eum molestiae.');
INSERT INTO REVIEWS (USER_ID, COLLECTION_ID, RATING, REVIEW) VALUES (23, 57, 69, 'Hic rem accusantium dolores temporibus sint aut enim.');
INSERT INTO REVIEWS (USER_ID, COLLECTION_ID, RATING, REVIEW) VALUES (24, 15, 95, 'Nisi ad officia quaerat beatae dolore neque.');
INSERT INTO REVIEWS (USER_ID, COLLECTION_ID, RATING, REVIEW) VALUES (25, 57, 83, 'Accusamus voluptates blanditiis culpa recusandae expedita unde.');
INSERT INTO LIKE_REVIEWS (REVIEW_ID, USER_ID) VALUES (25, 7) ON CONFLICT DO NOTHING;
INSERT INTO LIKE_REVIEWS (REVIEW_ID, USER_ID) VALUES (34, 22) ON CONFLICT DO NOTHING;
INSERT INTO LIKE_REVIEWS (REVIEW_ID, USER_ID) VALUES (11, 22) ON CONFLICT DO NOTHING;
INSERT INTO LIKE_REVIEWS (REVIEW_ID, USER_ID) VALUES (24, 25) ON CONFLICT DO NOTHING;
INSERT INTO LIKE_REVIEWS (REVIEW_ID, USER_ID) VALUES (28, 9) ON CONFLICT DO NOTHING;
INSERT INTO LIKE_REVIEWS (REVIEW_ID, USER_ID) VALUES (23, 21) ON CONFLICT DO NOTHING;
INSERT INTO LIKE_REVIEWS (REVIEW_ID, USER_ID) VALUES (2, 15) ON CONFLICT DO NOTHING;
INSERT INTO LIKE_REVIEWS (REVIEW_ID, USER_ID) VALUES (9, 1) ON CONFLICT DO NOTHING;
INSERT INTO LIKE_REVIEWS (REVIEW_ID, USER_ID) VALUES (16, 25) ON CONFLICT DO NOTHING;
INSERT INTO LIKE_REVIEWS (REVIEW_ID, USER_ID) VALUES (2, 16) ON CONFLICT DO NOTHING;
INSERT INTO LIKE_REVIEWS (REVIEW_ID, USER_ID) VALUES (11, 10) ON CONFLICT DO NOTHING;
INSERT INTO LIKE_REVIEWS (REVIEW_ID, USER_ID) VALUES (25, 10) ON CONFLICT DO NOTHING;
INSERT INTO LIKE_REVIEWS (REVIEW_ID, USER_ID) VALUES (8, 21) ON CONFLICT DO NOTHING;
INSERT INTO LIKE_REVIEWS (REVIEW_ID, USER_ID) VALUES (31, 3) ON CONFLICT DO NOTHING;
INSERT INTO LIKE_REVIEWS (REVIEW_ID, USER_ID) VALUES (38, 2) ON CONFLICT DO NOTHING;
INSERT INTO LIKE_REVIEWS (REVIEW_ID, USER_ID) VALUES (31, 22) ON CONFLICT DO NOTHING;
INSERT INTO LIKE_REVIEWS (REVIEW_ID, USER_ID) VALUES (13, 16) ON CONFLICT DO NOTHING;
INSERT INTO LIKE_REVIEWS (REVIEW_ID, USER_ID) VALUES (26, 16) ON CONFLICT DO NOTHING;
INSERT INTO LIKE_REVIEWS (REVIEW_ID, USER_ID) VALUES (28, 14) ON CONFLICT DO NOTHING;
INSERT INTO LIKE_REVIEWS (REVIEW_ID, USER_ID) VALUES (39, 9) ON CONFLICT DO NOTHING;
INSERT INTO LIKE_REVIEWS (REVIEW_ID, USER_ID) VALUES (19, 6) ON CONFLICT DO NOTHING;
INSERT INTO LIKE_REVIEWS (REVIEW_ID, USER_ID) VALUES (28, 2) ON CONFLICT DO NOTHING;
INSERT INTO LIKE_REVIEWS (REVIEW_ID, USER_ID) VALUES (1, 3) ON CONFLICT DO NOTHING;
INSERT INTO LIKE_REVIEWS (REVIEW_ID, USER_ID) VALUES (30, 15) ON CONFLICT DO NOTHING;
INSERT INTO LIKE_REVIEWS (REVIEW_ID, USER_ID) VALUES (17, 10) ON CONFLICT DO NOTHING;
INSERT INTO LIKE_REVIEWS (REVIEW_ID, USER_ID) VALUES (25, 8) ON CONFLICT DO NOTHING;
INSERT INTO LIKE_REVIEWS (REVIEW_ID, USER_ID) VALUES (35, 8) ON CONFLICT DO NOTHING;
INSERT INTO LIKE_REVIEWS (REVIEW_ID, USER_ID) VALUES (35, 8) ON CONFLICT DO NOTHING;
INSERT INTO LIKE_REVIEWS (REVIEW_ID, USER_ID) VALUES (33, 9) ON CONFLICT DO NOTHING;
INSERT INTO LIKE_REVIEWS (REVIEW_ID, USER_ID) VALUES (30, 4) ON CONFLICT DO NOTHING;
INSERT INTO TOURS (TOUR_ID, TOUR_DATE, TOUR_NAME, VENUE) VALUES (1, '2025-12-08', 'Kota Administrasi Jakarta Utara Tour', 'UD Widiastuti Arena');
INSERT INTO ARTISTS_TOURS (TOUR_ID, ARTIST_ID) VALUES (1, 41) ON CONFLICT DO NOTHING;
INSERT INTO TOURS (TOUR_ID, TOUR_DATE, TOUR_NAME, VENUE) VALUES (2, '2026-01-12', 'Pematangsiantar Tour', 'PD Zulkarnain Arena');
INSERT INTO ARTISTS_TOURS (TOUR_ID, ARTIST_ID) VALUES (2, 60) ON CONFLICT DO NOTHING;
INSERT INTO ARTISTS_TOURS (TOUR_ID, ARTIST_ID) VALUES (2, 66) ON CONFLICT DO NOTHING;
INSERT INTO TOURS (TOUR_ID, TOUR_DATE, TOUR_NAME, VENUE) VALUES (3, '2026-03-31', 'Palangkaraya Tour', 'UD Hakim Tbk Arena');
INSERT INTO ARTISTS_TOURS (TOUR_ID, ARTIST_ID) VALUES (3, 34) ON CONFLICT DO NOTHING;
INSERT INTO TOURS (TOUR_ID, TOUR_DATE, TOUR_NAME, VENUE) VALUES (4, '2026-03-27', 'Bekasi Tour', 'PT Uwais Tbk Arena');
INSERT INTO ARTISTS_TOURS (TOUR_ID, ARTIST_ID) VALUES (4, 28) ON CONFLICT DO NOTHING;
INSERT INTO ARTISTS_TOURS (TOUR_ID, ARTIST_ID) VALUES (4, 80) ON CONFLICT DO NOTHING;
INSERT INTO TOURS (TOUR_ID, TOUR_DATE, TOUR_NAME, VENUE) VALUES (5, '2026-08-03', 'Tangerang Selatan Tour', 'CV Pradana Prasetya Arena');
INSERT INTO ARTISTS_TOURS (TOUR_ID, ARTIST_ID) VALUES (5, 83) ON CONFLICT DO NOTHING;
INSERT INTO ARTISTS_TOURS (TOUR_ID, ARTIST_ID) VALUES (5, 44) ON CONFLICT DO NOTHING;
INSERT INTO SOCIALS (SOCIAL_ID, ARTIST_ID, SOCIAL_MEDIA_LINK) VALUES (1, 1, 'https://instagram.com/artist_1') ON CONFLICT DO NOTHING;
INSERT INTO SOCIALS (SOCIAL_ID, ARTIST_ID, SOCIAL_MEDIA_LINK) VALUES (2, 2, 'https://instagram.com/artist_2') ON CONFLICT DO NOTHING;
INSERT INTO SOCIALS (SOCIAL_ID, ARTIST_ID, SOCIAL_MEDIA_LINK) VALUES (3, 3, 'https://instagram.com/artist_3') ON CONFLICT DO NOTHING;
INSERT INTO SOCIALS (SOCIAL_ID, ARTIST_ID, SOCIAL_MEDIA_LINK) VALUES (4, 4, 'https://instagram.com/artist_4') ON CONFLICT DO NOTHING;
INSERT INTO SOCIALS (SOCIAL_ID, ARTIST_ID, SOCIAL_MEDIA_LINK) VALUES (5, 5, 'https://instagram.com/artist_5') ON CONFLICT DO NOTHING;
INSERT INTO SOCIALS (SOCIAL_ID, ARTIST_ID, SOCIAL_MEDIA_LINK) VALUES (6, 6, 'https://instagram.com/artist_6') ON CONFLICT DO NOTHING;
INSERT INTO SOCIALS (SOCIAL_ID, ARTIST_ID, SOCIAL_MEDIA_LINK) VALUES (7, 7, 'https://instagram.com/artist_7') ON CONFLICT DO NOTHING;
INSERT INTO SOCIALS (SOCIAL_ID, ARTIST_ID, SOCIAL_MEDIA_LINK) VALUES (8, 8, 'https://instagram.com/artist_8') ON CONFLICT DO NOTHING;
INSERT INTO SOCIALS (SOCIAL_ID, ARTIST_ID, SOCIAL_MEDIA_LINK) VALUES (9, 9, 'https://instagram.com/artist_9') ON CONFLICT DO NOTHING;
INSERT INTO SOCIALS (SOCIAL_ID, ARTIST_ID, SOCIAL_MEDIA_LINK) VALUES (10, 10, 'https://instagram.com/artist_10') ON CONFLICT DO NOTHING;
INSERT INTO SOCIALS (SOCIAL_ID, ARTIST_ID, SOCIAL_MEDIA_LINK) VALUES (11, 11, 'https://instagram.com/artist_11') ON CONFLICT DO NOTHING;
INSERT INTO SOCIALS (SOCIAL_ID, ARTIST_ID, SOCIAL_MEDIA_LINK) VALUES (12, 12, 'https://instagram.com/artist_12') ON CONFLICT DO NOTHING;
INSERT INTO SOCIALS (SOCIAL_ID, ARTIST_ID, SOCIAL_MEDIA_LINK) VALUES (13, 13, 'https://instagram.com/artist_13') ON CONFLICT DO NOTHING;
INSERT INTO SOCIALS (SOCIAL_ID, ARTIST_ID, SOCIAL_MEDIA_LINK) VALUES (14, 14, 'https://instagram.com/artist_14') ON CONFLICT DO NOTHING;
INSERT INTO SOCIALS (SOCIAL_ID, ARTIST_ID, SOCIAL_MEDIA_LINK) VALUES (15, 15, 'https://instagram.com/artist_15') ON CONFLICT DO NOTHING;
INSERT INTO SOCIALS (SOCIAL_ID, ARTIST_ID, SOCIAL_MEDIA_LINK) VALUES (16, 16, 'https://instagram.com/artist_16') ON CONFLICT DO NOTHING;
INSERT INTO SOCIALS (SOCIAL_ID, ARTIST_ID, SOCIAL_MEDIA_LINK) VALUES (17, 17, 'https://instagram.com/artist_17') ON CONFLICT DO NOTHING;
INSERT INTO SOCIALS (SOCIAL_ID, ARTIST_ID, SOCIAL_MEDIA_LINK) VALUES (18, 18, 'https://instagram.com/artist_18') ON CONFLICT DO NOTHING;
INSERT INTO SOCIALS (SOCIAL_ID, ARTIST_ID, SOCIAL_MEDIA_LINK) VALUES (19, 19, 'https://instagram.com/artist_19') ON CONFLICT DO NOTHING;
INSERT INTO SOCIALS (SOCIAL_ID, ARTIST_ID, SOCIAL_MEDIA_LINK) VALUES (20, 20, 'https://instagram.com/artist_20') ON CONFLICT DO NOTHING;
INSERT INTO SOCIALS (SOCIAL_ID, ARTIST_ID, SOCIAL_MEDIA_LINK) VALUES (21, 21, 'https://instagram.com/artist_21') ON CONFLICT DO NOTHING;
INSERT INTO SOCIALS (SOCIAL_ID, ARTIST_ID, SOCIAL_MEDIA_LINK) VALUES (22, 22, 'https://instagram.com/artist_22') ON CONFLICT DO NOTHING;
INSERT INTO SOCIALS (SOCIAL_ID, ARTIST_ID, SOCIAL_MEDIA_LINK) VALUES (23, 23, 'https://instagram.com/artist_23') ON CONFLICT DO NOTHING;
INSERT INTO SOCIALS (SOCIAL_ID, ARTIST_ID, SOCIAL_MEDIA_LINK) VALUES (24, 24, 'https://instagram.com/artist_24') ON CONFLICT DO NOTHING;
INSERT INTO SOCIALS (SOCIAL_ID, ARTIST_ID, SOCIAL_MEDIA_LINK) VALUES (25, 25, 'https://instagram.com/artist_25') ON CONFLICT DO NOTHING;
INSERT INTO SOCIALS (SOCIAL_ID, ARTIST_ID, SOCIAL_MEDIA_LINK) VALUES (26, 26, 'https://instagram.com/artist_26') ON CONFLICT DO NOTHING;
INSERT INTO SOCIALS (SOCIAL_ID, ARTIST_ID, SOCIAL_MEDIA_LINK) VALUES (27, 27, 'https://instagram.com/artist_27') ON CONFLICT DO NOTHING;
INSERT INTO SOCIALS (SOCIAL_ID, ARTIST_ID, SOCIAL_MEDIA_LINK) VALUES (28, 28, 'https://instagram.com/artist_28') ON CONFLICT DO NOTHING;
INSERT INTO SOCIALS (SOCIAL_ID, ARTIST_ID, SOCIAL_MEDIA_LINK) VALUES (29, 29, 'https://instagram.com/artist_29') ON CONFLICT DO NOTHING;
INSERT INTO SOCIALS (SOCIAL_ID, ARTIST_ID, SOCIAL_MEDIA_LINK) VALUES (30, 30, 'https://instagram.com/artist_30') ON CONFLICT DO NOTHING;
INSERT INTO SOCIALS (SOCIAL_ID, ARTIST_ID, SOCIAL_MEDIA_LINK) VALUES (31, 31, 'https://instagram.com/artist_31') ON CONFLICT DO NOTHING;
INSERT INTO SOCIALS (SOCIAL_ID, ARTIST_ID, SOCIAL_MEDIA_LINK) VALUES (32, 32, 'https://instagram.com/artist_32') ON CONFLICT DO NOTHING;
INSERT INTO SOCIALS (SOCIAL_ID, ARTIST_ID, SOCIAL_MEDIA_LINK) VALUES (33, 33, 'https://instagram.com/artist_33') ON CONFLICT DO NOTHING;
INSERT INTO SOCIALS (SOCIAL_ID, ARTIST_ID, SOCIAL_MEDIA_LINK) VALUES (34, 34, 'https://instagram.com/artist_34') ON CONFLICT DO NOTHING;
INSERT INTO SOCIALS (SOCIAL_ID, ARTIST_ID, SOCIAL_MEDIA_LINK) VALUES (35, 35, 'https://instagram.com/artist_35') ON CONFLICT DO NOTHING;
INSERT INTO SOCIALS (SOCIAL_ID, ARTIST_ID, SOCIAL_MEDIA_LINK) VALUES (36, 36, 'https://instagram.com/artist_36') ON CONFLICT DO NOTHING;
INSERT INTO SOCIALS (SOCIAL_ID, ARTIST_ID, SOCIAL_MEDIA_LINK) VALUES (37, 37, 'https://instagram.com/artist_37') ON CONFLICT DO NOTHING;
INSERT INTO SOCIALS (SOCIAL_ID, ARTIST_ID, SOCIAL_MEDIA_LINK) VALUES (38, 38, 'https://instagram.com/artist_38') ON CONFLICT DO NOTHING;
INSERT INTO SOCIALS (SOCIAL_ID, ARTIST_ID, SOCIAL_MEDIA_LINK) VALUES (39, 39, 'https://instagram.com/artist_39') ON CONFLICT DO NOTHING;
INSERT INTO SOCIALS (SOCIAL_ID, ARTIST_ID, SOCIAL_MEDIA_LINK) VALUES (40, 40, 'https://instagram.com/artist_40') ON CONFLICT DO NOTHING;
INSERT INTO SOCIALS (SOCIAL_ID, ARTIST_ID, SOCIAL_MEDIA_LINK) VALUES (41, 41, 'https://instagram.com/artist_41') ON CONFLICT DO NOTHING;
INSERT INTO SOCIALS (SOCIAL_ID, ARTIST_ID, SOCIAL_MEDIA_LINK) VALUES (42, 42, 'https://instagram.com/artist_42') ON CONFLICT DO NOTHING;
INSERT INTO SOCIALS (SOCIAL_ID, ARTIST_ID, SOCIAL_MEDIA_LINK) VALUES (43, 43, 'https://instagram.com/artist_43') ON CONFLICT DO NOTHING;
INSERT INTO SOCIALS (SOCIAL_ID, ARTIST_ID, SOCIAL_MEDIA_LINK) VALUES (44, 44, 'https://instagram.com/artist_44') ON CONFLICT DO NOTHING;
INSERT INTO SOCIALS (SOCIAL_ID, ARTIST_ID, SOCIAL_MEDIA_LINK) VALUES (45, 45, 'https://instagram.com/artist_45') ON CONFLICT DO NOTHING;
INSERT INTO SOCIALS (SOCIAL_ID, ARTIST_ID, SOCIAL_MEDIA_LINK) VALUES (46, 46, 'https://instagram.com/artist_46') ON CONFLICT DO NOTHING;
INSERT INTO SOCIALS (SOCIAL_ID, ARTIST_ID, SOCIAL_MEDIA_LINK) VALUES (47, 47, 'https://instagram.com/artist_47') ON CONFLICT DO NOTHING;
INSERT INTO SOCIALS (SOCIAL_ID, ARTIST_ID, SOCIAL_MEDIA_LINK) VALUES (48, 48, 'https://instagram.com/artist_48') ON CONFLICT DO NOTHING;
INSERT INTO SOCIALS (SOCIAL_ID, ARTIST_ID, SOCIAL_MEDIA_LINK) VALUES (49, 49, 'https://instagram.com/artist_49') ON CONFLICT DO NOTHING;
INSERT INTO SOCIALS (SOCIAL_ID, ARTIST_ID, SOCIAL_MEDIA_LINK) VALUES (50, 50, 'https://instagram.com/artist_50') ON CONFLICT DO NOTHING;
INSERT INTO SOCIALS (SOCIAL_ID, ARTIST_ID, SOCIAL_MEDIA_LINK) VALUES (51, 51, 'https://instagram.com/artist_51') ON CONFLICT DO NOTHING;
INSERT INTO SOCIALS (SOCIAL_ID, ARTIST_ID, SOCIAL_MEDIA_LINK) VALUES (52, 52, 'https://instagram.com/artist_52') ON CONFLICT DO NOTHING;
INSERT INTO SOCIALS (SOCIAL_ID, ARTIST_ID, SOCIAL_MEDIA_LINK) VALUES (53, 53, 'https://instagram.com/artist_53') ON CONFLICT DO NOTHING;
INSERT INTO SOCIALS (SOCIAL_ID, ARTIST_ID, SOCIAL_MEDIA_LINK) VALUES (54, 54, 'https://instagram.com/artist_54') ON CONFLICT DO NOTHING;
INSERT INTO SOCIALS (SOCIAL_ID, ARTIST_ID, SOCIAL_MEDIA_LINK) VALUES (55, 55, 'https://instagram.com/artist_55') ON CONFLICT DO NOTHING;
INSERT INTO SOCIALS (SOCIAL_ID, ARTIST_ID, SOCIAL_MEDIA_LINK) VALUES (56, 56, 'https://instagram.com/artist_56') ON CONFLICT DO NOTHING;
INSERT INTO SOCIALS (SOCIAL_ID, ARTIST_ID, SOCIAL_MEDIA_LINK) VALUES (57, 57, 'https://instagram.com/artist_57') ON CONFLICT DO NOTHING;
INSERT INTO SOCIALS (SOCIAL_ID, ARTIST_ID, SOCIAL_MEDIA_LINK) VALUES (58, 58, 'https://instagram.com/artist_58') ON CONFLICT DO NOTHING;
INSERT INTO SOCIALS (SOCIAL_ID, ARTIST_ID, SOCIAL_MEDIA_LINK) VALUES (59, 59, 'https://instagram.com/artist_59') ON CONFLICT DO NOTHING;
INSERT INTO SOCIALS (SOCIAL_ID, ARTIST_ID, SOCIAL_MEDIA_LINK) VALUES (60, 60, 'https://instagram.com/artist_60') ON CONFLICT DO NOTHING;
INSERT INTO SOCIALS (SOCIAL_ID, ARTIST_ID, SOCIAL_MEDIA_LINK) VALUES (61, 61, 'https://instagram.com/artist_61') ON CONFLICT DO NOTHING;
INSERT INTO SOCIALS (SOCIAL_ID, ARTIST_ID, SOCIAL_MEDIA_LINK) VALUES (62, 62, 'https://instagram.com/artist_62') ON CONFLICT DO NOTHING;
INSERT INTO SOCIALS (SOCIAL_ID, ARTIST_ID, SOCIAL_MEDIA_LINK) VALUES (63, 63, 'https://instagram.com/artist_63') ON CONFLICT DO NOTHING;
INSERT INTO SOCIALS (SOCIAL_ID, ARTIST_ID, SOCIAL_MEDIA_LINK) VALUES (64, 64, 'https://instagram.com/artist_64') ON CONFLICT DO NOTHING;
INSERT INTO SOCIALS (SOCIAL_ID, ARTIST_ID, SOCIAL_MEDIA_LINK) VALUES (65, 65, 'https://instagram.com/artist_65') ON CONFLICT DO NOTHING;
INSERT INTO SOCIALS (SOCIAL_ID, ARTIST_ID, SOCIAL_MEDIA_LINK) VALUES (66, 66, 'https://instagram.com/artist_66') ON CONFLICT DO NOTHING;
INSERT INTO SOCIALS (SOCIAL_ID, ARTIST_ID, SOCIAL_MEDIA_LINK) VALUES (67, 67, 'https://instagram.com/artist_67') ON CONFLICT DO NOTHING;
INSERT INTO SOCIALS (SOCIAL_ID, ARTIST_ID, SOCIAL_MEDIA_LINK) VALUES (68, 68, 'https://instagram.com/artist_68') ON CONFLICT DO NOTHING;
INSERT INTO SOCIALS (SOCIAL_ID, ARTIST_ID, SOCIAL_MEDIA_LINK) VALUES (69, 69, 'https://instagram.com/artist_69') ON CONFLICT DO NOTHING;
INSERT INTO SOCIALS (SOCIAL_ID, ARTIST_ID, SOCIAL_MEDIA_LINK) VALUES (70, 70, 'https://instagram.com/artist_70') ON CONFLICT DO NOTHING;
INSERT INTO SOCIALS (SOCIAL_ID, ARTIST_ID, SOCIAL_MEDIA_LINK) VALUES (71, 71, 'https://instagram.com/artist_71') ON CONFLICT DO NOTHING;
INSERT INTO SOCIALS (SOCIAL_ID, ARTIST_ID, SOCIAL_MEDIA_LINK) VALUES (72, 72, 'https://instagram.com/artist_72') ON CONFLICT DO NOTHING;
INSERT INTO SOCIALS (SOCIAL_ID, ARTIST_ID, SOCIAL_MEDIA_LINK) VALUES (73, 73, 'https://instagram.com/artist_73') ON CONFLICT DO NOTHING;
INSERT INTO SOCIALS (SOCIAL_ID, ARTIST_ID, SOCIAL_MEDIA_LINK) VALUES (74, 74, 'https://instagram.com/artist_74') ON CONFLICT DO NOTHING;
INSERT INTO SOCIALS (SOCIAL_ID, ARTIST_ID, SOCIAL_MEDIA_LINK) VALUES (75, 75, 'https://instagram.com/artist_75') ON CONFLICT DO NOTHING;
INSERT INTO SOCIALS (SOCIAL_ID, ARTIST_ID, SOCIAL_MEDIA_LINK) VALUES (76, 76, 'https://instagram.com/artist_76') ON CONFLICT DO NOTHING;
INSERT INTO SOCIALS (SOCIAL_ID, ARTIST_ID, SOCIAL_MEDIA_LINK) VALUES (77, 77, 'https://instagram.com/artist_77') ON CONFLICT DO NOTHING;
INSERT INTO SOCIALS (SOCIAL_ID, ARTIST_ID, SOCIAL_MEDIA_LINK) VALUES (78, 78, 'https://instagram.com/artist_78') ON CONFLICT DO NOTHING;
INSERT INTO SOCIALS (SOCIAL_ID, ARTIST_ID, SOCIAL_MEDIA_LINK) VALUES (79, 79, 'https://instagram.com/artist_79') ON CONFLICT DO NOTHING;
INSERT INTO SOCIALS (SOCIAL_ID, ARTIST_ID, SOCIAL_MEDIA_LINK) VALUES (80, 80, 'https://instagram.com/artist_80') ON CONFLICT DO NOTHING;
INSERT INTO SOCIALS (SOCIAL_ID, ARTIST_ID, SOCIAL_MEDIA_LINK) VALUES (81, 81, 'https://instagram.com/artist_81') ON CONFLICT DO NOTHING;
INSERT INTO SOCIALS (SOCIAL_ID, ARTIST_ID, SOCIAL_MEDIA_LINK) VALUES (82, 82, 'https://instagram.com/artist_82') ON CONFLICT DO NOTHING;
INSERT INTO SOCIALS (SOCIAL_ID, ARTIST_ID, SOCIAL_MEDIA_LINK) VALUES (83, 83, 'https://instagram.com/artist_83') ON CONFLICT DO NOTHING;
INSERT INTO SOCIALS (SOCIAL_ID, ARTIST_ID, SOCIAL_MEDIA_LINK) VALUES (84, 84, 'https://instagram.com/artist_84') ON CONFLICT DO NOTHING;
INSERT INTO SOCIALS (SOCIAL_ID, ARTIST_ID, SOCIAL_MEDIA_LINK) VALUES (85, 85, 'https://instagram.com/artist_85') ON CONFLICT DO NOTHING;
INSERT INTO SOCIALS (SOCIAL_ID, ARTIST_ID, SOCIAL_MEDIA_LINK) VALUES (86, 86, 'https://instagram.com/artist_86') ON CONFLICT DO NOTHING;
INSERT INTO SOCIALS (SOCIAL_ID, ARTIST_ID, SOCIAL_MEDIA_LINK) VALUES (87, 87, 'https://instagram.com/artist_87') ON CONFLICT DO NOTHING;
INSERT INTO FOLLOW_ARTISTS (USER_ID, ARTIST_ID) VALUES (1, 59) ON CONFLICT DO NOTHING;
INSERT INTO FOLLOW_ARTISTS (USER_ID, ARTIST_ID) VALUES (1, 22) ON CONFLICT DO NOTHING;
INSERT INTO FOLLOW_ARTISTS (USER_ID, ARTIST_ID) VALUES (1, 33) ON CONFLICT DO NOTHING;
INSERT INTO FOLLOW_USERS (FOLLOWER_ID, FOLLOWED_ID) VALUES (1, 15) ON CONFLICT DO NOTHING;
INSERT INTO FOLLOW_USERS (FOLLOWER_ID, FOLLOWED_ID) VALUES (1, 19) ON CONFLICT DO NOTHING;
INSERT INTO FOLLOW_ARTISTS (USER_ID, ARTIST_ID) VALUES (2, 79) ON CONFLICT DO NOTHING;
INSERT INTO FOLLOW_ARTISTS (USER_ID, ARTIST_ID) VALUES (2, 62) ON CONFLICT DO NOTHING;
INSERT INTO FOLLOW_ARTISTS (USER_ID, ARTIST_ID) VALUES (2, 11) ON CONFLICT DO NOTHING;
INSERT INTO FOLLOW_USERS (FOLLOWER_ID, FOLLOWED_ID) VALUES (2, 19) ON CONFLICT DO NOTHING;
INSERT INTO FOLLOW_USERS (FOLLOWER_ID, FOLLOWED_ID) VALUES (2, 9) ON CONFLICT DO NOTHING;
INSERT INTO FOLLOW_ARTISTS (USER_ID, ARTIST_ID) VALUES (3, 49) ON CONFLICT DO NOTHING;
INSERT INTO FOLLOW_ARTISTS (USER_ID, ARTIST_ID) VALUES (3, 18) ON CONFLICT DO NOTHING;
INSERT INTO FOLLOW_ARTISTS (USER_ID, ARTIST_ID) VALUES (3, 26) ON CONFLICT DO NOTHING;
INSERT INTO FOLLOW_USERS (FOLLOWER_ID, FOLLOWED_ID) VALUES (3, 14) ON CONFLICT DO NOTHING;
INSERT INTO FOLLOW_USERS (FOLLOWER_ID, FOLLOWED_ID) VALUES (3, 16) ON CONFLICT DO NOTHING;
INSERT INTO FOLLOW_ARTISTS (USER_ID, ARTIST_ID) VALUES (4, 78) ON CONFLICT DO NOTHING;
INSERT INTO FOLLOW_ARTISTS (USER_ID, ARTIST_ID) VALUES (4, 80) ON CONFLICT DO NOTHING;
INSERT INTO FOLLOW_ARTISTS (USER_ID, ARTIST_ID) VALUES (4, 64) ON CONFLICT DO NOTHING;
INSERT INTO FOLLOW_USERS (FOLLOWER_ID, FOLLOWED_ID) VALUES (4, 7) ON CONFLICT DO NOTHING;
INSERT INTO FOLLOW_USERS (FOLLOWER_ID, FOLLOWED_ID) VALUES (4, 2) ON CONFLICT DO NOTHING;
INSERT INTO FOLLOW_ARTISTS (USER_ID, ARTIST_ID) VALUES (5, 38) ON CONFLICT DO NOTHING;
INSERT INTO FOLLOW_ARTISTS (USER_ID, ARTIST_ID) VALUES (5, 47) ON CONFLICT DO NOTHING;
INSERT INTO FOLLOW_ARTISTS (USER_ID, ARTIST_ID) VALUES (5, 31) ON CONFLICT DO NOTHING;
INSERT INTO FOLLOW_USERS (FOLLOWER_ID, FOLLOWED_ID) VALUES (5, 23) ON CONFLICT DO NOTHING;
INSERT INTO FOLLOW_ARTISTS (USER_ID, ARTIST_ID) VALUES (6, 43) ON CONFLICT DO NOTHING;
INSERT INTO FOLLOW_ARTISTS (USER_ID, ARTIST_ID) VALUES (6, 76) ON CONFLICT DO NOTHING;
INSERT INTO FOLLOW_ARTISTS (USER_ID, ARTIST_ID) VALUES (6, 73) ON CONFLICT DO NOTHING;
INSERT INTO FOLLOW_USERS (FOLLOWER_ID, FOLLOWED_ID) VALUES (6, 8) ON CONFLICT DO NOTHING;
INSERT INTO FOLLOW_USERS (FOLLOWER_ID, FOLLOWED_ID) VALUES (6, 13) ON CONFLICT DO NOTHING;
INSERT INTO FOLLOW_ARTISTS (USER_ID, ARTIST_ID) VALUES (7, 23) ON CONFLICT DO NOTHING;
INSERT INTO FOLLOW_ARTISTS (USER_ID, ARTIST_ID) VALUES (7, 81) ON CONFLICT DO NOTHING;
INSERT INTO FOLLOW_ARTISTS (USER_ID, ARTIST_ID) VALUES (7, 54) ON CONFLICT DO NOTHING;
INSERT INTO FOLLOW_USERS (FOLLOWER_ID, FOLLOWED_ID) VALUES (7, 12) ON CONFLICT DO NOTHING;
INSERT INTO FOLLOW_USERS (FOLLOWER_ID, FOLLOWED_ID) VALUES (7, 11) ON CONFLICT DO NOTHING;
INSERT INTO FOLLOW_ARTISTS (USER_ID, ARTIST_ID) VALUES (8, 29) ON CONFLICT DO NOTHING;
INSERT INTO FOLLOW_ARTISTS (USER_ID, ARTIST_ID) VALUES (8, 44) ON CONFLICT DO NOTHING;
INSERT INTO FOLLOW_ARTISTS (USER_ID, ARTIST_ID) VALUES (8, 43) ON CONFLICT DO NOTHING;
INSERT INTO FOLLOW_USERS (FOLLOWER_ID, FOLLOWED_ID) VALUES (8, 7) ON CONFLICT DO NOTHING;
INSERT INTO FOLLOW_USERS (FOLLOWER_ID, FOLLOWED_ID) VALUES (8, 2) ON CONFLICT DO NOTHING;
INSERT INTO FOLLOW_ARTISTS (USER_ID, ARTIST_ID) VALUES (9, 81) ON CONFLICT DO NOTHING;
INSERT INTO FOLLOW_ARTISTS (USER_ID, ARTIST_ID) VALUES (9, 10) ON CONFLICT DO NOTHING;
INSERT INTO FOLLOW_ARTISTS (USER_ID, ARTIST_ID) VALUES (9, 51) ON CONFLICT DO NOTHING;
INSERT INTO FOLLOW_USERS (FOLLOWER_ID, FOLLOWED_ID) VALUES (9, 10) ON CONFLICT DO NOTHING;
INSERT INTO FOLLOW_ARTISTS (USER_ID, ARTIST_ID) VALUES (10, 21) ON CONFLICT DO NOTHING;
INSERT INTO FOLLOW_ARTISTS (USER_ID, ARTIST_ID) VALUES (10, 39) ON CONFLICT DO NOTHING;
INSERT INTO FOLLOW_ARTISTS (USER_ID, ARTIST_ID) VALUES (10, 11) ON CONFLICT DO NOTHING;
INSERT INTO FOLLOW_USERS (FOLLOWER_ID, FOLLOWED_ID) VALUES (10, 25) ON CONFLICT DO NOTHING;
INSERT INTO FOLLOW_USERS (FOLLOWER_ID, FOLLOWED_ID) VALUES (10, 7) ON CONFLICT DO NOTHING;
INSERT INTO FOLLOW_ARTISTS (USER_ID, ARTIST_ID) VALUES (11, 32) ON CONFLICT DO NOTHING;
INSERT INTO FOLLOW_ARTISTS (USER_ID, ARTIST_ID) VALUES (11, 28) ON CONFLICT DO NOTHING;
INSERT INTO FOLLOW_ARTISTS (USER_ID, ARTIST_ID) VALUES (11, 6) ON CONFLICT DO NOTHING;
INSERT INTO FOLLOW_USERS (FOLLOWER_ID, FOLLOWED_ID) VALUES (11, 5) ON CONFLICT DO NOTHING;
INSERT INTO FOLLOW_USERS (FOLLOWER_ID, FOLLOWED_ID) VALUES (11, 19) ON CONFLICT DO NOTHING;
INSERT INTO FOLLOW_ARTISTS (USER_ID, ARTIST_ID) VALUES (12, 3) ON CONFLICT DO NOTHING;
INSERT INTO FOLLOW_ARTISTS (USER_ID, ARTIST_ID) VALUES (12, 25) ON CONFLICT DO NOTHING;
INSERT INTO FOLLOW_ARTISTS (USER_ID, ARTIST_ID) VALUES (12, 53) ON CONFLICT DO NOTHING;
INSERT INTO FOLLOW_USERS (FOLLOWER_ID, FOLLOWED_ID) VALUES (12, 11) ON CONFLICT DO NOTHING;
INSERT INTO FOLLOW_USERS (FOLLOWER_ID, FOLLOWED_ID) VALUES (12, 25) ON CONFLICT DO NOTHING;
INSERT INTO FOLLOW_ARTISTS (USER_ID, ARTIST_ID) VALUES (13, 78) ON CONFLICT DO NOTHING;
INSERT INTO FOLLOW_ARTISTS (USER_ID, ARTIST_ID) VALUES (13, 32) ON CONFLICT DO NOTHING;
INSERT INTO FOLLOW_ARTISTS (USER_ID, ARTIST_ID) VALUES (13, 43) ON CONFLICT DO NOTHING;
INSERT INTO FOLLOW_USERS (FOLLOWER_ID, FOLLOWED_ID) VALUES (13, 12) ON CONFLICT DO NOTHING;
INSERT INTO FOLLOW_USERS (FOLLOWER_ID, FOLLOWED_ID) VALUES (13, 20) ON CONFLICT DO NOTHING;
INSERT INTO FOLLOW_ARTISTS (USER_ID, ARTIST_ID) VALUES (14, 12) ON CONFLICT DO NOTHING;
INSERT INTO FOLLOW_ARTISTS (USER_ID, ARTIST_ID) VALUES (14, 31) ON CONFLICT DO NOTHING;
INSERT INTO FOLLOW_ARTISTS (USER_ID, ARTIST_ID) VALUES (14, 35) ON CONFLICT DO NOTHING;
INSERT INTO FOLLOW_USERS (FOLLOWER_ID, FOLLOWED_ID) VALUES (14, 19) ON CONFLICT DO NOTHING;
INSERT INTO FOLLOW_USERS (FOLLOWER_ID, FOLLOWED_ID) VALUES (14, 5) ON CONFLICT DO NOTHING;
INSERT INTO FOLLOW_ARTISTS (USER_ID, ARTIST_ID) VALUES (15, 80) ON CONFLICT DO NOTHING;
INSERT INTO FOLLOW_ARTISTS (USER_ID, ARTIST_ID) VALUES (15, 42) ON CONFLICT DO NOTHING;
INSERT INTO FOLLOW_ARTISTS (USER_ID, ARTIST_ID) VALUES (15, 66) ON CONFLICT DO NOTHING;
INSERT INTO FOLLOW_USERS (FOLLOWER_ID, FOLLOWED_ID) VALUES (15, 24) ON CONFLICT DO NOTHING;
INSERT INTO FOLLOW_USERS (FOLLOWER_ID, FOLLOWED_ID) VALUES (15, 19) ON CONFLICT DO NOTHING;
INSERT INTO FOLLOW_ARTISTS (USER_ID, ARTIST_ID) VALUES (16, 42) ON CONFLICT DO NOTHING;
INSERT INTO FOLLOW_ARTISTS (USER_ID, ARTIST_ID) VALUES (16, 75) ON CONFLICT DO NOTHING;
INSERT INTO FOLLOW_ARTISTS (USER_ID, ARTIST_ID) VALUES (16, 84) ON CONFLICT DO NOTHING;
INSERT INTO FOLLOW_USERS (FOLLOWER_ID, FOLLOWED_ID) VALUES (16, 19) ON CONFLICT DO NOTHING;
INSERT INTO FOLLOW_USERS (FOLLOWER_ID, FOLLOWED_ID) VALUES (16, 12) ON CONFLICT DO NOTHING;
INSERT INTO FOLLOW_ARTISTS (USER_ID, ARTIST_ID) VALUES (17, 36) ON CONFLICT DO NOTHING;
INSERT INTO FOLLOW_ARTISTS (USER_ID, ARTIST_ID) VALUES (17, 69) ON CONFLICT DO NOTHING;
INSERT INTO FOLLOW_ARTISTS (USER_ID, ARTIST_ID) VALUES (17, 54) ON CONFLICT DO NOTHING;
INSERT INTO FOLLOW_USERS (FOLLOWER_ID, FOLLOWED_ID) VALUES (17, 9) ON CONFLICT DO NOTHING;
INSERT INTO FOLLOW_USERS (FOLLOWER_ID, FOLLOWED_ID) VALUES (17, 12) ON CONFLICT DO NOTHING;
INSERT INTO FOLLOW_ARTISTS (USER_ID, ARTIST_ID) VALUES (18, 18) ON CONFLICT DO NOTHING;
INSERT INTO FOLLOW_ARTISTS (USER_ID, ARTIST_ID) VALUES (18, 61) ON CONFLICT DO NOTHING;
INSERT INTO FOLLOW_ARTISTS (USER_ID, ARTIST_ID) VALUES (18, 60) ON CONFLICT DO NOTHING;
INSERT INTO FOLLOW_USERS (FOLLOWER_ID, FOLLOWED_ID) VALUES (18, 6) ON CONFLICT DO NOTHING;
INSERT INTO FOLLOW_USERS (FOLLOWER_ID, FOLLOWED_ID) VALUES (18, 17) ON CONFLICT DO NOTHING;
INSERT INTO FOLLOW_ARTISTS (USER_ID, ARTIST_ID) VALUES (19, 73) ON CONFLICT DO NOTHING;
INSERT INTO FOLLOW_ARTISTS (USER_ID, ARTIST_ID) VALUES (19, 75) ON CONFLICT DO NOTHING;
INSERT INTO FOLLOW_ARTISTS (USER_ID, ARTIST_ID) VALUES (19, 30) ON CONFLICT DO NOTHING;
INSERT INTO FOLLOW_USERS (FOLLOWER_ID, FOLLOWED_ID) VALUES (19, 21) ON CONFLICT DO NOTHING;
INSERT INTO FOLLOW_ARTISTS (USER_ID, ARTIST_ID) VALUES (20, 17) ON CONFLICT DO NOTHING;
INSERT INTO FOLLOW_ARTISTS (USER_ID, ARTIST_ID) VALUES (20, 9) ON CONFLICT DO NOTHING;
INSERT INTO FOLLOW_ARTISTS (USER_ID, ARTIST_ID) VALUES (20, 82) ON CONFLICT DO NOTHING;
INSERT INTO FOLLOW_USERS (FOLLOWER_ID, FOLLOWED_ID) VALUES (20, 17) ON CONFLICT DO NOTHING;
INSERT INTO FOLLOW_USERS (FOLLOWER_ID, FOLLOWED_ID) VALUES (20, 9) ON CONFLICT DO NOTHING;
INSERT INTO FOLLOW_ARTISTS (USER_ID, ARTIST_ID) VALUES (21, 80) ON CONFLICT DO NOTHING;
INSERT INTO FOLLOW_ARTISTS (USER_ID, ARTIST_ID) VALUES (21, 62) ON CONFLICT DO NOTHING;
INSERT INTO FOLLOW_ARTISTS (USER_ID, ARTIST_ID) VALUES (21, 2) ON CONFLICT DO NOTHING;
INSERT INTO FOLLOW_USERS (FOLLOWER_ID, FOLLOWED_ID) VALUES (21, 10) ON CONFLICT DO NOTHING;
INSERT INTO FOLLOW_USERS (FOLLOWER_ID, FOLLOWED_ID) VALUES (21, 15) ON CONFLICT DO NOTHING;
INSERT INTO FOLLOW_ARTISTS (USER_ID, ARTIST_ID) VALUES (22, 80) ON CONFLICT DO NOTHING;
INSERT INTO FOLLOW_ARTISTS (USER_ID, ARTIST_ID) VALUES (22, 77) ON CONFLICT DO NOTHING;
INSERT INTO FOLLOW_ARTISTS (USER_ID, ARTIST_ID) VALUES (22, 3) ON CONFLICT DO NOTHING;
INSERT INTO FOLLOW_USERS (FOLLOWER_ID, FOLLOWED_ID) VALUES (22, 8) ON CONFLICT DO NOTHING;
INSERT INTO FOLLOW_USERS (FOLLOWER_ID, FOLLOWED_ID) VALUES (22, 25) ON CONFLICT DO NOTHING;
INSERT INTO FOLLOW_ARTISTS (USER_ID, ARTIST_ID) VALUES (23, 43) ON CONFLICT DO NOTHING;
INSERT INTO FOLLOW_ARTISTS (USER_ID, ARTIST_ID) VALUES (23, 73) ON CONFLICT DO NOTHING;
INSERT INTO FOLLOW_ARTISTS (USER_ID, ARTIST_ID) VALUES (23, 77) ON CONFLICT DO NOTHING;
INSERT INTO FOLLOW_USERS (FOLLOWER_ID, FOLLOWED_ID) VALUES (23, 24) ON CONFLICT DO NOTHING;
INSERT INTO FOLLOW_USERS (FOLLOWER_ID, FOLLOWED_ID) VALUES (23, 1) ON CONFLICT DO NOTHING;
INSERT INTO FOLLOW_ARTISTS (USER_ID, ARTIST_ID) VALUES (24, 22) ON CONFLICT DO NOTHING;
INSERT INTO FOLLOW_ARTISTS (USER_ID, ARTIST_ID) VALUES (24, 67) ON CONFLICT DO NOTHING;
INSERT INTO FOLLOW_ARTISTS (USER_ID, ARTIST_ID) VALUES (24, 79) ON CONFLICT DO NOTHING;
INSERT INTO FOLLOW_USERS (FOLLOWER_ID, FOLLOWED_ID) VALUES (24, 19) ON CONFLICT DO NOTHING;
INSERT INTO FOLLOW_USERS (FOLLOWER_ID, FOLLOWED_ID) VALUES (24, 17) ON CONFLICT DO NOTHING;
INSERT INTO FOLLOW_ARTISTS (USER_ID, ARTIST_ID) VALUES (25, 12) ON CONFLICT DO NOTHING;
INSERT INTO FOLLOW_ARTISTS (USER_ID, ARTIST_ID) VALUES (25, 52) ON CONFLICT DO NOTHING;
INSERT INTO FOLLOW_ARTISTS (USER_ID, ARTIST_ID) VALUES (25, 76) ON CONFLICT DO NOTHING;
INSERT INTO FOLLOW_USERS (FOLLOWER_ID, FOLLOWED_ID) VALUES (25, 11) ON CONFLICT DO NOTHING;
INSERT INTO COLLECTION_LIBRARY (USER_ID, COLLECTION_ID) VALUES (1, 86) ON CONFLICT DO NOTHING;
INSERT INTO PL_LIBRARY (USER_ID, PLAYLIST_ID) VALUES (1, 14) ON CONFLICT DO NOTHING;
INSERT INTO COLLECTION_LIBRARY (USER_ID, COLLECTION_ID) VALUES (2, 65) ON CONFLICT DO NOTHING;
INSERT INTO PL_LIBRARY (USER_ID, PLAYLIST_ID) VALUES (2, 31) ON CONFLICT DO NOTHING;
INSERT INTO COLLECTION_LIBRARY (USER_ID, COLLECTION_ID) VALUES (3, 25) ON CONFLICT DO NOTHING;
INSERT INTO PL_LIBRARY (USER_ID, PLAYLIST_ID) VALUES (3, 27) ON CONFLICT DO NOTHING;
INSERT INTO COLLECTION_LIBRARY (USER_ID, COLLECTION_ID) VALUES (4, 81) ON CONFLICT DO NOTHING;
INSERT INTO PL_LIBRARY (USER_ID, PLAYLIST_ID) VALUES (4, 39) ON CONFLICT DO NOTHING;
INSERT INTO COLLECTION_LIBRARY (USER_ID, COLLECTION_ID) VALUES (5, 69) ON CONFLICT DO NOTHING;
INSERT INTO PL_LIBRARY (USER_ID, PLAYLIST_ID) VALUES (5, 18) ON CONFLICT DO NOTHING;
INSERT INTO COLLECTION_LIBRARY (USER_ID, COLLECTION_ID) VALUES (6, 44) ON CONFLICT DO NOTHING;
INSERT INTO PL_LIBRARY (USER_ID, PLAYLIST_ID) VALUES (6, 37) ON CONFLICT DO NOTHING;
INSERT INTO COLLECTION_LIBRARY (USER_ID, COLLECTION_ID) VALUES (7, 2) ON CONFLICT DO NOTHING;
INSERT INTO PL_LIBRARY (USER_ID, PLAYLIST_ID) VALUES (7, 17) ON CONFLICT DO NOTHING;
INSERT INTO COLLECTION_LIBRARY (USER_ID, COLLECTION_ID) VALUES (8, 13) ON CONFLICT DO NOTHING;
INSERT INTO PL_LIBRARY (USER_ID, PLAYLIST_ID) VALUES (8, 13) ON CONFLICT DO NOTHING;
INSERT INTO COLLECTION_LIBRARY (USER_ID, COLLECTION_ID) VALUES (9, 24) ON CONFLICT DO NOTHING;
INSERT INTO PL_LIBRARY (USER_ID, PLAYLIST_ID) VALUES (9, 16) ON CONFLICT DO NOTHING;
INSERT INTO COLLECTION_LIBRARY (USER_ID, COLLECTION_ID) VALUES (10, 7) ON CONFLICT DO NOTHING;
INSERT INTO PL_LIBRARY (USER_ID, PLAYLIST_ID) VALUES (10, 23) ON CONFLICT DO NOTHING;
INSERT INTO COLLECTION_LIBRARY (USER_ID, COLLECTION_ID) VALUES (11, 85) ON CONFLICT DO NOTHING;
INSERT INTO PL_LIBRARY (USER_ID, PLAYLIST_ID) VALUES (11, 19) ON CONFLICT DO NOTHING;
INSERT INTO COLLECTION_LIBRARY (USER_ID, COLLECTION_ID) VALUES (12, 51) ON CONFLICT DO NOTHING;
INSERT INTO PL_LIBRARY (USER_ID, PLAYLIST_ID) VALUES (12, 7) ON CONFLICT DO NOTHING;
INSERT INTO COLLECTION_LIBRARY (USER_ID, COLLECTION_ID) VALUES (13, 76) ON CONFLICT DO NOTHING;
INSERT INTO PL_LIBRARY (USER_ID, PLAYLIST_ID) VALUES (13, 34) ON CONFLICT DO NOTHING;
INSERT INTO COLLECTION_LIBRARY (USER_ID, COLLECTION_ID) VALUES (14, 82) ON CONFLICT DO NOTHING;
INSERT INTO PL_LIBRARY (USER_ID, PLAYLIST_ID) VALUES (14, 5) ON CONFLICT DO NOTHING;
INSERT INTO COLLECTION_LIBRARY (USER_ID, COLLECTION_ID) VALUES (15, 15) ON CONFLICT DO NOTHING;
INSERT INTO PL_LIBRARY (USER_ID, PLAYLIST_ID) VALUES (15, 37) ON CONFLICT DO NOTHING;
INSERT INTO COLLECTION_LIBRARY (USER_ID, COLLECTION_ID) VALUES (16, 27) ON CONFLICT DO NOTHING;
INSERT INTO PL_LIBRARY (USER_ID, PLAYLIST_ID) VALUES (16, 17) ON CONFLICT DO NOTHING;
INSERT INTO COLLECTION_LIBRARY (USER_ID, COLLECTION_ID) VALUES (17, 92) ON CONFLICT DO NOTHING;
INSERT INTO PL_LIBRARY (USER_ID, PLAYLIST_ID) VALUES (17, 26) ON CONFLICT DO NOTHING;
INSERT INTO COLLECTION_LIBRARY (USER_ID, COLLECTION_ID) VALUES (18, 14) ON CONFLICT DO NOTHING;
INSERT INTO PL_LIBRARY (USER_ID, PLAYLIST_ID) VALUES (18, 6) ON CONFLICT DO NOTHING;
INSERT INTO COLLECTION_LIBRARY (USER_ID, COLLECTION_ID) VALUES (19, 29) ON CONFLICT DO NOTHING;
INSERT INTO PL_LIBRARY (USER_ID, PLAYLIST_ID) VALUES (19, 22) ON CONFLICT DO NOTHING;
INSERT INTO COLLECTION_LIBRARY (USER_ID, COLLECTION_ID) VALUES (20, 41) ON CONFLICT DO NOTHING;
INSERT INTO PL_LIBRARY (USER_ID, PLAYLIST_ID) VALUES (20, 18) ON CONFLICT DO NOTHING;
INSERT INTO COLLECTION_LIBRARY (USER_ID, COLLECTION_ID) VALUES (21, 49) ON CONFLICT DO NOTHING;
INSERT INTO PL_LIBRARY (USER_ID, PLAYLIST_ID) VALUES (21, 15) ON CONFLICT DO NOTHING;
INSERT INTO COLLECTION_LIBRARY (USER_ID, COLLECTION_ID) VALUES (22, 16) ON CONFLICT DO NOTHING;
INSERT INTO PL_LIBRARY (USER_ID, PLAYLIST_ID) VALUES (22, 36) ON CONFLICT DO NOTHING;
INSERT INTO COLLECTION_LIBRARY (USER_ID, COLLECTION_ID) VALUES (23, 96) ON CONFLICT DO NOTHING;
INSERT INTO PL_LIBRARY (USER_ID, PLAYLIST_ID) VALUES (23, 35) ON CONFLICT DO NOTHING;
INSERT INTO COLLECTION_LIBRARY (USER_ID, COLLECTION_ID) VALUES (24, 21) ON CONFLICT DO NOTHING;
INSERT INTO PL_LIBRARY (USER_ID, PLAYLIST_ID) VALUES (24, 26) ON CONFLICT DO NOTHING;
INSERT INTO COLLECTION_LIBRARY (USER_ID, COLLECTION_ID) VALUES (25, 41) ON CONFLICT DO NOTHING;
INSERT INTO PL_LIBRARY (USER_ID, PLAYLIST_ID) VALUES (25, 24) ON CONFLICT DO NOTHING;
INSERT INTO ARTIST_PROMOTION (ARTIST_ID, COLLECTION_ID, KOMENTAR_PROMOSI) VALUES (1, 1, 'Check my new stuff!') ON CONFLICT DO NOTHING;
INSERT INTO ARTIST_PROMOTION (ARTIST_ID, COLLECTION_ID, KOMENTAR_PROMOSI) VALUES (2, 2, 'Check my new stuff!') ON CONFLICT DO NOTHING;
INSERT INTO ARTIST_PROMOTION (ARTIST_ID, COLLECTION_ID, KOMENTAR_PROMOSI) VALUES (3, 3, 'Check my new stuff!') ON CONFLICT DO NOTHING;
INSERT INTO ARTIST_PROMOTION (ARTIST_ID, COLLECTION_ID, KOMENTAR_PROMOSI) VALUES (4, 4, 'Check my new stuff!') ON CONFLICT DO NOTHING;
INSERT INTO ARTIST_PROMOTION (ARTIST_ID, COLLECTION_ID, KOMENTAR_PROMOSI) VALUES (6, 6, 'Check my new stuff!') ON CONFLICT DO NOTHING;
INSERT INTO ARTIST_PROMOTION (ARTIST_ID, COLLECTION_ID, KOMENTAR_PROMOSI) VALUES (7, 7, 'Check my new stuff!') ON CONFLICT DO NOTHING;
INSERT INTO ARTIST_PROMOTION (ARTIST_ID, COLLECTION_ID, KOMENTAR_PROMOSI) VALUES (8, 30, 'Check my new stuff!') ON CONFLICT DO NOTHING;
INSERT INTO ARTIST_PROMOTION (ARTIST_ID, COLLECTION_ID, KOMENTAR_PROMOSI) VALUES (9, 9, 'Check my new stuff!') ON CONFLICT DO NOTHING;
INSERT INTO ARTIST_PROMOTION (ARTIST_ID, COLLECTION_ID, KOMENTAR_PROMOSI) VALUES (12, 13, 'Check my new stuff!') ON CONFLICT DO NOTHING;
INSERT INTO ARTIST_PROMOTION (ARTIST_ID, COLLECTION_ID, KOMENTAR_PROMOSI) VALUES (14, 15, 'Check my new stuff!') ON CONFLICT DO NOTHING;
INSERT INTO ARTIST_PROMOTION (ARTIST_ID, COLLECTION_ID, KOMENTAR_PROMOSI) VALUES (15, 16, 'Check my new stuff!') ON CONFLICT DO NOTHING;
INSERT INTO ARTIST_PROMOTION (ARTIST_ID, COLLECTION_ID, KOMENTAR_PROMOSI) VALUES (16, 18, 'Check my new stuff!') ON CONFLICT DO NOTHING;
INSERT INTO ARTIST_PROMOTION (ARTIST_ID, COLLECTION_ID, KOMENTAR_PROMOSI) VALUES (18, 21, 'Check my new stuff!') ON CONFLICT DO NOTHING;
INSERT INTO ARTIST_PROMOTION (ARTIST_ID, COLLECTION_ID, KOMENTAR_PROMOSI) VALUES (20, 24, 'Check my new stuff!') ON CONFLICT DO NOTHING;
INSERT INTO ARTIST_PROMOTION (ARTIST_ID, COLLECTION_ID, KOMENTAR_PROMOSI) VALUES (22, 26, 'Check my new stuff!') ON CONFLICT DO NOTHING;
INSERT INTO ARTIST_PROMOTION (ARTIST_ID, COLLECTION_ID, KOMENTAR_PROMOSI) VALUES (27, 32, 'Check my new stuff!') ON CONFLICT DO NOTHING;
INSERT INTO ARTIST_PROMOTION (ARTIST_ID, COLLECTION_ID, KOMENTAR_PROMOSI) VALUES (28, 35, 'Check my new stuff!') ON CONFLICT DO NOTHING;
INSERT INTO ARTIST_PROMOTION (ARTIST_ID, COLLECTION_ID, KOMENTAR_PROMOSI) VALUES (29, 36, 'Check my new stuff!') ON CONFLICT DO NOTHING;
INSERT INTO ARTIST_PROMOTION (ARTIST_ID, COLLECTION_ID, KOMENTAR_PROMOSI) VALUES (31, 38, 'Check my new stuff!') ON CONFLICT DO NOTHING;
INSERT INTO ARTIST_PROMOTION (ARTIST_ID, COLLECTION_ID, KOMENTAR_PROMOSI) VALUES (40, 49, 'Check my new stuff!') ON CONFLICT DO NOTHING;
INSERT INTO ARTIST_PROMOTION (ARTIST_ID, COLLECTION_ID, KOMENTAR_PROMOSI) VALUES (41, 50, 'Check my new stuff!') ON CONFLICT DO NOTHING;
INSERT INTO ARTIST_PROMOTION (ARTIST_ID, COLLECTION_ID, KOMENTAR_PROMOSI) VALUES (42, 51, 'Check my new stuff!') ON CONFLICT DO NOTHING;
INSERT INTO ARTIST_PROMOTION (ARTIST_ID, COLLECTION_ID, KOMENTAR_PROMOSI) VALUES (43, 52, 'Check my new stuff!') ON CONFLICT DO NOTHING;
INSERT INTO ARTIST_PROMOTION (ARTIST_ID, COLLECTION_ID, KOMENTAR_PROMOSI) VALUES (45, 54, 'Check my new stuff!') ON CONFLICT DO NOTHING;
INSERT INTO ARTIST_PROMOTION (ARTIST_ID, COLLECTION_ID, KOMENTAR_PROMOSI) VALUES (46, 55, 'Check my new stuff!') ON CONFLICT DO NOTHING;
INSERT INTO ARTIST_PROMOTION (ARTIST_ID, COLLECTION_ID, KOMENTAR_PROMOSI) VALUES (50, 59, 'Check my new stuff!') ON CONFLICT DO NOTHING;
INSERT INTO ARTIST_PROMOTION (ARTIST_ID, COLLECTION_ID, KOMENTAR_PROMOSI) VALUES (51, 60, 'Check my new stuff!') ON CONFLICT DO NOTHING;
INSERT INTO ARTIST_PROMOTION (ARTIST_ID, COLLECTION_ID, KOMENTAR_PROMOSI) VALUES (52, 61, 'Check my new stuff!') ON CONFLICT DO NOTHING;
INSERT INTO ARTIST_PROMOTION (ARTIST_ID, COLLECTION_ID, KOMENTAR_PROMOSI) VALUES (53, 62, 'Check my new stuff!') ON CONFLICT DO NOTHING;
INSERT INTO ARTIST_PROMOTION (ARTIST_ID, COLLECTION_ID, KOMENTAR_PROMOSI) VALUES (55, 64, 'Check my new stuff!') ON CONFLICT DO NOTHING;
INSERT INTO ARTIST_PROMOTION (ARTIST_ID, COLLECTION_ID, KOMENTAR_PROMOSI) VALUES (56, 65, 'Check my new stuff!') ON CONFLICT DO NOTHING;
INSERT INTO ARTIST_PROMOTION (ARTIST_ID, COLLECTION_ID, KOMENTAR_PROMOSI) VALUES (61, 70, 'Check my new stuff!') ON CONFLICT DO NOTHING;
INSERT INTO ARTIST_PROMOTION (ARTIST_ID, COLLECTION_ID, KOMENTAR_PROMOSI) VALUES (63, 72, 'Check my new stuff!') ON CONFLICT DO NOTHING;
INSERT INTO ARTIST_PROMOTION (ARTIST_ID, COLLECTION_ID, KOMENTAR_PROMOSI) VALUES (65, 74, 'Check my new stuff!') ON CONFLICT DO NOTHING;
INSERT INTO ARTIST_PROMOTION (ARTIST_ID, COLLECTION_ID, KOMENTAR_PROMOSI) VALUES (68, 78, 'Check my new stuff!') ON CONFLICT DO NOTHING;
INSERT INTO ARTIST_PROMOTION (ARTIST_ID, COLLECTION_ID, KOMENTAR_PROMOSI) VALUES (69, 79, 'Check my new stuff!') ON CONFLICT DO NOTHING;
INSERT INTO ARTIST_PROMOTION (ARTIST_ID, COLLECTION_ID, KOMENTAR_PROMOSI) VALUES (70, 80, 'Check my new stuff!') ON CONFLICT DO NOTHING;
INSERT INTO ARTIST_PROMOTION (ARTIST_ID, COLLECTION_ID, KOMENTAR_PROMOSI) VALUES (74, 84, 'Check my new stuff!') ON CONFLICT DO NOTHING;
INSERT INTO ARTIST_PROMOTION (ARTIST_ID, COLLECTION_ID, KOMENTAR_PROMOSI) VALUES (75, 86, 'Check my new stuff!') ON CONFLICT DO NOTHING;
INSERT INTO ARTIST_PROMOTION (ARTIST_ID, COLLECTION_ID, KOMENTAR_PROMOSI) VALUES (78, 89, 'Check my new stuff!') ON CONFLICT DO NOTHING;
INSERT INTO ARTIST_PROMOTION (ARTIST_ID, COLLECTION_ID, KOMENTAR_PROMOSI) VALUES (79, 90, 'Check my new stuff!') ON CONFLICT DO NOTHING;
INSERT INTO ARTIST_PROMOTION (ARTIST_ID, COLLECTION_ID, KOMENTAR_PROMOSI) VALUES (82, 93, 'Check my new stuff!') ON CONFLICT DO NOTHING;
INSERT INTO ARTIST_PROMOTION (ARTIST_ID, COLLECTION_ID, KOMENTAR_PROMOSI) VALUES (86, 98, 'Check my new stuff!') ON CONFLICT DO NOTHING;
INSERT INTO ARTIST_PROMOTION (ARTIST_ID, COLLECTION_ID, KOMENTAR_PROMOSI) VALUES (87, 99, 'Check my new stuff!') ON CONFLICT DO NOTHING;
INSERT INTO BLOCK_USERS (BLOCKER_ID, BLOCKED_ID) VALUES (22, 8) ON CONFLICT DO NOTHING;
INSERT INTO BLOCK_USERS (BLOCKER_ID, BLOCKED_ID) VALUES (21, 4) ON CONFLICT DO NOTHING;
INSERT INTO BLOCK_USERS (BLOCKER_ID, BLOCKED_ID) VALUES (8, 2) ON CONFLICT DO NOTHING;
INSERT INTO BLOCK_USERS (BLOCKER_ID, BLOCKED_ID) VALUES (12, 14) ON CONFLICT DO NOTHING;
INSERT INTO BLOCK_USERS (BLOCKER_ID, BLOCKED_ID) VALUES (14, 11) ON CONFLICT DO NOTHING;
INSERT INTO BLOCKLIST_ARTISTS (ARTIST_ID, USER_ID) VALUES (14, 4) ON CONFLICT DO NOTHING;
INSERT INTO BLOCKLIST_ARTISTS (ARTIST_ID, USER_ID) VALUES (74, 13) ON CONFLICT DO NOTHING;
INSERT INTO BLOCKLIST_ARTISTS (ARTIST_ID, USER_ID) VALUES (57, 20) ON CONFLICT DO NOTHING;
INSERT INTO BLOCKLIST_ARTISTS (ARTIST_ID, USER_ID) VALUES (60, 12) ON CONFLICT DO NOTHING;
INSERT INTO BLOCKLIST_ARTISTS (ARTIST_ID, USER_ID) VALUES (74, 5) ON CONFLICT DO NOTHING;
SELECT setval('seq_users_id', (SELECT MAX(USER_ID) FROM USERS));
SELECT setval('seq_artists_id', (SELECT MAX(ARTIST_ID) FROM ARTISTS));
SELECT setval('seq_genres_id', (SELECT MAX(GENRE_ID) FROM GENRES));
SELECT setval('seq_collections_id', (SELECT MAX(COLLECTION_ID) FROM COLLECTIONS));
SELECT setval('seq_songs_id', (SELECT MAX(SONG_ID) FROM SONGS));
SELECT setval('seq_reviews_id', (SELECT MAX(REVIEW_ID) FROM REVIEWS));
SELECT setval('seq_playlists_id', (SELECT MAX(PLAYLIST_ID) FROM PLAYLISTS));
SELECT setval('seq_socials_id', (SELECT MAX(SOCIAL_ID) FROM SOCIALS));
SELECT setval('seq_tours_id', (SELECT MAX(TOUR_ID) FROM TOURS));
SELECT setval('seq_listens_id', (SELECT MAX(LISTEN_ID) FROM LISTENS));
SELECT setval('seq_add_songs_playlist_id', (SELECT MAX(ADD_SONG_PL_ID) FROM ADD_SONGS_PLAYLISTS));
COMMIT;